ISO-10303-21;
HEADER;
FILE_DESCRIPTION (( 'STEP AP214' ),
    '1' );
FILE_NAME ('112778.STEP',
    '2024-09-13T05:43:31',
    ( '' ),
    ( '' ),
    'SwSTEP 2.0',
    'SolidWorks 2016',
    '' );
FILE_SCHEMA (( 'AUTOMOTIVE_DESIGN' ));
ENDSEC;

DATA;
#1 = ADVANCED_FACE ( 'NONE', ( #2750 ), #1948, .F. ) ;
#2 = VERTEX_POINT ( 'NONE', #2146 ) ;
#3 = EDGE_CURVE ( 'NONE', #2327, #3285, #2656, .T. ) ;
#4 = DIRECTION ( 'NONE',  ( -1.000000000000000000, 0.0000000000000000000, 0.0000000000000000000 ) ) ;
#5 = CARTESIAN_POINT ( 'NONE',  ( 11.13630681719336500, 4.975235575315728000, -9.997401064051871300 ) ) ;
#6 = CARTESIAN_POINT ( 'NONE',  ( 12.98999999999883700, 4.059999999998999500, -5.259999999999280400 ) ) ;
#7 = ORIENTED_EDGE ( 'NONE', *, *, #1982, .F. ) ;
#8 = DIRECTION ( 'NONE',  ( 0.0000000000000000000, 0.0000000000000000000, 1.000000000000000000 ) ) ;
#9 = DIRECTION ( 'NONE',  ( 1.000000000000000000, 0.0000000000000000000, 0.0000000000000000000 ) ) ;
#10 = B_SPLINE_CURVE_WITH_KNOTS ( 'NONE', 3,
 ( #3435, #164, #2062, #3153, #1255, #2871 ),
 .UNSPECIFIED., .F., .F.,
 ( 4, 2, 4 ),
 ( 1.956588141204056900E-016, 0.0008341530912355804200, 0.001668306182470965000 ),
 .UNSPECIFIED. ) ;
#11 = CARTESIAN_POINT ( 'NONE',  ( 8.690000000000798900, 4.059999999998999500, -5.109999999999879500 ) ) ;
#12 = DIRECTION ( 'NONE',  ( -0.7071067811865474600, -0.7071067811865474600, 0.0000000000000000000 ) ) ;
#13 = EDGE_CURVE ( 'NONE', #1938, #1902, #2026, .T. ) ;
#14 = CARTESIAN_POINT ( 'NONE',  ( 9.436527175195436700, 5.018581645514269800, -9.834999999998759200 ) ) ;
#15 = DIRECTION ( 'NONE',  ( -0.7071067811865474600, 0.7071067811865474600, -0.0000000000000000000 ) ) ;
#16 = AXIS2_PLACEMENT_3D ( 'NONE', #1503, #1333, #1510 ) ;
#17 = CARTESIAN_POINT ( 'NONE',  ( 24.63450779936572500, 6.657882894129805600, -10.64500000000060000 ) ) ;
#18 = VECTOR ( 'NONE', #1461, 1000.000000000000100 ) ;
#19 = PLANE ( 'NONE',  #1184 ) ;
#20 = DIRECTION ( 'NONE',  ( 1.000000000000000000, -0.0000000000000000000, -0.0000000000000000000 ) ) ;
#21 = CARTESIAN_POINT ( 'NONE',  ( 11.13630681719301300, 2.527029028321643400, -9.834999999998759200 ) ) ;
#22 = DIRECTION ( 'NONE',  ( -0.0000000000000000000, -0.0000000000000000000, -1.000000000000000000 ) ) ;
#23 = ADVANCED_FACE ( 'NONE', ( #1309 ), #2572, .T. ) ;
#24 = VERTEX_POINT ( 'NONE', #535 ) ;
#25 = DIRECTION ( 'NONE',  ( 1.000000000000000000, 0.0000000000000000000, 0.0000000000000000000 ) ) ;
#26 = AXIS2_PLACEMENT_3D ( 'NONE', #1833, #3458, #1551 ) ;
#27 = VECTOR ( 'NONE', #2675, 1000.000000000000000 ) ;
#28 = CARTESIAN_POINT ( 'NONE',  ( 9.309581525585574700, 5.031514696033712000, -9.834999999998759200 ) ) ;
#29 = ORIENTED_EDGE ( 'NONE', *, *, #221, .F. ) ;
#30 = DIRECTION ( 'NONE',  ( -0.7071067811865475700, 0.7071067811865475700, 0.0000000000000000000 ) ) ;
#31 = EDGE_CURVE ( 'NONE', #2556, #471, #501, .T. ) ;
#32 = CARTESIAN_POINT ( 'NONE',  ( 12.98999999999883700, 3.071314003334603800, -5.109999999999749000 ) ) ;
#33 = DIRECTION ( 'NONE',  ( -1.000000000000000000, 0.0000000000000000000, 0.0000000000000000000 ) ) ;
#34 = ORIENTED_EDGE ( 'NONE', *, *, #3127, .F. ) ;
#35 = LINE ( 'NONE', #611, #184 ) ;
#36 = CARTESIAN_POINT ( 'NONE',  ( 7.863693182803336500, 5.592970971676321800, -9.834999999999656200 ) ) ;
#37 = EDGE_CURVE ( 'NONE', #1282, #3311, #3324, .T. ) ;
#38 = CARTESIAN_POINT ( 'NONE',  ( 31.73635093885011900, 5.657751374675275900, -10.64500000000060000 ) ) ;
#39 = CARTESIAN_POINT ( 'NONE',  ( 8.509999999999996200, 4.059999999998999500, 0.2400000000015797300 ) ) ;
#40 = LINE ( 'NONE', #895, #3221 ) ;
#41 = CIRCLE ( 'NONE', #436, 4.165000000001119100 ) ;
#42 = ADVANCED_FACE ( 'NONE', ( #1161 ), #1774, .T. ) ;
#43 = ORIENTED_EDGE ( 'NONE', *, *, #955, .F. ) ;
#44 = VECTOR ( 'NONE', #2068, 1000.000000000000000 ) ;
#45 = VECTOR ( 'NONE', #2982, 1000.000000000000000 ) ;
#46 = CIRCLE ( 'NONE', #1545, 1.000000000000064200 ) ;
#47 = CARTESIAN_POINT ( 'NONE',  ( 27.89000000000020000, 4.059999999998999500, -9.133000000001057800 ) ) ;
#48 = VERTEX_POINT ( 'NONE', #2177 ) ;
#49 = ORIENTED_EDGE ( 'NONE', *, *, #3168, .F. ) ;
#50 = AXIS2_PLACEMENT_3D ( 'NONE', #766, #520, #785 ) ;
#51 = CARTESIAN_POINT ( 'NONE',  ( 12.00000000000000700, 4.059999999999000400, -10.08500000000029900 ) ) ;
#52 = ORIENTED_EDGE ( 'NONE', *, *, #2308, .T. ) ;
#53 = ORIENTED_EDGE ( 'NONE', *, *, #1734, .F. ) ;
#54 = EDGE_CURVE ( 'NONE', #3533, #166, #2492, .T. ) ;
#55 = ORIENTED_EDGE ( 'NONE', *, *, #716, .T. ) ;
#56 = DIRECTION ( 'NONE',  ( -0.0000000000000000000, -0.0000000000000000000, 1.000000000000000000 ) ) ;
#57 = EDGE_LOOP ( 'NONE', ( #1239, #2012, #2987, #2255, #601, #2283, #2839, #92 ) ) ;
#58 = ORIENTED_EDGE ( 'NONE', *, *, #3389, .F. ) ;
#59 = CARTESIAN_POINT ( 'NONE',  ( 12.00000000000000700, 4.059999999998999500, -9.504789005484299800 ) ) ;
#60 = CARTESIAN_POINT ( 'NONE',  ( 8.690000000004342700, 3.909999999999599600, -6.130374180855992200 ) ) ;
#61 = CARTESIAN_POINT ( 'NONE',  ( 8.690000000001418800, 4.059999999998999500, -5.259999999999280400 ) ) ;
#62 = EDGE_LOOP ( 'NONE', ( #485, #510, #52, #2464, #2918, #2332 ) ) ;
#63 = ADVANCED_FACE ( 'NONE', ( #1061 ), #1622, .T. ) ;
#64 = AXIS2_PLACEMENT_3D ( 'NONE', #1362, #9, #1097 ) ;
#65 = DIRECTION ( 'NONE',  ( 0.7071067811817681700, 0.7071067811913269700, 0.0000000000000000000 ) ) ;
#66 = CARTESIAN_POINT ( 'NONE',  ( 12.00000000000000500, 3.777825887516311500, -10.08500000000029900 ) ) ;
#67 = EDGE_LOOP ( 'NONE', ( #3279, #2456, #1709, #1764, #1466, #807, #653, #3006 ) ) ;
#68 = CARTESIAN_POINT ( 'NONE',  ( 5.760000000066156600, 4.059999999998999500, -1.060000000008528100 ) ) ;
#69 = CARTESIAN_POINT ( 'NONE',  ( 27.89000000000020000, 4.059999999998999500, -11.40500000000010100 ) ) ;
#70 = DIRECTION ( 'NONE',  ( 0.0000000000000000000, 0.0000000000000000000, -1.000000000000000000 ) ) ;
#71 = AXIS2_PLACEMENT_3D ( 'NONE', #354, #2245, #620 ) ;
#72 = EDGE_CURVE ( 'NONE', #2387, #581, #268, .T. ) ;
#73 = ADVANCED_FACE ( 'NONE', ( #3134 ), #2730, .T. ) ;
#74 = FACE_BOUND ( 'NONE', #1406, .T. ) ;
#75 = EDGE_CURVE ( 'NONE', #2375, #3238, #2403, .T. ) ;
#76 = DIRECTION ( 'NONE',  ( 0.0000000000000000000, -0.0000000000000000000, -1.000000000000000000 ) ) ;
#77 = DIRECTION ( 'NONE',  ( 1.000000000000000000, 0.0000000000000000000, 0.0000000000000000000 ) ) ;
#78 = VECTOR ( 'NONE', #871, 1000.000000000000000 ) ;
#79 = LINE ( 'NONE', #3118, #2956 ) ;
#80 = FACE_OUTER_BOUND ( 'NONE', #1389, .T. ) ;
#81 = DIRECTION ( 'NONE',  ( -0.0000000000000000000, -0.0000000000000000000, 1.000000000000000000 ) ) ;
#82 = ORIENTED_EDGE ( 'NONE', *, *, #2627, .T. ) ;
#83 = AXIS2_PLACEMENT_3D ( 'NONE', #1897, #2771, #1437 ) ;
#84 = VECTOR ( 'NONE', #2973, 1000.000000000000000 ) ;
#85 = FACE_OUTER_BOUND ( 'NONE', #2294, .T. ) ;
#86 = VECTOR ( 'NONE', #2098, 1000.000000000000000 ) ;
#87 = ORIENTED_EDGE ( 'NONE', *, *, #98, .T. ) ;
#88 = ORIENTED_EDGE ( 'NONE', *, *, #983, .F. ) ;
#89 = CARTESIAN_POINT ( 'NONE',  ( 9.309581525585635100, 3.088485303963699900, -0.6850000000000535700 ) ) ;
#90 = ORIENTED_EDGE ( 'NONE', *, *, #2583, .F. ) ;
#91 = DIRECTION ( 'NONE',  ( -1.000000000000000000, 0.0000000000000000000, 0.0000000000000000000 ) ) ;
#92 = ORIENTED_EDGE ( 'NONE', *, *, #2297, .F. ) ;
#93 = AXIS2_PLACEMENT_3D ( 'NONE', #1946, #322, #2217 ) ;
#94 = ORIENTED_EDGE ( 'NONE', *, *, #1101, .F. ) ;
#95 = EDGE_CURVE ( 'NONE', #991, #2805, #422, .T. ) ;
#96 = ORIENTED_EDGE ( 'NONE', *, *, #1757, .T. ) ;
#97 = DIRECTION ( 'NONE',  ( 0.0000000000000000000, 0.0000000000000000000, 1.000000000000000000 ) ) ;
#98 = EDGE_CURVE ( 'NONE', #3238, #1292, #1689, .T. ) ;
#99 = CARTESIAN_POINT ( 'NONE',  ( 8.690000000004342700, 3.189625819142286800, -5.109999999999879500 ) ) ;
#100 = CARTESIAN_POINT ( 'NONE',  ( 8.690000000000798900, 4.210000000000940500, -5.410000000001220500 ) ) ;
#101 = DIRECTION ( 'NONE',  ( -1.000000000000000000, 0.0000000000000000000, 0.0000000000000000000 ) ) ;
#102 = ORIENTED_EDGE ( 'NONE', *, *, #1939, .T. ) ;
#103 = ORIENTED_EDGE ( 'NONE', *, *, #958, .F. ) ;
#104 = VERTEX_POINT ( 'NONE', #1141 ) ;
#105 = DIRECTION ( 'NONE',  ( -1.000000000000000000, 0.0000000000000000000, -0.0000000000000000000 ) ) ;
#106 = CARTESIAN_POINT ( 'NONE',  ( 24.63113131249280100, 7.976477994012359600, -11.40500000000010100 ) ) ;
#107 = LINE ( 'NONE', #1596, #2905 ) ;
#108 = UNCERTAINTY_MEASURE_WITH_UNIT (LENGTH_MEASURE( 1.000000000000000100E-005 ), #2844, 'distance_accuracy_value', 'NONE');
#109 = LINE ( 'NONE', #233, #2908 ) ;
#110 = EDGE_CURVE ( 'NONE', #916, #806, #1597, .T. ) ;
#111 = CIRCLE ( 'NONE', #243, 5.094999999999940200 ) ;
#112 = CARTESIAN_POINT ( 'NONE',  ( 12.00000000000000700, 4.059999999998999500, -1.015210994515276100 ) ) ;
#113 = SURFACE_SIDE_STYLE ('',( #1836 ) ) ;
#114 = ORIENTED_EDGE ( 'NONE', *, *, #2334, .F. ) ;
#115 = LINE ( 'NONE', #2876, #2198 ) ;
#116 = LINE ( 'NONE', #2801, #2915 ) ;
#117 = CIRCLE ( 'NONE', #650, 0.7099999999999537800 ) ;
#118 = EDGE_CURVE ( 'NONE', #1299, #2520, #2312, .T. ) ;
#119 = DIRECTION ( 'NONE',  ( -0.7071067811865474600, 0.7071067811865474600, 0.0000000000000000000 ) ) ;
#120 = ORIENTED_EDGE ( 'NONE', *, *, #278, .T. ) ;
#121 = VERTEX_POINT ( 'NONE', #319 ) ;
#122 = CARTESIAN_POINT ( 'NONE',  ( 8.690000000000798900, 3.909999999999599600, -6.482119896432779500 ) ) ;
#123 = DIRECTION ( 'NONE',  ( 0.0000000000000000000, 0.0000000000000000000, 1.000000000000000000 ) ) ;
#124 = ORIENTED_EDGE ( 'NONE', *, *, #259, .T. ) ;
#125 = CARTESIAN_POINT ( 'NONE',  ( 8.690000000004266300, 4.210000000000940500, -6.130374180855599600 ) ) ;
#126 = ORIENTED_EDGE ( 'NONE', *, *, #1287, .T. ) ;
#127 = ORIENTED_EDGE ( 'NONE', *, *, #439, .T. ) ;
#128 = PLANE ( 'NONE',  #923 ) ;
#129 = ORIENTED_EDGE ( 'NONE', *, *, #1086, .F. ) ;
#130 = DIRECTION ( 'NONE',  ( 0.0000000000000000000, 0.0000000000000000000, -1.000000000000000000 ) ) ;
#131 = CARTESIAN_POINT ( 'NONE',  ( 31.14886868750759800, 7.976477994012359600, -11.40500000000010100 ) ) ;
#132 = EDGE_LOOP ( 'NONE', ( #1865, #2511, #942, #1405 ) ) ;
#133 = DIRECTION ( 'NONE',  ( 1.000000000000000000, 0.0000000000000000000, 0.0000000000000000000 ) ) ;
#134 = EDGE_CURVE ( 'NONE', #48, #1867, #3160, .T. ) ;
#135 = CARTESIAN_POINT ( 'NONE',  ( 8.989999999999598800, 4.059999999998999500, -5.259999999999280400 ) ) ;
#136 = DIRECTION ( 'NONE',  ( 1.000000000000000000, 0.0000000000000000000, 0.0000000000000000000 ) ) ;
#137 = DIRECTION ( 'NONE',  ( 0.0000000000000000000, 0.0000000000000000000, -1.000000000000000000 ) ) ;
#138 = EDGE_CURVE ( 'NONE', #2303, #1299, #2955, .T. ) ;
#139 = CARTESIAN_POINT ( 'NONE',  ( 9.954779092687642700, 5.058447397106744100, -9.834999999998761000 ) ) ;
#140 = CARTESIAN_POINT ( 'NONE',  ( 24.04364906115678500, 2.462248625329480000, -11.40500000000010100 ) ) ;
#141 = CARTESIAN_POINT ( 'NONE',  ( 8.948435904315656900, 3.182808215843370800, -9.800480509838490000 ) ) ;
#142 = ORIENTED_EDGE ( 'NONE', *, *, #958, .T. ) ;
#143 = AXIS2_PLACEMENT_3D ( 'NONE', #3380, #2672, #1367 ) ;
#144 = DIRECTION ( 'NONE',  ( 0.0000000000000000000, 0.0000000000000000000, -1.000000000000000000 ) ) ;
#145 = DIRECTION ( 'NONE',  ( 0.0000000000000000000, 0.0000000000000000000, 1.000000000000000000 ) ) ;
#146 = AXIS2_PLACEMENT_3D ( 'NONE', #3031, #3434, #2992 ) ;
#147 = ORIENTED_EDGE ( 'NONE', *, *, #3001, .F. ) ;
#148 = LINE ( 'NONE', #3480, #2236 ) ;
#149 = CARTESIAN_POINT ( 'NONE',  ( 8.890117273380767000, 4.210000000000940500, -6.012973092958033800 ) ) ;
#150 = EDGE_CURVE ( 'NONE', #1766, #1282, #151, .T. ) ;
#151 = LINE ( 'NONE', #3322, #1511 ) ;
#152 = CYLINDRICAL_SURFACE ( 'NONE', #2018, 4.825000000001019800 ) ;
#153 = CIRCLE ( 'NONE', #765, 2.499999999999906700 ) ;
#154 = CARTESIAN_POINT ( 'NONE',  ( 9.500000000000101300, 4.059999999998999500, -0.6850000000000539000 ) ) ;
#155 = DIRECTION ( 'NONE',  ( 0.0000000000000000000, -0.0000000000000000000, -1.000000000000000000 ) ) ;
#156 = ORIENTED_EDGE ( 'NONE', *, *, #1296, .F. ) ;
#157 = VECTOR ( 'NONE', #2386, 1000.000000000000000 ) ;
#158 = FACE_OUTER_BOUND ( 'NONE', #2204, .T. ) ;
#159 = CIRCLE ( 'NONE', #1090, 0.8832050807738794900 ) ;
#160 = ORIENTED_EDGE ( 'NONE', *, *, #150, .F. ) ;
#161 = ORIENTED_EDGE ( 'NONE', *, *, #3075, .T. ) ;
#162 = AXIS2_PLACEMENT_3D ( 'NONE', #3407, #1194, #1295 ) ;
#163 = DIRECTION ( 'NONE',  ( -1.000000000000000000, -0.0000000000000000000, 0.0000000000000000000 ) ) ;
#164 = CARTESIAN_POINT ( 'NONE',  ( 11.64180687308942400, 5.377879053187819600, -0.6129279415758076600 ) ) ;
#165 = ORIENTED_EDGE ( 'NONE', *, *, #2188, .T. ) ;
#166 = VERTEX_POINT ( 'NONE', #2743 ) ;
#167 = ORIENTED_EDGE ( 'NONE', *, *, #2733, .T. ) ;
#168 = CARTESIAN_POINT ( 'NONE',  ( 12.98999999999883700, 3.909999999999599600, -5.410000000001220500 ) ) ;
#169 = ORIENTED_EDGE ( 'NONE', *, *, #1979, .F. ) ;
#170 = CARTESIAN_POINT ( 'NONE',  ( 7.885141141687699800, 3.071314003334999900, -5.410000000001422100 ) ) ;
#171 = ORIENTED_EDGE ( 'NONE', *, *, #2522, .T. ) ;
#172 = PRODUCT_RELATED_PRODUCT_CATEGORY ( 'part', '', ( #1930 ) ) ;
#173 = CARTESIAN_POINT ( 'NONE',  ( 23.97352200598837500, 0.8011313124909383900, -14.73499999999947900 ) ) ;
#174 = EDGE_CURVE ( 'NONE', #3250, #916, #2240, .T. ) ;
#175 = CARTESIAN_POINT ( 'NONE',  ( 24.63450779936578200, 6.657882894129873100, -14.73499999999947900 ) ) ;
#176 = VERTEX_POINT ( 'NONE', #2774 ) ;
#177 = EDGE_CURVE ( 'NONE', #630, #1385, #239, .T. ) ;
#178 = CARTESIAN_POINT ( 'NONE',  ( 11.13630681719450000, 4.059999999998999500, -5.259999999999280400 ) ) ;
#179 = EDGE_LOOP ( 'NONE', ( #2100, #984, #1382, #1717 ) ) ;
#180 = DIRECTION ( 'NONE',  ( 0.0000000000000000000, 3.928246142915782700E-015, 1.000000000000000000 ) ) ;
#181 = AXIS2_PLACEMENT_3D ( 'NONE', #3404, #1847, #413 ) ;
#182 = ORIENTED_EDGE ( 'NONE', *, *, #664, .F. ) ;
#183 = CARTESIAN_POINT ( 'NONE',  ( 27.89000000000020000, 4.059999999998999500, -10.64500000000060000 ) ) ;
#184 = VECTOR ( 'NONE', #2210, 1000.000000000000000 ) ;
#185 = CARTESIAN_POINT ( 'NONE',  ( 27.89000000000020000, 4.059999999998999500, -11.40500000000010100 ) ) ;
#186 = CARTESIAN_POINT ( 'NONE',  ( 10.36464997957239300, 3.560691964853320200, 0.2186052549033942500 ) ) ;
#187 = CARTESIAN_POINT ( 'NONE',  ( 33.14999999999440000, 9.320000000000819200, -10.64500000000060000 ) ) ;
#188 = DIRECTION ( 'NONE',  ( -0.0000000000000000000, -0.0000000000000000000, 1.000000000000000000 ) ) ;
#189 = AXIS2_PLACEMENT_3D ( 'NONE', #1843, #2644, #763 ) ;
#190 = VECTOR ( 'NONE', #1633, 1000.000000000000000 ) ;
#191 = DIRECTION ( 'NONE',  ( 0.0000000000000000000, 0.0000000000000000000, 1.000000000000000000 ) ) ;
#192 = FACE_OUTER_BOUND ( 'NONE', #1408, .T. ) ;
#193 = EDGE_LOOP ( 'NONE', ( #277, #515, #3188, #1256 ) ) ;
#194 = EDGE_CURVE ( 'NONE', #1565, #3393, #2873, .T. ) ;
#195 = CYLINDRICAL_SURFACE ( 'NONE', #1533, 2.499999999999906700 ) ;
#196 = CYLINDRICAL_SURFACE ( 'NONE', #3287, 5.094999999999940200 ) ;
#197 = LINE ( 'NONE', #1445, #3010 ) ;
#198 = DIRECTION ( 'NONE',  ( 0.0000000000000000000, 0.0000000000000000000, -1.000000000000000000 ) ) ;
#199 = ORIENTED_EDGE ( 'NONE', *, *, #2550, .F. ) ;
#200 = ORIENTED_EDGE ( 'NONE', *, *, #1182, .T. ) ;
#201 = EDGE_CURVE ( 'NONE', #3059, #2171, #2152, .T. ) ;
#202 = CARTESIAN_POINT ( 'NONE',  ( 8.509999999999998000, 3.928923319563201400, 0.2400000000015797800 ) ) ;
#203 = ORIENTED_EDGE ( 'NONE', *, *, #1287, .F. ) ;
#204 = CARTESIAN_POINT ( 'NONE',  ( 22.63000000000091900, 4.059999999998999500, -14.73499999999947900 ) ) ;
#205 = CARTESIAN_POINT ( 'NONE',  ( 27.89000000000020000, 4.059999999998999500, -10.64500000000060000 ) ) ;
#206 = VERTEX_POINT ( 'NONE', #1427 ) ;
#207 = DIRECTION ( 'NONE',  ( 1.000000000000000000, -0.0000000000000000000, -0.0000000000000000000 ) ) ;
#208 = ADVANCED_FACE ( 'NONE', ( #3522 ), #3055, .F. ) ;
#209 = EDGE_LOOP ( 'NONE', ( #114, #1873, #901, #527, #555, #1960, #1627, #2842 ) ) ;
#210 = CARTESIAN_POINT ( 'NONE',  ( 24.23999999999956100, 4.059999999998999500, -10.64500000000060000 ) ) ;
#211 = ORIENTED_EDGE ( 'NONE', *, *, #3272, .F. ) ;
#212 = CARTESIAN_POINT ( 'NONE',  ( 9.500000000000101300, 4.059999999998999500, -9.834999999998759200 ) ) ;
#213 = VERTEX_POINT ( 'NONE', #1176 ) ;
#214 = VERTEX_POINT ( 'NONE', #2249 ) ;
#215 = CARTESIAN_POINT ( 'NONE',  ( 7.046866774278815800, 3.504273762223656600, -10.06024082935521900 ) ) ;
#216 = AXIS2_PLACEMENT_3D ( 'NONE', #1002, #1033, #1046 ) ;
#217 = ORIENTED_EDGE ( 'NONE', *, *, #31, .T. ) ;
#218 = DIRECTION ( 'NONE',  ( -0.0000000000000000000, -0.0000000000000000000, -1.000000000000000000 ) ) ;
#219 = CARTESIAN_POINT ( 'NONE',  ( 14.29991869116520300, 4.059999999998998600, -5.260000000077980100 ) ) ;
#220 = EDGE_CURVE ( 'NONE', #471, #1023, #1431, .T. ) ;
#221 = EDGE_CURVE ( 'NONE', #3073, #3448, #2065, .T. ) ;
#222 = DIRECTION ( 'NONE',  ( -0.7071067811811143600, -0.7071067811919807800, 0.0000000000000000000 ) ) ;
#223 = ORIENTED_EDGE ( 'NONE', *, *, #3186, .F. ) ;
#224 = CARTESIAN_POINT ( 'NONE',  ( 22.63000000000091900, 4.059999999998999500, -14.73499999999947900 ) ) ;
#225 = ADVANCED_FACE ( 'NONE', ( #627 ), #1263, .T. ) ;
#226 = ORIENTED_EDGE ( 'NONE', *, *, #2385, .T. ) ;
#227 = CARTESIAN_POINT ( 'NONE',  ( 8.690000000003896800, 4.930374180855973300, -5.109999999999879500 ) ) ;
#228 = CARTESIAN_POINT ( 'NONE',  ( 31.14886868750709000, 7.976477994011797400, -11.40500000000010100 ) ) ;
#229 = AXIS2_PLACEMENT_3D ( 'NONE', #824, #2991, #1376 ) ;
#230 = CARTESIAN_POINT ( 'NONE',  ( 24.04364906115662100, 5.657751374671065900, -11.40500000000010100 ) ) ;
#231 = LINE ( 'NONE', #1221, #2663 ) ;
#232 = CARTESIAN_POINT ( 'NONE',  ( 11.47484176581217800, 5.592970971675815600, -0.6850000000000539000 ) ) ;
#233 = CARTESIAN_POINT ( 'NONE',  ( 24.04364906115789700, 5.657751374670199100, -11.40500000000010100 ) ) ;
#234 = LINE ( 'NONE', #3495, #1592 ) ;
#235 = CARTESIAN_POINT ( 'NONE',  ( 22.63000000000091600, -1.200000000000025700, -0.4350000000000380200 ) ) ;
#236 = DIRECTION ( 'NONE',  ( -1.000000000000000000, 8.330004686561060700E-016, 0.0000000000000000000 ) ) ;
#237 = CARTESIAN_POINT ( 'NONE',  ( 9.628620890377797900, 3.069898333485913800, -10.67014775220756600 ) ) ;
#238 = DIRECTION ( 'NONE',  ( -0.4999999999979732900, 1.060575238726339900E-016, -0.8660254037856087700 ) ) ;
#239 = CIRCLE ( 'NONE', #778, 4.165000000001119100 ) ;
#240 = VECTOR ( 'NONE', #2707, 1000.000000000000000 ) ;
#241 = CONICAL_SURFACE ( 'NONE', #3020, 0.8832050806754235800, 0.5235987755300237600 ) ;
#242 = CARTESIAN_POINT ( 'NONE',  ( 31.73635093884731600, 2.462248625335450300, -11.40500000000010100 ) ) ;
#243 = AXIS2_PLACEMENT_3D ( 'NONE', #3353, #1712, #91 ) ;
#244 = ORIENTED_EDGE ( 'NONE', *, *, #1781, .T. ) ;
#245 = CARTESIAN_POINT ( 'NONE',  ( 27.89000000000020000, 4.059999999998999500, -10.64500000000060000 ) ) ;
#246 = ORIENTED_EDGE ( 'NONE', *, *, #1349, .T. ) ;
#247 = ADVANCED_FACE ( 'NONE', ( #3440 ), #3362, .F. ) ;
#248 = VECTOR ( 'NONE', #218, 1000.000000000000000 ) ;
#249 = VECTOR ( 'NONE', #3200, 1000.000000000000100 ) ;
#250 = CYLINDRICAL_SURFACE ( 'NONE', #702, 2.499999999999906700 ) ;
#251 = EDGE_CURVE ( 'NONE', #754, #2806, #540, .T. ) ;
#252 = CARTESIAN_POINT ( 'NONE',  ( 8.690000000000798900, 4.059999999998999500, -5.259999999999280400 ) ) ;
#253 = VERTEX_POINT ( 'NONE', #2808 ) ;
#254 = ORIENTED_EDGE ( 'NONE', *, *, #716, .F. ) ;
#255 = DIRECTION ( 'NONE',  ( -0.0000000000000000000, 0.0000000000000000000, -1.000000000000000000 ) ) ;
#256 = VERTEX_POINT ( 'NONE', #2517 ) ;
#257 = CARTESIAN_POINT ( 'NONE',  ( 23.49850000000024200, 5.592970971676432900, -0.6849999999988228800 ) ) ;
#258 = ORIENTED_EDGE ( 'NONE', *, *, #3307, .T. ) ;
#259 = EDGE_CURVE ( 'NONE', #686, #3059, #2607, .T. ) ;
#260 = ORIENTED_EDGE ( 'NONE', *, *, #1303, .F. ) ;
#261 = EDGE_LOOP ( 'NONE', ( #2561, #1172, #3415, #1991, #3061 ) ) ;
#262 = CARTESIAN_POINT ( 'NONE',  ( 23.34291443729593900, 1.761514001468634100, -10.64500000000060000 ) ) ;
#263 = AXIS2_PLACEMENT_3D ( 'NONE', #2966, #1932, #1165 ) ;
#264 = EDGE_LOOP ( 'NONE', ( #2243, #1795, #2724, #3374, #2038, #3333, #3244, #3077 ) ) ;
#265 = CARTESIAN_POINT ( 'NONE',  ( 9.500000000000101300, 4.059999999998999500, -0.6850000000000539000 ) ) ;
#266 = DIRECTION ( 'NONE',  ( 1.000000000000000000, 0.0000000000000000000, -0.0000000000000000000 ) ) ;
#267 = DIRECTION ( 'NONE',  ( 0.0000000000000000000, 1.964123071457891400E-015, 1.000000000000000000 ) ) ;
#268 = B_SPLINE_CURVE_WITH_KNOTS ( 'NONE', 3,
 ( #21, #1637, #3288, #291, #2186, #568 ),
 .UNSPECIFIED., .F., .F.,
 ( 4, 2, 4 ),
 ( 2.869237348884273600E-016, 0.0007773638094926548600, 0.001554727618985022800 ),
 .UNSPECIFIED. ) ;
#269 = ADVANCED_FACE ( 'NONE', ( #2793 ), #3276, .T. ) ;
#270 = DIRECTION ( 'NONE',  ( -0.7071067811865474600, -0.7071067811865474600, 0.0000000000000000000 ) ) ;
#271 = AXIS2_PLACEMENT_3D ( 'NONE', #583, #2203, #312 ) ;
#272 = CARTESIAN_POINT ( 'NONE',  ( 5.259999999999279500, 4.059999999998999500, -0.4349999999982605600 ) ) ;
#273 = VERTEX_POINT ( 'NONE', #2539 ) ;
#274 = EDGE_CURVE ( 'NONE', #1745, #445, #454, .T. ) ;
#275 = ORIENTED_EDGE ( 'NONE', *, *, #369, .T. ) ;
#276 = CARTESIAN_POINT ( 'NONE',  ( 11.77196205117119400, 2.980453273269130200, -9.970225702801112500 ) ) ;
#277 = ORIENTED_EDGE ( 'NONE', *, *, #2449, .T. ) ;
#278 = EDGE_CURVE ( 'NONE', #3122, #256, #1986, .T. ) ;
#279 = CARTESIAN_POINT ( 'NONE',  ( 24.04364906115685600, 2.462248625329300600, -10.64500000000060000 ) ) ;
#280 = CARTESIAN_POINT ( 'NONE',  ( 32.43708556270700400, 1.761514001468634100, -10.64500000000060000 ) ) ;
#281 = VECTOR ( 'NONE', #811, 1000.000000000000000 ) ;
#282 = AXIS2_PLACEMENT_3D ( 'NONE', #2825, #938, #2552 ) ;
#283 = DIRECTION ( 'NONE',  ( -1.000000000000000000, 0.0000000000000000000, 0.0000000000000000000 ) ) ;
#284 = ADVANCED_FACE ( 'NONE', ( #1811 ), #2009, .T. ) ;
#285 = LINE ( 'NONE', #17, #190 ) ;
#286 = CARTESIAN_POINT ( 'NONE',  ( 5.259999999999280400, 4.059999999998999500, -5.259999999999280400 ) ) ;
#287 = LINE ( 'NONE', #1771, #1008 ) ;
#288 = CIRCLE ( 'NONE', #146, 0.2700000000137522900 ) ;
#289 = PLANE ( 'NONE',  #2673 ) ;
#290 = AXIS2_PLACEMENT_3D ( 'NONE', #2220, #2172, #3112 ) ;
#291 = CARTESIAN_POINT ( 'NONE',  ( 10.20414241785698600, 2.981560566271376400, -9.834999999998755600 ) ) ;
#292 = DIRECTION ( 'NONE',  ( -1.000000000000000000, 0.0000000000000000000, 0.0000000000000000000 ) ) ;
#293 = ORIENTED_EDGE ( 'NONE', *, *, #580, .T. ) ;
#294 = CYLINDRICAL_SURFACE ( 'NONE', #992, 4.825000000001019800 ) ;
#295 = CIRCLE ( 'NONE', #1387, 4.165000000001119100 ) ;
#296 = CARTESIAN_POINT ( 'NONE',  ( 27.89000000000020000, 4.059999999998999500, -14.74000000001751700 ) ) ;
#297 = CIRCLE ( 'NONE', #1209, 4.165000000001119100 ) ;
#298 = CARTESIAN_POINT ( 'NONE',  ( 9.563472824804762200, 5.018581645514269800, -9.834999999998759200 ) ) ;
#299 = ORIENTED_EDGE ( 'NONE', *, *, #1278, .F. ) ;
#300 = ORIENTED_EDGE ( 'NONE', *, *, #400, .F. ) ;
#301 = CARTESIAN_POINT ( 'NONE',  ( 7.525158234186731600, 2.527029028323845700, -0.6849999999991268600 ) ) ;
#302 = ORIENTED_EDGE ( 'NONE', *, *, #498, .F. ) ;
#303 = EDGE_CURVE ( 'NONE', #658, #1573, #1191, .T. ) ;
#304 = CARTESIAN_POINT ( 'NONE',  ( 7.863693182804914800, 11.71945197524511300, -8.694461605603761400 ) ) ;
#305 = ORIENTED_EDGE ( 'NONE', *, *, #13, .T. ) ;
#306 = ORIENTED_EDGE ( 'NONE', *, *, #3054, .F. ) ;
#307 = CARTESIAN_POINT ( 'NONE',  ( 32.43708556270700400, 6.358485998532159100, -11.40500000000010100 ) ) ;
#308 = ADVANCED_FACE ( 'NONE', ( #379 ), #655, .T. ) ;
#309 = DIRECTION ( 'NONE',  ( 0.0000000000000000000, 0.0000000000000000000, 1.000000000000000000 ) ) ;
#310 = EDGE_LOOP ( 'NONE', ( #3315, #126, #1579, #2964 ) ) ;
#311 = EDGE_CURVE ( 'NONE', #3007, #2004, #2444, .T. ) ;
#312 = DIRECTION ( 'NONE',  ( 1.000000000000000000, 0.0000000000000000000, 0.0000000000000000000 ) ) ;
#313 = ORIENTED_EDGE ( 'NONE', *, *, #3072, .F. ) ;
#314 = DIRECTION ( 'NONE',  ( -0.0000000000000000000, -0.0000000000000000000, -1.000000000000000000 ) ) ;
#315 = ORIENTED_EDGE ( 'NONE', *, *, #118, .F. ) ;
#316 = DIRECTION ( 'NONE',  ( 1.000000000000000000, 0.0000000000000000000, 0.0000000000000000000 ) ) ;
#317 = DIRECTION ( 'NONE',  ( -1.000000000000000000, 0.0000000000000000000, -0.0000000000000000000 ) ) ;
#318 = CARTESIAN_POINT ( 'NONE',  ( 27.61999999998644700, 4.059999999998999500, -10.64000000002352000 ) ) ;
#319 = CARTESIAN_POINT ( 'NONE',  ( 7.000000000000194500, 4.059999999999000400, -10.08500000000030100 ) ) ;
#320 = DIRECTION ( 'NONE',  ( 0.0000000000000000000, 0.0000000000000000000, 1.000000000000000000 ) ) ;
#321 = ORIENTED_EDGE ( 'NONE', *, *, #259, .F. ) ;
#322 = DIRECTION ( 'NONE',  ( -0.0000000000000000000, -0.0000000000000000000, 1.000000000000000000 ) ) ;
#323 = VERTEX_POINT ( 'NONE', #2558 ) ;
#324 = EDGE_CURVE ( 'NONE', #2669, #3073, #3173, .T. ) ;
#325 = ADVANCED_FACE ( 'NONE', ( #1731 ), #2019, .T. ) ;
#326 = CARTESIAN_POINT ( 'NONE',  ( 11.13630681719450000, 4.059999999998999500, -5.259999999999280400 ) ) ;
#327 = CYLINDRICAL_SURFACE ( 'NONE', #1290, 4.165000000001119100 ) ;
#328 = CARTESIAN_POINT ( 'NONE',  ( 8.890117273385980600, 4.210000000000940500, -4.507026907043586700 ) ) ;
#329 = EDGE_CURVE ( 'NONE', #3100, #2250, #3089, .T. ) ;
#330 = DIRECTION ( 'NONE',  ( 0.0000000000000000000, 9.820615357289456800E-016, 1.000000000000000000 ) ) ;
#331 = VECTOR ( 'NONE', #137, 1000.000000000000000 ) ;
#332 = CARTESIAN_POINT ( 'NONE',  ( 23.49850000000024200, 4.059999999998999500, -5.259999999999280400 ) ) ;
#333 = AXIS2_PLACEMENT_3D ( 'NONE', #205, #188, #2515 ) ;
#334 = CARTESIAN_POINT ( 'NONE',  ( 5.259999999999280400, 4.059999999998999500, -10.76000000000014000 ) ) ;
#335 = B_SPLINE_CURVE_WITH_KNOTS ( 'NONE', 3,
 ( #2227, #1417, #348, #2237 ),
 .UNSPECIFIED., .F., .F.,
 ( 4, 4 ),
 ( 2.871609285886988400E-015, 0.0003480186799862333000 ),
 .UNSPECIFIED. ) ;
#336 = VECTOR ( 'NONE', #3313, 1000.000000000000000 ) ;
#337 = FACE_OUTER_BOUND ( 'NONE', #2688, .T. ) ;
#338 = LINE ( 'NONE', #1541, #2957 ) ;
#339 = VERTEX_POINT ( 'NONE', #954 ) ;
#340 = CARTESIAN_POINT ( 'NONE',  ( 7.046421063144146400, 3.505758989452540100, -0.4595350007771590300 ) ) ;
#341 = FACE_OUTER_BOUND ( 'NONE', #431, .T. ) ;
#342 = FACE_BOUND ( 'NONE', #2639, .T. ) ;
#343 = AXIS2_PLACEMENT_3D ( 'NONE', #1787, #2317, #2299 ) ;
#344 = DIRECTION ( 'NONE',  ( -1.000000000000000000, 8.330004686561060700E-016, 0.0000000000000000000 ) ) ;
#345 = ADVANCED_FACE ( 'NONE', ( #1697 ), #250, .F. ) ;
#346 = ORIENTED_EDGE ( 'NONE', *, *, #3186, .T. ) ;
#347 = ORIENTED_EDGE ( 'NONE', *, *, #201, .T. ) ;
#348 = CARTESIAN_POINT ( 'NONE',  ( 8.890117273385286000, 4.812973092955602700, -5.109999999999879500 ) ) ;
#349 = EDGE_CURVE ( 'NONE', #3109, #3012, #287, .T. ) ;
#350 = ORIENTED_EDGE ( 'NONE', *, *, #1572, .T. ) ;
#351 = ORIENTED_EDGE ( 'NONE', *, *, #680, .T. ) ;
#352 = ORIENTED_EDGE ( 'NONE', *, *, #1572, .F. ) ;
#353 = EDGE_LOOP ( 'NONE', ( #907, #645, #1708 ) ) ;
#354 = CARTESIAN_POINT ( 'NONE',  ( 27.89000000000020000, 4.059999999998999500, -10.55500000000095900 ) ) ;
#355 = CARTESIAN_POINT ( 'NONE',  ( 24.63113131249280100, 0.1435220059882559900, -11.40500000000010100 ) ) ;
#356 = DIRECTION ( 'NONE',  ( 0.0000000000000000000, 0.0000000000000000000, 1.000000000000000000 ) ) ;
#357 = ORIENTED_EDGE ( 'NONE', *, *, #3044, .F. ) ;
#358 = CARTESIAN_POINT ( 'NONE',  ( 24.63450779936542600, 1.462117105868570700, -14.73499999999947900 ) ) ;
#359 = CARTESIAN_POINT ( 'NONE',  ( 24.23999999999956100, 4.059999999998999500, -9.133000000001057800 ) ) ;
#360 = AXIS2_PLACEMENT_3D ( 'NONE', #3117, #415, #2298 ) ;
#361 = AXIS2_PLACEMENT_3D ( 'NONE', #204, #2094, #3508 ) ;
#362 = DIRECTION ( 'NONE',  ( 0.0000000000000000000, 0.0000000000000000000, 1.000000000000000000 ) ) ;
#363 = DIRECTION ( 'NONE',  ( 0.0000000000000000000, 0.0000000000000000000, 1.000000000000000000 ) ) ;
#364 = ORIENTED_EDGE ( 'NONE', *, *, #1840, .F. ) ;
#365 = CARTESIAN_POINT ( 'NONE',  ( 9.500000000000101300, 4.059999999998999500, -9.834999999998759200 ) ) ;
#366 = CARTESIAN_POINT ( 'NONE',  ( 9.500000000000101300, 4.059999999998999500, -1.015210994515276100 ) ) ;
#367 = CARTESIAN_POINT ( 'NONE',  ( 7.525158234189926400, 5.592970971678268700, -0.6849999999994383900 ) ) ;
#368 = EDGE_LOOP ( 'NONE', ( #1294, #1915, #434, #3352, #147, #914, #2121, #3534 ) ) ;
#369 = EDGE_CURVE ( 'NONE', #1465, #2899, #642, .T. ) ;
#370 = ORIENTED_EDGE ( 'NONE', *, *, #1001, .T. ) ;
#371 = CIRCLE ( 'NONE', #3436, 0.7099999999999537800 ) ;
#372 = DIRECTION ( 'NONE',  ( 0.0000000000000000000, -7.329817504127831500E-015, 1.000000000000000000 ) ) ;
#373 = ORIENTED_EDGE ( 'NONE', *, *, #846, .T. ) ;
#374 = CARTESIAN_POINT ( 'NONE',  ( 26.29224862532839800, 0.2136490611561709100, -11.40500000000010100 ) ) ;
#375 = DIRECTION ( 'NONE',  ( 0.0000000000000000000, 0.0000000000000000000, 1.000000000000000000 ) ) ;
#376 = FACE_OUTER_BOUND ( 'NONE', #1276, .T. ) ;
#377 = EDGE_CURVE ( 'NONE', #1938, #253, #1893, .T. ) ;
#378 = CARTESIAN_POINT ( 'NONE',  ( 7.885141141687699800, 4.210000000001143100, -4.271314003335280800 ) ) ;
#379 = FACE_OUTER_BOUND ( 'NONE', #2883, .T. ) ;
#380 = FACE_BOUND ( 'NONE', #2331, .T. ) ;
#381 = FACE_OUTER_BOUND ( 'NONE', #893, .T. ) ;
#382 = CARTESIAN_POINT ( 'NONE',  ( 9.500000000000101300, 2.527029028324265800, -9.834999999998759200 ) ) ;
#383 = ORIENTED_EDGE ( 'NONE', *, *, #2270, .T. ) ;
#384 = B_SPLINE_CURVE_WITH_KNOTS ( 'NONE', 1,
 ( #3472, #1625 ),
 .UNSPECIFIED., .F., .F.,
 ( 2, 2 ),
 ( 0.0000000000000000000, 1.000000000000000000 ),
 .UNSPECIFIED. ) ;
#385 = AXIS2_PLACEMENT_3D ( 'NONE', #1758, #1782, #1593 ) ;
#386 = FACE_OUTER_BOUND ( 'NONE', #1747, .T. ) ;
#387 = VECTOR ( 'NONE', #1019, 1000.000000000000000 ) ;
#388 = LINE ( 'NONE', #1726, #2453 ) ;
#389 = VERTEX_POINT ( 'NONE', #2315 ) ;
#390 = EDGE_LOOP ( 'NONE', ( #1181, #2622, #859, #2989, #1964, #1528, #246, #3107 ) ) ;
#391 = CARTESIAN_POINT ( 'NONE',  ( 13.62359000000879000, 4.059999999999000400, -9.335733407077405800 ) ) ;
#392 = ORIENTED_EDGE ( 'NONE', *, *, #2507, .F. ) ;
#393 = FILL_AREA_STYLE_COLOUR ( '', #2554 ) ;
#394 = EDGE_LOOP ( 'NONE', ( #1700, #2374, #2389, #2230 ) ) ;
#395 = AXIS2_PLACEMENT_3D ( 'NONE', #3219, #2654, #1315 ) ;
#396 = DIRECTION ( 'NONE',  ( 0.0000000000000000000, 1.000000000000000000, 0.0000000000000000000 ) ) ;
#397 = CARTESIAN_POINT ( 'NONE',  ( 8.690000000004342700, 3.909999999999599600, -4.389625819142567700 ) ) ;
#398 = CARTESIAN_POINT ( 'NONE',  ( 7.885141141687699800, 5.048685996663432500, -5.109999999999995900 ) ) ;
#399 = ORIENTED_EDGE ( 'NONE', *, *, #641, .T. ) ;
#400 = EDGE_CURVE ( 'NONE', #771, #3284, #2523, .T. ) ;
#401 = VERTEX_POINT ( 'NONE', #693 ) ;
#402 = CARTESIAN_POINT ( 'NONE',  ( 8.690000000004342700, 3.909999999999599600, -4.389625819142567700 ) ) ;
#403 = CARTESIAN_POINT ( 'NONE',  ( 24.63450779936554000, 1.462117105868428800, -11.40500000000010100 ) ) ;
#404 = EDGE_CURVE ( 'NONE', #1526, #987, #2322, .T. ) ;
#405 =( LENGTH_UNIT ( ) NAMED_UNIT ( * ) SI_UNIT ( .MILLI., .METRE. ) );
#406 = CARTESIAN_POINT ( 'NONE',  ( 23.34291443729593900, 1.761514001468634100, -11.40500000000010100 ) ) ;
#407 = DIRECTION ( 'NONE',  ( 0.0000000000000000000, 0.0000000000000000000, -1.000000000000000000 ) ) ;
#408 = AXIS2_PLACEMENT_3D ( 'NONE', #826, #1907, #12 ) ;
#409 = ORIENTED_EDGE ( 'NONE', *, *, #1296, .T. ) ;
#410 = ORIENTED_EDGE ( 'NONE', *, *, #1430, .F. ) ;
#411 = DIRECTION ( 'NONE',  ( -0.9998751594334016600, 1.935040950602280600E-018, -0.01580080846126026900 ) ) ;
#412 = AXIS2_PLACEMENT_3D ( 'NONE', #2791, #3214, #3354 ) ;
#413 = DIRECTION ( 'NONE',  ( 0.0000000000000000000, -0.0000000000000000000, 1.000000000000000000 ) ) ;
#414 = ORIENTED_EDGE ( 'NONE', *, *, #1668, .F. ) ;
#415 = DIRECTION ( 'NONE',  ( -1.000000000000000000, 0.0000000000000000000, 0.0000000000000000000 ) ) ;
#416 = CARTESIAN_POINT ( 'NONE',  ( 8.790093417711679200, 3.909999999999599600, -4.448266695288638500 ) ) ;
#417 = EDGE_CURVE ( 'NONE', #1779, #2171, #3053, .T. ) ;
#418 = EDGE_CURVE ( 'NONE', #401, #2543, #890, .T. ) ;
#419 = LINE ( 'NONE', #1051, #1680 ) ;
#420 = FACE_OUTER_BOUND ( 'NONE', #2630, .T. ) ;
#421 = CARTESIAN_POINT ( 'NONE',  ( 32.43708556271039400, 1.761514001474884500, -11.40500000000010100 ) ) ;
#422 = LINE ( 'NONE', #3305, #967 ) ;
#423 = CYLINDRICAL_SURFACE ( 'NONE', #395, 1.000000000000064200 ) ;
#424 = FACE_OUTER_BOUND ( 'NONE', #1443, .T. ) ;
#425 = AXIS2_PLACEMENT_3D ( 'NONE', #61, #1955, #330 ) ;
#426 = CARTESIAN_POINT ( 'NONE',  ( 9.045220907312375000, 3.061552602891238500, -9.834999999998761000 ) ) ;
#427 = EDGE_LOOP ( 'NONE', ( #302, #464, #82, #1026 ) ) ;
#428 = CARTESIAN_POINT ( 'NONE',  ( 27.89000000000020000, 4.059999999998999500, -14.63999430158606100 ) ) ;
#429 = CARTESIAN_POINT ( 'NONE',  ( 10.05156409568216500, -3.281069911422970400, -1.968299387957897400 ) ) ;
#430 = VECTOR ( 'NONE', #2221, 1000.000000000000100 ) ;
#431 = EDGE_LOOP ( 'NONE', ( #643, #2216, #1201, #2922, #2003, #798, #812 ) ) ;
#432 = ORIENTED_EDGE ( 'NONE', *, *, #2891, .T. ) ;
#433 = CARTESIAN_POINT ( 'NONE',  ( 5.760000000066156600, 4.059999999998999500, -1.060000000002310900 ) ) ;
#434 = ORIENTED_EDGE ( 'NONE', *, *, #2166, .F. ) ;
#435 = PLANE ( 'NONE',  #2613 ) ;
#436 = AXIS2_PLACEMENT_3D ( 'NONE', #2258, #632, #2525 ) ;
#437 = ORIENTED_EDGE ( 'NONE', *, *, #1473, .T. ) ;
#438 = DIRECTION ( 'NONE',  ( -1.000000000000000000, 0.0000000000000000000, -0.0000000000000000000 ) ) ;
#439 = EDGE_CURVE ( 'NONE', #3488, #2769, #974, .T. ) ;
#440 = EDGE_CURVE ( 'NONE', #1082, #2588, #2963, .T. ) ;
#441 = UNCERTAINTY_MEASURE_WITH_UNIT (LENGTH_MEASURE( 1.000000000000000100E-005 ), #2548, 'distance_accuracy_value', 'NONE');
#442 = CARTESIAN_POINT ( 'NONE',  ( 11.13630681719263300, 3.144764424682298600, -9.997401064051743400 ) ) ;
#443 = ORIENTED_EDGE ( 'NONE', *, *, #3, .F. ) ;
#444 = AXIS2_PLACEMENT_3D ( 'NONE', #2667, #3502, #652 ) ;
#445 = VERTEX_POINT ( 'NONE', #2391 ) ;
#446 = CARTESIAN_POINT ( 'NONE',  ( 12.98999999999883700, 4.059999999998999500, -6.259999999999344300 ) ) ;
#447 = CARTESIAN_POINT ( 'NONE',  ( 22.63000000000091900, -1.200000000000025900, -0.4350000000000380200 ) ) ;
#448 = ORIENTED_EDGE ( 'NONE', *, *, #369, .F. ) ;
#449 = VECTOR ( 'NONE', #317, 1000.000000000000000 ) ;
#450 = EDGE_CURVE ( 'NONE', #1385, #1436, #803, .T. ) ;
#451 = DIRECTION ( 'NONE',  ( 0.0000000000000000000, 0.0000000000000000000, 1.000000000000000000 ) ) ;
#452 = FACE_OUTER_BOUND ( 'NONE', #132, .T. ) ;
#453 = DIRECTION ( 'NONE',  ( -0.7071067811865474600, -0.7071067811865474600, 0.0000000000000000000 ) ) ;
#454 = LINE ( 'NONE', #378, #2531 ) ;
#455 = CIRCLE ( 'NONE', #1415, 4.825000000001019800 ) ;
#456 = FACE_OUTER_BOUND ( 'NONE', #3062, .T. ) ;
#457 = CARTESIAN_POINT ( 'NONE',  ( 9.500000000000101300, 5.592970971676019900, -9.834999999998759200 ) ) ;
#458 = EDGE_CURVE ( 'NONE', #581, #1465, #1629, .T. ) ;
#459 = ORIENTED_EDGE ( 'NONE', *, *, #2562, .F. ) ;
#460 = FACE_OUTER_BOUND ( 'NONE', #1042, .T. ) ;
#461 = FACE_OUTER_BOUND ( 'NONE', #2260, .T. ) ;
#462 = LINE ( 'NONE', #2277, #2616 ) ;
#463 = CARTESIAN_POINT ( 'NONE',  ( 12.98999999999883700, 4.210000000000940500, -5.259999999999280400 ) ) ;
#464 = ORIENTED_EDGE ( 'NONE', *, *, #1799, .F. ) ;
#465 = ORIENTED_EDGE ( 'NONE', *, *, #174, .F. ) ;
#466 = AXIS2_PLACEMENT_3D ( 'NONE', #2034, #2022, #123 ) ;
#467 = CARTESIAN_POINT ( 'NONE',  ( 8.690000000001418800, 4.059999999998999500, -5.259999999999280400 ) ) ;
#468 = ORIENTED_EDGE ( 'NONE', *, *, #2477, .T. ) ;
#469 = ORIENTED_EDGE ( 'NONE', *, *, #725, .T. ) ;
#470 = CARTESIAN_POINT ( 'NONE',  ( 12.98999999999883700, 4.059999999998999500, -5.410000000001220500 ) ) ;
#471 = VERTEX_POINT ( 'NONE', #478 ) ;
#472 = DIRECTION ( 'NONE',  ( -1.000000000000000000, 7.080503983576901900E-015, 0.0000000000000000000 ) ) ;
#473 = ORIENTED_EDGE ( 'NONE', *, *, #2183, .T. ) ;
#474 = AXIS2_PLACEMENT_3D ( 'NONE', #3203, #1681, #2553 ) ;
#475 = CARTESIAN_POINT ( 'NONE',  ( 10.10889975802384700, 3.268834648498157400, 0.1835736664765112400 ) ) ;
#476 = ORIENTED_EDGE ( 'NONE', *, *, #417, .T. ) ;
#477 = ORIENTED_EDGE ( 'NONE', *, *, #819, .T. ) ;
#478 = CARTESIAN_POINT ( 'NONE',  ( 24.63113131249195600, 0.1435220059873281400, -11.40500000000010100 ) ) ;
#479 = CARTESIAN_POINT ( 'NONE',  ( 8.890117273381502400, 3.909999999999599600, -4.507026907040455800 ) ) ;
#480 = EDGE_CURVE ( 'NONE', #2971, #1741, #159, .T. ) ;
#481 = ADVANCED_FACE ( 'NONE', ( #2881 ), #1289, .T. ) ;
#482 = CARTESIAN_POINT ( 'NONE',  ( 8.509999999999998000, 4.191077130382056200, 0.2400000000015797300 ) ) ;
#483 = CARTESIAN_POINT ( 'NONE',  ( 8.690000000001418800, 4.059999999998999500, -5.259999999999280400 ) ) ;
#484 = B_SPLINE_CURVE_WITH_KNOTS ( 'NONE', 3,
 ( #1951, #1574, #276, #3223, #66, #3476 ),
 .UNSPECIFIED., .F., .F.,
 ( 4, 2, 4 ),
 ( -0.001667084814083023100, -0.0008335424070415110100, 1.084202172485504400E-018 ),
 .UNSPECIFIED. ) ;
#485 = ORIENTED_EDGE ( 'NONE', *, *, #1921, .T. ) ;
#486 = EDGE_CURVE ( 'NONE', #3014, #2817, #2160, .T. ) ;
#487 = CARTESIAN_POINT ( 'NONE',  ( 13.89000000000032000, 4.059999999998999500, -4.549999999890744100 ) ) ;
#488 = ORIENTED_EDGE ( 'NONE', *, *, #1713, .T. ) ;
#489 = DIRECTION ( 'NONE',  ( -1.000000000000000000, 0.0000000000000000000, 0.0000000000000000000 ) ) ;
#490 = VERTEX_POINT ( 'NONE', #2612 ) ;
#491 = FACE_OUTER_BOUND ( 'NONE', #368, .T. ) ;
#492 = CARTESIAN_POINT ( 'NONE',  ( 7.358458725273343300, 2.741778791121292500, -9.906957410392328400 ) ) ;
#493 = CARTESIAN_POINT ( 'NONE',  ( 29.48775137467140100, 0.2136490611567762600, -10.64500000000060000 ) ) ;
#494 = CARTESIAN_POINT ( 'NONE',  ( 27.89000000000020000, 4.059999999998999500, -10.55500000008090900 ) ) ;
#495 = AXIS2_PLACEMENT_3D ( 'NONE', #3487, #776, #2668 ) ;
#496 = CARTESIAN_POINT ( 'NONE',  ( 12.98999999999883700, 5.048685996663042600, -5.410000000001133500 ) ) ;
#497 = ADVANCED_FACE ( 'NONE', ( #708 ), #994, .T. ) ;
#498 = EDGE_CURVE ( 'NONE', #1474, #24, #2800, .T. ) ;
#499 = PLANE ( 'NONE',  #756 ) ;
#500 = CARTESIAN_POINT ( 'NONE',  ( 8.990000000009892700, 3.909999999999599600, -4.566025937066526400 ) ) ;
#501 = LINE ( 'NONE', #2167, #1858 ) ;
#502 = FACE_OUTER_BOUND ( 'NONE', #2884, .T. ) ;
#503 = VECTOR ( 'NONE', #222, 1000.000000000000000 ) ;
#504 = DIRECTION ( 'NONE',  ( -0.0000000000000000000, -0.0000000000000000000, 1.000000000000000000 ) ) ;
#505 = VERTEX_POINT ( 'NONE', #173 ) ;
#506 = CARTESIAN_POINT ( 'NONE',  ( 9.500000000000101300, 4.059999999998999500, -9.834999999998759200 ) ) ;
#507 = LINE ( 'NONE', #2489, #1236 ) ;
#508 = EDGE_CURVE ( 'NONE', #3237, #1360, #2896, .T. ) ;
#509 = CARTESIAN_POINT ( 'NONE',  ( 8.509999999999998000, 3.928922869615943300, -10.76000000000013800 ) ) ;
#510 = ORIENTED_EDGE ( 'NONE', *, *, #2697, .T. ) ;
#511 = VERTEX_POINT ( 'NONE', #2599 ) ;
#512 = DIRECTION ( 'NONE',  ( 1.000000000000000000, 0.0000000000000000000, 0.0000000000000000000 ) ) ;
#513 = ORIENTED_EDGE ( 'NONE', *, *, #2001, .T. ) ;
#514 = DIRECTION ( 'NONE',  ( -0.7071067811865474600, 0.7071067811865474600, 0.0000000000000000000 ) ) ;
#515 = ORIENTED_EDGE ( 'NONE', *, *, #2562, .T. ) ;
#516 = AXIS2_PLACEMENT_3D ( 'NONE', #3535, #3391, #3196 ) ;
#517 = VERTEX_POINT ( 'NONE', #2078 ) ;
#518 = ORIENTED_EDGE ( 'NONE', *, *, #480, .F. ) ;
#519 = ADVANCED_FACE ( 'NONE', ( #3532 ), #3447, .F. ) ;
#520 = DIRECTION ( 'NONE',  ( 0.0000000000000000000, -0.0000000000000000000, 1.000000000000000000 ) ) ;
#521 = ORIENTED_EDGE ( 'NONE', *, *, #3321, .T. ) ;
#522 = CARTESIAN_POINT ( 'NONE',  ( 9.998518470836952300, 3.194870489523998500, -10.69176647022223600 ) ) ;
#523 = CARTESIAN_POINT ( 'NONE',  ( 5.259999999964293200, 4.059999999998999500, -5.259999999999280400 ) ) ;
#524 = EDGE_CURVE ( 'NONE', #1526, #2761, #10, .T. ) ;
#525 = PLANE ( 'NONE',  #3108 ) ;
#526 = DIRECTION ( 'NONE',  ( 0.0000000000000000000, 0.0000000000000000000, 1.000000000000000000 ) ) ;
#527 = ORIENTED_EDGE ( 'NONE', *, *, #1080, .F. ) ;
#528 = CARTESIAN_POINT ( 'NONE',  ( 25.59151400147487700, 8.607085562706441100, -11.40500000000010100 ) ) ;
#529 = CARTESIAN_POINT ( 'NONE',  ( 27.89000000000020000, 4.059999999998999500, -10.55500000008090900 ) ) ;
#530 = AXIS2_PLACEMENT_3D ( 'NONE', #533, #3520, #1041 ) ;
#531 = DIRECTION ( 'NONE',  ( 0.0000000000000000000, 1.000000000000000000, -0.0000000000000000000 ) ) ;
#532 = ADVANCED_FACE ( 'NONE', ( #1519 ), #695, .T. ) ;
#533 = CARTESIAN_POINT ( 'NONE',  ( 9.500000000000101300, 4.059999999998999500, -9.834999999998759200 ) ) ;
#534 = FACE_OUTER_BOUND ( 'NONE', #2852, .T. ) ;
#535 = CARTESIAN_POINT ( 'NONE',  ( 30.18848599852592700, -0.4870855627082367200, -11.40500000000010100 ) ) ;
#536 = CARTESIAN_POINT ( 'NONE',  ( 27.89000000000020000, 4.059999999998999500, -10.64500000000060000 ) ) ;
#537 = CARTESIAN_POINT ( 'NONE',  ( 23.49850000000024200, 4.059999999998999500, -5.259999999999280400 ) ) ;
#538 = CYLINDRICAL_SURFACE ( 'NONE', #2278, 4.825000000001019800 ) ;
#539 = CARTESIAN_POINT ( 'NONE',  ( 13.62359000000879000, 4.059999999998999500, -5.259999999999280400 ) ) ;
#540 = CIRCLE ( 'NONE', #1332, 0.7099999999999537800 ) ;
#541 = VECTOR ( 'NONE', #1044, 1000.000000000000000 ) ;
#542 = CIRCLE ( 'NONE', #2579, 4.165000000001119100 ) ;
#543 = ORIENTED_EDGE ( 'NONE', *, *, #1773, .F. ) ;
#544 = PLANE ( 'NONE',  #1021 ) ;
#545 = FACE_OUTER_BOUND ( 'NONE', #2349, .T. ) ;
#546 = CIRCLE ( 'NONE', #1451, 0.9900000000001036900 ) ;
#547 = CIRCLE ( 'NONE', #282, 4.165000000001119100 ) ;
#548 = EDGE_CURVE ( 'NONE', #1753, #2534, #636, .T. ) ;
#549 = CARTESIAN_POINT ( 'NONE',  ( 31.14549220063599900, 1.462117105869922100, -14.73499999999948100 ) ) ;
#550 = ORIENTED_EDGE ( 'NONE', *, *, #3341, .T. ) ;
#551 = EDGE_LOOP ( 'NONE', ( #55, #3516, #2229, #1924, #2380 ) ) ;
#552 = CARTESIAN_POINT ( 'NONE',  ( 33.14999999999440000, -1.200000000000025700, -0.4350000000000380200 ) ) ;
#553 = DIRECTION ( 'NONE',  ( 0.7071067811865462400, -0.7071067811865489100, 0.0000000000000000000 ) ) ;
#554 = ADVANCED_FACE ( 'NONE', ( #2710 ), #2628, .F. ) ;
#555 = ORIENTED_EDGE ( 'NONE', *, *, #548, .F. ) ;
#556 = DIRECTION ( 'NONE',  ( 0.7071067811814237800, 0.7071067811916712500, 0.0000000000000000000 ) ) ;
#557 = DIRECTION ( 'NONE',  ( -0.0000000000000000000, -0.0000000000000000000, -1.000000000000000000 ) ) ;
#558 = EDGE_CURVE ( 'NONE', #2292, #213, #1273, .T. ) ;
#559 = DIRECTION ( 'NONE',  ( -0.7071067811816803500, 0.7071067811914146800, 0.0000000000000000000 ) ) ;
#560 = DIRECTION ( 'NONE',  ( 0.0000000000000000000, 0.0000000000000000000, -1.000000000000000000 ) ) ;
#561 = EDGE_LOOP ( 'NONE', ( #2935, #1354, #1280, #2623, #2643, #448, #3148, #2262 ) ) ;
#562 = ORIENTED_EDGE ( 'NONE', *, *, #2818, .F. ) ;
#563 = ORIENTED_EDGE ( 'NONE', *, *, #3272, .T. ) ;
#564 = CARTESIAN_POINT ( 'NONE',  ( 31.80647799400741200, 7.318868687512600800, -11.40500000000010100 ) ) ;
#565 = DIRECTION ( 'NONE',  ( -1.000000000000000000, 0.0000000000000000000, -0.0000000000000000000 ) ) ;
#566 = CARTESIAN_POINT ( 'NONE',  ( 23.97352200598970000, 7.318868687508650200, -11.40500000000010100 ) ) ;
#567 = DIRECTION ( 'NONE',  ( 1.000000000000000000, 0.0000000000000000000, -0.0000000000000000000 ) ) ;
#568 = CARTESIAN_POINT ( 'NONE',  ( 9.690418474414627800, 3.088485303964287000, -9.834999999998759200 ) ) ;
#569 = CARTESIAN_POINT ( 'NONE',  ( 14.58041462568087900, 4.059999999998999500, -4.549999999999326600 ) ) ;
#570 = CARTESIAN_POINT ( 'NONE',  ( 8.690000000000798900, 4.059999999998999500, -5.259999999999280400 ) ) ;
#571 = AXIS2_PLACEMENT_3D ( 'NONE', #2684, #1073, #2952 ) ;
#572 = DIRECTION ( 'NONE',  ( 0.7071067811865474600, 0.7071067811865474600, -0.0000000000000000000 ) ) ;
#573 = CARTESIAN_POINT ( 'NONE',  ( 22.63000000000091900, 4.059999999998999500, -5.259999999999280400 ) ) ;
#574 = EDGE_CURVE ( 'NONE', #445, #2925, #1994, .T. ) ;
#575 = ADVANCED_FACE ( 'NONE', ( #2072 ), #1763, .T. ) ;
#576 = ORIENTED_EDGE ( 'NONE', *, *, #1349, .F. ) ;
#577 = CARTESIAN_POINT ( 'NONE',  ( 8.990000000033047600, 4.753974062931218800, -5.109999999999879500 ) ) ;
#578 = ORIENTED_EDGE ( 'NONE', *, *, #3451, .F. ) ;
#579 = CARTESIAN_POINT ( 'NONE',  ( 8.088943384438680400, 5.461886863416021100, -9.834999999998761000 ) ) ;
#580 = EDGE_CURVE ( 'NONE', #1023, #1205, #547, .T. ) ;
#581 = VERTEX_POINT ( 'NONE', #3105 ) ;
#582 = DIRECTION ( 'NONE',  ( 0.0000000000000000000, 0.0000000000000000000, -1.000000000000000000 ) ) ;
#583 = CARTESIAN_POINT ( 'NONE',  ( 9.500000000000101300, 4.059999999998999500, -0.6850000000000539000 ) ) ;
#584 = CARTESIAN_POINT ( 'NONE',  ( 12.98999999999883700, 4.059999999998999500, -5.259999999999280400 ) ) ;
#585 = VECTOR ( 'NONE', #2660, 1000.000000000000000 ) ;
#586 = CARTESIAN_POINT ( 'NONE',  ( 7.525158234188118000, 5.592970971675938200, -9.834999999999343600 ) ) ;
#587 = ADVANCED_FACE ( 'NONE', ( #1909 ), #3282, .T. ) ;
#588 = VECTOR ( 'NONE', #2427, 1000.000000000000000 ) ;
#589 = VECTOR ( 'NONE', #3489, 1000.000000000000000 ) ;
#590 = VECTOR ( 'NONE', #70, 1000.000000000000000 ) ;
#591 = PLANE ( 'NONE',  #635 ) ;
#592 = EDGE_LOOP ( 'NONE', ( #3017, #3443, #1174, #465, #1740 ) ) ;
#593 = ORIENTED_EDGE ( 'NONE', *, *, #221, .T. ) ;
#594 = EDGE_CURVE ( 'NONE', #1998, #2588, #462, .T. ) ;
#595 = EDGE_CURVE ( 'NONE', #1561, #941, #1200, .T. ) ;
#596 = B_SPLINE_CURVE_WITH_KNOTS ( 'NONE', 3,
 ( #397, #416, #479, #500 ),
 .UNSPECIFIED., .F., .F.,
 ( 4, 4 ),
 ( 3.387195401605643500E-015, 0.0003480186799649690600 ),
 .UNSPECIFIED. ) ;
#597 = ORIENTED_EDGE ( 'NONE', *, *, #2272, .T. ) ;
#598 = VERTEX_POINT ( 'NONE', #3092 ) ;
#599 = VERTEX_POINT ( 'NONE', #2815 ) ;
#600 = CARTESIAN_POINT ( 'NONE',  ( 8.790093417713844600, 4.210000000000940500, -4.448266695290374000 ) ) ;
#601 = ORIENTED_EDGE ( 'NONE', *, *, #1278, .T. ) ;
#602 = CARTESIAN_POINT ( 'NONE',  ( 8.690000000000798900, 3.909999999999599600, -5.109999999999879500 ) ) ;
#603 = DIRECTION ( 'NONE',  ( 0.0000000000000000000, 0.0000000000000000000, -1.000000000000000000 ) ) ;
#604 = ORIENTED_EDGE ( 'NONE', *, *, #54, .T. ) ;
#605 = AXIS2_PLACEMENT_3D ( 'NONE', #1922, #1130, #3002 ) ;
#606 = CARTESIAN_POINT ( 'NONE',  ( 7.000000000000193600, 4.341641243175766700, -0.4349999999982602200 ) ) ;
#607 = VERTEX_POINT ( 'NONE', #2010 ) ;
#608 = ADVANCED_FACE ( 'NONE', ( #2538 ), #1015, .T. ) ;
#609 = DIRECTION ( 'NONE',  ( -1.000000000000000000, 0.0000000000000000000, 0.0000000000000000000 ) ) ;
#610 = DIRECTION ( 'NONE',  ( -0.7071067811865475700, -0.7071067811865475700, 0.0000000000000000000 ) ) ;
#611 = CARTESIAN_POINT ( 'NONE',  ( 25.59151400147544900, 8.607085562706728900, -10.64500000000060000 ) ) ;
#612 = CARTESIAN_POINT ( 'NONE',  ( 7.000000000000194500, 4.059999999998999500, -0.4349999999982602800 ) ) ;
#613 = CARTESIAN_POINT ( 'NONE',  ( 30.18848599852908200, 8.607085562701520600, -11.40500000000010100 ) ) ;
#614 = EDGE_LOOP ( 'NONE', ( #2291, #3269, #1424, #2924 ) ) ;
#615 = CARTESIAN_POINT ( 'NONE',  ( 30.48788289413758400, 0.8045077993697776800, -10.64500000000060000 ) ) ;
#616 = EDGE_CURVE ( 'NONE', #1565, #3177, #388, .T. ) ;
#617 = DIRECTION ( 'NONE',  ( 0.0000000000000000000, 0.0000000000000000000, 1.000000000000000000 ) ) ;
#618 = CARTESIAN_POINT ( 'NONE',  ( 8.890117273385980600, 3.307026907043306700, -5.410000000001220500 ) ) ;
#619 = ORIENTED_EDGE ( 'NONE', *, *, #31, .F. ) ;
#620 = DIRECTION ( 'NONE',  ( -1.000000000000000000, 0.0000000000000000000, 0.0000000000000000000 ) ) ;
#621 = EDGE_CURVE ( 'NONE', #2387, #3225, #3371, .T. ) ;
#622 = CARTESIAN_POINT ( 'NONE',  ( 24.04364906115789700, 2.462248625330085700, -10.64500000000060000 ) ) ;
#623 = CARTESIAN_POINT ( 'NONE',  ( 12.98999999999883700, 3.909999999999599600, -4.566025937083669100 ) ) ;
#624 = ADVANCED_FACE ( 'NONE', ( #3183 ), #1647, .T. ) ;
#625 = LINE ( 'NONE', #2847, #1345 ) ;
#626 = AXIS2_PLACEMENT_3D ( 'NONE', #326, #2136, #1180 ) ;
#627 = FACE_OUTER_BOUND ( 'NONE', #717, .T. ) ;
#628 = CIRCLE ( 'NONE', #2746, 0.9900000000001036900 ) ;
#629 = VECTOR ( 'NONE', #617, 1000.000000000000000 ) ;
#630 = VERTEX_POINT ( 'NONE', #640 ) ;
#631 = PLANE ( 'NONE',  #1720 ) ;
#632 = DIRECTION ( 'NONE',  ( 0.0000000000000000000, 0.0000000000000000000, -1.000000000000000000 ) ) ;
#633 = LINE ( 'NONE', #3264, #2070 ) ;
#634 = LINE ( 'NONE', #2981, #1993 ) ;
#635 = AXIS2_PLACEMENT_3D ( 'NONE', #2485, #2764, #1157 ) ;
#636 = CIRCLE ( 'NONE', #1803, 4.165000000001119100 ) ;
#637 = CARTESIAN_POINT ( 'NONE',  ( 23.49850000000024200, 4.059999999998999500, -5.259999999999280400 ) ) ;
#638 = ORIENTED_EDGE ( 'NONE', *, *, #2006, .F. ) ;
#639 = VERTEX_POINT ( 'NONE', #367 ) ;
#640 = CARTESIAN_POINT ( 'NONE',  ( 24.63450779936578200, 6.657882894129873100, -11.40500000000010100 ) ) ;
#641 = EDGE_CURVE ( 'NONE', #2004, #3243, #1739, .T. ) ;
#642 = B_SPLINE_CURVE_WITH_KNOTS ( 'NONE', 3,
 ( #2582, #426, #2044, #964, #2860, #1245 ),
 .UNSPECIFIED., .F., .F.,
 ( 4, 2, 4 ),
 ( 1.142349408082867300E-015, 0.0007756350052745498900, 0.001551270010547957500 ),
 .UNSPECIFIED. ) ;
#643 = ORIENTED_EDGE ( 'NONE', *, *, #1118, .T. ) ;
#644 = ORIENTED_EDGE ( 'NONE', *, *, #896, .T. ) ;
#645 = ORIENTED_EDGE ( 'NONE', *, *, #2600, .T. ) ;
#646 = DIRECTION ( 'NONE',  ( 0.0000000000000000000, 0.0000000000000000000, 1.000000000000000000 ) ) ;
#647 = ORIENTED_EDGE ( 'NONE', *, *, #839, .T. ) ;
#648 = EDGE_CURVE ( 'NONE', #1492, #389, #297, .T. ) ;
#649 = DIRECTION ( 'NONE',  ( 0.0000000000000000000, 1.000000000000000000, 0.0000000000000000000 ) ) ;
#650 = AXIS2_PLACEMENT_3D ( 'NONE', #3338, #1422, #3040 ) ;
#651 = CARTESIAN_POINT ( 'NONE',  ( 7.863693182803553200, 4.059999999998999500, -5.259999999999280400 ) ) ;
#652 = DIRECTION ( 'NONE',  ( 1.000000000000000000, -1.752245935329924700E-015, 0.0000000000000000000 ) ) ;
#653 = ORIENTED_EDGE ( 'NONE', *, *, #621, .T. ) ;
#654 = ORIENTED_EDGE ( 'NONE', *, *, #2926, .F. ) ;
#655 = PLANE ( 'NONE',  #3149 ) ;
#656 = DIRECTION ( 'NONE',  ( -0.0000000000000000000, 0.0000000000000000000, 1.000000000000000000 ) ) ;
#657 = EDGE_CURVE ( 'NONE', #1699, #3488, #197, .T. ) ;
#658 = VERTEX_POINT ( 'NONE', #1989 ) ;
#659 = PLANE ( 'NONE',  #2319 ) ;
#660 = EDGE_CURVE ( 'NONE', #2, #1183, #2365, .T. ) ;
#661 = ORIENTED_EDGE ( 'NONE', *, *, #1499, .F. ) ;
#662 = LINE ( 'NONE', #2341, #833 ) ;
#663 =( NAMED_UNIT ( * ) SI_UNIT ( $, .STERADIAN. ) SOLID_ANGLE_UNIT ( ) );
#664 = EDGE_CURVE ( 'NONE', #1744, #1792, #3096, .T. ) ;
#665 = DIRECTION ( 'NONE',  ( 0.0000000000000000000, -0.0000000000000000000, -1.000000000000000000 ) ) ;
#666 = CARTESIAN_POINT ( 'NONE',  ( 12.98999999999883700, 4.059999999998999500, -5.259999999999280400 ) ) ;
#667 = ORIENTED_EDGE ( 'NONE', *, *, #329, .T. ) ;
#668 = LINE ( 'NONE', #3204, #2657 ) ;
#669 = LINE ( 'NONE', #615, #590 ) ;
#670 = CIRCLE ( 'NONE', #1743, 0.1699964122217692600 ) ;
#671 = DIRECTION ( 'NONE',  ( 0.0000000000000000000, 0.0000000000000000000, 1.000000000000000000 ) ) ;
#672 = CARTESIAN_POINT ( 'NONE',  ( 14.58041462568087900, 4.059999999998999500, -5.259999999999280400 ) ) ;
#673 = ORIENTED_EDGE ( 'NONE', *, *, #2228, .T. ) ;
#674 = ORIENTED_EDGE ( 'NONE', *, *, #1821, .F. ) ;
#675 = DIRECTION ( 'NONE',  ( 0.0000000000000000000, 0.0000000000000000000, 1.000000000000000000 ) ) ;
#676 = ORIENTED_EDGE ( 'NONE', *, *, #1395, .F. ) ;
#677 = AXIS2_PLACEMENT_3D ( 'NONE', #2682, #1868, #3514 ) ;
#678 = DIRECTION ( 'NONE',  ( 1.000000000000000000, 0.0000000000000000000, 0.0000000000000000000 ) ) ;
#679 = ORIENTED_EDGE ( 'NONE', *, *, #418, .T. ) ;
#680 = EDGE_CURVE ( 'NONE', #1611, #2292, #2282, .T. ) ;
#681 = CARTESIAN_POINT ( 'NONE',  ( 8.509999999999996200, 4.059999999998999500, 0.2400000000015797300 ) ) ;
#682 = ORIENTED_EDGE ( 'NONE', *, *, #2845, .T. ) ;
#683 = CARTESIAN_POINT ( 'NONE',  ( 8.990000000057493800, 3.909999999999599600, -5.953974062918513600 ) ) ;
#684 = ORIENTED_EDGE ( 'NONE', *, *, #2430, .F. ) ;
#685 = EDGE_CURVE ( 'NONE', #3416, #490, #2916, .T. ) ;
#686 = VERTEX_POINT ( 'NONE', #613 ) ;
#687 = DIRECTION ( 'NONE',  ( 1.000000000000000000, 0.0000000000000000000, 0.0000000000000000000 ) ) ;
#688 = CARTESIAN_POINT ( 'NONE',  ( 10.05156409568217100, 3.182808215843397900, -9.800480509838349600 ) ) ;
#689 = AXIS2_PLACEMENT_3D ( 'NONE', #1251, #3048, #2398 ) ;
#690 = ORIENTED_EDGE ( 'NONE', *, *, #1243, .F. ) ;
#691 = AXIS2_PLACEMENT_3D ( 'NONE', #2870, #2470, #1968 ) ;
#692 = B_SPLINE_CURVE_WITH_KNOTS ( 'NONE', 1,
 ( #2890, #1267 ),
 .UNSPECIFIED., .F., .F.,
 ( 2, 2 ),
 ( 0.0000000000000000000, 1.000000000000000000 ),
 .UNSPECIFIED. ) ;
#693 = CARTESIAN_POINT ( 'NONE',  ( 7.525158234188118000, 5.592970971675938200, -9.834999999999343600 ) ) ;
#694 = EDGE_CURVE ( 'NONE', #1463, #2712, #117, .T. ) ;
#695 = PLANE ( 'NONE',  #2528 ) ;
#696 = FACE_OUTER_BOUND ( 'NONE', #2692, .T. ) ;
#697 = DIRECTION ( 'NONE',  ( -1.000000000000000000, -0.0000000000000000000, 0.0000000000000000000 ) ) ;
#698 = EDGE_CURVE ( 'NONE', #1213, #1168, #46, .T. ) ;
#699 = VECTOR ( 'NONE', #2232, 1000.000000000000000 ) ;
#700 = CIRCLE ( 'NONE', #2557, 1.000000000000064200 ) ;
#701 = CIRCLE ( 'NONE', #2223, 0.9900000000001036900 ) ;
#702 = AXIS2_PLACEMENT_3D ( 'NONE', #2569, #1497, #678 ) ;
#703 = ORIENTED_EDGE ( 'NONE', *, *, #1216, .F. ) ;
#704 = DIRECTION ( 'NONE',  ( 0.0000000000000000000, 0.0000000000000000000, 1.000000000000000000 ) ) ;
#705 = CARTESIAN_POINT ( 'NONE',  ( 22.63000000000091900, 4.059999999998999500, -11.40500000000010100 ) ) ;
#706 = LINE ( 'NONE', #2980, #1357 ) ;
#707 = VECTOR ( 'NONE', #2664, 1000.000000000000100 ) ;
#708 = FACE_OUTER_BOUND ( 'NONE', #1589, .T. ) ;
#709 = ORIENTED_EDGE ( 'NONE', *, *, #450, .T. ) ;
#710 = EDGE_LOOP ( 'NONE', ( #1218, #1238, #2674, #3298 ) ) ;
#711 = CARTESIAN_POINT ( 'NONE',  ( 32.43708556270700400, 6.358485998532159100, -10.64500000000060000 ) ) ;
#712 = DIRECTION ( 'NONE',  ( -0.0000000000000000000, -0.0000000000000000000, 1.000000000000000000 ) ) ;
#713 = AXIS2_PLACEMENT_3D ( 'NONE', #1024, #2671, #1555 ) ;
#714 = ORIENTED_EDGE ( 'NONE', *, *, #418, .F. ) ;
#715 = EDGE_LOOP ( 'NONE', ( #2677, #1269, #2720, #1320 ) ) ;
#716 = EDGE_CURVE ( 'NONE', #607, #2901, #1478, .T. ) ;
#717 = EDGE_LOOP ( 'NONE', ( #2498, #437, #1911, #684 ) ) ;
#718 = CARTESIAN_POINT ( 'NONE',  ( 25.59151400147720100, 8.607085562703259600, -10.64500000000060000 ) ) ;
#719 = ORIENTED_EDGE ( 'NONE', *, *, #1216, .T. ) ;
#720 = EDGE_CURVE ( 'NONE', #981, #1561, #2111, .T. ) ;
#721 = DIRECTION ( 'NONE',  ( 1.000000000000000000, -0.0000000000000000000, -0.0000000000000000000 ) ) ;
#722 = DIRECTION ( 'NONE',  ( 0.7071067811862744600, 0.7071067811868205800, 0.0000000000000000000 ) ) ;
#723 = PLANE ( 'NONE',  #1605 ) ;
#724 = CARTESIAN_POINT ( 'NONE',  ( 13.89000000006035400, 4.059999999998999500, -5.970000000003834900 ) ) ;
#725 = EDGE_CURVE ( 'NONE', #3027, #3014, #670, .T. ) ;
#726 = CARTESIAN_POINT ( 'NONE',  ( 22.63000000000091900, 4.059999999999000400, -10.08500000000029900 ) ) ;
#727 = FACE_OUTER_BOUND ( 'NONE', #3332, .T. ) ;
#728 = CARTESIAN_POINT ( 'NONE',  ( 8.690000000000798900, 4.059999999998999500, -5.259999999999280400 ) ) ;
#729 = ORIENTED_EDGE ( 'NONE', *, *, #1926, .F. ) ;
#730 = AXIS2_PLACEMENT_3D ( 'NONE', #927, #207, #3509 ) ;
#731 = CARTESIAN_POINT ( 'NONE',  ( 8.535897138866344500, 4.319680138417619600, 0.2351788213603244700 ) ) ;
#732 = ORIENTED_EDGE ( 'NONE', *, *, #1713, .F. ) ;
#733 = CARTESIAN_POINT ( 'NONE',  ( 27.89000000000020000, 4.059999999998999500, -9.133000000001057800 ) ) ;
#734 = CARTESIAN_POINT ( 'NONE',  ( 9.760619497531724400, 3.096262310967114100, 0.1551382509415545300 ) ) ;
#735 = ORIENTED_EDGE ( 'NONE', *, *, #1086, .T. ) ;
#736 = CARTESIAN_POINT ( 'NONE',  ( -498968.0499999999300, 4.060000000029553700, 498991.5614294208900 ) ) ;
#737 = AXIS2_PLACEMENT_3D ( 'NONE', #506, #3504, #1871 ) ;
#738 = ADVANCED_FACE ( 'NONE', ( #2029 ), #538, .T. ) ;
#739 = CIRCLE ( 'NONE', #988, 5.094999999999940200 ) ;
#740 = EDGE_CURVE ( 'NONE', #1168, #1213, #1312, .T. ) ;
#741 = DIRECTION ( 'NONE',  ( 1.000000000000000000, -0.0000000000000000000, -0.0000000000000000000 ) ) ;
#742 = CARTESIAN_POINT ( 'NONE',  ( 22.63000000000091600, 9.320000000000819200, -10.64500000000060000 ) ) ;
#743 = FACE_OUTER_BOUND ( 'NONE', #842, .T. ) ;
#744 = PLANE ( 'NONE',  #3481 ) ;
#745 = VECTOR ( 'NONE', #898, 1000.000000000000000 ) ;
#746 = DIRECTION ( 'NONE',  ( 0.0000000000000000000, 0.0000000000000000000, 1.000000000000000000 ) ) ;
#747 = DIRECTION ( 'NONE',  ( 0.0000000000000000000, -1.964123071457891400E-015, 1.000000000000000000 ) ) ;
#748 = EDGE_CURVE ( 'NONE', #2899, #1792, #2605, .T. ) ;
#749 = DIRECTION ( 'NONE',  ( -0.0000000000000000000, -0.0000000000000000000, -1.000000000000000000 ) ) ;
#750 = ORIENTED_EDGE ( 'NONE', *, *, #1588, .F. ) ;
#751 = LINE ( 'NONE', #990, #2109 ) ;
#752 = LINE ( 'NONE', #131, #503 ) ;
#753 = VECTOR ( 'NONE', #1428, 1000.000000000000100 ) ;
#754 = VERTEX_POINT ( 'NONE', #2483 ) ;
#755 = VERTEX_POINT ( 'NONE', #1670 ) ;
#756 = AXIS2_PLACEMENT_3D ( 'NONE', #3201, #782, #1344 ) ;
#757 = DIRECTION ( 'NONE',  ( -0.7071067811865475700, -0.7071067811865475700, 0.0000000000000000000 ) ) ;
#758 = DIRECTION ( 'NONE',  ( -1.000000000000000000, -3.574994405840370500E-015, 0.0000000000000000000 ) ) ;
#759 = ORIENTED_EDGE ( 'NONE', *, *, #1457, .T. ) ;
#760 = DIRECTION ( 'NONE',  ( 0.0000000000000000000, 0.0000000000000000000, -1.000000000000000000 ) ) ;
#761 = ADVANCED_FACE ( 'NONE', ( #1895 ), #2753, .F. ) ;
#762 = VERTEX_POINT ( 'NONE', #39 ) ;
#763 = DIRECTION ( 'NONE',  ( 1.000000000000000000, 0.0000000000000000000, 0.0000000000000000000 ) ) ;
#764 = ORIENTED_EDGE ( 'NONE', *, *, #2366, .F. ) ;
#765 = AXIS2_PLACEMENT_3D ( 'NONE', #2360, #2377, #2396 ) ;
#766 = CARTESIAN_POINT ( 'NONE',  ( 27.89000000000020000, 4.059999999998999500, -10.55500000012443700 ) ) ;
#767 = CARTESIAN_POINT ( 'NONE',  ( 32.43708556271182900, 1.761514001473457400, -10.64500000000060000 ) ) ;
#768 = CARTESIAN_POINT ( 'NONE',  ( 9.500000000000101300, 4.059999999998999500, -9.834999999998759200 ) ) ;
#769 = EDGE_LOOP ( 'NONE', ( #58, #849, #1814, #2590, #169 ) ) ;
#770 = CARTESIAN_POINT ( 'NONE',  ( 12.98999999999883700, 4.059999999998999500, -5.259999999999280400 ) ) ;
#771 = VERTEX_POINT ( 'NONE', #3306 ) ;
#772 = ORIENTED_EDGE ( 'NONE', *, *, #3470, .F. ) ;
#773 = EDGE_CURVE ( 'NONE', #471, #3012, #2529, .T. ) ;
#774 = EDGE_CURVE ( 'NONE', #3014, #3027, #3359, .T. ) ;
#775 = ORIENTED_EDGE ( 'NONE', *, *, #220, .T. ) ;
#776 = DIRECTION ( 'NONE',  ( 0.0000000000000000000, 0.0000000000000000000, 1.000000000000000000 ) ) ;
#777 = CARTESIAN_POINT ( 'NONE',  ( 8.690000000004266300, 3.189625819142679800, -5.410000000001220500 ) ) ;
#778 = AXIS2_PLACEMENT_3D ( 'NONE', #69, #1967, #344 ) ;
#779 = DIRECTION ( 'NONE',  ( 1.000000000000000000, 0.0000000000000000000, -0.0000000000000000000 ) ) ;
#780 = ADVANCED_FACE ( 'NONE', ( #3274 ), #1144, .T. ) ;
#781 = ORIENTED_EDGE ( 'NONE', *, *, #2545, .F. ) ;
#782 = DIRECTION ( 'NONE',  ( 0.7071067811865475700, -0.7071067811865475700, 0.0000000000000000000 ) ) ;
#783 = DIRECTION ( 'NONE',  ( -1.000000000000000000, 0.0000000000000000000, 0.0000000000000000000 ) ) ;
#784 = ORIENTED_EDGE ( 'NONE', *, *, #138, .T. ) ;
#785 = DIRECTION ( 'NONE',  ( 1.000000000000000000, 0.0000000000000000000, 0.0000000000000000000 ) ) ;
#786 = CARTESIAN_POINT ( 'NONE',  ( 10.29179203206465600, 3.451614020381326100, -10.72703579916112400 ) ) ;
#787 = CARTESIAN_POINT ( 'NONE',  ( 10.91026399706295900, 2.658574400048621100, -0.6850000000000535700 ) ) ;
#788 = AXIS2_PLACEMENT_3D ( 'NONE', #1999, #375, #2263 ) ;
#789 = FACE_BOUND ( 'NONE', #3032, .T. ) ;
#790 = EDGE_CURVE ( 'NONE', #339, #104, #1189, .T. ) ;
#791 = PLANE ( 'NONE',  #2373 ) ;
#792 = DIRECTION ( 'NONE',  ( 1.000000000000000000, 0.0000000000000000000, 0.0000000000000000000 ) ) ;
#793 = VECTOR ( 'NONE', #2790, 1000.000000000000000 ) ;
#794 = FACE_OUTER_BOUND ( 'NONE', #592, .T. ) ;
#795 = FACE_OUTER_BOUND ( 'NONE', #985, .T. ) ;
#796 = CARTESIAN_POINT ( 'NONE',  ( 8.690000000171949100, 4.059999999998999500, -5.259999999999280400 ) ) ;
#797 = DIRECTION ( 'NONE',  ( -1.000000000000000000, 0.0000000000000000000, 0.0000000000000000000 ) ) ;
#798 = ORIENTED_EDGE ( 'NONE', *, *, #2213, .T. ) ;
#799 = ADVANCED_FACE ( 'NONE', ( #1105 ), #1390, .T. ) ;
#800 = CARTESIAN_POINT ( 'NONE',  ( 27.72000358776957500, 4.059999999998999500, -14.74000000001751700 ) ) ;
#801 = VECTOR ( 'NONE', #3493, 1000.000000000000000 ) ;
#802 = VECTOR ( 'NONE', #2728, 1000.000000000000100 ) ;
#803 = LINE ( 'NONE', #2700, #86 ) ;
#804 = EDGE_CURVE ( 'NONE', #1045, #2057, #3171, .T. ) ;
#805 = DIRECTION ( 'NONE',  ( 1.000000000000000000, 0.0000000000000000000, 0.0000000000000000000 ) ) ;
#806 = VERTEX_POINT ( 'NONE', #1944 ) ;
#807 = ORIENTED_EDGE ( 'NONE', *, *, #1435, .T. ) ;
#808 = DIRECTION ( 'NONE',  ( 1.000000000000000000, 0.0000000000000000000, 0.0000000000000000000 ) ) ;
#809 = ORIENTED_EDGE ( 'NONE', *, *, #574, .F. ) ;
#810 = UNCERTAINTY_MEASURE_WITH_UNIT (LENGTH_MEASURE( 1.000000000000000100E-005 ), #405, 'distance_accuracy_value', 'NONE');
#811 = DIRECTION ( 'NONE',  ( -1.000000000000000000, 0.0000000000000000000, 0.0000000000000000000 ) ) ;
#812 = ORIENTED_EDGE ( 'NONE', *, *, #664, .T. ) ;
#813 = CARTESIAN_POINT ( 'NONE',  ( 29.48775137466896400, 0.2136490611540510000, -11.40500000000010100 ) ) ;
#814 = CARTESIAN_POINT ( 'NONE',  ( 33.14999999999440000, -1.200000000000025900, -0.4350000000000380200 ) ) ;
#815 = CARTESIAN_POINT ( 'NONE',  ( 8.990000000039799500, 4.059999999998999500, -5.259999999999280400 ) ) ;
#816 = CARTESIAN_POINT ( 'NONE',  ( 7.885141141687699800, 4.210000000000767400, -6.248685996663335900 ) ) ;
#817 = DIRECTION ( 'NONE',  ( 0.0000000000000000000, 0.0000000000000000000, 1.000000000000000000 ) ) ;
#818 = CARTESIAN_POINT ( 'NONE',  ( 10.20106459316907000, 2.982628564742777900, -0.6850000000000562300 ) ) ;
#819 = EDGE_CURVE ( 'NONE', #2079, #2901, #384, .T. ) ;
#820 = ADVANCED_FACE ( 'NONE', ( #376 ), #499, .T. ) ;
#821 = CARTESIAN_POINT ( 'NONE',  ( 12.98999999999883700, 3.366025937083389200, -5.109999999999879500 ) ) ;
#822 = CARTESIAN_POINT ( 'NONE',  ( 11.13630681719336800, 11.71945197524545700, -1.825538394397068700 ) ) ;
#823 = EDGE_CURVE ( 'NONE', #1902, #1573, #1006, .T. ) ;
#824 = CARTESIAN_POINT ( 'NONE',  ( 24.63450779936693600, 6.657882894128839300, -11.40500000000010100 ) ) ;
#825 = VERTEX_POINT ( 'NONE', #32 ) ;
#826 = CARTESIAN_POINT ( 'NONE',  ( 30.48788289414019600, 7.315492200634799300, -11.40500000000010100 ) ) ;
#827 = PLANE ( 'NONE',  #2880 ) ;
#828 = CARTESIAN_POINT ( 'NONE',  ( 12.98999999999883700, 4.753974062915880000, -5.109999999999879500 ) ) ;
#829 = ORIENTED_EDGE ( 'NONE', *, *, #548, .T. ) ;
#830 = AXIS2_PLACEMENT_3D ( 'NONE', #1207, #1742, #921 ) ;
#831 = PLANE ( 'NONE',  #3526 ) ;
#832 = PLANE ( 'NONE',  #1147 ) ;
#833 = VECTOR ( 'NONE', #2959, 1000.000000000000100 ) ;
#834 = CARTESIAN_POINT ( 'NONE',  ( 9.563472824804724900, 5.018581645515480400, -0.6850000000000534600 ) ) ;
#835 = AXIS2_PLACEMENT_3D ( 'NONE', #2500, #56, #1913 ) ;
#836 = ADVANCED_FACE ( 'NONE', ( #452 ), #832, .T. ) ;
#837 = DIRECTION ( 'NONE',  ( -0.0000000000000000000, -0.0000000000000000000, 1.000000000000000000 ) ) ;
#838 = CYLINDRICAL_SURFACE ( 'NONE', #1671, 5.500000000000860600 ) ;
#839 = EDGE_CURVE ( 'NONE', #2543, #2899, #2356, .T. ) ;
#840 = CONICAL_SURFACE ( 'NONE', #2496, 4.199999999996968800, 0.01580146602139013300 ) ;
#841 = CARTESIAN_POINT ( 'NONE',  ( 27.89000000000020000, 4.059999999998999500, -14.73499999999947900 ) ) ;
#842 = EDGE_LOOP ( 'NONE', ( #203, #1609, #351, #2503 ) ) ;
#843 = VECTOR ( 'NONE', #1250, 1000.000000000000100 ) ;
#844 = CIRCLE ( 'NONE', #835, 5.094999999999940200 ) ;
#845 = VECTOR ( 'NONE', #81, 1000.000000000000000 ) ;
#846 = EDGE_CURVE ( 'NONE', #2588, #1082, #1729, .T. ) ;
#847 = DIRECTION ( 'NONE',  ( 0.0000000000000000000, 0.0000000000000000000, -1.000000000000000000 ) ) ;
#848 = ORIENTED_EDGE ( 'NONE', *, *, #3, .T. ) ;
#849 = ORIENTED_EDGE ( 'NONE', *, *, #2139, .F. ) ;
#850 = DIRECTION ( 'NONE',  ( -0.0000000000000000000, -0.0000000000000000000, 1.000000000000000000 ) ) ;
#851 = CARTESIAN_POINT ( 'NONE',  ( 8.795857582142236500, 5.138439433726922800, -9.834999999998761000 ) ) ;
#852 = ORIENTED_EDGE ( 'NONE', *, *, #3163, .F. ) ;
#853 = CARTESIAN_POINT ( 'NONE',  ( 7.863693182803640300, 4.059999999998999500, -5.259999999999280400 ) ) ;
#854 = EDGE_CURVE ( 'NONE', #1870, #630, #285, .T. ) ;
#855 = DIRECTION ( 'NONE',  ( 1.000000000000000000, 0.0000000000000000000, 0.0000000000000000000 ) ) ;
#856 = VERTEX_POINT ( 'NONE', #2434 ) ;
#857 = B_SPLINE_CURVE_WITH_KNOTS ( 'NONE', 3,
 ( #2037, #1824, #2082, #2089, #2101, #2326, #2348, #2575, #2587, #2594, #2601, #2632, #2642, #3131, #3144, #3155, #3164, #3175 ),
 .UNSPECIFIED., .F., .F.,
 ( 4, 2, 2, 2, 2, 2, 2, 2, 4 ),
 ( 0.003100719939788835800, 0.003488308601785844500, 0.003875897263782852900, 0.004263485925779861600, 0.004651074587776870400, 0.005038663249773879200, 0.005426251911770887900, 0.005813840573767895800, 0.006201429235764904600 ),
 .UNSPECIFIED. ) ;
#858 = ADVANCED_FACE ( 'NONE', ( #2274 ), #838, .T. ) ;
#859 = ORIENTED_EDGE ( 'NONE', *, *, #2816, .F. ) ;
#860 = DIRECTION ( 'NONE',  ( 0.7071067811865474600, 0.7071067811865474600, 0.0000000000000000000 ) ) ;
#861 = ORIENTED_EDGE ( 'NONE', *, *, #1321, .T. ) ;
#862 = DIRECTION ( 'NONE',  ( 0.0000000000000000000, 0.0000000000000000000, 1.000000000000000000 ) ) ;
#863 = CARTESIAN_POINT ( 'NONE',  ( 11.77202929572526600, 5.139155759774375600, -9.970261831077404900 ) ) ;
#864 = ORIENTED_EDGE ( 'NONE', *, *, #3292, .F. ) ;
#865 = DIRECTION ( 'NONE',  ( 1.000000000000000000, 0.0000000000000000000, 0.0000000000000000000 ) ) ;
#866 = AXIS2_PLACEMENT_3D ( 'NONE', #224, #3215, #3503 ) ;
#867 = EDGE_CURVE ( 'NONE', #323, #3177, #1639, .T. ) ;
#868 = EDGE_LOOP ( 'NONE', ( #88, #29, #3067, #161 ) ) ;
#869 = VERTEX_POINT ( 'NONE', #2940 ) ;
#870 = EDGE_CURVE ( 'NONE', #3432, #1385, #109, .T. ) ;
#871 = DIRECTION ( 'NONE',  ( 1.000000000000000000, 0.0000000000000000000, 0.0000000000000000000 ) ) ;
#872 = DIRECTION ( 'NONE',  ( -1.000000000000000000, 0.0000000000000000000, 0.0000000000000000000 ) ) ;
#873 = ADVANCED_FACE ( 'NONE', ( #2997 ), #1003, .F. ) ;
#874 = CARTESIAN_POINT ( 'NONE',  ( 13.62358999999944100, 4.059999999998999500, -5.259999999999280400 ) ) ;
#875 = ORIENTED_EDGE ( 'NONE', *, *, #2697, .F. ) ;
#876 = FACE_OUTER_BOUND ( 'NONE', #2521, .T. ) ;
#877 = DIRECTION ( 'NONE',  ( -0.7071067811865475700, 0.7071067811865475700, 0.0000000000000000000 ) ) ;
#878 = CARTESIAN_POINT ( 'NONE',  ( 31.14549220063602400, 1.462117105869893200, -11.40500000000010100 ) ) ;
#879 = AXIS2_PLACEMENT_3D ( 'NONE', #2611, #2440, #2744 ) ;
#880 = DIRECTION ( 'NONE',  ( 1.000000000000000000, -0.0000000000000000000, -0.0000000000000000000 ) ) ;
#881 = CARTESIAN_POINT ( 'NONE',  ( 26.29224862532900200, 0.2136490611567762000, -10.64500000000060000 ) ) ;
#882 = VECTOR ( 'NONE', #1397, 1000.000000000000000 ) ;
#883 = LINE ( 'NONE', #3529, #1512 ) ;
#884 = LINE ( 'NONE', #1074, #2314 ) ;
#885 = DIRECTION ( 'NONE',  ( 0.0000000000000000000, 1.000000000000000000, 0.0000000000000000000 ) ) ;
#886 = ORIENTED_EDGE ( 'NONE', *, *, #1179, .T. ) ;
#887 = EDGE_CURVE ( 'NONE', #24, #273, #924, .T. ) ;
#888 = FACE_OUTER_BOUND ( 'NONE', #715, .T. ) ;
#889 = VECTOR ( 'NONE', #3351, 1000.000000000000000 ) ;
#890 = CIRCLE ( 'NONE', #530, 2.499999999999906700 ) ;
#891 = DIRECTION ( 'NONE',  ( -0.7071067811865474600, -0.7071067811865474600, 0.0000000000000000000 ) ) ;
#892 = ADVANCED_FACE ( 'NONE', ( #743 ), #2105, .F. ) ;
#893 = EDGE_LOOP ( 'NONE', ( #2168, #2865, #1975, #1826, #165, #1722, #3454, #1956 ) ) ;
#894 = ORIENTED_EDGE ( 'NONE', *, *, #1821, .T. ) ;
#895 = CARTESIAN_POINT ( 'NONE',  ( 8.690000000000798900, 4.753974062916779700, -5.109999999999879500 ) ) ;
#896 = EDGE_CURVE ( 'NONE', #2862, #598, #2828, .T. ) ;
#897 = EDGE_LOOP ( 'NONE', ( #3261, #3302, #3248 ) ) ;
#898 = DIRECTION ( 'NONE',  ( 1.000000000000000000, 0.0000000000000000000, 0.0000000000000000000 ) ) ;
#899 = VERTEX_POINT ( 'NONE', #577 ) ;
#900 = DIRECTION ( 'NONE',  ( 0.7071067811861792000, 0.7071067811869159400, 0.0000000000000000000 ) ) ;
#901 = ORIENTED_EDGE ( 'NONE', *, *, #2903, .F. ) ;
#902 = DIRECTION ( 'NONE',  ( 0.0000000000000000000, 0.0000000000000000000, -1.000000000000000000 ) ) ;
#903 = DIRECTION ( 'NONE',  ( -0.0000000000000000000, -0.0000000000000000000, 1.000000000000000000 ) ) ;
#904 = DIRECTION ( 'NONE',  ( 0.0000000000000000000, 0.0000000000000000000, -1.000000000000000000 ) ) ;
#905 = ORIENTED_EDGE ( 'NONE', *, *, #2484, .T. ) ;
#906 = AXIS2_PLACEMENT_3D ( 'NONE', #2638, #741, #2371 ) ;
#907 = ORIENTED_EDGE ( 'NONE', *, *, #1827, .F. ) ;
#908 = MANIFOLD_SOLID_BREP ( 'Imported2', #3422 ) ;
#909 = AXIS2_PLACEMENT_3D ( 'NONE', #1801, #749, #2151 ) ;
#910 = PLANE ( 'NONE',  #2737 ) ;
#911 = CARTESIAN_POINT ( 'NONE',  ( 7.046421063144244100, 4.614241010546028800, -10.06046499922134700 ) ) ;
#912 = CARTESIAN_POINT ( 'NONE',  ( 29.48775137467140100, 7.906350938843840700, -11.40500000000010100 ) ) ;
#913 = DIRECTION ( 'NONE',  ( 0.0000000000000000000, 0.0000000000000000000, -1.000000000000000000 ) ) ;
#914 = ORIENTED_EDGE ( 'NONE', *, *, #2025, .F. ) ;
#915 = EDGE_CURVE ( 'NONE', #1360, #2901, #1381, .T. ) ;
#916 = VERTEX_POINT ( 'NONE', #1456 ) ;
#917 = ORIENTED_EDGE ( 'NONE', *, *, #2748, .F. ) ;
#918 = CARTESIAN_POINT ( 'NONE',  ( 8.690000000000798900, 3.909999999999599600, -5.410000000001220500 ) ) ;
#919 = EDGE_CURVE ( 'NONE', #2250, #3007, #1853, .T. ) ;
#920 = DIRECTION ( 'NONE',  ( -0.7071067811807473200, 0.7071067811923477100, 0.0000000000000000000 ) ) ;
#921 = DIRECTION ( 'NONE',  ( 1.000000000000000000, 0.0000000000000000000, 0.0000000000000000000 ) ) ;
#922 = LINE ( 'NONE', #1953, #2995 ) ;
#923 = AXIS2_PLACEMENT_3D ( 'NONE', #1214, #2304, #514 ) ;
#924 = CIRCLE ( 'NONE', #1306, 5.094999999999940200 ) ;
#925 = CONICAL_SURFACE ( 'NONE', #1769, 0.8832050806754235800, 0.5235987755300237600 ) ;
#926 = FACE_OUTER_BOUND ( 'NONE', #2781, .T. ) ;
#927 = CARTESIAN_POINT ( 'NONE',  ( 5.259999999964293200, 4.059999999998999500, -5.259999999999280400 ) ) ;
#928 = ORIENTED_EDGE ( 'NONE', *, *, #1224, .T. ) ;
#929 = CARTESIAN_POINT ( 'NONE',  ( 8.509999999999996200, 4.059999999998999500, -0.6850000000000539000 ) ) ;
#930 =( NAMED_UNIT ( * ) PLANE_ANGLE_UNIT ( ) SI_UNIT ( $, .RADIAN. ) );
#931 = FACE_OUTER_BOUND ( 'NONE', #1612, .T. ) ;
#932 = CONICAL_SURFACE ( 'NONE', #2351, 4.488675134517990300, 0.5235987755792516100 ) ;
#933 = AXIS2_PLACEMENT_3D ( 'NONE', #1602, #3517, #1877 ) ;
#934 = VECTOR ( 'NONE', #1718, 1000.000000000000100 ) ;
#935 = CARTESIAN_POINT ( 'NONE',  ( 31.14886868750711500, 7.976477994011775200, -10.64500000000060000 ) ) ;
#936 = ORIENTED_EDGE ( 'NONE', *, *, #2733, .F. ) ;
#937 = ORIENTED_EDGE ( 'NONE', *, *, #1243, .T. ) ;
#938 = DIRECTION ( 'NONE',  ( -0.0000000000000000000, -0.0000000000000000000, 1.000000000000000000 ) ) ;
#939 = ORIENTED_EDGE ( 'NONE', *, *, #1404, .T. ) ;
#940 = ORIENTED_EDGE ( 'NONE', *, *, #2385, .F. ) ;
#941 = VERTEX_POINT ( 'NONE', #1089 ) ;
#942 = ORIENTED_EDGE ( 'NONE', *, *, #1321, .F. ) ;
#943 = EDGE_CURVE ( 'NONE', #899, #981, #40, .T. ) ;
#944 = CARTESIAN_POINT ( 'NONE',  ( 0.0000000000000000000, 0.0000000000000000000, 0.0000000000000000000 ) ) ;
#945 = EDGE_LOOP ( 'NONE', ( #2854, #383, #2919 ) ) ;
#946 = CARTESIAN_POINT ( 'NONE',  ( 27.89000000000020000, 4.059999999998999500, -11.40500000000010100 ) ) ;
#947 = VERTEX_POINT ( 'NONE', #777 ) ;
#948 = CARTESIAN_POINT ( 'NONE',  ( 7.863693182804838400, 5.592970971678824700, -0.6849999999994381700 ) ) ;
#949 = AXIS2_PLACEMENT_3D ( 'NONE', #3283, #2718, #1108 ) ;
#950 = ORIENTED_EDGE ( 'NONE', *, *, #134, .F. ) ;
#951 = DIRECTION ( 'NONE',  ( 1.000000000000000000, 0.0000000000000000000, 0.0000000000000000000 ) ) ;
#952 = AXIS2_PLACEMENT_3D ( 'NONE', #1607, #1834, #1856 ) ;
#953 = ORIENTED_EDGE ( 'NONE', *, *, #558, .T. ) ;
#954 = CARTESIAN_POINT ( 'NONE',  ( 9.690418474414567400, 5.031514696034297400, -0.6850000000000535700 ) ) ;
#955 = EDGE_CURVE ( 'NONE', #2666, #899, #3319, .T. ) ;
#956 = CARTESIAN_POINT ( 'NONE',  ( 7.863693182805240800, 3.144764424680962700, -0.5225989359466369800 ) ) ;
#957 = ORIENTED_EDGE ( 'NONE', *, *, #1430, .T. ) ;
#958 = EDGE_CURVE ( 'NONE', #166, #1870, #2488, .T. ) ;
#959 = LINE ( 'NONE', #2858, #3037 ) ;
#960 = PRODUCT_DEFINITION_SHAPE ( 'NONE', 'NONE',  #3357 ) ;
#961 = B_SPLINE_CURVE_WITH_KNOTS ( 'NONE', 3,
 ( #1693, #2843, #3124, #1491, #3411, #1765 ),
 .UNSPECIFIED., .F., .F.,
 ( 4, 2, 4 ),
 ( 2.259806101895532300E-016, 0.0007773638094929995300, 0.001554727618985773100 ),
 .UNSPECIFIED. ) ;
#962 = CIRCLE ( 'NONE', #333, 5.094999999999940200 ) ;
#963 = AXIS2_PLACEMENT_3D ( 'NONE', #2508, #880, #2783 ) ;
#964 = CARTESIAN_POINT ( 'NONE',  ( 8.321400375485533000, 2.781530968659214700, -9.834999999998757400 ) ) ;
#965 = DIRECTION ( 'NONE',  ( -1.000000000000000000, 0.0000000000000000000, 0.0000000000000000000 ) ) ;
#966 = CARTESIAN_POINT ( 'NONE',  ( 11.13630681719263100, -3.599451975247254200, -1.825538394397166100 ) ) ;
#967 = VECTOR ( 'NONE', #1388, 1000.000000000000000 ) ;
#968 = FACE_OUTER_BOUND ( 'NONE', #1996, .T. ) ;
#969 = LINE ( 'NONE', #2784, #2405 ) ;
#970 = DIRECTION ( 'NONE',  ( -1.000000000000000000, 0.0000000000000000000, -0.0000000000000000000 ) ) ;
#971 = ORIENTED_EDGE ( 'NONE', *, *, #2113, .F. ) ;
#972 = LINE ( 'NONE', #1570, #248 ) ;
#973 = LINE ( 'NONE', #1632, #802 ) ;
#974 = CIRCLE ( 'NONE', #162, 5.094999999999940200 ) ;
#975 = DIRECTION ( 'NONE',  ( -0.0000000000000000000, -0.0000000000000000000, 1.000000000000000000 ) ) ;
#976 = ORIENTED_EDGE ( 'NONE', *, *, #1198, .T. ) ;
#977 = VERTEX_POINT ( 'NONE', #3382 ) ;
#978 = AXIS2_PLACEMENT_3D ( 'NONE', #365, #1438, #2789 ) ;
#979 = CARTESIAN_POINT ( 'NONE',  ( 10.67859962451403400, 5.338469031338479300, -9.834999999998759200 ) ) ;
#980 = ORIENTED_EDGE ( 'NONE', *, *, #2308, .F. ) ;
#981 = VERTEX_POINT ( 'NONE', #828 ) ;
#982 = ORIENTED_EDGE ( 'NONE', *, *, #870, .T. ) ;
#983 = EDGE_CURVE ( 'NONE', #3448, #3019, #1054, .T. ) ;
#984 = ORIENTED_EDGE ( 'NONE', *, *, #2311, .T. ) ;
#985 = EDGE_LOOP ( 'NONE', ( #3295, #936, #357, #1751, #2749 ) ) ;
#986 = EDGE_CURVE ( 'NONE', #2218, #3027, #2568, .T. ) ;
#987 = VERTEX_POINT ( 'NONE', #3414 ) ;
#988 = AXIS2_PLACEMENT_3D ( 'NONE', #2978, #850, #2165 ) ;
#989 = CARTESIAN_POINT ( 'NONE',  ( 8.635350020427807700, 4.559308035144679700, 0.2186052549033949400 ) ) ;
#990 = CARTESIAN_POINT ( 'NONE',  ( 10.49000000000020400, 4.059999999998999500, -0.6850000000000539000 ) ) ;
#991 = VERTEX_POINT ( 'NONE', #1285 ) ;
#992 = AXIS2_PLACEMENT_3D ( 'NONE', #332, #3034, #1959 ) ;
#993 = VERTEX_POINT ( 'NONE', #2687 ) ;
#994 = PLANE ( 'NONE',  #1990 ) ;
#995 = CARTESIAN_POINT ( 'NONE',  ( 22.63000000000091900, 4.059999999998999500, -14.73499999999947900 ) ) ;
#996 = DIRECTION ( 'NONE',  ( 0.0000000000000000000, 0.0000000000000000000, -1.000000000000000000 ) ) ;
#997 = ORIENTED_EDGE ( 'NONE', *, *, #2653, .T. ) ;
#998 = LINE ( 'NONE', #3367, #281 ) ;
#999 = DIRECTION ( 'NONE',  ( -1.000000000000000000, -0.0000000000000000000, 0.0000000000000000000 ) ) ;
#1000 = ORIENTED_EDGE ( 'NONE', *, *, #1371, .T. ) ;
#1001 = EDGE_CURVE ( 'NONE', #3486, #991, #2007, .T. ) ;
#1002 = CARTESIAN_POINT ( 'NONE',  ( 12.98999999999883700, 4.059999999998999500, -5.259999999999280400 ) ) ;
#1003 =( BOUNDED_SURFACE ( )  B_SPLINE_SURFACE ( 3, 3, ( 
 ( #3501, #822, #3268, #5 ),
 ( #1896, #3513, #1875, #1666 ),
 ( #1093, #1396, #1136, #3016 ),
 ( #2143, #2690, #304, #3224 ) ),
 .UNSPECIFIED., .F., .F., .F. ) 
 B_SPLINE_SURFACE_WITH_KNOTS ( ( 4, 4 ),
 ( 4, 4 ),
 ( 0.0000000000000000000, 1.000000000000000000 ),
 ( 0.0000000000000000000, 1.000000000000000000 ),
 .UNSPECIFIED. ) 
 GEOMETRIC_REPRESENTATION_ITEM ( )  RATIONAL_B_SPLINE_SURFACE ( (
 ( 1.000000000000000000, 0.4597907530662683800, 0.4597907530662683800, 1.000000000000000000),
 ( 0.9888888888889032500, 0.4546819669210941900, 0.4546819669210941900, 0.9888888888889032500),
 ( 0.9888888888889032500, 0.4546819669210941900, 0.4546819669210941900, 0.9888888888889032500),
 ( 1.000000000000000000, 0.4597907530662683800, 0.4597907530662683800, 1.000000000000000000) ) ) 
 REPRESENTATION_ITEM ( '' )  SURFACE ( )  );
#1004 = DIRECTION ( 'NONE',  ( 0.0000000000000000000, 0.0000000000000000000, 1.000000000000000000 ) ) ;
#1005 = CARTESIAN_POINT ( 'NONE',  ( 7.863693182803423600, 2.527029028323816400, -0.6849999999987128600 ) ) ;
#1006 = LINE ( 'NONE', #3301, #2443 ) ;
#1007 = PLANE ( 'NONE',  #181 ) ;
#1008 = VECTOR ( 'NONE', #3418, 1000.000000000000000 ) ;
#1009 = FACE_OUTER_BOUND ( 'NONE', #2419, .T. ) ;
#1010 = CYLINDRICAL_SURFACE ( 'NONE', #691, 5.094999999999940200 ) ;
#1011 = AXIS2_PLACEMENT_3D ( 'NONE', #1217, #1754, #1472 ) ;
#1012 = ORIENTED_EDGE ( 'NONE', *, *, #3451, .T. ) ;
#1013 = VECTOR ( 'NONE', #951, 1000.000000000000000 ) ;
#1014 = CONICAL_SURFACE ( 'NONE', #1997, 0.7100000000045551000, 1.047197551198938000 ) ;
#1015 = CONICAL_SURFACE ( 'NONE', #830, 0.3549999999128347600, 0.7853981637318213600 ) ;
#1016 = DIRECTION ( 'NONE',  ( -1.000000000000000000, 0.0000000000000000000, 0.0000000000000000000 ) ) ;
#1017 = ORIENTED_EDGE ( 'NONE', *, *, #915, .T. ) ;
#1018 = ORIENTED_EDGE ( 'NONE', *, *, #2311, .F. ) ;
#1019 = DIRECTION ( 'NONE',  ( -0.0000000000000000000, -1.000000000000000000, -0.0000000000000000000 ) ) ;
#1020 = DIRECTION ( 'NONE',  ( -0.0000000000000000000, -0.0000000000000000000, -1.000000000000000000 ) ) ;
#1021 = AXIS2_PLACEMENT_3D ( 'NONE', #3348, #2206, #2715 ) ;
#1022 = CARTESIAN_POINT ( 'NONE',  ( 9.371379109622402800, 3.069898333485913800, 0.1501477522090045300 ) ) ;
#1023 = VERTEX_POINT ( 'NONE', #2974 ) ;
#1024 = CARTESIAN_POINT ( 'NONE',  ( 22.63000000000091900, 4.059999999998999500, -14.73499999999947900 ) ) ;
#1025 = DIRECTION ( 'NONE',  ( 1.000000000000000000, 0.0000000000000000000, 0.0000000000000000000 ) ) ;
#1026 = ORIENTED_EDGE ( 'NONE', *, *, #3088, .T. ) ;
#1027 = EDGE_CURVE ( 'NONE', #599, #1151, #962, .T. ) ;
#1028 = ORIENTED_EDGE ( 'NONE', *, *, #3510, .F. ) ;
#1029 = CARTESIAN_POINT ( 'NONE',  ( 9.690418474414627800, 3.088485303964287000, -9.834999999998759200 ) ) ;
#1030 = VERTEX_POINT ( 'NONE', #3402 ) ;
#1031 = CARTESIAN_POINT ( 'NONE',  ( 8.708876864280126600, 4.668954606571134000, 0.2069562978778781700 ) ) ;
#1032 = CARTESIAN_POINT ( 'NONE',  ( 7.000000000000193600, 3.778358756822569800, -10.08500000000030100 ) ) ;
#1033 = DIRECTION ( 'NONE',  ( 1.000000000000000000, 0.0000000000000000000, 0.0000000000000000000 ) ) ;
#1034 = DIRECTION ( 'NONE',  ( 3.212450882320224300E-015, 0.0000000000000000000, 1.000000000000000000 ) ) ;
#1035 = CARTESIAN_POINT ( 'NONE',  ( 32.43708556270457400, 6.358485998530385400, -10.64500000000060000 ) ) ;
#1036 = DIRECTION ( 'NONE',  ( -0.0000000000000000000, -0.0000000000000000000, 1.000000000000000000 ) ) ;
#1037 = EDGE_CURVE ( 'NONE', #1785, #1779, #2399, .T. ) ;
#1038 = DIRECTION ( 'NONE',  ( 0.7071067811865474600, -0.7071067811865474600, 0.0000000000000000000 ) ) ;
#1039 = ADVANCED_FACE ( 'NONE', ( #1682 ), #2309, .T. ) ;
#1040 = CARTESIAN_POINT ( 'NONE',  ( 23.34291443729593900, 6.358485998532159100, -10.64500000000060000 ) ) ;
#1041 = DIRECTION ( 'NONE',  ( 1.000000000000000000, 0.0000000000000000000, 0.0000000000000000000 ) ) ;
#1042 = EDGE_LOOP ( 'NONE', ( #275, #2931, #714, #1372, #550, #980, #211 ) ) ;
#1043 = ORIENTED_EDGE ( 'NONE', *, *, #2979, .F. ) ;
#1044 = DIRECTION ( 'NONE',  ( -1.000000000000000000, 0.0000000000000000000, 0.0000000000000000000 ) ) ;
#1045 = VERTEX_POINT ( 'NONE', #403 ) ;
#1046 = DIRECTION ( 'NONE',  ( 0.0000000000000000000, 0.0000000000000000000, -1.000000000000000000 ) ) ;
#1047 = CARTESIAN_POINT ( 'NONE',  ( 8.690000000000798900, 3.071314003334603800, -5.109999999999749000 ) ) ;
#1048 = CARTESIAN_POINT ( 'NONE',  ( 30.18848599852654900, 8.607085562702801300, -10.64500000000060000 ) ) ;
#1049 = CARTESIAN_POINT ( 'NONE',  ( 8.990000000039799500, 4.059999999998999500, -5.259999999999280400 ) ) ;
#1050 = AXIS2_PLACEMENT_3D ( 'NONE', #3258, #1615, #3525 ) ;
#1051 = CARTESIAN_POINT ( 'NONE',  ( 31.14886868750840100, 0.1435220059872914800, -10.64500000000060000 ) ) ;
#1052 = LINE ( 'NONE', #2051, #3129 ) ;
#1053 = EDGE_CURVE ( 'NONE', #806, #2577, #234, .T. ) ;
#1054 = LINE ( 'NONE', #3518, #331 ) ;
#1055 = PLANE ( 'NONE',  #866 ) ;
#1056 = ADVANCED_FACE ( 'NONE', ( #420 ), #2819, .T. ) ;
#1057 = PLANE ( 'NONE',  #737 ) ;
#1058 = EDGE_CURVE ( 'NONE', #3289, #2432, #3042, .T. ) ;
#1059 = CARTESIAN_POINT ( 'NONE',  ( 8.535897138866344500, 3.800319861580382200, -10.75517882135888700 ) ) ;
#1060 = DIRECTION ( 'NONE',  ( -1.000000000000000000, 0.0000000000000000000, 0.0000000000000000000 ) ) ;
#1061 = FACE_OUTER_BOUND ( 'NONE', #3154, .T. ) ;
#1062 = FACE_OUTER_BOUND ( 'NONE', #1416, .T. ) ;
#1063 = VECTOR ( 'NONE', #2540, 1000.000000000000000 ) ;
#1064 = EDGE_LOOP ( 'NONE', ( #2413, #3035, #1941, #1028 ) ) ;
#1065 = AXIS2_PLACEMENT_3D ( 'NONE', #1479, #2900, #1025 ) ;
#1066 = VECTOR ( 'NONE', #15, 1000.000000000000100 ) ;
#1067 = LINE ( 'NONE', #1373, #2409 ) ;
#1068 = DIRECTION ( 'NONE',  ( 0.0000000000000000000, 0.0000000000000000000, -1.000000000000000000 ) ) ;
#1069 = ORIENTED_EDGE ( 'NONE', *, *, #2334, .T. ) ;
#1070 = VERTEX_POINT ( 'NONE', #3453 ) ;
#1071 = CARTESIAN_POINT ( 'NONE',  ( 12.00000000000000700, 3.778358756822480600, -0.4349999999982604400 ) ) ;
#1072 = ORIENTED_EDGE ( 'NONE', *, *, #2600, .F. ) ;
#1073 = DIRECTION ( 'NONE',  ( -0.0000000000000000000, -0.0000000000000000000, 1.000000000000000000 ) ) ;
#1074 = CARTESIAN_POINT ( 'NONE',  ( 23.97352200598938100, 0.8011313124918541000, -14.73499999999947900 ) ) ;
#1075 = CARTESIAN_POINT ( 'NONE',  ( 10.46396741499959200, 3.799881932353391900, -10.75515514582990700 ) ) ;
#1076 = DIRECTION ( 'NONE',  ( 1.000000000000000000, -0.0000000000000000000, -0.0000000000000000000 ) ) ;
#1077 = VERTEX_POINT ( 'NONE', #242 ) ;
#1078 = CARTESIAN_POINT ( 'NONE',  ( 7.885141141687699800, 4.059999999998999500, -6.259999999999344300 ) ) ;
#1079 = EDGE_LOOP ( 'NONE', ( #917, #2055, #2284, #3023 ) ) ;
#1080 = EDGE_CURVE ( 'NONE', #2534, #2369, #148, .T. ) ;
#1081 = ADVANCED_FACE ( 'NONE', ( #876 ), #3412, .T. ) ;
#1082 = VERTEX_POINT ( 'NONE', #3097 ) ;
#1083 = B_SPLINE_CURVE_WITH_KNOTS ( 'NONE', 3,
 ( #2941, #1071, #2951, #1337, #3249, #1600 ),
 .UNSPECIFIED., .F., .F.,
 ( 4, 2, 4 ),
 ( 0.001668306182470965000, 0.002500884024384803300, 0.003333461866298641100 ),
 .UNSPECIFIED. ) ;
#1084 = DIRECTION ( 'NONE',  ( -1.000000000000000000, 0.0000000000000000000, 0.0000000000000000000 ) ) ;
#1085 = CARTESIAN_POINT ( 'NONE',  ( 32.43708556270457400, 6.358485998530385400, -11.40500000000010100 ) ) ;
#1086 = EDGE_CURVE ( 'NONE', #941, #1745, #1508, .T. ) ;
#1087 = DIRECTION ( 'NONE',  ( 0.0000000000000000000, 0.0000000000000000000, 1.000000000000000000 ) ) ;
#1088 = DIRECTION ( 'NONE',  ( -0.7071067814229850000, 8.659560565250456700E-017, 0.7071067809501100400 ) ) ;
#1089 = CARTESIAN_POINT ( 'NONE',  ( 8.690000000000798900, 5.048685996663422800, -5.109999999999937300 ) ) ;
#1090 = AXIS2_PLACEMENT_3D ( 'NONE', #467, #2085, #180 ) ;
#1091 = CARTESIAN_POINT ( 'NONE',  ( 24.63113131249328400, 7.976477994011775200, -10.64500000000060000 ) ) ;
#1092 = ORIENTED_EDGE ( 'NONE', *, *, #450, .F. ) ;
#1093 = CARTESIAN_POINT ( 'NONE',  ( 8.948435904315681800, 4.937191784155817900, -0.7195194901603533300 ) ) ;
#1094 = DIRECTION ( 'NONE',  ( 1.000000000000000000, -0.0000000000000000000, -0.0000000000000000000 ) ) ;
#1095 = ORIENTED_EDGE ( 'NONE', *, *, #303, .T. ) ;
#1096 = AXIS2_PLACEMENT_3D ( 'NONE', #1809, #1937, #2936 ) ;
#1097 = DIRECTION ( 'NONE',  ( 0.0000000000000000000, 0.0000000000000000000, -1.000000000000000000 ) ) ;
#1098 = ADVANCED_FACE ( 'NONE', ( #789, #3132, #2950, #74, #2868, #2144 ), #659, .T. ) ;
#1099 = ORIENTED_EDGE ( 'NONE', *, *, #2073, .T. ) ;
#1100 = DIRECTION ( 'NONE',  ( -1.000000000000000000, 0.0000000000000000000, 0.0000000000000000000 ) ) ;
#1101 = EDGE_CURVE ( 'NONE', #806, #2524, #3519, .T. ) ;
#1102 = DIRECTION ( 'NONE',  ( -0.4999999999979732900, 0.0000000000000000000, 0.8660254037856087700 ) ) ;
#1103 = CARTESIAN_POINT ( 'NONE',  ( 8.509999999999996200, 4.059999999998999500, -10.76000000000014000 ) ) ;
#1104 = VECTOR ( 'NONE', #2244, 1000.000000000000000 ) ;
#1105 = FACE_OUTER_BOUND ( 'NONE', #2841, .T. ) ;
#1106 = EDGE_CURVE ( 'NONE', #3177, #1299, #1134, .T. ) ;
#1107 = CARTESIAN_POINT ( 'NONE',  ( 24.23999999999956100, 4.059999999998999500, -10.55500000000095900 ) ) ;
#1108 = DIRECTION ( 'NONE',  ( 0.0000000000000000000, 0.0000000000000000000, 1.000000000000000000 ) ) ;
#1109 = CARTESIAN_POINT ( 'NONE',  ( 8.790093417713844600, 3.248266695290093600, -5.410000000001220500 ) ) ;
#1110 = VECTOR ( 'NONE', #1233, 1000.000000000000000 ) ;
#1111 = LINE ( 'NONE', #2145, #1812 ) ;
#1112 = VECTOR ( 'NONE', #2570, 1000.000000000000000 ) ;
#1113 = DIRECTION ( 'NONE',  ( -0.0000000000000000000, -0.0000000000000000000, -1.000000000000000000 ) ) ;
#1114 = ORIENTED_EDGE ( 'NONE', *, *, #3210, .F. ) ;
#1115 = CIRCLE ( 'NONE', #2264, 4.165000000001119100 ) ;
#1116 = FACE_OUTER_BOUND ( 'NONE', #1783, .T. ) ;
#1117 = VECTOR ( 'NONE', #2268, 1000.000000000000000 ) ;
#1118 = EDGE_CURVE ( 'NONE', #1792, #3423, #2370, .T. ) ;
#1119 = ORIENTED_EDGE ( 'NONE', *, *, #1773, .T. ) ;
#1120 = ORIENTED_EDGE ( 'NONE', *, *, #3001, .T. ) ;
#1121 = CARTESIAN_POINT ( 'NONE',  ( 8.690000000004266300, 4.210000000000940500, -4.389625819142960200 ) ) ;
#1122 = ADVANCED_FACE ( 'NONE', ( #696 ), #2696, .F. ) ;
#1123 = ORIENTED_EDGE ( 'NONE', *, *, #3390, .T. ) ;
#1124 = AXIS2_PLACEMENT_3D ( 'NONE', #178, #2415, #191 ) ;
#1125 = EDGE_LOOP ( 'NONE', ( #1171, #2564 ) ) ;
#1126 = CARTESIAN_POINT ( 'NONE',  ( 7.885141141687699800, 5.048685996663056000, -5.410000000001046400 ) ) ;
#1127 = DIRECTION ( 'NONE',  ( 0.0000000000000000000, 1.000000000000000000, 0.0000000000000000000 ) ) ;
#1128 = EDGE_LOOP ( 'NONE', ( #1000, #2346 ) ) ;
#1129 = CARTESIAN_POINT ( 'NONE',  ( 27.89000000000020000, 4.059999999998999500, -10.64500000000060000 ) ) ;
#1130 = DIRECTION ( 'NONE',  ( 1.000000000000000000, 0.0000000000000000000, 0.0000000000000000000 ) ) ;
#1131 = AXIS2_PLACEMENT_3D ( 'NONE', #3406, #1762, #133 ) ;
#1132 = ORIENTED_EDGE ( 'NONE', *, *, #1476, .F. ) ;
#1133 = PLANE ( 'NONE',  #3263 ) ;
#1134 = B_SPLINE_CURVE_WITH_KNOTS ( 'NONE', 3,
 ( #2857, #1973, #2388, #3360 ),
 .UNSPECIFIED., .F., .F.,
 ( 4, 4 ),
 ( 3.425468629685507500E-014, 0.0003480186799683499800 ),
 .UNSPECIFIED. ) ;
#1135 = EDGE_CURVE ( 'NONE', #517, #1753, #625, .T. ) ;
#1136 = CARTESIAN_POINT ( 'NONE',  ( 8.948435904315683600, 11.40106991142024700, -8.551700612042667500 ) ) ;
#1137 = PRESENTATION_STYLE_ASSIGNMENT (( #2017 ) ) ;
#1138 = CARTESIAN_POINT ( 'NONE',  ( 8.509999999999996200, 4.059999999998999500, -0.6850000000000539000 ) ) ;
#1139 = CARTESIAN_POINT ( 'NONE',  ( 9.309581525585574700, 5.031514696033712000, -9.834999999998759200 ) ) ;
#1140 = EDGE_CURVE ( 'NONE', #1488, #2618, #1429, .T. ) ;
#1141 = CARTESIAN_POINT ( 'NONE',  ( 10.49000000000020400, 4.059999999998999500, -0.6850000000000539000 ) ) ;
#1142 = ADVANCED_FACE ( 'NONE', ( #3438 ), #2602, .T. ) ;
#1143 = ORIENTED_EDGE ( 'NONE', *, *, #2207, .F. ) ;
#1144 = PLANE ( 'NONE',  #3397 ) ;
#1145 = DIRECTION ( 'NONE',  ( 0.0000000000000000000, 0.0000000000000000000, 1.000000000000000000 ) ) ;
#1146 = ORIENTED_EDGE ( 'NONE', *, *, #1237, .F. ) ;
#1147 = AXIS2_PLACEMENT_3D ( 'NONE', #1649, #2729, #565 ) ;
#1148 = DIRECTION ( 'NONE',  ( 0.7071067811851872200, -0.7071067811879077100, 0.0000000000000000000 ) ) ;
#1149 = CARTESIAN_POINT ( 'NONE',  ( 24.04364906115789700, 5.657751374670199100, -10.64500000000060000 ) ) ;
#1150 = CARTESIAN_POINT ( 'NONE',  ( 5.260000000134823500, 4.059999999999000400, -9.748675134517270600 ) ) ;
#1151 = VERTEX_POINT ( 'NONE', #2681 ) ;
#1152 = FACE_OUTER_BOUND ( 'NONE', #710, .T. ) ;
#1153 = CARTESIAN_POINT ( 'NONE',  ( 31.14886868750985700, 7.976477994009491600, -14.73499999999947900 ) ) ;
#1154 = CARTESIAN_POINT ( 'NONE',  ( 11.47484176581072600, 5.592970971677685200, -9.834999999998759200 ) ) ;
#1155 = CARTESIAN_POINT ( 'NONE',  ( 27.89000000000020000, 4.059999999998999500, -14.74000000001751700 ) ) ;
#1156 = VECTOR ( 'NONE', #1701, 1000.000000000000100 ) ;
#1157 = DIRECTION ( 'NONE',  ( -1.000000000000000000, 0.0000000000000000000, -0.0000000000000000000 ) ) ;
#1158 = EDGE_CURVE ( 'NONE', #2079, #1766, #1261, .T. ) ;
#1159 = EDGE_CURVE ( 'NONE', #1292, #1586, #3358, .T. ) ;
#1160 = ADVANCED_FACE ( 'NONE', ( #2787 ), #2527, .F. ) ;
#1161 = FACE_OUTER_BOUND ( 'NONE', #1788, .T. ) ;
#1162 = CIRCLE ( 'NONE', #3385, 5.094999999999940200 ) ;
#1163 = VECTOR ( 'NONE', #903, 1000.000000000000000 ) ;
#1164 = EDGE_LOOP ( 'NONE', ( #53, #1568, #160, #2300 ) ) ;
#1165 = DIRECTION ( 'NONE',  ( -1.000000000000000000, 0.0000000000000000000, 0.0000000000000000000 ) ) ;
#1166 = FACE_OUTER_BOUND ( 'NONE', #1673, .T. ) ;
#1167 = ORIENTED_EDGE ( 'NONE', *, *, #1889, .T. ) ;
#1168 = VERTEX_POINT ( 'NONE', #3310 ) ;
#1169 = EDGE_LOOP ( 'NONE', ( #2342, #2093, #852, #661, #3212 ) ) ;
#1170 = CARTESIAN_POINT ( 'NONE',  ( 7.046866774278935700, 4.615726237775029400, -0.4597591706434068800 ) ) ;
#1171 = ORIENTED_EDGE ( 'NONE', *, *, #740, .T. ) ;
#1172 = ORIENTED_EDGE ( 'NONE', *, *, #377, .F. ) ;
#1173 = ORIENTED_EDGE ( 'NONE', *, *, #1259, .F. ) ;
#1174 = ORIENTED_EDGE ( 'NONE', *, *, #110, .F. ) ;
#1175 = DIRECTION ( 'NONE',  ( 1.000000000000000000, -0.0000000000000000000, 0.0000000000000000000 ) ) ;
#1176 = CARTESIAN_POINT ( 'NONE',  ( 31.54000000000083800, 4.059999999999000400, -10.64500000000060000 ) ) ;
#1177 = PLANE ( 'NONE',  #2645 ) ;
#1178 = ADVANCED_FACE ( 'NONE', ( #534 ), #2061, .F. ) ;
#1179 = EDGE_CURVE ( 'NONE', #1030, #2888, #1892, .T. ) ;
#1180 = DIRECTION ( 'NONE',  ( 0.0000000000000000000, 0.0000000000000000000, 1.000000000000000000 ) ) ;
#1181 = ORIENTED_EDGE ( 'NONE', *, *, #660, .T. ) ;
#1182 = EDGE_CURVE ( 'NONE', #3285, #214, #3270, .T. ) ;
#1183 = VERTEX_POINT ( 'NONE', #566 ) ;
#1184 = AXIS2_PLACEMENT_3D ( 'NONE', #265, #1983, #1325 ) ;
#1185 = CARTESIAN_POINT ( 'NONE',  ( 10.67859962451313300, 2.781530968659049500, -0.6850000000000559000 ) ) ;
#1186 = LINE ( 'NONE', #1150, #1727 ) ;
#1187 = CARTESIAN_POINT ( 'NONE',  ( 8.690000000000798900, 5.048685996663042600, -5.410000000001133500 ) ) ;
#1188 = AXIS2_PLACEMENT_3D ( 'NONE', #2777, #610, #3437 ) ;
#1189 = CIRCLE ( 'NONE', #3199, 0.9900000000001036900 ) ;
#1190 = DIRECTION ( 'NONE',  ( 0.7071067811865475700, 0.7071067811865475700, 0.0000000000000000000 ) ) ;
#1191 = CIRCLE ( 'NONE', #1692, 1.000000000000064200 ) ;
#1192 = CIRCLE ( 'NONE', #1050, 0.9900000000001036900 ) ;
#1193 = FACE_OUTER_BOUND ( 'NONE', #2823, .T. ) ;
#1194 = DIRECTION ( 'NONE',  ( -0.0000000000000000000, -0.0000000000000000000, 1.000000000000000000 ) ) ;
#1195 = ORIENTED_EDGE ( 'NONE', *, *, #3163, .T. ) ;
#1196 = EDGE_CURVE ( 'NONE', #947, #2849, #3004, .T. ) ;
#1197 = FACE_OUTER_BOUND ( 'NONE', #3427, .T. ) ;
#1198 = EDGE_CURVE ( 'NONE', #1474, #3165, #3169, .T. ) ;
#1199 = CIRCLE ( 'NONE', #1808, 1.000000000000064200 ) ;
#1200 = LINE ( 'NONE', #398, #1819 ) ;
#1201 = ORIENTED_EDGE ( 'NONE', *, *, #1259, .T. ) ;
#1202 = EDGE_LOOP ( 'NONE', ( #2846, #2226 ) ) ;
#1203 = EDGE_CURVE ( 'NONE', #1446, #48, #1806, .T. ) ;
#1204 = ORIENTED_EDGE ( 'NONE', *, *, #3307, .F. ) ;
#1205 = VERTEX_POINT ( 'NONE', #374 ) ;
#1206 = CARTESIAN_POINT ( 'NONE',  ( 31.14886868750759800, 0.1435220059882559900, -14.73499999999947900 ) ) ;
#1207 = CARTESIAN_POINT ( 'NONE',  ( 27.89000000000020000, 4.059999999998999500, -10.55500000012443700 ) ) ;
#1208 = ORIENTED_EDGE ( 'NONE', *, *, #2678, .T. ) ;
#1209 = AXIS2_PLACEMENT_3D ( 'NONE', #2796, #904, #2518 ) ;
#1210 = ORIENTED_EDGE ( 'NONE', *, *, #1640, .F. ) ;
#1211 = ORIENTED_EDGE ( 'NONE', *, *, #1254, .T. ) ;
#1212 = DIRECTION ( 'NONE',  ( 0.0000000000000000000, 0.0000000000000000000, 1.000000000000000000 ) ) ;
#1213 = VERTEX_POINT ( 'NONE', #2175 ) ;
#1214 = CARTESIAN_POINT ( 'NONE',  ( 31.14549220063599900, 1.462117105869922100, -11.40500000000010100 ) ) ;
#1215 = DIRECTION ( 'NONE',  ( -0.7071067811865474600, 0.7071067811865474600, 0.0000000000000000000 ) ) ;
#1216 = EDGE_CURVE ( 'NONE', #121, #1082, #998, .T. ) ;
#1217 = CARTESIAN_POINT ( 'NONE',  ( 7.885141141687699800, 4.059999999998999500, -5.259999999999280400 ) ) ;
#1218 = ORIENTED_EDGE ( 'NONE', *, *, #1540, .T. ) ;
#1219 = EDGE_CURVE ( 'NONE', #401, #121, #2106, .T. ) ;
#1220 = ORIENTED_EDGE ( 'NONE', *, *, #2157, .T. ) ;
#1221 = CARTESIAN_POINT ( 'NONE',  ( 8.690000000000798900, 3.909999999999599600, -6.482119896432779500 ) ) ;
#1222 = EDGE_LOOP ( 'NONE', ( #764, #928, #1664, #3386 ) ) ;
#1223 = DIRECTION ( 'NONE',  ( 1.000000000000000000, 0.0000000000000000000, 0.0000000000000000000 ) ) ;
#1224 = EDGE_CURVE ( 'NONE', #2889, #3528, #1186, .T. ) ;
#1225 = DIRECTION ( 'NONE',  ( -1.000000000000000000, 1.600235591185689800E-014, 0.0000000000000000000 ) ) ;
#1226 = DIRECTION ( 'NONE',  ( -0.0000000000000000000, -0.0000000000000000000, 1.000000000000000000 ) ) ;
#1227 = FACE_OUTER_BOUND ( 'NONE', #427, .T. ) ;
#1228 = CARTESIAN_POINT ( 'NONE',  ( 8.891100241976353400, 4.851165351499841600, 0.1835736664765118000 ) ) ;
#1229 = CARTESIAN_POINT ( 'NONE',  ( 9.500000000000101300, 4.059999999998999500, -9.504789005484299800 ) ) ;
#1230 = VECTOR ( 'NONE', #1934, 1000.000000000000000 ) ;
#1231 = CYLINDRICAL_SURFACE ( 'NONE', #26, 2.499999999999906700 ) ;
#1232 = FACE_OUTER_BOUND ( 'NONE', #2462, .T. ) ;
#1233 = DIRECTION ( 'NONE',  ( 0.0000000000000000000, 0.0000000000000000000, -1.000000000000000000 ) ) ;
#1234 = EDGE_LOOP ( 'NONE', ( #1324, #3003, #2124, #593 ) ) ;
#1235 = CARTESIAN_POINT ( 'NONE',  ( 7.863693182805243400, -3.599451975247023800, -8.694461605603727600 ) ) ;
#1236 = VECTOR ( 'NONE', #316, 1000.000000000000000 ) ;
#1237 = EDGE_CURVE ( 'NONE', #48, #1784, #3083, .T. ) ;
#1238 = ORIENTED_EDGE ( 'NONE', *, *, #1663, .F. ) ;
#1239 = ORIENTED_EDGE ( 'NONE', *, *, #3292, .T. ) ;
#1240 = CARTESIAN_POINT ( 'NONE',  ( 9.001307556549599900, 4.924880744725996400, 0.1718039275613932000 ) ) ;
#1241 = ORIENTED_EDGE ( 'NONE', *, *, #174, .T. ) ;
#1242 = ORIENTED_EDGE ( 'NONE', *, *, #2063, .F. ) ;
#1243 = EDGE_CURVE ( 'NONE', #2806, #2327, #371, .T. ) ;
#1244 = ORIENTED_EDGE ( 'NONE', *, *, #2157, .F. ) ;
#1245 = CARTESIAN_POINT ( 'NONE',  ( 7.863693182804998300, 2.527029028321109600, -9.834999999998759200 ) ) ;
#1246 = CARTESIAN_POINT ( 'NONE',  ( 9.500000000000101300, 4.059999999998999500, -1.015210994515276100 ) ) ;
#1247 = DIRECTION ( 'NONE',  ( -0.0000000000000000000, -0.0000000000000000000, 1.000000000000000000 ) ) ;
#1248 = AXIS2_PLACEMENT_3D ( 'NONE', #447, #3399, #2937 ) ;
#1249 = DIRECTION ( 'NONE',  ( 0.0000000000000000000, 0.0000000000000000000, 1.000000000000000000 ) ) ;
#1250 = DIRECTION ( 'NONE',  ( -0.9998751594334016600, 0.0000000000000000000, 0.01580080846126026900 ) ) ;
#1251 = CARTESIAN_POINT ( 'NONE',  ( 27.89000000000020000, 4.059999999998999500, -11.40500000000010100 ) ) ;
#1252 = AXIS2_PLACEMENT_3D ( 'NONE', #3419, #3343, #320 ) ;
#1253 = CARTESIAN_POINT ( 'NONE',  ( 11.13630681719350000, 5.592970971677781100, -9.834999999998759200 ) ) ;
#1254 = EDGE_CURVE ( 'NONE', #323, #2327, #922, .T. ) ;
#1255 = CARTESIAN_POINT ( 'NONE',  ( 12.00000000000000700, 4.342174112482023700, -0.4349999999982603300 ) ) ;
#1256 = ORIENTED_EDGE ( 'NONE', *, *, #2522, .F. ) ;
#1257 = CARTESIAN_POINT ( 'NONE',  ( 9.239380502468474500, 5.023737689030884500, 0.1551382509415544800 ) ) ;
#1258 = CARTESIAN_POINT ( 'NONE',  ( 9.500000000000101300, 4.059999999998999500, -9.834999999998759200 ) ) ;
#1259 = EDGE_CURVE ( 'NONE', #1260, #869, #2353, .T. ) ;
#1260 = VERTEX_POINT ( 'NONE', #1138 ) ;
#1261 = LINE ( 'NONE', #2516, #1981 ) ;
#1262 = CARTESIAN_POINT ( 'NONE',  ( 22.63000000000091600, -1.200000000000025700, -0.4350000000000380200 ) ) ;
#1263 = CYLINDRICAL_SURFACE ( 'NONE', #1874, 0.2699999999999369600 ) ;
#1264 = FACE_OUTER_BOUND ( 'NONE', #1169, .T. ) ;
#1265 = CIRCLE ( 'NONE', #2773, 0.7100000000045551000 ) ;
#1266 = CARTESIAN_POINT ( 'NONE',  ( 9.369818780072217000, 5.049897718680899300, 0.1501850723716006100 ) ) ;
#1267 = CARTESIAN_POINT ( 'NONE',  ( 22.63000000000091600, -1.200000000000025900, -10.64500000000060000 ) ) ;
#1268 = AXIS2_PLACEMENT_3D ( 'NONE', #523, #1076, #2058 ) ;
#1269 = ORIENTED_EDGE ( 'NONE', *, *, #774, .T. ) ;
#1270 = PLANE ( 'NONE',  #713 ) ;
#1271 = VECTOR ( 'NONE', #572, 1000.000000000000100 ) ;
#1272 = CIRCLE ( 'NONE', #1621, 2.499999999999906700 ) ;
#1273 = CIRCLE ( 'NONE', #2714, 3.650000000000639000 ) ;
#1274 = ORIENTED_EDGE ( 'NONE', *, *, #13, .F. ) ;
#1275 = ORIENTED_EDGE ( 'NONE', *, *, #377, .T. ) ;
#1276 = EDGE_LOOP ( 'NONE', ( #2544, #1314, #619, #957 ) ) ;
#1277 = CARTESIAN_POINT ( 'NONE',  ( 26.29224862532948100, 7.906350938843134600, -10.64500000000060000 ) ) ;
#1278 = EDGE_CURVE ( 'NONE', #3284, #987, #2271, .T. ) ;
#1279 = CARTESIAN_POINT ( 'NONE',  ( 9.628620890377797900, 5.050101666512084400, 0.1501477522090042800 ) ) ;
#1280 = ORIENTED_EDGE ( 'NONE', *, *, #1527, .F. ) ;
#1281 = CARTESIAN_POINT ( 'NONE',  ( 22.63000000000091600, 9.320000000000819200, -0.4350001666667045500 ) ) ;
#1282 = VERTEX_POINT ( 'NONE', #3226 ) ;
#1283 = CARTESIAN_POINT ( 'NONE',  ( 27.62000000001767900, 4.059999999998999500, -14.63999430160464500 ) ) ;
#1284 = CARTESIAN_POINT ( 'NONE',  ( 31.73635093884657400, 2.462248625333669500, -10.64500000000060000 ) ) ;
#1285 = CARTESIAN_POINT ( 'NONE',  ( 11.13630681719285300, 2.527029028321358800, -0.6850000000000535700 ) ) ;
#1286 = ORIENTED_EDGE ( 'NONE', *, *, #1224, .F. ) ;
#1287 = EDGE_CURVE ( 'NONE', #993, #213, #107, .T. ) ;
#1288 = PLANE ( 'NONE',  #3378 ) ;
#1289 = PLANE ( 'NONE',  #1619 ) ;
#1290 = AXIS2_PLACEMENT_3D ( 'NONE', #245, #3222, #2141 ) ;
#1291 = CARTESIAN_POINT ( 'NONE',  ( 9.001481529163246600, 3.194870489523999000, 0.1717664702236762800 ) ) ;
#1292 = VERTEX_POINT ( 'NONE', #1085 ) ;
#1293 = DIRECTION ( 'NONE',  ( 0.0000000000000000000, 0.0000000000000000000, 1.000000000000000000 ) ) ;
#1294 = ORIENTED_EDGE ( 'NONE', *, *, #648, .F. ) ;
#1295 = DIRECTION ( 'NONE',  ( -1.000000000000000000, -4.426183550088077700E-015, 0.0000000000000000000 ) ) ;
#1296 = EDGE_CURVE ( 'NONE', #1260, #762, #1544, .T. ) ;
#1297 = CARTESIAN_POINT ( 'NONE',  ( 9.500000000000101300, 4.059999999998999500, -9.834999999998759200 ) ) ;
#1298 = ADVANCED_FACE ( 'NONE', ( #2190 ), #19, .F. ) ;
#1299 = VERTEX_POINT ( 'NONE', #99 ) ;
#1300 = CARTESIAN_POINT ( 'NONE',  ( 9.758486504598964800, 5.024445157900935000, 0.1550144592919028800 ) ) ;
#1301 = VECTOR ( 'NONE', #1861, 1000.000000000000000 ) ;
#1302 = CARTESIAN_POINT ( 'NONE',  ( 7.000000000000194500, 4.059999999999000400, -10.08500000000030100 ) ) ;
#1303 = EDGE_CURVE ( 'NONE', #599, #3007, #35, .T. ) ;
#1304 = DIRECTION ( 'NONE',  ( 0.7071067811865475700, 0.7071067811865475700, 0.0000000000000000000 ) ) ;
#1305 = DIRECTION ( 'NONE',  ( -1.000000000000000000, -8.852367100176155400E-015, 0.0000000000000000000 ) ) ;
#1306 = AXIS2_PLACEMENT_3D ( 'NONE', #1940, #2739, #758 ) ;
#1307 = DIRECTION ( 'NONE',  ( 0.7071067811865475700, -0.7071067811865475700, 0.0000000000000000000 ) ) ;
#1308 = DIRECTION ( 'NONE',  ( 1.000000000000000000, 0.0000000000000000000, 0.0000000000000000000 ) ) ;
#1309 = FACE_OUTER_BOUND ( 'NONE', #1735, .T. ) ;
#1310 = FACE_OUTER_BOUND ( 'NONE', #945, .T. ) ;
#1311 = VECTOR ( 'NONE', #808, 1000.000000000000000 ) ;
#1312 = CIRCLE ( 'NONE', #2097, 1.000000000000064200 ) ;
#1313 = EDGE_LOOP ( 'NONE', ( #1660, #96, #1862, #1132, #644, #3425, #1095, #2293, #894, #1339, #735, #2036 ) ) ;
#1314 = ORIENTED_EDGE ( 'NONE', *, *, #220, .F. ) ;
#1315 = DIRECTION ( 'NONE',  ( 0.0000000000000000000, 0.0000000000000000000, -1.000000000000000000 ) ) ;
#1316 = AXIS2_PLACEMENT_3D ( 'NONE', #3206, #3235, #3474 ) ;
#1317 = CARTESIAN_POINT ( 'NONE',  ( 28.24499999991303400, 4.059999999998999500, -10.55500000012443700 ) ) ;
#1318 = ORIENTED_EDGE ( 'NONE', *, *, #3088, .F. ) ;
#1319 = CARTESIAN_POINT ( 'NONE',  ( 13.89000000006035400, 4.059999999998999500, -5.259999999999280400 ) ) ;
#1320 = ORIENTED_EDGE ( 'NONE', *, *, #3361, .F. ) ;
#1321 = EDGE_CURVE ( 'NONE', #3019, #2436, #739, .T. ) ;
#1322 = ADVANCED_FACE ( 'NONE', ( #2826 ), #631, .T. ) ;
#1323 = EDGE_CURVE ( 'NONE', #1586, #517, #662, .T. ) ;
#1324 = ORIENTED_EDGE ( 'NONE', *, *, #2979, .T. ) ;
#1325 = DIRECTION ( 'NONE',  ( 1.000000000000000000, 0.0000000000000000000, -0.0000000000000000000 ) ) ;
#1326 = ORIENTED_EDGE ( 'NONE', *, *, #870, .F. ) ;
#1327 = CARTESIAN_POINT ( 'NONE',  ( 11.47484176581362000, 2.527029028324038900, -9.834999999998759200 ) ) ;
#1328 = CARTESIAN_POINT ( 'NONE',  ( 12.98999999999883700, 3.909999999999599600, -5.259999999999280400 ) ) ;
#1329 = CARTESIAN_POINT ( 'NONE',  ( 27.89000000000020000, 4.059999999998999500, -10.64500000000060000 ) ) ;
#1330 = ORIENTED_EDGE ( 'NONE', *, *, #1640, .T. ) ;
#1331 = CARTESIAN_POINT ( 'NONE',  ( 8.708876864280126600, 3.451045393426865000, -10.72695629787643800 ) ) ;
#1332 = AXIS2_PLACEMENT_3D ( 'NONE', #3079, #1454, #3373 ) ;
#1333 = DIRECTION ( 'NONE',  ( -0.0000000000000000000, -0.0000000000000000000, -1.000000000000000000 ) ) ;
#1334 = B_SPLINE_CURVE_WITH_KNOTS ( 'NONE', 3,
 ( #1302, #1032, #215, #2117, #492, #2384 ),
 .UNSPECIFIED., .F., .F.,
 ( 4, 2, 4 ),
 ( 0.001668306182470899100, 0.002500884024384478000, 0.003333461866298057000 ),
 .UNSPECIFIED. ) ;
#1335 = SURFACE_SIDE_STYLE ('',( #1547 ) ) ;
#1336 = CARTESIAN_POINT ( 'NONE',  ( 8.690000000000798900, 4.753974062916779700, -5.410000000001220500 ) ) ;
#1337 = CARTESIAN_POINT ( 'NONE',  ( 11.77202929572549700, 2.980844240224140400, -0.5497381689210429900 ) ) ;
#1338 = ADVANCED_FACE ( 'NONE', ( #3471 ), #2719, .F. ) ;
#1339 = ORIENTED_EDGE ( 'NONE', *, *, #595, .T. ) ;
#1340 = CARTESIAN_POINT ( 'NONE',  ( 14.58041462568087900, 4.059999999998999500, -5.259999999999280400 ) ) ;
#1341 = CARTESIAN_POINT ( 'NONE',  ( 10.49000000000020400, 4.059999999998999500, -10.76000000000014000 ) ) ;
#1342 = AXIS2_PLACEMENT_3D ( 'NONE', #100, #649, #2535 ) ;
#1343 = EDGE_CURVE ( 'NONE', #2549, #686, #2741, .T. ) ;
#1344 = DIRECTION ( 'NONE',  ( 0.7071067811865474600, 0.7071067811865474600, 0.0000000000000000000 ) ) ;
#1345 = VECTOR ( 'NONE', #3066, 1000.000000000000000 ) ;
#1346 = CARTESIAN_POINT ( 'NONE',  ( 27.89000000000020000, 4.059999999998999500, -10.55500000000095900 ) ) ;
#1347 = DIRECTION ( 'NONE',  ( -0.0000000000000000000, -0.0000000000000000000, 1.000000000000000000 ) ) ;
#1348 = DIRECTION ( 'NONE',  ( 1.000000000000000000, -0.0000000000000000000, -0.0000000000000000000 ) ) ;
#1349 = EDGE_CURVE ( 'NONE', #2004, #3533, #2023, .T. ) ;
#1350 = CARTESIAN_POINT ( 'NONE',  ( 31.14549220063567600, 6.657882894128549700, -14.73499999999947900 ) ) ;
#1351 = VECTOR ( 'NONE', #900, 1000.000000000000000 ) ;
#1352 = VECTOR ( 'NONE', #1820, 1000.000000000000100 ) ;
#1353 = LINE ( 'NONE', #112, #629 ) ;
#1354 = ORIENTED_EDGE ( 'NONE', *, *, #1001, .F. ) ;
#1355 = CARTESIAN_POINT ( 'NONE',  ( 12.98999999999883700, 4.059999999998999500, -5.109999999999879500 ) ) ;
#1356 = ADVANCED_FACE ( 'NONE', ( #2102 ), #435, .T. ) ;
#1357 = VECTOR ( 'NONE', #3275, 1000.000000000000000 ) ;
#1358 = FACE_OUTER_BOUND ( 'NONE', #2546, .T. ) ;
#1359 = ORIENTED_EDGE ( 'NONE', *, *, #2400, .F. ) ;
#1360 = VERTEX_POINT ( 'NONE', #2330 ) ;
#1361 = DIRECTION ( 'NONE',  ( 0.0000000000000000000, 0.0000000000000000000, 1.000000000000000000 ) ) ;
#1362 = CARTESIAN_POINT ( 'NONE',  ( 5.259999999999280400, 4.059999999998999500, -5.259999999999280400 ) ) ;
#1363 = EDGE_LOOP ( 'NONE', ( #3231, #306, #2215, #87 ) ) ;
#1364 = CARTESIAN_POINT ( 'NONE',  ( 12.98999999999883700, 3.071314003334984800, -5.410000000001321800 ) ) ;
#1365 = ORIENTED_EDGE ( 'NONE', *, *, #2757, .F. ) ;
#1366 = CARTESIAN_POINT ( 'NONE',  ( 27.53500000004383700, 4.059999999998999500, -10.55500000008090900 ) ) ;
#1367 = DIRECTION ( 'NONE',  ( -1.000000000000000000, 0.0000000000000000000, 0.0000000000000000000 ) ) ;
#1368 = EDGE_LOOP ( 'NONE', ( #1146, #414, #1791 ) ) ;
#1369 = CARTESIAN_POINT ( 'NONE',  ( 9.309581525585635100, 5.031514696034300000, -0.6850000000000535700 ) ) ;
#1370 = EDGE_CURVE ( 'NONE', #445, #754, #1392, .T. ) ;
#1371 = EDGE_CURVE ( 'NONE', #176, #2267, #3401, .T. ) ;
#1372 = ORIENTED_EDGE ( 'NONE', *, *, #2891, .F. ) ;
#1373 = CARTESIAN_POINT ( 'NONE',  ( 31.80647799400340100, 7.318868687508939700, -14.73499999999947900 ) ) ;
#1374 = DIRECTION ( 'NONE',  ( 1.000000000000000000, -0.0000000000000000000, 0.0000000000000000000 ) ) ;
#1375 = EDGE_CURVE ( 'NONE', #2524, #2960, #2651, .T. ) ;
#1376 = DIRECTION ( 'NONE',  ( 0.7071067811865474600, -0.7071067811865474600, 0.0000000000000000000 ) ) ;
#1377 = ADVANCED_FACE ( 'NONE', ( #1227 ), #1288, .T. ) ;
#1378 = DIRECTION ( 'NONE',  ( -1.000000000000000000, 0.0000000000000000000, -0.0000000000000000000 ) ) ;
#1379 = AXIS2_PLACEMENT_3D ( 'NONE', #1455, #913, #101 ) ;
#1380 = DIRECTION ( 'NONE',  ( 0.0000000000000000000, 0.0000000000000000000, -1.000000000000000000 ) ) ;
#1381 = B_SPLINE_CURVE_WITH_KNOTS ( 'NONE', 1,
 ( #1575, #2786 ),
 .UNSPECIFIED., .F., .F.,
 ( 2, 2 ),
 ( 0.4999999999998671600, 1.000000000000000000 ),
 .UNSPECIFIED. ) ;
#1382 = ORIENTED_EDGE ( 'NONE', *, *, #2430, .T. ) ;
#1383 = CARTESIAN_POINT ( 'NONE',  ( 9.690418474414567400, 3.088485303963698600, -0.6850000000000535700 ) ) ;
#1384 = DIRECTION ( 'NONE',  ( 0.0000000000000000000, 0.0000000000000000000, -1.000000000000000000 ) ) ;
#1385 = VERTEX_POINT ( 'NONE', #230 ) ;
#1386 = CARTESIAN_POINT ( 'NONE',  ( 9.309581525585635100, 5.031514696034300000, -0.6850000000000535700 ) ) ;
#1387 = AXIS2_PLACEMENT_3D ( 'NONE', #841, #3063, #1756 ) ;
#1388 = DIRECTION ( 'NONE',  ( 1.000000000000000000, 0.0000000000000000000, -0.0000000000000000000 ) ) ;
#1389 = EDGE_LOOP ( 'NONE', ( #2984, #3242, #1845, #578, #315 ) ) ;
#1390 = PLANE ( 'NONE',  #408 ) ;
#1391 = DIRECTION ( 'NONE',  ( 1.000000000000000000, 0.0000000000000000000, 0.0000000000000000000 ) ) ;
#1392 = LINE ( 'NONE', #463, #585 ) ;
#1393 = ADVANCED_FACE ( 'NONE', ( #1942 ), #1007, .F. ) ;
#1394 = PRESENTATION_STYLE_ASSIGNMENT (( #3246 ) ) ;
#1395 = EDGE_CURVE ( 'NONE', #3423, #1260, #3318, .T. ) ;
#1396 = CARTESIAN_POINT ( 'NONE',  ( 8.948435904315685400, 11.40106991142111200, -1.968299387957828100 ) ) ;
#1397 = DIRECTION ( 'NONE',  ( 0.0000000000000000000, 0.0000000000000000000, 1.000000000000000000 ) ) ;
#1398 = CARTESIAN_POINT ( 'NONE',  ( 30.48788289413567700, 7.315492200629743800, -11.40500000000010100 ) ) ;
#1399 = ORIENTED_EDGE ( 'NONE', *, *, #1135, .T. ) ;
#1400 = CIRCLE ( 'NONE', #2624, 0.9900000000001036900 ) ;
#1401 = LINE ( 'NONE', #334, #1311 ) ;
#1402 = DIRECTION ( 'NONE',  ( 1.000000000000000000, 0.0000000000000000000, 0.0000000000000000000 ) ) ;
#1403 = VECTOR ( 'NONE', #1971, 1000.000000000000000 ) ;
#1404 = EDGE_CURVE ( 'NONE', #3238, #517, #2565, .T. ) ;
#1405 = ORIENTED_EDGE ( 'NONE', *, *, #3075, .F. ) ;
#1406 = EDGE_LOOP ( 'NONE', ( #3413, #3334, #3381, #976 ) ) ;
#1407 = ORIENTED_EDGE ( 'NONE', *, *, #1196, .T. ) ;
#1408 = EDGE_LOOP ( 'NONE', ( #90, #1704, #2031, #2043 ) ) ;
#1409 = CARTESIAN_POINT ( 'NONE',  ( 9.436527175195477600, 3.101418354482515100, -0.6850000000000560100 ) ) ;
#1410 = DIRECTION ( 'NONE',  ( -0.8660254037939623100, 6.123233995534754800E-017, -0.4999999999835045300 ) ) ;
#1411 = ORIENTED_EDGE ( 'NONE', *, *, #2382, .F. ) ;
#1412 = CARTESIAN_POINT ( 'NONE',  ( 27.89000000000020000, 4.059999999998999500, -11.40500000000010100 ) ) ;
#1413 = ORIENTED_EDGE ( 'NONE', *, *, #2045, .T. ) ;
#1414 = ADVANCED_FACE ( 'NONE', ( #1152 ), #128, .T. ) ;
#1415 = AXIS2_PLACEMENT_3D ( 'NONE', #3271, #1620, #8 ) ;
#1416 = EDGE_LOOP ( 'NONE', ( #223, #3056, #94, #2767, #2661, #3484, #2256, #2597, #1444, #1211, #690, #2016 ) ) ;
#1417 = CARTESIAN_POINT ( 'NONE',  ( 8.790093417713126900, 4.871733304708794100, -5.109999999999879500 ) ) ;
#1418 = DIRECTION ( 'NONE',  ( 0.0000000000000000000, 0.0000000000000000000, 1.000000000000000000 ) ) ;
#1419 = CARTESIAN_POINT ( 'NONE',  ( 27.89000000000020000, 4.059999999998999500, -14.73499999999947900 ) ) ;
#1420 = EDGE_CURVE ( 'NONE', #1586, #1070, #3218, .T. ) ;
#1421 = CARTESIAN_POINT ( 'NONE',  ( 31.73635093884875100, 5.657751374668828600, -10.64500000000060000 ) ) ;
#1422 = DIRECTION ( 'NONE',  ( -1.000000000000000000, 0.0000000000000000000, 0.0000000000000000000 ) ) ;
#1423 = CARTESIAN_POINT ( 'NONE',  ( 7.358458725274072500, 5.378221208877956600, -0.6130425896065784300 ) ) ;
#1424 = ORIENTED_EDGE ( 'NONE', *, *, #2400, .T. ) ;
#1425 = ADVANCED_FACE ( 'NONE', ( #491 ), #327, .F. ) ;
#1426 = VERTEX_POINT ( 'NONE', #496 ) ;
#1427 = CARTESIAN_POINT ( 'NONE',  ( 8.509999999999996200, 4.059999999998999500, -9.834999999998759200 ) ) ;
#1428 = DIRECTION ( 'NONE',  ( -0.8660254037939623100, 0.0000000000000000000, 0.4999999999835045300 ) ) ;
#1429 = CIRCLE ( 'NONE', #2689, 0.3549999999563624400 ) ;
#1430 = EDGE_CURVE ( 'NONE', #2556, #977, #1052, .T. ) ;
#1431 = LINE ( 'NONE', #355, #1351 ) ;
#1432 = LINE ( 'NONE', #2033, #3523 ) ;
#1433 = FACE_BOUND ( 'NONE', #1125, .T. ) ;
#1434 = CARTESIAN_POINT ( 'NONE',  ( 8.690000000000798900, 4.059999999998999500, -5.259999999999280400 ) ) ;
#1435 = EDGE_CURVE ( 'NONE', #991, #2387, #1767, .T. ) ;
#1436 = VERTEX_POINT ( 'NONE', #3157 ) ;
#1437 = DIRECTION ( 'NONE',  ( -1.000000000000000000, 0.0000000000000000000, 0.0000000000000000000 ) ) ;
#1438 = DIRECTION ( 'NONE',  ( 0.0000000000000000000, 0.0000000000000000000, 1.000000000000000000 ) ) ;
#1439 = CIRCLE ( 'NONE', #2329, 4.075733407078124600 ) ;
#1440 = CIRCLE ( 'NONE', #909, 0.9900000000001036900 ) ;
#1441 = VECTOR ( 'NONE', #1529, 1000.000000000000000 ) ;
#1442 = DIRECTION ( 'NONE',  ( 0.0000000000000000000, 0.0000000000000000000, 1.000000000000000000 ) ) ;
#1443 = EDGE_LOOP ( 'NONE', ( #120, #1120, #2930, #1114 ) ) ;
#1444 = ORIENTED_EDGE ( 'NONE', *, *, #867, .F. ) ;
#1445 = CARTESIAN_POINT ( 'NONE',  ( 31.80647799400894400, 0.8011313124872405700, -10.64500000000060000 ) ) ;
#1446 = VERTEX_POINT ( 'NONE', #726 ) ;
#1447 = ORIENTED_EDGE ( 'NONE', *, *, #2008, .T. ) ;
#1448 = EDGE_LOOP ( 'NONE', ( #3291, #3151, #2372, #3106, #3421, #2184, #2551, #1204, #886, #364, #2965, #3477 ) ) ;
#1449 = DIRECTION ( 'NONE',  ( -0.0000000000000000000, 0.0000000000000000000, -1.000000000000000000 ) ) ;
#1450 = ORIENTED_EDGE ( 'NONE', *, *, #1037, .T. ) ;
#1451 = AXIS2_PLACEMENT_3D ( 'NONE', #768, #314, #512 ) ;
#1452 = CARTESIAN_POINT ( 'NONE',  ( 8.690000000004266300, 3.189625819142679800, -5.410000000001220500 ) ) ;
#1453 = CARTESIAN_POINT ( 'NONE',  ( 31.80647799400873800, 0.8011313124869859900, -11.40500000000010100 ) ) ;
#1454 = DIRECTION ( 'NONE',  ( 1.000000000000000000, -0.0000000000000000000, -0.0000000000000000000 ) ) ;
#1455 = CARTESIAN_POINT ( 'NONE',  ( 27.89000000000020000, 4.059999999998999500, -10.64500000000060000 ) ) ;
#1456 = CARTESIAN_POINT ( 'NONE',  ( 12.98999999999883700, 3.909999999999656900, -6.248685996663704500 ) ) ;
#1457 = EDGE_CURVE ( 'NONE', #273, #3122, #419, .T. ) ;
#1458 = CIRCLE ( 'NONE', #788, 0.2700000000137522900 ) ;
#1459 = CARTESIAN_POINT ( 'NONE',  ( 7.358193126910752100, 5.377879053187780500, -9.907072058422764700 ) ) ;
#1460 = ORIENTED_EDGE ( 'NONE', *, *, #2863, .F. ) ;
#1461 = DIRECTION ( 'NONE',  ( -0.7071067811865474600, 0.7071067811865474600, 0.0000000000000000000 ) ) ;
#1462 = EDGE_CURVE ( 'NONE', #490, #3528, #2486, .T. ) ;
#1463 = VERTEX_POINT ( 'NONE', #487 ) ;
#1464 = ORIENTED_EDGE ( 'NONE', *, *, #54, .F. ) ;
#1465 = VERTEX_POINT ( 'NONE', #2295 ) ;
#1466 = ORIENTED_EDGE ( 'NONE', *, *, #95, .F. ) ;
#1467 = VECTOR ( 'NONE', #2998, 1000.000000000000000 ) ;
#1468 = AXIS2_PLACEMENT_3D ( 'NONE', #1340, #783, #3251 ) ;
#1469 = COLOUR_RGB ( '',0.7921568627450980000, 0.8196078431372548800, 0.9333333333333333500 ) ;
#1470 = DIRECTION ( 'NONE',  ( 1.000000000000000000, 0.0000000000000000000, 0.0000000000000000000 ) ) ;
#1471 = CIRCLE ( 'NONE', #71, 3.650000000000639000 ) ;
#1472 = DIRECTION ( 'NONE',  ( 0.0000000000000000000, 0.0000000000000000000, -1.000000000000000000 ) ) ;
#1473 = EDGE_CURVE ( 'NONE', #2218, #2279, #959, .T. ) ;
#1474 = VERTEX_POINT ( 'NONE', #3455 ) ;
#1475 = CIRCLE ( 'NONE', #2442, 4.165000000001119100 ) ;
#1476 = EDGE_CURVE ( 'NONE', #2862, #1168, #2836, .T. ) ;
#1477 = FACE_OUTER_BOUND ( 'NONE', #1448, .T. ) ;
#1478 = LINE ( 'NONE', #2235, #1403 ) ;
#1479 = CARTESIAN_POINT ( 'NONE',  ( 9.500000000000101300, 4.059999999998999500, -9.834999999998759200 ) ) ;
#1480 = ORIENTED_EDGE ( 'NONE', *, *, #641, .F. ) ;
#1481 = ORIENTED_EDGE ( 'NONE', *, *, #846, .F. ) ;
#1482 = EDGE_CURVE ( 'NONE', #3379, #3250, #231, .T. ) ;
#1483 = B_SPLINE_CURVE_WITH_KNOTS ( 'NONE', 3,
 ( #1369, #2238, #2779, #2086, #2234, #2261 ),
 .UNSPECIFIED., .F., .F.,
 ( 4, 2, 4 ),
 ( 1.281830655265010600E-015, 0.0007756350052749508300, 0.001551270010548619700 ),
 .UNSPECIFIED. ) ;
#1484 = ORIENTED_EDGE ( 'NONE', *, *, #3510, .T. ) ;
#1485 = APPLICATION_CONTEXT ( 'automotive_design' ) ;
#1486 = ORIENTED_EDGE ( 'NONE', *, *, #804, .T. ) ;
#1487 = AXIS2_PLACEMENT_3D ( 'NONE', #1864, #3257, #1883 ) ;
#1488 = VERTEX_POINT ( 'NONE', #1916 ) ;
#1489 = CARTESIAN_POINT ( 'NONE',  ( 9.998518470836952300, 4.925129510474000000, 0.1717664702236765800 ) ) ;
#1490 = ORIENTED_EDGE ( 'NONE', *, *, #2091, .T. ) ;
#1491 = CARTESIAN_POINT ( 'NONE',  ( 10.20414241785712200, 5.138439433727717700, -0.6850000000000535700 ) ) ;
#1492 = VERTEX_POINT ( 'NONE', #2939 ) ;
#1493 = DIRECTION ( 'NONE',  ( 0.0000000000000000000, 0.0000000000000000000, 1.000000000000000000 ) ) ;
#1494 = AXIS2_PLACEMENT_3D ( 'NONE', #1878, #2635, #2646 ) ;
#1495 = DIRECTION ( 'NONE',  ( 0.7071067811865474600, 0.7071067811865474600, 0.0000000000000000000 ) ) ;
#1496 = ORIENTED_EDGE ( 'NONE', *, *, #3072, .T. ) ;
#1497 = DIRECTION ( 'NONE',  ( 0.0000000000000000000, 0.0000000000000000000, 1.000000000000000000 ) ) ;
#1498 = CARTESIAN_POINT ( 'NONE',  ( 8.948435904315655200, 3.182808215842168200, -0.7195194901603014800 ) ) ;
#1499 = EDGE_CURVE ( 'NONE', #1573, #1426, #3330, .T. ) ;
#1500 = CARTESIAN_POINT ( 'NONE',  ( 10.10746731614876000, 4.852497054913032000, 0.1833962144485627400 ) ) ;
#1501 = CARTESIAN_POINT ( 'NONE',  ( 8.690000000004342700, 3.909999999999599600, -6.130374180855992200 ) ) ;
#1502 = ORIENTED_EDGE ( 'NONE', *, *, #3098, .F. ) ;
#1503 = CARTESIAN_POINT ( 'NONE',  ( 9.500000000000101300, 4.059999999998999500, -0.6850000000000539000 ) ) ;
#1504 = AXIS2_PLACEMENT_3D ( 'NONE', #602, #1705, #76 ) ;
#1505 = CARTESIAN_POINT ( 'NONE',  ( 9.690418474414624200, 5.031514696033710300, -9.834999999998759200 ) ) ;
#1506 = CARTESIAN_POINT ( 'NONE',  ( 5.760000000066156600, 4.059999999998999500, -5.259999999999280400 ) ) ;
#1507 = CARTESIAN_POINT ( 'NONE',  ( 10.29179203206465600, 4.668385979616673800, 0.2070357991625624800 ) ) ;
#1508 = CIRCLE ( 'NONE', #1595, 1.000000000000064200 ) ;
#1509 = CARTESIAN_POINT ( 'NONE',  ( 12.98999999999883700, 4.059999999998999500, -4.549999999999326600 ) ) ;
#1510 = DIRECTION ( 'NONE',  ( 1.000000000000000000, 2.628368902994887100E-015, 0.0000000000000000000 ) ) ;
#1511 = VECTOR ( 'NONE', #1677, 1000.000000000000000 ) ;
#1512 = VECTOR ( 'NONE', #556, 1000.000000000000100 ) ;
#1513 = CONICAL_SURFACE ( 'NONE', #50, 0.3549999999128347600, 0.7853981637318213600 ) ;
#1514 =( GEOMETRIC_REPRESENTATION_CONTEXT ( 3 ) GLOBAL_UNCERTAINTY_ASSIGNED_CONTEXT ( ( #441 ) ) GLOBAL_UNIT_ASSIGNED_CONTEXT ( ( #2548, #930, #2824 ) ) REPRESENTATION_CONTEXT ( 'NONE', 'WORKASPACE' ) );
#1515 = DIRECTION ( 'NONE',  ( -0.7071067811827008700, -0.7071067811903942700, 0.0000000000000000000 ) ) ;
#1516 = ORIENTED_EDGE ( 'NONE', *, *, #867, .T. ) ;
#1517 = CONICAL_SURFACE ( 'NONE', #1793, 0.2699999999258955200, 0.7853876109066895200 ) ;
#1518 = VECTOR ( 'NONE', #1175, 1000.000000000000000 ) ;
#1519 = FACE_OUTER_BOUND ( 'NONE', #1064, .T. ) ;
#1520 = EDGE_CURVE ( 'NONE', #3237, #3311, #507, .T. ) ;
#1521 = EDGE_LOOP ( 'NONE', ( #217, #2328, #1995, #1043, #2755, #861, #2429, #1123 ) ) ;
#1522 = ORIENTED_EDGE ( 'NONE', *, *, #854, .T. ) ;
#1523 = CARTESIAN_POINT ( 'NONE',  ( 10.36453451677946400, 4.559474379315459700, 0.2185871198949482200 ) ) ;
#1524 = DIRECTION ( 'NONE',  ( 1.000000000000000000, 0.0000000000000000000, 0.0000000000000000000 ) ) ;
#1525 = EDGE_LOOP ( 'NONE', ( #829, #1210, #2585, #350 ) ) ;
#1526 = VERTEX_POINT ( 'NONE', #232 ) ;
#1527 = EDGE_CURVE ( 'NONE', #3423, #3486, #3398, .T. ) ;
#1528 = ORIENTED_EDGE ( 'NONE', *, *, #311, .T. ) ;
#1529 = DIRECTION ( 'NONE',  ( 0.0000000000000000000, 0.0000000000000000000, -1.000000000000000000 ) ) ;
#1530 = CARTESIAN_POINT ( 'NONE',  ( 10.46396741499959400, 4.320118067644607200, 0.2351551458313466100 ) ) ;
#1531 = DIRECTION ( 'NONE',  ( -1.000000000000000000, 0.0000000000000000000, 0.0000000000000000000 ) ) ;
#1532 = DIRECTION ( 'NONE',  ( -1.000000000000000000, 0.0000000000000000000, 0.0000000000000000000 ) ) ;
#1533 = AXIS2_PLACEMENT_3D ( 'NONE', #1229, #671, #136 ) ;
#1534 = EDGE_CURVE ( 'NONE', #2, #1870, #1954, .T. ) ;
#1535 = CARTESIAN_POINT ( 'NONE',  ( 499023.8299999999000, 4.059999999907336000, 498991.5614294208900 ) ) ;
#1536 = ORIENTED_EDGE ( 'NONE', *, *, #1844, .F. ) ;
#1537 = CARTESIAN_POINT ( 'NONE',  ( 10.49000000000020400, 4.059999999998999500, 0.2400000000015799800 ) ) ;
#1538 = CARTESIAN_POINT ( 'NONE',  ( 10.49000000000020600, 4.191077580330862400, 0.2400000000015808700 ) ) ;
#1539 = ORIENTED_EDGE ( 'NONE', *, *, #1219, .F. ) ;
#1540 = EDGE_CURVE ( 'NONE', #2610, #3400, #1863, .T. ) ;
#1541 = CARTESIAN_POINT ( 'NONE',  ( 32.43708556270435400, 6.358485998530820600, -10.64500000000060000 ) ) ;
#1542 = EDGE_LOOP ( 'NONE', ( #729, #3158, #2619, #1365, #299, #300, #1665, #2706 ) ) ;
#1543 = DIRECTION ( 'NONE',  ( 0.0000000000000000000, -0.0000000000000000000, -1.000000000000000000 ) ) ;
#1544 = LINE ( 'NONE', #929, #1467 ) ;
#1545 = AXIS2_PLACEMENT_3D ( 'NONE', #874, #2495, #603 ) ;
#1546 = CARTESIAN_POINT ( 'NONE',  ( 9.436527175195438500, 3.101418354483729300, -9.834999999998759200 ) ) ;
#1547 = SURFACE_STYLE_FILL_AREA ( #1852 ) ;
#1548 = DIRECTION ( 'NONE',  ( -0.0000000000000000000, -1.000000000000000000, 0.0000000000000000000 ) ) ;
#1549 = CIRCLE ( 'NONE', #3428, 5.094999999999940200 ) ;
#1550 = CARTESIAN_POINT ( 'NONE',  ( 10.49000000000020400, 4.059999999998999500, 0.2400000000015799800 ) ) ;
#1551 = DIRECTION ( 'NONE',  ( 1.000000000000000000, 0.0000000000000000000, 0.0000000000000000000 ) ) ;
#1552 = AXIS2_PLACEMENT_3D ( 'NONE', #262, #30, #891 ) ;
#1553 = DIRECTION ( 'NONE',  ( 0.0000000000000000000, 0.0000000000000000000, -1.000000000000000000 ) ) ;
#1554 = CARTESIAN_POINT ( 'NONE',  ( 8.708207967935546600, 3.451614020381326100, 0.2070357991625622600 ) ) ;
#1555 = DIRECTION ( 'NONE',  ( -1.000000000000000000, 0.0000000000000000000, -0.0000000000000000000 ) ) ;
#1556 = ORIENTED_EDGE ( 'NONE', *, *, #2685, .F. ) ;
#1557 = LINE ( 'NONE', #433, #843 ) ;
#1558 = LINE ( 'NONE', #2005, #45 ) ;
#1559 = DIRECTION ( 'NONE',  ( 1.000000000000000000, 0.0000000000000000000, 0.0000000000000000000 ) ) ;
#1560 = VECTOR ( 'NONE', #3356, 1000.000000000000000 ) ;
#1561 = VERTEX_POINT ( 'NONE', #2125 ) ;
#1562 = ORIENTED_EDGE ( 'NONE', *, *, #3491, .T. ) ;
#1563 = ADVANCED_FACE ( 'NONE', ( #1780 ), #3141, .T. ) ;
#1564 = ORIENTED_EDGE ( 'NONE', *, *, #1101, .T. ) ;
#1565 = VERTEX_POINT ( 'NONE', #821 ) ;
#1566 = DIRECTION ( 'NONE',  ( 1.000000000000000000, 9.637352644314585400E-015, 0.0000000000000000000 ) ) ;
#1567 = CARTESIAN_POINT ( 'NONE',  ( 8.690000000003820400, 4.930374180855579900, -5.410000000001220500 ) ) ;
#1568 = ORIENTED_EDGE ( 'NONE', *, *, #37, .F. ) ;
#1569 = DIRECTION ( 'NONE',  ( -0.0000000000000000000, -0.0000000000000000000, 1.000000000000000000 ) ) ;
#1570 = CARTESIAN_POINT ( 'NONE',  ( 8.690000000000798900, 3.909999999999599600, -5.259999999999280400 ) ) ;
#1571 = EDGE_LOOP ( 'NONE', ( #709, #750, #3057, #982 ) ) ;
#1572 = EDGE_CURVE ( 'NONE', #1070, #1753, #1067, .T. ) ;
#1573 = VERTEX_POINT ( 'NONE', #1187 ) ;
#1574 = CARTESIAN_POINT ( 'NONE',  ( 11.64180687309015600, 2.742120946811428300, -9.907072058423098700 ) ) ;
#1575 = CARTESIAN_POINT ( 'NONE',  ( 22.63000000000091900, 4.059999999998999500, -0.4349999999991492900 ) ) ;
#1576 = ADVANCED_FACE ( 'NONE', ( #3234 ), #3245, .T. ) ;
#1577 = PLANE ( 'NONE',  #952 ) ;
#1578 = CARTESIAN_POINT ( 'NONE',  ( 30.48788289413567700, 7.315492200629743800, -14.73499999999947900 ) ) ;
#1579 = ORIENTED_EDGE ( 'NONE', *, *, #558, .F. ) ;
#1580 = DIRECTION ( 'NONE',  ( 0.0000000000000000000, 0.0000000000000000000, 1.000000000000000000 ) ) ;
#1581 = CARTESIAN_POINT ( 'NONE',  ( 5.760000000066156600, 4.059999999999000400, -9.459999999996249200 ) ) ;
#1582 = AXIS2_PLACEMENT_3D ( 'NONE', #1346, #1886, #266 ) ;
#1583 = CARTESIAN_POINT ( 'NONE',  ( 31.80647799400756900, 7.318868687512408900, -10.64500000000060000 ) ) ;
#1584 = ORIENTED_EDGE ( 'NONE', *, *, #3026, .T. ) ;
#1585 = B_SPLINE_CURVE_WITH_KNOTS ( 'NONE', 3,
 ( #2352, #3178, #1825, #186, #2092, #475, #2362, #734, #2636, #1022, #2907, #1291, #3195, #1554, #3467, #1835, #202, #2104 ),
 .UNSPECIFIED., .F., .F.,
 ( 4, 2, 2, 2, 2, 2, 2, 2, 4 ),
 ( 0.003100719939788834500, 0.003488308601785842400, 0.003875897263782850300, 0.004263485925779858200, 0.004651074587776866100, 0.005038663249773874000, 0.005426251911770881900, 0.005813840573767889800, 0.006201429235764897700 ),
 .UNSPECIFIED. ) ;
#1586 = VERTEX_POINT ( 'NONE', #564 ) ;
#1587 = DIRECTION ( 'NONE',  ( -1.000000000000000000, -8.511891442477073200E-016, 0.0000000000000000000 ) ) ;
#1588 = EDGE_CURVE ( 'NONE', #1151, #1436, #1696, .T. ) ;
#1589 = EDGE_LOOP ( 'NONE', ( #2286, #34, #1220, #2418 ) ) ;
#1590 = CARTESIAN_POINT ( 'NONE',  ( 9.001307556549599900, 3.195119255272003100, -10.69180392755995600 ) ) ;
#1591 = DIRECTION ( 'NONE',  ( 0.0000000000000000000, 0.0000000000000000000, 1.000000000000000000 ) ) ;
#1592 = VECTOR ( 'NONE', #3209, 1000.000000000000000 ) ;
#1593 = DIRECTION ( 'NONE',  ( -1.000000000000000000, -6.247503514920796000E-015, 0.0000000000000000000 ) ) ;
#1594 = ADVANCED_FACE ( 'NONE', ( #1166 ), #791, .T. ) ;
#1595 = AXIS2_PLACEMENT_3D ( 'NONE', #1434, #2596, #2830 ) ;
#1596 = CARTESIAN_POINT ( 'NONE',  ( 31.54000000000083800, 4.059999999999000400, -9.133000000001057800 ) ) ;
#1597 = LINE ( 'NONE', #2469, #882 ) ;
#1598 = VECTOR ( 'NONE', #1904, 1000.000000000000000 ) ;
#1599 = CYLINDRICAL_SURFACE ( 'NONE', #412, 0.9900000000001036900 ) ;
#1600 = CARTESIAN_POINT ( 'NONE',  ( 11.47484176581132300, 2.527029028321079900, -0.6850000000000539000 ) ) ;
#1601 = ORIENTED_EDGE ( 'NONE', *, *, #329, .F. ) ;
#1602 = CARTESIAN_POINT ( 'NONE',  ( 27.89000000000020000, 4.059999999998999500, -14.73499999999947900 ) ) ;
#1603 = CIRCLE ( 'NONE', #2149, 0.3549999999563624400 ) ;
#1604 = VECTOR ( 'NONE', #3500, 1000.000000000000100 ) ;
#1605 = AXIS2_PLACEMENT_3D ( 'NONE', #2621, #1004, #2898 ) ;
#1606 = VECTOR ( 'NONE', #1515, 1000.000000000000000 ) ;
#1607 = CARTESIAN_POINT ( 'NONE',  ( 8.690000000000798900, 2.745913579294700000, -5.109999999999879500 ) ) ;
#1608 = CARTESIAN_POINT ( 'NONE',  ( 8.990000000057493800, 3.909999999999599600, -5.953974062918513600 ) ) ;
#1609 = ORIENTED_EDGE ( 'NONE', *, *, #3433, .F. ) ;
#1610 = ORIENTED_EDGE ( 'NONE', *, *, #3103, .F. ) ;
#1611 = VERTEX_POINT ( 'NONE', #1107 ) ;
#1612 = EDGE_LOOP ( 'NONE', ( #1963, #1099, #3142, #321 ) ) ;
#1613 = ORIENTED_EDGE ( 'NONE', *, *, #1420, .F. ) ;
#1614 = EDGE_LOOP ( 'NONE', ( #1407, #1719, #2820, #654 ) ) ;
#1615 = DIRECTION ( 'NONE',  ( -0.0000000000000000000, -0.0000000000000000000, -1.000000000000000000 ) ) ;
#1616 = EDGE_CURVE ( 'NONE', #1699, #2610, #3052, .T. ) ;
#1617 = DIRECTION ( 'NONE',  ( 0.0000000000000000000, 0.0000000000000000000, -1.000000000000000000 ) ) ;
#1618 = ADVANCED_FACE ( 'NONE', ( #2321 ), #910, .T. ) ;
#1619 = AXIS2_PLACEMENT_3D ( 'NONE', #2354, #1815, #3457 ) ;
#1620 = DIRECTION ( 'NONE',  ( -1.000000000000000000, 0.0000000000000000000, 0.0000000000000000000 ) ) ;
#1621 = AXIS2_PLACEMENT_3D ( 'NONE', #3308, #3167, #2604 ) ;
#1622 = PLANE ( 'NONE',  #229 ) ;
#1623 = DIRECTION ( 'NONE',  ( -1.000000000000000000, 0.0000000000000000000, 0.0000000000000000000 ) ) ;
#1624 = ORIENTED_EDGE ( 'NONE', *, *, #594, .T. ) ;
#1625 = CARTESIAN_POINT ( 'NONE',  ( 22.63000000000091600, 9.320000000000819200, -0.4350001666667045500 ) ) ;
#1626 = DIRECTION ( 'NONE',  ( 0.0000000000000000000, 0.0000000000000000000, -1.000000000000000000 ) ) ;
#1627 = ORIENTED_EDGE ( 'NONE', *, *, #1404, .F. ) ;
#1628 = DIRECTION ( 'NONE',  ( -1.000000000000000000, 0.0000000000000000000, 0.0000000000000000000 ) ) ;
#1629 = B_SPLINE_CURVE_WITH_KNOTS ( 'NONE', 3,
 ( #1029, #2162, #1546, #3187 ),
 .UNSPECIFIED., .F., .F.,
 ( 4, 4 ),
 ( 5.377642775528102000E-016, 0.0003808369488285164200 ),
 .UNSPECIFIED. ) ;
#1630 = ADVANCED_FACE ( 'NONE', ( #342, #158 ), #525, .T. ) ;
#1631 = EDGE_CURVE ( 'NONE', #607, #1766, #2247, .T. ) ;
#1632 = CARTESIAN_POINT ( 'NONE',  ( 30.48788289414019600, 7.315492200634799300, -14.73499999999948100 ) ) ;
#1633 = DIRECTION ( 'NONE',  ( -0.0000000000000000000, -0.0000000000000000000, 1.000000000000000000 ) ) ;
#1634 = ORIENTED_EDGE ( 'NONE', *, *, #2006, .T. ) ;
#1635 = VECTOR ( 'NONE', #2435, 1000.000000000000000 ) ;
#1636 = CARTESIAN_POINT ( 'NONE',  ( 12.98999999999883700, 4.059999999998999500, -5.259999999999280400 ) ) ;
#1637 = CARTESIAN_POINT ( 'NONE',  ( 10.91105661555907800, 2.658113136583294600, -9.834999999998761000 ) ) ;
#1638 = DIRECTION ( 'NONE',  ( -1.000000000000000000, 0.0000000000000000000, 0.0000000000000000000 ) ) ;
#1639 = CIRCLE ( 'NONE', #1487, 0.7099999999999537800 ) ;
#1640 = EDGE_CURVE ( 'NONE', #3396, #2534, #973, .T. ) ;
#1641 = CARTESIAN_POINT ( 'NONE',  ( 8.990000000059177800, 4.210000000000940500, -4.566025937081590800 ) ) ;
#1642 = CYLINDRICAL_SURFACE ( 'NONE', #3241, 4.165000000001119100 ) ;
#1643 = CYLINDRICAL_SURFACE ( 'NONE', #879, 2.499999999999906700 ) ;
#1644 = ORIENTED_EDGE ( 'NONE', *, *, #1520, .F. ) ;
#1645 = VECTOR ( 'NONE', #155, 1000.000000000000000 ) ;
#1646 = FACE_OUTER_BOUND ( 'NONE', #1363, .T. ) ;
#1647 = CYLINDRICAL_SURFACE ( 'NONE', #1379, 5.094999999999940200 ) ;
#1648 = DIRECTION ( 'NONE',  ( -1.000000000000000000, 0.0000000000000000000, 0.0000000000000000000 ) ) ;
#1649 = CARTESIAN_POINT ( 'NONE',  ( 22.63000000000091900, 4.059999999998999500, -11.40500000000010100 ) ) ;
#1650 = ORIENTED_EDGE ( 'NONE', *, *, #2122, .T. ) ;
#1651 = ORIENTED_EDGE ( 'NONE', *, *, #3433, .T. ) ;
#1652 = DIRECTION ( 'NONE',  ( 0.7071067811865474600, 0.7071067811865474600, 0.0000000000000000000 ) ) ;
#1653 = DIRECTION ( 'NONE',  ( 0.0000000000000000000, 0.0000000000000000000, -1.000000000000000000 ) ) ;
#1654 = ADVANCED_FACE ( 'NONE', ( #85 ), #831, .F. ) ;
#1655 = ORIENTED_EDGE ( 'NONE', *, *, #1921, .F. ) ;
#1656 = ORIENTED_EDGE ( 'NONE', *, *, #2863, .T. ) ;
#1657 = AXIS2_PLACEMENT_3D ( 'NONE', #3262, #1888, #270 ) ;
#1658 = CARTESIAN_POINT ( 'NONE',  ( 26.29224862532839800, 0.2136490611561713300, -10.64500000000060000 ) ) ;
#1659 = PLANE ( 'NONE',  #361 ) ;
#1660 = ORIENTED_EDGE ( 'NONE', *, *, #574, .T. ) ;
#1661 = ORIENTED_EDGE ( 'NONE', *, *, #1728, .F. ) ;
#1662 = EDGE_CURVE ( 'NONE', #2849, #3393, #2962, .T. ) ;
#1663 = EDGE_CURVE ( 'NONE', #3488, #3400, #2879, .T. ) ;
#1664 = ORIENTED_EDGE ( 'NONE', *, *, #1462, .F. ) ;
#1665 = ORIENTED_EDGE ( 'NONE', *, *, #2650, .F. ) ;
#1666 = CARTESIAN_POINT ( 'NONE',  ( 10.05156409568256000, 4.937191784154599400, -9.800480509838319400 ) ) ;
#1667 = CARTESIAN_POINT ( 'NONE',  ( 10.49000000000020400, 4.059999999998999500, -10.76000000000014000 ) ) ;
#1668 = EDGE_CURVE ( 'NONE', #3225, #48, #484, .T. ) ;
#1669 = CARTESIAN_POINT ( 'NONE',  ( 12.00000000000000700, 4.341641243175661000, -10.08500000000029900 ) ) ;
#1670 = CARTESIAN_POINT ( 'NONE',  ( 7.863693182803336500, 5.592970971676321800, -9.834999999999656200 ) ) ;
#1671 = AXIS2_PLACEMENT_3D ( 'NONE', #286, #2665, #2454 ) ;
#1672 = ADVANCED_FACE ( 'NONE', ( #2799 ), #1659, .T. ) ;
#1673 = EDGE_LOOP ( 'NONE', ( #3456, #1822, #2155, #784 ) ) ;
#1674 = DIRECTION ( 'NONE',  ( 0.0000000000000000000, 0.0000000000000000000, 1.000000000000000000 ) ) ;
#1675 = ORIENTED_EDGE ( 'NONE', *, *, #1237, .T. ) ;
#1676 = DIRECTION ( 'NONE',  ( -1.000000000000000000, 8.330004686561060700E-016, 0.0000000000000000000 ) ) ;
#1677 = DIRECTION ( 'NONE',  ( -0.0000000000000000000, -1.000000000000000000, -0.0000000000000000000 ) ) ;
#1678 = DIRECTION ( 'NONE',  ( 0.0000000000000000000, 0.0000000000000000000, 1.000000000000000000 ) ) ;
#1679 = CARTESIAN_POINT ( 'NONE',  ( 25.59151400147720100, -0.4870855627044979900, -10.64500000000060000 ) ) ;
#1680 = VECTOR ( 'NONE', #3460, 1000.000000000000000 ) ;
#1681 = DIRECTION ( 'NONE',  ( 0.0000000000000000000, 0.0000000000000000000, -1.000000000000000000 ) ) ;
#1682 = FACE_OUTER_BOUND ( 'NONE', #62, .T. ) ;
#1683 = DIRECTION ( 'NONE',  ( -1.000000000000000000, -7.149988811680741000E-015, 0.0000000000000000000 ) ) ;
#1684 = DIRECTION ( 'NONE',  ( -1.000000000000000000, 8.511891442477073200E-016, 0.0000000000000000000 ) ) ;
#1685 = CARTESIAN_POINT ( 'NONE',  ( 29.48775137467140100, 7.906350938843840700, -10.64500000000060000 ) ) ;
#1686 = CARTESIAN_POINT ( 'NONE',  ( 22.63000000000091600, -1.200000000000025900, -10.64500000000060000 ) ) ;
#1687 = PLANE ( 'NONE',  #3205 ) ;
#1688 = ADVANCED_FACE ( 'NONE', ( #3531 ), #1270, .T. ) ;
#1689 = LINE ( 'NONE', #307, #3045 ) ;
#1690 = CYLINDRICAL_SURFACE ( 'NONE', #1468, 0.7099999999999537800 ) ;
#1691 = CIRCLE ( 'NONE', #3403, 4.165000000001119100 ) ;
#1692 = AXIS2_PLACEMENT_3D ( 'NONE', #3104, #1470, #3395 ) ;
#1693 = CARTESIAN_POINT ( 'NONE',  ( 11.13630681719334000, 5.592970971678064500, -0.6850000000000535700 ) ) ;
#1694 = ORIENTED_EDGE ( 'NONE', *, *, #685, .T. ) ;
#1695 = FACE_OUTER_BOUND ( 'NONE', #3080, .T. ) ;
#1696 = LINE ( 'NONE', #1040, #249 ) ;
#1697 = FACE_OUTER_BOUND ( 'NONE', #3208, .T. ) ;
#1698 = DIRECTION ( 'NONE',  ( 0.0000000000000000000, 0.0000000000000000000, -1.000000000000000000 ) ) ;
#1699 = VERTEX_POINT ( 'NONE', #1912 ) ;
#1700 = ORIENTED_EDGE ( 'NONE', *, *, #1457, .F. ) ;
#1701 = DIRECTION ( 'NONE',  ( -0.7071067811865474600, 0.7071067811865474600, 0.0000000000000000000 ) ) ;
#1702 = EDGE_LOOP ( 'NONE', ( #1748, #674, #1195, #258 ) ) ;
#1703 = CARTESIAN_POINT ( 'NONE',  ( 7.885141141687699800, 3.071314003334623800, -5.109999999999619300 ) ) ;
#1704 = ORIENTED_EDGE ( 'NONE', *, *, #2259, .T. ) ;
#1705 = DIRECTION ( 'NONE',  ( 0.0000000000000000000, -1.000000000000000000, 0.0000000000000000000 ) ) ;
#1706 = CARTESIAN_POINT ( 'NONE',  ( 9.500000000000101300, 2.527029028324265800, -0.6850000000000539000 ) ) ;
#1707 = AXIS2_PLACEMENT_3D ( 'NONE', #918, #1736, #105 ) ;
#1708 = ORIENTED_EDGE ( 'NONE', *, *, #694, .T. ) ;
#1709 = ORIENTED_EDGE ( 'NONE', *, *, #2297, .T. ) ;
#1710 = ADVANCED_FACE ( 'NONE', ( #1358 ), #2340, .T. ) ;
#1711 = CARTESIAN_POINT ( 'NONE',  ( 8.690000000171949100, 4.059999999998999500, -5.259999999999280400 ) ) ;
#1712 = DIRECTION ( 'NONE',  ( -0.0000000000000000000, -0.0000000000000000000, 1.000000000000000000 ) ) ;
#1713 = EDGE_CURVE ( 'NONE', #104, #3486, #1440, .T. ) ;
#1714 = DIRECTION ( 'NONE',  ( 0.0000000000000000000, 0.0000000000000000000, 1.000000000000000000 ) ) ;
#1715 = DIRECTION ( 'NONE',  ( 0.0000000000000000000, 0.0000000000000000000, 1.000000000000000000 ) ) ;
#1716 = CARTESIAN_POINT ( 'NONE',  ( 9.500000000000101300, 4.059999999998999500, -9.834999999998759200 ) ) ;
#1717 = ORIENTED_EDGE ( 'NONE', *, *, #3491, .F. ) ;
#1718 = DIRECTION ( 'NONE',  ( 0.7071067811865474600, -0.7071067811865474600, -0.0000000000000000000 ) ) ;
#1719 = ORIENTED_EDGE ( 'NONE', *, *, #2339, .F. ) ;
#1720 = AXIS2_PLACEMENT_3D ( 'NONE', #3521, #877, #3342 ) ;
#1721 = CARTESIAN_POINT ( 'NONE',  ( 9.954779092687241300, 3.061552602890152700, -0.6850000000000534600 ) ) ;
#1722 = ORIENTED_EDGE ( 'NONE', *, *, #1159, .T. ) ;
#1723 = AXIS2_PLACEMENT_3D ( 'NONE', #2576, #145, #2049 ) ;
#1724 = DIRECTION ( 'NONE',  ( 0.0000000000000000000, 0.0000000000000000000, 1.000000000000000000 ) ) ;
#1725 = DIRECTION ( 'NONE',  ( -0.0000000000000000000, -0.0000000000000000000, -1.000000000000000000 ) ) ;
#1726 = CARTESIAN_POINT ( 'NONE',  ( 8.690000000000798900, 3.366025937083760400, -5.109999999999879500 ) ) ;
#1727 = VECTOR ( 'NONE', #1410, 1000.000000000000100 ) ;
#1728 = EDGE_CURVE ( 'NONE', #3243, #166, #2071, .T. ) ;
#1729 = CIRCLE ( 'NONE', #949, 4.825000000001019800 ) ;
#1730 = DIRECTION ( 'NONE',  ( 0.0000000000000000000, 0.0000000000000000000, 1.000000000000000000 ) ) ;
#1731 = FACE_OUTER_BOUND ( 'NONE', #1885, .T. ) ;
#1732 = CIRCLE ( 'NONE', #2132, 0.7099999999999537800 ) ;
#1733 = VECTOR ( 'NONE', #2344, 1000.000000000000000 ) ;
#1734 = EDGE_CURVE ( 'NONE', #3311, #607, #634, .T. ) ;
#1735 = EDGE_LOOP ( 'NONE', ( #638, #1655 ) ) ;
#1736 = DIRECTION ( 'NONE',  ( 0.0000000000000000000, 0.0000000000000000000, -1.000000000000000000 ) ) ;
#1737 = FACE_OUTER_BOUND ( 'NONE', #394, .T. ) ;
#1738 = CIRCLE ( 'NONE', #2176, 0.7099999999999537800 ) ;
#1739 = LINE ( 'NONE', #2526, #934 ) ;
#1740 = ORIENTED_EDGE ( 'NONE', *, *, #1482, .F. ) ;
#1741 = VERTEX_POINT ( 'NONE', #1121 ) ;
#1742 = DIRECTION ( 'NONE',  ( 0.0000000000000000000, -0.0000000000000000000, 1.000000000000000000 ) ) ;
#1743 = AXIS2_PLACEMENT_3D ( 'NONE', #1155, #2762, #865 ) ;
#1744 = VERTEX_POINT ( 'NONE', #301 ) ;
#1745 = VERTEX_POINT ( 'NONE', #2734 ) ;
#1746 = ORIENTED_EDGE ( 'NONE', *, *, #790, .T. ) ;
#1747 = EDGE_LOOP ( 'NONE', ( #1952, #1413, #1755, #1326 ) ) ;
#1748 = ORIENTED_EDGE ( 'NONE', *, *, #720, .T. ) ;
#1749 = AXIS2_PLACEMENT_3D ( 'NONE', #1961, #1380, #283 ) ;
#1750 = FILL_AREA_STYLE ('',( #393 ) ) ;
#1751 = ORIENTED_EDGE ( 'NONE', *, *, #595, .F. ) ;
#1752 = DIRECTION ( 'NONE',  ( 0.7071067811865475700, 0.7071067811865475700, 0.0000000000000000000 ) ) ;
#1753 = VERTEX_POINT ( 'NONE', #1350 ) ;
#1754 = DIRECTION ( 'NONE',  ( 1.000000000000000000, 0.0000000000000000000, 0.0000000000000000000 ) ) ;
#1755 = ORIENTED_EDGE ( 'NONE', *, *, #177, .T. ) ;
#1756 = DIRECTION ( 'NONE',  ( -1.000000000000000000, 0.0000000000000000000, 0.0000000000000000000 ) ) ;
#1757 = EDGE_CURVE ( 'NONE', #2925, #1213, #2159, .T. ) ;
#1758 = CARTESIAN_POINT ( 'NONE',  ( 27.89000000000020000, 4.059999999998999500, -11.40500000000010100 ) ) ;
#1759 = ORIENTED_EDGE ( 'NONE', *, *, #1827, .T. ) ;
#1760 = EDGE_CURVE ( 'NONE', #3528, #490, #2709, .T. ) ;
#1761 = CARTESIAN_POINT ( 'NONE',  ( 27.89000000000020000, 4.059999999998999500, -10.64500000000060000 ) ) ;
#1762 = DIRECTION ( 'NONE',  ( 0.0000000000000000000, 0.0000000000000000000, 1.000000000000000000 ) ) ;
#1763 = PLANE ( 'NONE',  #466 ) ;
#1764 = ORIENTED_EDGE ( 'NONE', *, *, #3252, .T. ) ;
#1765 = CARTESIAN_POINT ( 'NONE',  ( 9.690418474414567400, 5.031514696034297400, -0.6850000000000535700 ) ) ;
#1766 = VERTEX_POINT ( 'NONE', #187 ) ;
#1767 = CIRCLE ( 'NONE', #1124, 4.825000000001019800 ) ;
#1768 = DIRECTION ( 'NONE',  ( 0.0000000000000000000, 0.0000000000000000000, -1.000000000000000000 ) ) ;
#1769 = AXIS2_PLACEMENT_3D ( 'NONE', #796, #2704, #1361 ) ;
#1770 = VECTOR ( 'NONE', #3239, 1000.000000000000100 ) ;
#1771 = CARTESIAN_POINT ( 'NONE',  ( 25.59151400147246500, -0.4870855626997614400, -10.64500000000060000 ) ) ;
#1772 = CARTESIAN_POINT ( 'NONE',  ( 8.948435904315653400, -3.281069911422327000, -8.551700612042708400 ) ) ;
#1773 = EDGE_CURVE ( 'NONE', #2547, #581, #546, .T. ) ;
#1774 = CYLINDRICAL_SURFACE ( 'NONE', #64, 5.500000000000860600 ) ;
#1775 = CIRCLE ( 'NONE', #933, 4.165000000001119100 ) ;
#1776 = LINE ( 'NONE', #2020, #1063 ) ;
#1777 = PLANE ( 'NONE',  #3459 ) ;
#1778 = CARTESIAN_POINT ( 'NONE',  ( 22.63000000000091900, 4.059999999998999500, -11.40500000000010100 ) ) ;
#1779 = VERTEX_POINT ( 'NONE', #1048 ) ;
#1780 = FACE_OUTER_BOUND ( 'NONE', #2717, .T. ) ;
#1781 = EDGE_CURVE ( 'NONE', #511, #1526, #1272, .T. ) ;
#1782 = DIRECTION ( 'NONE',  ( -0.0000000000000000000, -0.0000000000000000000, 1.000000000000000000 ) ) ;
#1783 = EDGE_LOOP ( 'NONE', ( #1072, #1759, #346 ) ) ;
#1784 = VERTEX_POINT ( 'NONE', #1846 ) ;
#1785 = VERTEX_POINT ( 'NONE', #1035 ) ;
#1786 = CARTESIAN_POINT ( 'NONE',  ( 10.20106459316955500, 5.137371435254308100, -9.834999999998759200 ) ) ;
#1787 = CARTESIAN_POINT ( 'NONE',  ( 31.80647799400340100, 7.318868687508939700, -11.40500000000010100 ) ) ;
#1788 = EDGE_LOOP ( 'NONE', ( #781, #1634 ) ) ;
#1789 = AXIS2_PLACEMENT_3D ( 'NONE', #2566, #609, #1493 ) ;
#1790 = DIRECTION ( 'NONE',  ( -1.000000000000000000, 0.0000000000000000000, 0.0000000000000000000 ) ) ;
#1791 = ORIENTED_EDGE ( 'NONE', *, *, #2122, .F. ) ;
#1792 = VERTEX_POINT ( 'NONE', #1005 ) ;
#1793 = AXIS2_PLACEMENT_3D ( 'NONE', #3475, #1034, #2118 ) ;
#1794 = CARTESIAN_POINT ( 'NONE',  ( 30.18848599852319500, -0.4870855627044980400, -10.64500000000060000 ) ) ;
#1795 = ORIENTED_EDGE ( 'NONE', *, *, #2091, .F. ) ;
#1796 = CARTESIAN_POINT ( 'NONE',  ( 30.18848599852319500, 8.607085562703259600, -10.64500000000060000 ) ) ;
#1797 = DIRECTION ( 'NONE',  ( 0.7071067811865475700, -0.7071067811865475700, 0.0000000000000000000 ) ) ;
#1798 = CARTESIAN_POINT ( 'NONE',  ( 8.990000000033381500, 3.366025937068521000, -5.410000000001220500 ) ) ;
#1799 = EDGE_CURVE ( 'NONE', #389, #1474, #1906, .T. ) ;
#1800 = ORIENTED_EDGE ( 'NONE', *, *, #1323, .T. ) ;
#1801 = CARTESIAN_POINT ( 'NONE',  ( 9.500000000000101300, 4.059999999998999500, -0.6850000000000539000 ) ) ;
#1802 = ORIENTED_EDGE ( 'NONE', *, *, #1158, .F. ) ;
#1803 = AXIS2_PLACEMENT_3D ( 'NONE', #3139, #1247, #2861 ) ;
#1804 = ORIENTED_EDGE ( 'NONE', *, *, #2867, .F. ) ;
#1805 = DIRECTION ( 'NONE',  ( 0.7071067811865474600, 0.7071067811865474600, 0.0000000000000000000 ) ) ;
#1806 = LINE ( 'NONE', #2257, #2437 ) ;
#1807 = DIRECTION ( 'NONE',  ( 0.0000000000000000000, 0.0000000000000000000, 1.000000000000000000 ) ) ;
#1808 = AXIS2_PLACEMENT_3D ( 'NONE', #584, #2310, #2892 ) ;
#1809 = CARTESIAN_POINT ( 'NONE',  ( 22.63000000000091900, 4.059999999998999500, -11.40500000000010100 ) ) ;
#1810 = VECTOR ( 'NONE', #2680, 1000.000000000000000 ) ;
#1811 = FACE_OUTER_BOUND ( 'NONE', #2716, .T. ) ;
#1812 = VECTOR ( 'NONE', #255, 1000.000000000000000 ) ;
#1813 = CYLINDRICAL_SURFACE ( 'NONE', #3505, 2.499999999999906700 ) ;
#1814 = ORIENTED_EDGE ( 'NONE', *, *, #1370, .F. ) ;
#1815 = DIRECTION ( 'NONE',  ( 0.0000000000000000000, 0.0000000000000000000, -1.000000000000000000 ) ) ;
#1816 = DIRECTION ( 'NONE',  ( 1.000000000000000000, 0.0000000000000000000, 0.0000000000000000000 ) ) ;
#1817 = VECTOR ( 'NONE', #1145, 1000.000000000000000 ) ;
#1818 = VECTOR ( 'NONE', #238, 1000.000000000000000 ) ;
#1819 = VECTOR ( 'NONE', #3388, 1000.000000000000000 ) ;
#1820 = DIRECTION ( 'NONE',  ( 0.7071067811865474600, 0.7071067811865474600, 0.0000000000000000000 ) ) ;
#1821 = EDGE_CURVE ( 'NONE', #1426, #1561, #1199, .T. ) ;
#1822 = ORIENTED_EDGE ( 'NONE', *, *, #2272, .F. ) ;
#1823 = ORIENTED_EDGE ( 'NONE', *, *, #773, .F. ) ;
#1824 = CARTESIAN_POINT ( 'NONE',  ( 10.49000000000020600, 4.191077130382054400, -10.76000000000013800 ) ) ;
#1825 = CARTESIAN_POINT ( 'NONE',  ( 10.46410286113385800, 3.800319861580381700, 0.2351788213603236700 ) ) ;
#1826 = ORIENTED_EDGE ( 'NONE', *, *, #1037, .F. ) ;
#1827 = EDGE_CURVE ( 'NONE', #2254, #2712, #3281, .T. ) ;
#1828 = VERTEX_POINT ( 'NONE', #1103 ) ;
#1829 = AXIS2_PLACEMENT_3D ( 'NONE', #1974, #2466, #4 ) ;
#1830 = ORIENTED_EDGE ( 'NONE', *, *, #1534, .T. ) ;
#1831 = DIRECTION ( 'NONE',  ( 1.000000000000000000, 0.0000000000000000000, 0.0000000000000000000 ) ) ;
#1832 = ADVANCED_FACE ( 'NONE', ( #1116 ), #1014, .F. ) ;
#1833 = CARTESIAN_POINT ( 'NONE',  ( 9.500000000000101300, 4.059999999998999500, -1.015210994515276100 ) ) ;
#1834 = DIRECTION ( 'NONE',  ( 0.0000000000000000000, -0.0000000000000000000, 1.000000000000000000 ) ) ;
#1835 = CARTESIAN_POINT ( 'NONE',  ( 8.536032585000608500, 3.799881932353391900, 0.2351551458313463300 ) ) ;
#1836 = SURFACE_STYLE_FILL_AREA ( #1750 ) ;
#1837 = CARTESIAN_POINT ( 'NONE',  ( 24.63450779936535500, 1.462117105868659900, -10.64500000000060000 ) ) ;
#1838 = DIRECTION ( 'NONE',  ( 0.0000000000000000000, 0.0000000000000000000, -1.000000000000000000 ) ) ;
#1839 = ORIENTED_EDGE ( 'NONE', *, *, #698, .F. ) ;
#1840 = EDGE_CURVE ( 'NONE', #253, #2888, #1738, .T. ) ;
#1841 = CARTESIAN_POINT ( 'NONE',  ( 8.690000000000798900, 5.290606660187919800, -5.410000000001220500 ) ) ;
#1842 = ORIENTED_EDGE ( 'NONE', *, *, #774, .F. ) ;
#1843 = CARTESIAN_POINT ( 'NONE',  ( 27.89000000000020000, 4.059999999998999500, -14.96899999999956100 ) ) ;
#1844 = EDGE_CURVE ( 'NONE', #3393, #3049, #2452, .T. ) ;
#1845 = ORIENTED_EDGE ( 'NONE', *, *, #2001, .F. ) ;
#1846 = CARTESIAN_POINT ( 'NONE',  ( 12.00000000000000700, 4.059999999998999500, -9.834999999998759200 ) ) ;
#1847 = DIRECTION ( 'NONE',  ( 0.0000000000000000000, 1.000000000000000000, 0.0000000000000000000 ) ) ;
#1848 = ADVANCED_FACE ( 'NONE', ( #461 ), #932, .F. ) ;
#1849 = VECTOR ( 'NONE', #1768, 1000.000000000000000 ) ;
#1850 = B_SPLINE_CURVE_WITH_KNOTS ( 'NONE', 3,
 ( #1985, #1977, #2266, #2355 ),
 .UNSPECIFIED., .F., .F.,
 ( 4, 4 ),
 ( 3.240971966728084000E-014, 0.0003480186799678180700 ),
 .UNSPECIFIED. ) ;
#1851 = CARTESIAN_POINT ( 'NONE',  ( 9.563472824804721400, 3.101418354482519100, -0.6850000000000535700 ) ) ;
#1852 = FILL_AREA_STYLE ('',( #3213 ) ) ;
#1853 = LINE ( 'NONE', #2948, #1156 ) ;
#1854 = CARTESIAN_POINT ( 'NONE',  ( 8.690000000000798900, 4.210000000000940500, -5.259999999999280400 ) ) ;
#1855 = AXIS2_PLACEMENT_3D ( 'NONE', #2592, #3537, #2676 ) ;
#1856 = DIRECTION ( 'NONE',  ( 1.000000000000000000, 0.0000000000000000000, -0.0000000000000000000 ) ) ;
#1857 = CARTESIAN_POINT ( 'NONE',  ( 8.509999999999996200, 4.059999999998999500, -10.76000000000014000 ) ) ;
#1858 = VECTOR ( 'NONE', #1347, 1000.000000000000000 ) ;
#1859 = CYLINDRICAL_SURFACE ( 'NONE', #189, 0.2699999999999369600 ) ;
#1860 = CIRCLE ( 'NONE', #2468, 2.499999999999906700 ) ;
#1861 = DIRECTION ( 'NONE',  ( 0.0000000000000000000, 0.0000000000000000000, -1.000000000000000000 ) ) ;
#1862 = ORIENTED_EDGE ( 'NONE', *, *, #740, .F. ) ;
#1863 = LINE ( 'NONE', #2788, #2499 ) ;
#1864 = CARTESIAN_POINT ( 'NONE',  ( 8.989999999999598800, 4.059999999998999500, -5.259999999999280400 ) ) ;
#1865 = ORIENTED_EDGE ( 'NONE', *, *, #3372, .T. ) ;
#1866 = ORIENTED_EDGE ( 'NONE', *, *, #2867, .T. ) ;
#1867 = VERTEX_POINT ( 'NONE', #3123 ) ;
#1868 = DIRECTION ( 'NONE',  ( -1.000000000000000000, 0.0000000000000000000, 0.0000000000000000000 ) ) ;
#1869 = ADVANCED_FACE ( 'NONE', ( #2537 ), #2337, .T. ) ;
#1870 = VERTEX_POINT ( 'NONE', #175 ) ;
#1871 = DIRECTION ( 'NONE',  ( 1.000000000000000000, 0.0000000000000000000, -0.0000000000000000000 ) ) ;
#1872 = CARTESIAN_POINT ( 'NONE',  ( 9.369818780072213500, 3.070102281317100200, -10.67018507237016300 ) ) ;
#1873 = ORIENTED_EDGE ( 'NONE', *, *, #201, .F. ) ;
#1874 = AXIS2_PLACEMENT_3D ( 'NONE', #3069, #1442, #2491 ) ;
#1875 = CARTESIAN_POINT ( 'NONE',  ( 10.05156409568255600, 11.40106991142005700, -8.551700612042582300 ) ) ;
#1876 = ORIENTED_EDGE ( 'NONE', *, *, #1370, .T. ) ;
#1877 = DIRECTION ( 'NONE',  ( -1.000000000000000000, 0.0000000000000000000, 0.0000000000000000000 ) ) ;
#1878 = CARTESIAN_POINT ( 'NONE',  ( 8.690000000000798900, 4.210000000000940500, -5.109999999999879500 ) ) ;
#1879 = CARTESIAN_POINT ( 'NONE',  ( 27.53500000008736500, 4.059999999998999500, -10.55500000012443700 ) ) ;
#1880 = DIRECTION ( 'NONE',  ( 0.0000000000000000000, 0.0000000000000000000, 1.000000000000000000 ) ) ;
#1881 = ADVANCED_FACE ( 'NONE', ( #3095 ), #196, .T. ) ;
#1882 = EDGE_LOOP ( 'NONE', ( #3197, #469, #2368, #1018 ) ) ;
#1883 = DIRECTION ( 'NONE',  ( 0.0000000000000000000, 0.0000000000000000000, 1.000000000000000000 ) ) ;
#1884 = CARTESIAN_POINT ( 'NONE',  ( 7.000000000000196300, 4.342174112482008600, -10.08500000000030100 ) ) ;
#1885 = EDGE_LOOP ( 'NONE', ( #2041, #2126, #2864, #2182, #1564, #3082 ) ) ;
#1886 = DIRECTION ( 'NONE',  ( 0.0000000000000000000, 0.0000000000000000000, 1.000000000000000000 ) ) ;
#1887 = DIRECTION ( 'NONE',  ( 1.000000000000000000, -0.0000000000000000000, -0.0000000000000000000 ) ) ;
#1888 = DIRECTION ( 'NONE',  ( -0.7071067811865475700, 0.7071067811865475700, 0.0000000000000000000 ) ) ;
#1889 = EDGE_CURVE ( 'NONE', #762, #3143, #3121, .T. ) ;
#1890 = CARTESIAN_POINT ( 'NONE',  ( 31.14549220063602400, 1.462117105869894100, -14.73499999999947900 ) ) ;
#1891 = ORIENTED_EDGE ( 'NONE', *, *, #725, .F. ) ;
#1892 = LINE ( 'NONE', #1336, #449 ) ;
#1893 = B_SPLINE_CURVE_WITH_KNOTS ( 'NONE', 3,
 ( #3137, #3429, #149, #2053 ),
 .UNSPECIFIED., .F., .F.,
 ( 4, 4 ),
 ( 3.300033184497731000E-015, 0.0003480186799638206700 ),
 .UNSPECIFIED. ) ;
#1894 = AXIS2_PLACEMENT_3D ( 'NONE', #2894, #975, #1305 ) ;
#1895 = FACE_OUTER_BOUND ( 'NONE', #3496, .T. ) ;
#1896 = CARTESIAN_POINT ( 'NONE',  ( 10.05156409568256100, 4.937191784155794800, -0.7195194901604697900 ) ) ;
#1897 = CARTESIAN_POINT ( 'NONE',  ( 27.89000000000020000, 4.059999999998999500, -10.64500000000060000 ) ) ;
#1898 = VECTOR ( 'NONE', #2000, 1000.000000000000100 ) ;
#1899 = FACE_OUTER_BOUND ( 'NONE', #1202, .T. ) ;
#1900 = VECTOR ( 'NONE', #965, 1000.000000000000000 ) ;
#1901 = CARTESIAN_POINT ( 'NONE',  ( 9.500000000000101300, 4.059999999998999500, -0.6850000000000539000 ) ) ;
#1902 = VERTEX_POINT ( 'NONE', #1567 ) ;
#1903 = ADVANCED_FACE ( 'NONE', ( #1646 ), #1777, .T. ) ;
#1904 = DIRECTION ( 'NONE',  ( -0.0000000000000000000, -1.000000000000000000, 0.0000000000000000000 ) ) ;
#1905 = LINE ( 'NONE', #3024, #1817 ) ;
#1906 = LINE ( 'NONE', #493, #2615 ) ;
#1907 = DIRECTION ( 'NONE',  ( -0.7071067811865475700, 0.7071067811865475700, 0.0000000000000000000 ) ) ;
#1908 = AXIS2_PLACEMENT_3D ( 'NONE', #1258, #3156, #1524 ) ;
#1909 = FACE_OUTER_BOUND ( 'NONE', #2412, .T. ) ;
#1910 = ORIENTED_EDGE ( 'NONE', *, *, #2063, .T. ) ;
#1911 = ORIENTED_EDGE ( 'NONE', *, *, #2449, .F. ) ;
#1912 = CARTESIAN_POINT ( 'NONE',  ( 31.80647799401115000, 0.8011313124898968900, -14.73499999999947900 ) ) ;
#1913 = DIRECTION ( 'NONE',  ( -1.000000000000000000, 8.852367100176155400E-015, 0.0000000000000000000 ) ) ;
#1914 = ORIENTED_EDGE ( 'NONE', *, *, #177, .F. ) ;
#1915 = ORIENTED_EDGE ( 'NONE', *, *, #2484, .F. ) ;
#1916 = CARTESIAN_POINT ( 'NONE',  ( 28.24499999995656200, 4.059999999998999500, -10.55500000008090900 ) ) ;
#1917 = DIRECTION ( 'NONE',  ( 1.000000000000000000, 0.0000000000000000000, -0.0000000000000000000 ) ) ;
#1918 = ORIENTED_EDGE ( 'NONE', *, *, #2946, .T. ) ;
#1919 = DIRECTION ( 'NONE',  ( 0.0000000000000000000, 4.886545002751887400E-015, 1.000000000000000000 ) ) ;
#1920 = EDGE_LOOP ( 'NONE', ( #3463, #129, #2648, #3126 ) ) ;
#1921 = EDGE_CURVE ( 'NONE', #3346, #1828, #857, .T. ) ;
#1922 = CARTESIAN_POINT ( 'NONE',  ( 33.14999999999440000, 4.059999999998999500, -5.259999999999280400 ) ) ;
#1923 = DIRECTION ( 'NONE',  ( 3.212450882320224300E-015, 0.0000000000000000000, 1.000000000000000000 ) ) ;
#1924 = ORIENTED_EDGE ( 'NONE', *, *, #1520, .T. ) ;
#1925 = CARTESIAN_POINT ( 'NONE',  ( 23.97352200598938100, 0.8011313124918541000, -11.40500000000010100 ) ) ;
#1926 = EDGE_CURVE ( 'NONE', #3065, #755, #3180, .T. ) ;
#1927 = AXIS2_PLACEMENT_3D ( 'NONE', #853, #2473, #582 ) ;
#1928 = CARTESIAN_POINT ( 'NONE',  ( 24.63113131249330900, 7.976477994011799100, -11.40500000000010100 ) ) ;
#1929 = ADVANCED_FACE ( 'NONE', ( #3009 ), #2048, .T. ) ;
#1930 = PRODUCT ( '112778', '112778', '', ( #3116 ) ) ;
#1931 = CARTESIAN_POINT ( 'NONE',  ( 8.690000000000798900, 3.366025937083760400, -5.410000000001220500 ) ) ;
#1932 = DIRECTION ( 'NONE',  ( 0.0000000000000000000, 0.0000000000000000000, -1.000000000000000000 ) ) ;
#1933 = AXIS2_PLACEMENT_3D ( 'NONE', #573, #2156, #97 ) ;
#1934 = DIRECTION ( 'NONE',  ( 0.0000000000000000000, -0.0000000000000000000, -1.000000000000000000 ) ) ;
#1935 = DIRECTION ( 'NONE',  ( 0.0000000000000000000, 0.0000000000000000000, -1.000000000000000000 ) ) ;
#1936 = ORIENTED_EDGE ( 'NONE', *, *, #251, .T. ) ;
#1937 = DIRECTION ( 'NONE',  ( 0.0000000000000000000, 0.0000000000000000000, -1.000000000000000000 ) ) ;
#1938 = VERTEX_POINT ( 'NONE', #125 ) ;
#1939 = EDGE_CURVE ( 'NONE', #2805, #511, #2281, .T. ) ;
#1940 = CARTESIAN_POINT ( 'NONE',  ( 27.89000000000020000, 4.059999999998999500, -11.40500000000010100 ) ) ;
#1941 = ORIENTED_EDGE ( 'NONE', *, *, #2166, .T. ) ;
#1942 = FACE_OUTER_BOUND ( 'NONE', #769, .T. ) ;
#1943 = ADVANCED_FACE ( 'NONE', ( #2364 ), #544, .F. ) ;
#1944 = CARTESIAN_POINT ( 'NONE',  ( 12.98999999999883700, 3.909999999999599600, -5.953974062916160800 ) ) ;
#1945 = EDGE_CURVE ( 'NONE', #1070, #3396, #844, .T. ) ;
#1946 = CARTESIAN_POINT ( 'NONE',  ( 27.89000000000020000, 4.059999999998999500, -14.73499999999947900 ) ) ;
#1947 = EDGE_CURVE ( 'NONE', #3073, #2333, #116, .T. ) ;
#1948 = CONICAL_SURFACE ( 'NONE', #2659, 4.488675134517990300, 0.5235987755792516100 ) ;
#1949 = FACE_OUTER_BOUND ( 'NONE', #179, .T. ) ;
#1950 = VECTOR ( 'NONE', #1148, 1000.000000000000100 ) ;
#1951 = CARTESIAN_POINT ( 'NONE',  ( 11.47484176581362000, 2.527029028324038900, -9.834999999998759200 ) ) ;
#1952 = ORIENTED_EDGE ( 'NONE', *, *, #3465, .F. ) ;
#1953 = CARTESIAN_POINT ( 'NONE',  ( 8.690000000000798900, 3.909999999999599600, -4.566025937084040400 ) ) ;
#1954 = LINE ( 'NONE', #2977, #430 ) ;
#1955 = DIRECTION ( 'NONE',  ( 1.000000000000000000, -0.0000000000000000000, -0.0000000000000000000 ) ) ;
#1956 = ORIENTED_EDGE ( 'NONE', *, *, #1945, .T. ) ;
#1957 = CARTESIAN_POINT ( 'NONE',  ( 23.49850000000024200, 4.059999999998999500, -5.259999999999280400 ) ) ;
#1958 = AXIS2_PLACEMENT_3D ( 'NONE', #2721, #1113, #2990 ) ;
#1959 = DIRECTION ( 'NONE',  ( 0.0000000000000000000, 0.0000000000000000000, 1.000000000000000000 ) ) ;
#1960 = ORIENTED_EDGE ( 'NONE', *, *, #1135, .F. ) ;
#1961 = CARTESIAN_POINT ( 'NONE',  ( 27.89000000000020000, 4.059999999998999500, -10.55500000000095900 ) ) ;
#1962 = ADVANCED_FACE ( 'NONE', ( #2199 ), #3266, .T. ) ;
#1963 = ORIENTED_EDGE ( 'NONE', *, *, #1343, .F. ) ;
#1964 = ORIENTED_EDGE ( 'NONE', *, *, #1303, .T. ) ;
#1965 = CARTESIAN_POINT ( 'NONE',  ( 7.228037948829030100, 2.980453273269076900, -0.5497742971974592900 ) ) ;
#1966 = EDGE_CURVE ( 'NONE', #2057, #977, #295, .T. ) ;
#1967 = DIRECTION ( 'NONE',  ( -0.0000000000000000000, -0.0000000000000000000, 1.000000000000000000 ) ) ;
#1968 = DIRECTION ( 'NONE',  ( -1.000000000000000000, 0.0000000000000000000, 0.0000000000000000000 ) ) ;
#1969 = DIRECTION ( 'NONE',  ( -1.000000000000000000, 0.0000000000000000000, -0.0000000000000000000 ) ) ;
#1970 = B_SPLINE_CURVE_WITH_KNOTS ( 'NONE', 3,
 ( #36, #579, #2467, #851, #2742, #1139 ),
 .UNSPECIFIED., .F., .F.,
 ( 4, 2, 4 ),
 ( 5.319268673608505800E-016, 0.0007773638094944147400, 0.001554727618988297600 ),
 .UNSPECIFIED. ) ;
#1971 = DIRECTION ( 'NONE',  ( -1.000000000000000000, -0.0000000000000000000, -0.0000000000000000000 ) ) ;
#1972 = PLANE ( 'NONE',  #1188 ) ;
#1973 = CARTESIAN_POINT ( 'NONE',  ( 8.890117273381502400, 3.307026907040174500, -5.109999999999879500 ) ) ;
#1974 = CARTESIAN_POINT ( 'NONE',  ( 27.89000000000020000, 4.059999999998999500, -10.64500000000060000 ) ) ;
#1975 = ORIENTED_EDGE ( 'NONE', *, *, #2606, .F. ) ;
#1976 = AXIS2_PLACEMENT_3D ( 'NONE', #2378, #1304, #3207 ) ;
#1977 = CARTESIAN_POINT ( 'NONE',  ( 8.890117273380472100, 4.812973092957928900, -5.410000000001220500 ) ) ;
#1978 = ADVANCED_FACE ( 'NONE', ( #1477 ), #2110, .F. ) ;
#1979 = EDGE_CURVE ( 'NONE', #1741, #1745, #1558, .T. ) ;
#1980 = DIRECTION ( 'NONE',  ( -1.000000000000000000, 0.0000000000000000000, 0.0000000000000000000 ) ) ;
#1981 = VECTOR ( 'NONE', #1374, 1000.000000000000000 ) ;
#1982 = EDGE_CURVE ( 'NONE', #1446, #1360, #2835, .T. ) ;
#1983 = DIRECTION ( 'NONE',  ( 0.0000000000000000000, 0.0000000000000000000, 1.000000000000000000 ) ) ;
#1984 = DIRECTION ( 'NONE',  ( 1.000000000000000000, 0.0000000000000000000, 0.0000000000000000000 ) ) ;
#1985 = CARTESIAN_POINT ( 'NONE',  ( 8.990000000036927100, 4.753974062915606400, -5.410000000001220500 ) ) ;
#1986 = LINE ( 'NONE', #1206, #2701 ) ;
#1987 = CIRCLE ( 'NONE', #2923, 0.7099999999999537800 ) ;
#1988 = CIRCLE ( 'NONE', #2395, 0.2699999999999369600 ) ;
#1989 = CARTESIAN_POINT ( 'NONE',  ( 8.690000000000798900, 4.210000000000853500, -6.248685996663322600 ) ) ;
#1990 = AXIS2_PLACEMENT_3D ( 'NONE', #728, #2345, #451 ) ;
#1991 = ORIENTED_EDGE ( 'NONE', *, *, #3029, .F. ) ;
#1992 = VECTOR ( 'NONE', #559, 1000.000000000000000 ) ;
#1993 = VECTOR ( 'NONE', #2866, 1000.000000000000000 ) ;
#1994 = CIRCLE ( 'NONE', #3081, 1.000000000000064200 ) ;
#1995 = ORIENTED_EDGE ( 'NONE', *, *, #349, .F. ) ;
#1996 = EDGE_LOOP ( 'NONE', ( #2083, #719, #3093, #2581, #2002, #1584, #3217, #432 ) ) ;
#1997 = AXIS2_PLACEMENT_3D ( 'NONE', #1319, #1532, #1580 ) ;
#1998 = VERTEX_POINT ( 'NONE', #2191 ) ;
#1999 = CARTESIAN_POINT ( 'NONE',  ( 27.89000000000020000, 4.059999999998999500, -10.64000000002352000 ) ) ;
#2000 = DIRECTION ( 'NONE',  ( -0.7071067811865474600, -0.7071067811865474600, 0.0000000000000000000 ) ) ;
#2001 = EDGE_CURVE ( 'NONE', #825, #1565, #3479, .T. ) ;
#2002 = ORIENTED_EDGE ( 'NONE', *, *, #2727, .T. ) ;
#2003 = ORIENTED_EDGE ( 'NONE', *, *, #3026, .F. ) ;
#2004 = VERTEX_POINT ( 'NONE', #1928 ) ;
#2005 = CARTESIAN_POINT ( 'NONE',  ( 8.690000000000798900, 4.210000000000940500, -4.159679249194839600 ) ) ;
#2006 = EDGE_CURVE ( 'NONE', #1828, #3346, #1401, .T. ) ;
#2007 = B_SPLINE_CURVE_WITH_KNOTS ( 'NONE', 3,
 ( #3294, #1721, #818, #1185, #787, #3347 ),
 .UNSPECIFIED., .F., .F.,
 ( 4, 2, 4 ),
 ( 1.281830655265010600E-015, 0.0007756350052733420900, 0.001551270010545402200 ),
 .UNSPECIFIED. ) ;
#2008 = EDGE_CURVE ( 'NONE', #993, #1611, #2028, .T. ) ;
#2009 = PLANE ( 'NONE',  #2591 ) ;
#2010 = CARTESIAN_POINT ( 'NONE',  ( 33.14999999999440000, 9.320000000000819200, -0.4350000000000379700 ) ) ;
#2011 = CARTESIAN_POINT ( 'NONE',  ( 9.500000000000101300, 4.059999999998999500, -9.834999999998759200 ) ) ;
#2012 = ORIENTED_EDGE ( 'NONE', *, *, #1203, .T. ) ;
#2013 = AXIS2_PLACEMENT_3D ( 'NONE', #1149, #757, #2192 ) ;
#2014 = ORIENTED_EDGE ( 'NONE', *, *, #748, .T. ) ;
#2015 = DIRECTION ( 'NONE',  ( 0.0000000000000000000, 0.0000000000000000000, 1.000000000000000000 ) ) ;
#2016 = ORIENTED_EDGE ( 'NONE', *, *, #2357, .F. ) ;
#2017 = SURFACE_STYLE_USAGE ( .BOTH. , #113 ) ;
#2018 = AXIS2_PLACEMENT_3D ( 'NONE', #537, #1100, #2169 ) ;
#2019 = PLANE ( 'NONE',  #360 ) ;
#2020 = CARTESIAN_POINT ( 'NONE',  ( 8.690000000000798900, 4.210000000000940500, -4.566025937084040400 ) ) ;
#2021 = CARTESIAN_POINT ( 'NONE',  ( 29.48775137467107800, 7.906350938843520000, -11.40500000000010100 ) ) ;
#2022 = DIRECTION ( 'NONE',  ( -1.000000000000000000, 0.0000000000000000000, 0.0000000000000000000 ) ) ;
#2023 = LINE ( 'NONE', #1091, #1301 ) ;
#2024 = EDGE_CURVE ( 'NONE', #869, #3065, #1483, .T. ) ;
#2025 = EDGE_CURVE ( 'NONE', #2432, #256, #669, .T. ) ;
#2026 = CIRCLE ( 'NONE', #2850, 0.8832050807738794900 ) ;
#2027 = CIRCLE ( 'NONE', #2993, 0.8832050807738794900 ) ;
#2028 = CIRCLE ( 'NONE', #1749, 3.650000000000639000 ) ;
#2029 = FACE_OUTER_BOUND ( 'NONE', #67, .T. ) ;
#2030 = DIRECTION ( 'NONE',  ( -1.000000000000000000, 0.0000000000000000000, 0.0000000000000000000 ) ) ;
#2031 = ORIENTED_EDGE ( 'NONE', *, *, #2366, .T. ) ;
#2032 = EDGE_LOOP ( 'NONE', ( #1411, #1460, #2397, #7, #864, #1017, #2465 ) ) ;
#2033 = CARTESIAN_POINT ( 'NONE',  ( 23.97352200598833600, 0.8011313124909871200, -10.64500000000060000 ) ) ;
#2034 = CARTESIAN_POINT ( 'NONE',  ( 8.690000000000798900, 4.059999999998999500, -5.259999999999280400 ) ) ;
#2035 = STYLED_ITEM ( 'NONE', ( #1394 ), #908 ) ;
#2036 = ORIENTED_EDGE ( 'NONE', *, *, #274, .T. ) ;
#2037 = CARTESIAN_POINT ( 'NONE',  ( 10.49000000000020400, 4.059999999998999500, -10.76000000000014000 ) ) ;
#2038 = ORIENTED_EDGE ( 'NONE', *, *, #1966, .F. ) ;
#2039 = CARTESIAN_POINT ( 'NONE',  ( 8.890117273385580900, 3.909999999999599600, -6.012973092955708600 ) ) ;
#2040 = ORIENTED_EDGE ( 'NONE', *, *, #854, .F. ) ;
#2041 = ORIENTED_EDGE ( 'NONE', *, *, #3267, .T. ) ;
#2042 = AXIS2_PLACEMENT_3D ( 'NONE', #2129, #3506, #646 ) ;
#2043 = ORIENTED_EDGE ( 'NONE', *, *, #2807, .F. ) ;
#2044 = CARTESIAN_POINT ( 'NONE',  ( 8.798935406830308300, 2.982628564743585700, -9.834999999998759200 ) ) ;
#2045 = EDGE_CURVE ( 'NONE', #1183, #630, #3410, .T. ) ;
#2046 = CARTESIAN_POINT ( 'NONE',  ( 10.05156409568216900, 3.182808215842195800, -0.7195194901604435900 ) ) ;
#2047 = ORIENTED_EDGE ( 'NONE', *, *, #3120, .F. ) ;
#2048 = PLANE ( 'NONE',  #474 ) ;
#2049 = DIRECTION ( 'NONE',  ( 1.000000000000000000, 0.0000000000000000000, -0.0000000000000000000 ) ) ;
#2050 = PRODUCT_DEFINITION_CONTEXT ( 'detailed design', #1485, 'design' ) ;
#2051 = CARTESIAN_POINT ( 'NONE',  ( 25.29211710587035700, 0.8045077993665018500, -14.73499999999948100 ) ) ;
#2052 = AXIS2_PLACEMENT_3D ( 'NONE', #366, #1714, #1984 ) ;
#2053 = CARTESIAN_POINT ( 'NONE',  ( 8.990000000009377600, 4.210000000000940500, -5.953974062933332900 ) ) ;
#2054 = CARTESIAN_POINT ( 'NONE',  ( 11.13630681719301300, 2.527029028321643400, -9.834999999998759200 ) ) ;
#2055 = ORIENTED_EDGE ( 'NONE', *, *, #2382, .T. ) ;
#2056 = CARTESIAN_POINT ( 'NONE',  ( 28.15999999997517000, 4.059999999998999500, -14.63999430160464500 ) ) ;
#2057 = VERTEX_POINT ( 'NONE', #358 ) ;
#2058 = DIRECTION ( 'NONE',  ( 0.0000000000000000000, 0.0000000000000000000, 1.000000000000000000 ) ) ;
#2059 = CARTESIAN_POINT ( 'NONE',  ( 13.62359000000879000, 4.059999999998999500, -5.259999999999280400 ) ) ;
#2060 = STYLED_ITEM ( 'NONE', ( #1137 ), #3074 ) ;
#2061 = CYLINDRICAL_SURFACE ( 'NONE', #263, 4.165000000001119100 ) ;
#2062 = CARTESIAN_POINT ( 'NONE',  ( 11.77196205117068800, 5.139546726730013200, -0.5497742971976947700 ) ) ;
#2063 = EDGE_CURVE ( 'NONE', #2303, #323, #596, .T. ) ;
#2064 = B_SPLINE_CURVE_WITH_KNOTS ( 'NONE', 3,
 ( #3030, #328, #600, #2490 ),
 .UNSPECIFIED., .F., .F.,
 ( 4, 4 ),
 ( 4.197823250115289900E-014, 0.0003480186799763658100 ),
 .UNSPECIFIED. ) ;
#2065 = LINE ( 'NONE', #622, #793 ) ;
#2066 = LINE ( 'NONE', #2617, #1352 ) ;
#2067 = CIRCLE ( 'NONE', #1855, 1.000000000000064200 ) ;
#2068 = DIRECTION ( 'NONE',  ( -1.000000000000000000, -0.0000000000000000000, -0.0000000000000000000 ) ) ;
#2069 = ORIENTED_EDGE ( 'NONE', *, *, #2183, .F. ) ;
#2070 = VECTOR ( 'NONE', #1626, 1000.000000000000000 ) ;
#2071 = LINE ( 'NONE', #2695, #3446 ) ;
#2072 = FACE_OUTER_BOUND ( 'NONE', #2324, .T. ) ;
#2073 = EDGE_CURVE ( 'NONE', #2549, #2369, #752, .T. ) ;
#2074 = DIRECTION ( 'NONE',  ( 0.0000000000000000000, 0.0000000000000000000, 1.000000000000000000 ) ) ;
#2075 = ORIENTED_EDGE ( 'NONE', *, *, #2073, .F. ) ;
#2076 = EDGE_LOOP ( 'NONE', ( #1651, #1447 ) ) ;
#2077 = PLANE ( 'NONE',  #343 ) ;
#2078 = CARTESIAN_POINT ( 'NONE',  ( 31.14549220063285500, 6.657882894132081100, -11.40500000000010100 ) ) ;
#2079 = VERTEX_POINT ( 'NONE', #742 ) ;
#2080 = AXIS2_PLACEMENT_3D ( 'NONE', #3084, #2074, #779 ) ;
#2081 = ORIENTED_EDGE ( 'NONE', *, *, #1106, .T. ) ;
#2082 = CARTESIAN_POINT ( 'NONE',  ( 10.46410286113385800, 4.319680138417618700, -10.75517882135888600 ) ) ;
#2083 = ORIENTED_EDGE ( 'NONE', *, *, #1219, .T. ) ;
#2084 = AXIS2_PLACEMENT_3D ( 'NONE', #1778, #2589, #970 ) ;
#2085 = DIRECTION ( 'NONE',  ( 1.000000000000000000, -0.0000000000000000000, -0.0000000000000000000 ) ) ;
#2086 = CARTESIAN_POINT ( 'NONE',  ( 8.321400375485117400, 5.338469031339883500, -0.6850000000000535700 ) ) ;
#2087 = CARTESIAN_POINT ( 'NONE',  ( 25.59151400147312900, -0.4870855627038292400, -10.64500000000060000 ) ) ;
#2088 = LINE ( 'NONE', #3085, #18 ) ;
#2089 = CARTESIAN_POINT ( 'NONE',  ( 10.36464997957239300, 4.559308035144679700, -10.73860525490195400 ) ) ;
#2090 = DIRECTION ( 'NONE',  ( -0.0000000000000000000, -0.0000000000000000000, 1.000000000000000000 ) ) ;
#2091 = EDGE_CURVE ( 'NONE', #1205, #2669, #2658, .T. ) ;
#2092 = CARTESIAN_POINT ( 'NONE',  ( 10.29112313572007600, 3.451045393426865000, 0.2069562978778776400 ) ) ;
#2093 = ORIENTED_EDGE ( 'NONE', *, *, #1179, .F. ) ;
#2094 = DIRECTION ( 'NONE',  ( 0.0000000000000000000, 0.0000000000000000000, -1.000000000000000000 ) ) ;
#2095 = CARTESIAN_POINT ( 'NONE',  ( 8.318301812989362900, 2.779995021253313800, -0.6850000000000534600 ) ) ;
#2096 = ORIENTED_EDGE ( 'NONE', *, *, #2228, .F. ) ;
#2097 = AXIS2_PLACEMENT_3D ( 'NONE', #3316, #1402, #3022 ) ;
#2098 = DIRECTION ( 'NONE',  ( -0.0000000000000000000, -0.0000000000000000000, 1.000000000000000000 ) ) ;
#2099 = CARTESIAN_POINT ( 'NONE',  ( 32.43708556270878100, 1.761514001471681000, -10.64500000000060000 ) ) ;
#2100 = ORIENTED_EDGE ( 'NONE', *, *, #1473, .F. ) ;
#2101 = CARTESIAN_POINT ( 'NONE',  ( 10.29112313572007600, 4.668954606571134000, -10.72695629787643800 ) ) ;
#2102 = FACE_OUTER_BOUND ( 'NONE', #1702, .T. ) ;
#2103 = AXIS2_PLACEMENT_3D ( 'NONE', #672, #1628, #1418 ) ;
#2104 = CARTESIAN_POINT ( 'NONE',  ( 8.509999999999996200, 4.059999999998999500, 0.2400000000015797300 ) ) ;
#2105 = CYLINDRICAL_SURFACE ( 'NONE', #2766, 3.650000000000639000 ) ;
#2106 = B_SPLINE_CURVE_WITH_KNOTS ( 'NONE', 3,
 ( #586, #1459, #2812, #911, #1884, #2457 ),
 .UNSPECIFIED., .F., .F.,
 ( 4, 2, 4 ),
 ( 2.257624475754766800E-016, 0.0008341530912355624200, 0.001668306182470899100 ),
 .UNSPECIFIED. ) ;
#2107 = CARTESIAN_POINT ( 'NONE',  ( 8.690000000171949100, 4.059999999998999500, -5.259999999999280400 ) ) ;
#2108 = ORIENTED_EDGE ( 'NONE', *, *, #2477, .F. ) ;
#2109 = VECTOR ( 'NONE', #1807, 1000.000000000000000 ) ;
#2110 = CYLINDRICAL_SURFACE ( 'NONE', #2103, 0.7099999999999537800 ) ;
#2111 = LINE ( 'NONE', #2776, #3482 ) ;
#2112 = CARTESIAN_POINT ( 'NONE',  ( 13.89000000000032000, 4.059999999998999500, -5.259999999999280400 ) ) ;
#2113 = EDGE_CURVE ( 'NONE', #3396, #2549, #3326, .T. ) ;
#2114 = ORIENTED_EDGE ( 'NONE', *, *, #3127, .T. ) ;
#2115 = ORIENTED_EDGE ( 'NONE', *, *, #823, .T. ) ;
#2116 = ADVANCED_FACE ( 'NONE', ( #1232 ), #1177, .T. ) ;
#2117 = CARTESIAN_POINT ( 'NONE',  ( 7.227970704274563100, 2.980844240224451300, -9.970261831077584300 ) ) ;
#2118 = DIRECTION ( 'NONE',  ( 1.000000000000000000, 0.0000000000000000000, 0.0000000000000000000 ) ) ;
#2119 = ORIENTED_EDGE ( 'NONE', *, *, #2748, .T. ) ;
#2120 = CARTESIAN_POINT ( 'NONE',  ( 12.98999999999883700, 4.059999999998999500, -5.259999999999280400 ) ) ;
#2121 = ORIENTED_EDGE ( 'NONE', *, *, #1058, .F. ) ;
#2122 = EDGE_CURVE ( 'NONE', #1784, #3225, #1860, .T. ) ;
#2123 = ORIENTED_EDGE ( 'NONE', *, *, #95, .T. ) ;
#2124 = ORIENTED_EDGE ( 'NONE', *, *, #324, .T. ) ;
#2125 = CARTESIAN_POINT ( 'NONE',  ( 12.98999999999883700, 5.048685996663422800, -5.109999999999937300 ) ) ;
#2126 = ORIENTED_EDGE ( 'NONE', *, *, #896, .F. ) ;
#2127 = CARTESIAN_POINT ( 'NONE',  ( 27.89000000000020000, 4.059999999998999500, -14.73499999999947900 ) ) ;
#2128 = CARTESIAN_POINT ( 'NONE',  ( 28.05999641220240200, 4.059999999998999500, -14.74000000001751700 ) ) ;
#2129 = CARTESIAN_POINT ( 'NONE',  ( 13.62358999999944100, 4.059999999998999500, -5.259999999999280400 ) ) ;
#2130 = ORIENTED_EDGE ( 'NONE', *, *, #2270, .F. ) ;
#2131 = CARTESIAN_POINT ( 'NONE',  ( 9.309581525585574700, 5.031514696033712000, -9.834999999998759200 ) ) ;
#2132 = AXIS2_PLACEMENT_3D ( 'NONE', #1636, #20, #1919 ) ;
#2133 = DIRECTION ( 'NONE',  ( -0.7071067811865475700, -0.7071067811865475700, 0.0000000000000000000 ) ) ;
#2134 = ADVANCED_FACE ( 'NONE', ( #424 ), #1687, .T. ) ;
#2135 = EDGE_CURVE ( 'NONE', #2888, #1902, #1850, .T. ) ;
#2136 = DIRECTION ( 'NONE',  ( 1.000000000000000000, -0.0000000000000000000, -0.0000000000000000000 ) ) ;
#2137 = CARTESIAN_POINT ( 'NONE',  ( 8.690000000000798900, 3.909999999999656900, -6.248685996663704500 ) ) ;
#2138 = EDGE_LOOP ( 'NONE', ( #950, #1675, #3166 ) ) ;
#2139 = EDGE_CURVE ( 'NONE', #754, #2666, #1776, .T. ) ;
#2140 = CARTESIAN_POINT ( 'NONE',  ( 9.758486504598964800, 3.095554842097064400, -10.67501445929046300 ) ) ;
#2141 = DIRECTION ( 'NONE',  ( -1.000000000000000000, 0.0000000000000000000, 0.0000000000000000000 ) ) ;
#2142 = AXIS2_PLACEMENT_3D ( 'NONE', #2120, #2811, #372 ) ;
#2143 = CARTESIAN_POINT ( 'NONE',  ( 7.863693182804916600, 4.975235575317043400, -0.5225989359465832400 ) ) ;
#2144 = FACE_OUTER_BOUND ( 'NONE', #1079, .T. ) ;
#2145 = CARTESIAN_POINT ( 'NONE',  ( 12.98999999999883700, 4.210000000000940500, -5.410000000001220500 ) ) ;
#2146 = CARTESIAN_POINT ( 'NONE',  ( 23.97352200598912500, 7.318868687507955600, -14.73499999999947900 ) ) ;
#2147 = ADVANCED_FACE ( 'NONE', ( #3136 ), #241, .F. ) ;
#2148 = CARTESIAN_POINT ( 'NONE',  ( 23.34291443729547700, 1.761514001468297700, -11.40500000000010100 ) ) ;
#2149 = AXIS2_PLACEMENT_3D ( 'NONE', #529, #2423, #805 ) ;
#2150 = PLANE ( 'NONE',  #1494 ) ;
#2151 = DIRECTION ( 'NONE',  ( 1.000000000000000000, 0.0000000000000000000, 0.0000000000000000000 ) ) ;
#2152 = LINE ( 'NONE', #1685, #699 ) ;
#2153 = VECTOR ( 'NONE', #453, 1000.000000000000100 ) ;
#2154 = CIRCLE ( 'NONE', #1316, 0.9900000000001036900 ) ;
#2155 = ORIENTED_EDGE ( 'NONE', *, *, #2507, .T. ) ;
#2156 = DIRECTION ( 'NONE',  ( -1.000000000000000000, 0.0000000000000000000, 0.0000000000000000000 ) ) ;
#2157 = EDGE_CURVE ( 'NONE', #856, #947, #969, .T. ) ;
#2158 = VECTOR ( 'NONE', #1088, 1000.000000000000000 ) ;
#2159 = LINE ( 'NONE', #3254, #3370 ) ;
#2160 = LINE ( 'NONE', #1535, #2248 ) ;
#2161 = DIRECTION ( 'NONE',  ( -1.000000000000000000, 0.0000000000000000000, 0.0000000000000000000 ) ) ;
#2162 = CARTESIAN_POINT ( 'NONE',  ( 9.563472824804764000, 3.101418354483732800, -9.834999999998761000 ) ) ;
#2163 = ORIENTED_EDGE ( 'NONE', *, *, #1323, .F. ) ;
#2164 = ORIENTED_EDGE ( 'NONE', *, *, #1728, .T. ) ;
#2165 = DIRECTION ( 'NONE',  ( -1.000000000000000000, -1.702378288495414600E-015, 0.0000000000000000000 ) ) ;
#2166 = EDGE_CURVE ( 'NONE', #3400, #1077, #1691, .T. ) ;
#2167 = CARTESIAN_POINT ( 'NONE',  ( 24.63113131249200200, 0.1435220059872906200, -10.64500000000060000 ) ) ;
#2168 = ORIENTED_EDGE ( 'NONE', *, *, #2113, .T. ) ;
#2169 = DIRECTION ( 'NONE',  ( 0.0000000000000000000, 0.0000000000000000000, 1.000000000000000000 ) ) ;
#2170 = ORIENTED_EDGE ( 'NONE', *, *, #790, .F. ) ;
#2171 = VERTEX_POINT ( 'NONE', #3070 ) ;
#2172 = DIRECTION ( 'NONE',  ( 0.0000000000000000000, 0.0000000000000000000, 1.000000000000000000 ) ) ;
#2173 = ADVANCED_FACE ( 'NONE', ( #3229 ), #1599, .T. ) ;
#2174 = ORIENTED_EDGE ( 'NONE', *, *, #919, .F. ) ;
#2175 = CARTESIAN_POINT ( 'NONE',  ( 13.62358999999944100, 4.059999999998999500, -4.259999999999215500 ) ) ;
#2176 = AXIS2_PLACEMENT_3D ( 'NONE', #135, #721, #746 ) ;
#2177 = CARTESIAN_POINT ( 'NONE',  ( 12.00000000000000700, 4.059999999999000400, -10.08500000000029900 ) ) ;
#2178 = DIRECTION ( 'NONE',  ( 1.000000000000000000, 0.0000000000000000000, 0.0000000000000000000 ) ) ;
#2179 = PLANE ( 'NONE',  #2201 ) ;
#2180 = DIRECTION ( 'NONE',  ( 1.000000000000000000, 1.752245935329924700E-015, 0.0000000000000000000 ) ) ;
#2181 = CYLINDRICAL_SURFACE ( 'NONE', #978, 0.9900000000001036900 ) ;
#2182 = ORIENTED_EDGE ( 'NONE', *, *, #110, .T. ) ;
#2183 = EDGE_CURVE ( 'NONE', #825, #3049, #3047, .T. ) ;
#2184 = ORIENTED_EDGE ( 'NONE', *, *, #955, .T. ) ;
#2185 = DIRECTION ( 'NONE',  ( 0.0000000000000000000, 0.0000000000000000000, 1.000000000000000000 ) ) ;
#2186 = CARTESIAN_POINT ( 'NONE',  ( 9.951996755274979700, 3.061836063651387700, -9.834999999998759200 ) ) ;
#2187 = ADVANCED_FACE ( 'NONE', ( #2494 ), #1513, .T. ) ;
#2188 = EDGE_CURVE ( 'NONE', #1785, #1292, #338, .T. ) ;
#2189 = CARTESIAN_POINT ( 'NONE',  ( 9.690418474414624200, 5.031514696033710300, -9.834999999998759200 ) ) ;
#2190 = FACE_OUTER_BOUND ( 'NONE', #2251, .T. ) ;
#2191 = CARTESIAN_POINT ( 'NONE',  ( 7.000000000000194500, 4.059999999998999500, -0.4349999999982602800 ) ) ;
#2192 = DIRECTION ( 'NONE',  ( 0.7071067811865474600, -0.7071067811865474600, 0.0000000000000000000 ) ) ;
#2193 = CARTESIAN_POINT ( 'NONE',  ( 7.885141141687699800, 3.909999999999339300, -4.271314003334904200 ) ) ;
#2194 = FACE_OUTER_BOUND ( 'NONE', #3015, .T. ) ;
#2195 = DIRECTION ( 'NONE',  ( 0.0000000000000000000, 0.0000000000000000000, -1.000000000000000000 ) ) ;
#2196 = CARTESIAN_POINT ( 'NONE',  ( 12.98999999999883700, 4.059999999998999500, -5.259999999999280400 ) ) ;
#2197 = EDGE_LOOP ( 'NONE', ( #1502, #997, #1486, #1143 ) ) ;
#2198 = VECTOR ( 'NONE', #697, 1000.000000000000000 ) ;
#2199 = FACE_OUTER_BOUND ( 'NONE', #868, .T. ) ;
#2200 = CARTESIAN_POINT ( 'NONE',  ( 8.690000000171949100, 4.059999999998999500, -5.259999999999280400 ) ) ;
#2201 = AXIS2_PLACEMENT_3D ( 'NONE', #122, #2289, #665 ) ;
#2202 = VECTOR ( 'NONE', #3058, 1000.000000000000000 ) ;
#2203 = DIRECTION ( 'NONE',  ( 0.0000000000000000000, 0.0000000000000000000, 1.000000000000000000 ) ) ;
#2204 = EDGE_LOOP ( 'NONE', ( #1481, #2421 ) ) ;
#2205 = ORIENTED_EDGE ( 'NONE', *, *, #194, .T. ) ;
#2206 = DIRECTION ( 'NONE',  ( 1.000000000000000000, 0.0000000000000000000, 0.0000000000000000000 ) ) ;
#2207 = EDGE_CURVE ( 'NONE', #505, #2057, #884, .T. ) ;
#2208 = ADVANCED_FACE ( 'NONE', ( #80 ), #1577, .F. ) ;
#2209 = ORIENTED_EDGE ( 'NONE', *, *, #1080, .T. ) ;
#2210 = DIRECTION ( 'NONE',  ( 0.0000000000000000000, 0.0000000000000000000, -1.000000000000000000 ) ) ;
#2211 = ORIENTED_EDGE ( 'NONE', *, *, #919, .T. ) ;
#2212 = CARTESIAN_POINT ( 'NONE',  ( 28.16000000001395200, 4.059999999998999500, -10.64000000002352000 ) ) ;
#2213 = EDGE_CURVE ( 'NONE', #639, #1744, #153, .T. ) ;
#2214 = CARTESIAN_POINT ( 'NONE',  ( 22.63000000000091600, 9.320000000000819200, -10.64500000000060000 ) ) ;
#2215 = ORIENTED_EDGE ( 'NONE', *, *, #75, .T. ) ;
#2216 = ORIENTED_EDGE ( 'NONE', *, *, #1395, .T. ) ;
#2217 = DIRECTION ( 'NONE',  ( -1.000000000000000000, -6.298799667433033800E-015, 0.0000000000000000000 ) ) ;
#2218 = VERTEX_POINT ( 'NONE', #1283 ) ;
#2219 = ORIENTED_EDGE ( 'NONE', *, *, #3103, .T. ) ;
#2220 = CARTESIAN_POINT ( 'NONE',  ( 9.500000000000101300, 4.059999999998999500, -0.6850000000000539000 ) ) ;
#2221 = DIRECTION ( 'NONE',  ( 0.7071067811865474600, -0.7071067811865474600, 0.0000000000000000000 ) ) ;
#2222 = CARTESIAN_POINT ( 'NONE',  ( 12.98999999999883700, 3.366025937083663600, -5.410000000001220500 ) ) ;
#2223 = AXIS2_PLACEMENT_3D ( 'NONE', #2011, #22, #687 ) ;
#2224 = CARTESIAN_POINT ( 'NONE',  ( 7.885141141687699800, 3.909999999999715000, -6.248685996663712500 ) ) ;
#2225 = ADVANCED_FACE ( 'NONE', ( #795 ), #2150, .F. ) ;
#2226 = ORIENTED_EDGE ( 'NONE', *, *, #458, .T. ) ;
#2227 = CARTESIAN_POINT ( 'NONE',  ( 8.690000000003896800, 4.930374180855973300, -5.109999999999879500 ) ) ;
#2228 = EDGE_CURVE ( 'NONE', #339, #869, #2154, .T. ) ;
#2229 = ORIENTED_EDGE ( 'NONE', *, *, #508, .F. ) ;
#2230 = ORIENTED_EDGE ( 'NONE', *, *, #278, .F. ) ;
#2231 = CARTESIAN_POINT ( 'NONE',  ( 7.000000000000194500, 3.777825887516295600, -0.4349999999982603900 ) ) ;
#2232 = DIRECTION ( 'NONE',  ( 0.0000000000000000000, 0.0000000000000000000, 1.000000000000000000 ) ) ;
#2233 = DIRECTION ( 'NONE',  ( 1.000000000000000000, 0.0000000000000000000, 0.0000000000000000000 ) ) ;
#2234 = CARTESIAN_POINT ( 'NONE',  ( 8.089736002934799300, 5.461425599950693800, -0.6850000000000535700 ) ) ;
#2235 = CARTESIAN_POINT ( 'NONE',  ( 22.63000000000091900, 9.320000000000819200, -0.4350000000000380200 ) ) ;
#2236 = VECTOR ( 'NONE', #1036, 1000.000000000000000 ) ;
#2237 = CARTESIAN_POINT ( 'NONE',  ( 8.990000000033047600, 4.753974062931218800, -5.109999999999879500 ) ) ;
#2238 = CARTESIAN_POINT ( 'NONE',  ( 9.045220907312403500, 5.058447397107904000, -0.6850000000000560100 ) ) ;
#2239 = ADVANCED_FACE ( 'NONE', ( #1433, #2875 ), #2944, .T. ) ;
#2240 = LINE ( 'NONE', #2224, #78 ) ;
#2241 = CIRCLE ( 'NONE', #1131, 0.9900000000001036900 ) ;
#2242 = LINE ( 'NONE', #1581, #3524 ) ;
#2243 = ORIENTED_EDGE ( 'NONE', *, *, #324, .F. ) ;
#2244 = DIRECTION ( 'NONE',  ( -1.000000000000000000, -0.0000000000000000000, -0.0000000000000000000 ) ) ;
#2245 = DIRECTION ( 'NONE',  ( 0.0000000000000000000, 0.0000000000000000000, -1.000000000000000000 ) ) ;
#2246 = LINE ( 'NONE', #1317, #801 ) ;
#2247 = LINE ( 'NONE', #2699, #889 ) ;
#2248 = VECTOR ( 'NONE', #3461, 1000.000000000000100 ) ;
#2249 = CARTESIAN_POINT ( 'NONE',  ( 8.690000000000798900, 3.909999999999469500, -4.271314003334884600 ) ) ;
#2250 = VERTEX_POINT ( 'NONE', #2693 ) ;
#2251 = EDGE_LOOP ( 'NONE', ( #521, #2096 ) ) ;
#2252 = CARTESIAN_POINT ( 'NONE',  ( 23.97352200598971500, 7.318868687508665300, -10.64500000000060000 ) ) ;
#2253 = PRESENTATION_LAYER_ASSIGNMENT (  '', '', ( #2060 ) ) ;
#2254 = VERTEX_POINT ( 'NONE', #219 ) ;
#2255 = ORIENTED_EDGE ( 'NONE', *, *, #2822, .T. ) ;
#2256 = ORIENTED_EDGE ( 'NONE', *, *, #194, .F. ) ;
#2257 = CARTESIAN_POINT ( 'NONE',  ( 23.49850000000024200, 4.059999999999000400, -10.08500000000029900 ) ) ;
#2258 = CARTESIAN_POINT ( 'NONE',  ( 27.89000000000020000, 4.059999999998999500, -10.64500000000060000 ) ) ;
#2259 = EDGE_CURVE ( 'NONE', #2267, #2889, #2242, .T. ) ;
#2260 = EDGE_LOOP ( 'NONE', ( #1286, #2047, #1694, #3146 ) ) ;
#2261 = CARTESIAN_POINT ( 'NONE',  ( 7.863693182804838400, 5.592970971678824700, -0.6849999999994381700 ) ) ;
#2262 = ORIENTED_EDGE ( 'NONE', *, *, #72, .F. ) ;
#2263 = DIRECTION ( 'NONE',  ( 1.000000000000000000, 0.0000000000000000000, 0.0000000000000000000 ) ) ;
#2264 = AXIS2_PLACEMENT_3D ( 'NONE', #2338, #712, #2603 ) ;
#2265 = DIRECTION ( 'NONE',  ( -1.000000000000000000, 0.0000000000000000000, 0.0000000000000000000 ) ) ;
#2266 = CARTESIAN_POINT ( 'NONE',  ( 8.790093417710643600, 4.871733304709783500, -5.410000000001220500 ) ) ;
#2267 = VERTEX_POINT ( 'NONE', #391 ) ;
#2268 = DIRECTION ( 'NONE',  ( 1.000000000000000000, 0.0000000000000000000, -0.0000000000000000000 ) ) ;
#2269 = ORIENTED_EDGE ( 'NONE', *, *, #1254, .F. ) ;
#2270 = EDGE_CURVE ( 'NONE', #511, #2761, #1353, .T. ) ;
#2271 = CIRCLE ( 'NONE', #626, 4.825000000001019800 ) ;
#2272 = EDGE_CURVE ( 'NONE', #214, #2520, #2067, .T. ) ;
#2273 = CARTESIAN_POINT ( 'NONE',  ( 24.63113131249330900, 7.976477994011799100, -14.73499999999947900 ) ) ;
#2274 = FACE_OUTER_BOUND ( 'NONE', #3115, .T. ) ;
#2275 = DIRECTION ( 'NONE',  ( 0.0000000000000000000, -0.0000000000000000000, 1.000000000000000000 ) ) ;
#2276 = CIRCLE ( 'NONE', #2859, 4.165000000001119100 ) ;
#2277 = CARTESIAN_POINT ( 'NONE',  ( 23.49850000000024200, 4.059999999998999500, -0.4349999999982605600 ) ) ;
#2278 = AXIS2_PLACEMENT_3D ( 'NONE', #1957, #3033, #1678 ) ;
#2279 = VERTEX_POINT ( 'NONE', #318 ) ;
#2280 = LINE ( 'NONE', #3431, #1645 ) ;
#2281 = CIRCLE ( 'NONE', #290, 2.499999999999906700 ) ;
#2282 = LINE ( 'NONE', #359, #2202 ) ;
#2283 = ORIENTED_EDGE ( 'NONE', *, *, #404, .F. ) ;
#2284 = ORIENTED_EDGE ( 'NONE', *, *, #1158, .T. ) ;
#2285 = CARTESIAN_POINT ( 'NONE',  ( 12.98999999999883700, 4.059999999998999500, -5.259999999999280400 ) ) ;
#2286 = ORIENTED_EDGE ( 'NONE', *, *, #1482, .T. ) ;
#2287 =( NAMED_UNIT ( * ) PLANE_ANGLE_UNIT ( ) SI_UNIT ( $, .RADIAN. ) );
#2288 = ORIENTED_EDGE ( 'NONE', *, *, #1198, .F. ) ;
#2289 = DIRECTION ( 'NONE',  ( 0.0000000000000000000, -1.000000000000000000, 0.0000000000000000000 ) ) ;
#2290 = DIRECTION ( 'NONE',  ( 1.000000000000000000, 0.0000000000000000000, 0.0000000000000000000 ) ) ;
#2291 = ORIENTED_EDGE ( 'NONE', *, *, #1588, .T. ) ;
#2292 = VERTEX_POINT ( 'NONE', #210 ) ;
#2293 = ORIENTED_EDGE ( 'NONE', *, *, #1499, .T. ) ;
#2294 = EDGE_LOOP ( 'NONE', ( #2969, #3111, #1650, #2768, #2763, #543, #2502, #2296 ) ) ;
#2295 = CARTESIAN_POINT ( 'NONE',  ( 9.309581525585574700, 3.088485303964288800, -9.834999999998759200 ) ) ;
#2296 = ORIENTED_EDGE ( 'NONE', *, *, #400, .T. ) ;
#2297 = EDGE_CURVE ( 'NONE', #1360, #2761, #3442, .T. ) ;
#2298 = DIRECTION ( 'NONE',  ( 0.0000000000000000000, 0.0000000000000000000, 1.000000000000000000 ) ) ;
#2299 = DIRECTION ( 'NONE',  ( 0.7071067811865474600, 0.7071067811865474600, 0.0000000000000000000 ) ) ;
#2300 = ORIENTED_EDGE ( 'NONE', *, *, #1631, .F. ) ;
#2301 = DIRECTION ( 'NONE',  ( 1.000000000000000000, 0.0000000000000000000, -0.0000000000000000000 ) ) ;
#2302 = CARTESIAN_POINT ( 'NONE',  ( 12.00000000000000700, 4.059999999998999500, -0.4349999999982604400 ) ) ;
#2303 = VERTEX_POINT ( 'NONE', #402 ) ;
#2304 = DIRECTION ( 'NONE',  ( 0.7071067811865475700, 0.7071067811865475700, 0.0000000000000000000 ) ) ;
#2305 = DIRECTION ( 'NONE',  ( -1.000000000000000000, 0.0000000000000000000, 0.0000000000000000000 ) ) ;
#2306 = CARTESIAN_POINT ( 'NONE',  ( 10.05156409568216500, -3.281069911422096900, -8.551700612042601800 ) ) ;
#2307 = LINE ( 'NONE', #2920, #1066 ) ;
#2308 = EDGE_CURVE ( 'NONE', #206, #2542, #701, .T. ) ;
#2309 = CYLINDRICAL_SURFACE ( 'NONE', #1065, 0.9900000000001036900 ) ;
#2310 = DIRECTION ( 'NONE',  ( 1.000000000000000000, 0.0000000000000000000, 0.0000000000000000000 ) ) ;
#2311 = EDGE_CURVE ( 'NONE', #2218, #2817, #1988, .T. ) ;
#2312 = LINE ( 'NONE', #3021, #336 ) ;
#2313 = LINE ( 'NONE', #11, #1598 ) ;
#2314 = VECTOR ( 'NONE', #722, 1000.000000000000000 ) ;
#2315 = CARTESIAN_POINT ( 'NONE',  ( 29.48775137467231000, 0.2136490611554422400, -10.64500000000060000 ) ) ;
#2316 = ORIENTED_EDGE ( 'NONE', *, *, #1760, .T. ) ;
#2317 = DIRECTION ( 'NONE',  ( 0.7071067811865475700, -0.7071067811865475700, 0.0000000000000000000 ) ) ;
#2318 = DIRECTION ( 'NONE',  ( 0.0000000000000000000, 0.0000000000000000000, -1.000000000000000000 ) ) ;
#2319 = AXIS2_PLACEMENT_3D ( 'NONE', #3113, #3426, #2893 ) ;
#2320 = LINE ( 'NONE', #280, #1992 ) ;
#2321 = FACE_OUTER_BOUND ( 'NONE', #2928, .T. ) ;
#2322 = LINE ( 'NONE', #3150, #2410 ) ;
#2323 = B_SPLINE_CURVE_WITH_KNOTS ( 'NONE', 3,
 ( #3286, #834, #3000, #1386 ),
 .UNSPECIFIED., .F., .F.,
 ( 4, 4 ),
 ( 5.967448757360216400E-016, 0.0003808369488283360600 ),
 .UNSPECIFIED. ) ;
#2324 = EDGE_LOOP ( 'NONE', ( #2115, #3099, #3490, #305 ) ) ;
#2325 = EDGE_LOOP ( 'NONE', ( #604, #142, #3468, #1556 ) ) ;
#2326 = CARTESIAN_POINT ( 'NONE',  ( 10.10889975802384700, 4.851165351499841600, -10.70357366647506900 ) ) ;
#2327 = VERTEX_POINT ( 'NONE', #623 ) ;
#2328 = ORIENTED_EDGE ( 'NONE', *, *, #773, .T. ) ;
#2329 = AXIS2_PLACEMENT_3D ( 'NONE', #539, #2431, #817 ) ;
#2330 = CARTESIAN_POINT ( 'NONE',  ( 22.63000000000091900, 4.059999999998999500, -0.4349999999991492900 ) ) ;
#2331 = EDGE_LOOP ( 'NONE', ( #2506, #199 ) ) ;
#2332 = ORIENTED_EDGE ( 'NONE', *, *, #2567, .F. ) ;
#2333 = VERTEX_POINT ( 'NONE', #140 ) ;
#2334 = EDGE_CURVE ( 'NONE', #2171, #2375, #542, .T. ) ;
#2335 = DIRECTION ( 'NONE',  ( -0.7071067811827043100, 0.7071067811903907200, 0.0000000000000000000 ) ) ;
#2336 = DIRECTION ( 'NONE',  ( 0.0000000000000000000, 0.0000000000000000000, -1.000000000000000000 ) ) ;
#2337 = PLANE ( 'NONE',  #2897 ) ;
#2338 = CARTESIAN_POINT ( 'NONE',  ( 27.89000000000020000, 4.059999999998999500, -11.40500000000010100 ) ) ;
#2339 = EDGE_CURVE ( 'NONE', #2577, #2849, #1265, .T. ) ;
#2340 = PLANE ( 'NONE',  #1096 ) ;
#2341 = CARTESIAN_POINT ( 'NONE',  ( 31.80647799400340100, 7.318868687508939700, -11.40500000000010100 ) ) ;
#2342 = ORIENTED_EDGE ( 'NONE', *, *, #2135, .F. ) ;
#2343 = AXIS2_PLACEMENT_3D ( 'NONE', #3170, #2336, #2887 ) ;
#2344 = DIRECTION ( 'NONE',  ( 0.0000000000000000000, 0.0000000000000000000, 1.000000000000000000 ) ) ;
#2345 = DIRECTION ( 'NONE',  ( -1.000000000000000000, 0.0000000000000000000, 0.0000000000000000000 ) ) ;
#2346 = ORIENTED_EDGE ( 'NONE', *, *, #2583, .T. ) ;
#2347 = DIRECTION ( 'NONE',  ( 0.7071067811865474600, -0.7071067811865474600, 0.0000000000000000000 ) ) ;
#2348 = CARTESIAN_POINT ( 'NONE',  ( 9.998692443450600800, 4.924880744725996400, -10.69180392755995600 ) ) ;
#2349 = EDGE_LOOP ( 'NONE', ( #682, #1480, #2447, #2174 ) ) ;
#2350 = CARTESIAN_POINT ( 'NONE',  ( 5.760000000066156600, 4.059999999999000400, -9.459999999990031900 ) ) ;
#2351 = AXIS2_PLACEMENT_3D ( 'NONE', #3469, #1060, #1293 ) ;
#2352 = CARTESIAN_POINT ( 'NONE',  ( 10.49000000000020400, 4.059999999998999500, 0.2400000000015799800 ) ) ;
#2353 = CIRCLE ( 'NONE', #444, 0.9900000000001036900 ) ;
#2354 = CARTESIAN_POINT ( 'NONE',  ( 22.63000000000091900, 4.059999999998999500, -11.40500000000010100 ) ) ;
#2355 = CARTESIAN_POINT ( 'NONE',  ( 8.690000000003820400, 4.930374180855579900, -5.410000000001220500 ) ) ;
#2356 = LINE ( 'NONE', #2986, #3086 ) ;
#2357 = EDGE_CURVE ( 'NONE', #1463, #2806, #2795, .T. ) ;
#2358 = CIRCLE ( 'NONE', #1958, 2.499999999999906700 ) ;
#2359 = LINE ( 'NONE', #2886, #1733 ) ;
#2360 = CARTESIAN_POINT ( 'NONE',  ( 9.500000000000101300, 4.059999999998999500, -0.6850000000000539000 ) ) ;
#2361 = EDGE_LOOP ( 'NONE', ( #3162, #313 ) ) ;
#2362 = CARTESIAN_POINT ( 'NONE',  ( 9.998692443450600800, 3.195119255272003100, 0.1718039275613932300 ) ) ;
#2363 = FACE_OUTER_BOUND ( 'NONE', #2138, .T. ) ;
#2364 = FACE_OUTER_BOUND ( 'NONE', #2032, .T. ) ;
#2365 = LINE ( 'NONE', #2252, #845 ) ;
#2366 = EDGE_CURVE ( 'NONE', #2889, #3416, #3364, .T. ) ;
#2367 = DIRECTION ( 'NONE',  ( -1.000000000000000000, 0.0000000000000000000, 0.0000000000000000000 ) ) ;
#2368 = ORIENTED_EDGE ( 'NONE', *, *, #486, .T. ) ;
#2369 = VERTEX_POINT ( 'NONE', #1398 ) ;
#2370 = B_SPLINE_CURVE_WITH_KNOTS ( 'NONE', 3,
 ( #3147, #3110, #2095, #2514, #2555, #2649 ),
 .UNSPECIFIED., .F., .F.,
 ( 4, 2, 4 ),
 ( 7.959526831019903600E-016, 0.0007773638094937815700, 0.001554727618986767300 ),
 .UNSPECIFIED. ) ;
#2371 = DIRECTION ( 'NONE',  ( 0.0000000000000000000, 0.0000000000000000000, 1.000000000000000000 ) ) ;
#2372 = ORIENTED_EDGE ( 'NONE', *, *, #2357, .T. ) ;
#2373 = AXIS2_PLACEMENT_3D ( 'NONE', #252, #2161, #1674 ) ;
#2374 = ORIENTED_EDGE ( 'NONE', *, *, #2459, .T. ) ;
#2375 = VERTEX_POINT ( 'NONE', #1421 ) ;
#2376 = DIRECTION ( 'NONE',  ( 1.000000000000000000, -0.0000000000000000000, -0.0000000000000000000 ) ) ;
#2377 = DIRECTION ( 'NONE',  ( 0.0000000000000000000, 0.0000000000000000000, 1.000000000000000000 ) ) ;
#2378 = CARTESIAN_POINT ( 'NONE',  ( 31.73635093885520000, 2.462248625330085700, -10.64500000000060000 ) ) ;
#2379 = AXIS2_PLACEMENT_3D ( 'NONE', #2631, #1016, #2902 ) ;
#2380 = ORIENTED_EDGE ( 'NONE', *, *, #1734, .T. ) ;
#2381 = ADVANCED_FACE ( 'NONE', ( #1193 ), #1813, .F. ) ;
#2382 = EDGE_CURVE ( 'NONE', #3383, #2079, #2481, .T. ) ;
#2383 = DIRECTION ( 'NONE',  ( 0.0000000000000000000, 0.0000000000000000000, 1.000000000000000000 ) ) ;
#2384 = CARTESIAN_POINT ( 'NONE',  ( 7.525158234188586100, 2.527029028321457400, -9.834999999998759200 ) ) ;
#2385 = EDGE_CURVE ( 'NONE', #2925, #3285, #3278, .T. ) ;
#2386 = DIRECTION ( 'NONE',  ( -0.0000000000000000000, 0.0000000000000000000, -1.000000000000000000 ) ) ;
#2387 = VERTEX_POINT ( 'NONE', #2054 ) ;
#2388 = CARTESIAN_POINT ( 'NONE',  ( 8.790093417711679200, 3.248266695288357700, -5.109999999999879500 ) ) ;
#2389 = ORIENTED_EDGE ( 'NONE', *, *, #2025, .T. ) ;
#2390 = DIRECTION ( 'NONE',  ( 1.000000000000000000, 0.0000000000000000000, 0.0000000000000000000 ) ) ;
#2391 = CARTESIAN_POINT ( 'NONE',  ( 12.98999999999883700, 4.210000000001041800, -4.271314003335265700 ) ) ;
#2392 = DIRECTION ( 'NONE',  ( -1.000000000000000000, 5.277372694335784900E-015, 0.0000000000000000000 ) ) ;
#2393 = ADVANCED_FACE ( 'NONE', ( #456 ), #2077, .T. ) ;
#2394 = ORIENTED_EDGE ( 'NONE', *, *, #2705, .F. ) ;
#2395 = AXIS2_PLACEMENT_3D ( 'NONE', #428, #356, #77 ) ;
#2396 = DIRECTION ( 'NONE',  ( 1.000000000000000000, 0.0000000000000000000, 0.0000000000000000000 ) ) ;
#2397 = ORIENTED_EDGE ( 'NONE', *, *, #508, .T. ) ;
#2398 = DIRECTION ( 'NONE',  ( -1.000000000000000000, 3.540251991788450900E-015, 0.0000000000000000000 ) ) ;
#2399 = CIRCLE ( 'NONE', #516, 5.094999999999940200 ) ;
#2400 = EDGE_CURVE ( 'NONE', #3100, #599, #2609, .T. ) ;
#2401 = DIRECTION ( 'NONE',  ( 0.7071067811865474600, -0.7071067811865474600, 0.0000000000000000000 ) ) ;
#2402 = CARTESIAN_POINT ( 'NONE',  ( 8.990000000033381500, 3.366025937068521000, -5.410000000001220500 ) ) ;
#2403 = LINE ( 'NONE', #38, #1230 ) ;
#2404 = LINE ( 'NONE', #470, #2702 ) ;
#2405 = VECTOR ( 'NONE', #2629, 1000.000000000000000 ) ;
#2406 = CARTESIAN_POINT ( 'NONE',  ( 25.29211710587064800, 7.315492200634474300, -11.40500000000010100 ) ) ;
#2407 = EDGE_LOOP ( 'NONE', ( #459, #1562, #171, #2478 ) ) ;
#2408 = LINE ( 'NONE', #1284, #3140 ) ;
#2409 = VECTOR ( 'NONE', #3036, 1000.000000000000100 ) ;
#2410 = VECTOR ( 'NONE', #163, 1000.000000000000000 ) ;
#2411 = CARTESIAN_POINT ( 'NONE',  ( 10.10746731614876000, 3.267502945084965700, -10.70339621444712500 ) ) ;
#2412 = EDGE_LOOP ( 'NONE', ( #3355, #226, #200, #597, #1012, #473, #1866, #2114, #1241, #1208, #2580, #1839 ) ) ;
#2413 = ORIENTED_EDGE ( 'NONE', *, *, #439, .F. ) ;
#2414 = AXIS2_PLACEMENT_3D ( 'NONE', #637, #2265, #1724 ) ;
#2415 = DIRECTION ( 'NONE',  ( 1.000000000000000000, -0.0000000000000000000, -0.0000000000000000000 ) ) ;
#2416 = ADVANCED_FACE ( 'NONE', ( #381 ), #1010, .T. ) ;
#2417 = ORIENTED_EDGE ( 'NONE', *, *, #1058, .T. ) ;
#2418 = ORIENTED_EDGE ( 'NONE', *, *, #2926, .T. ) ;
#2419 = EDGE_LOOP ( 'NONE', ( #1275, #3339, #2972, #1274 ) ) ;
#2420 = PLANE ( 'NONE',  #1582 ) ;
#2421 = ORIENTED_EDGE ( 'NONE', *, *, #440, .F. ) ;
#2422 = CARTESIAN_POINT ( 'NONE',  ( 25.59151400146998500, -0.4870855627022389600, -11.40500000000010100 ) ) ;
#2423 = DIRECTION ( 'NONE',  ( -0.0000000000000000000, 0.0000000000000000000, -1.000000000000000000 ) ) ;
#2424 = MECHANICAL_DESIGN_GEOMETRIC_PRESENTATION_REPRESENTATION (  '', ( #2060 ), #2598 ) ;
#2425 = EDGE_CURVE ( 'NONE', #253, #2960, #2446, .T. ) ;
#2426 = CARTESIAN_POINT ( 'NONE',  ( 12.98999999999883700, 3.909999999999469500, -4.271314003334884600 ) ) ;
#2427 = DIRECTION ( 'NONE',  ( -0.0000000000000000000, 0.0000000000000000000, 1.000000000000000000 ) ) ;
#2428 = ADVANCED_FACE ( 'NONE', ( #3091 ), #1643, .F. ) ;
#2429 = ORIENTED_EDGE ( 'NONE', *, *, #3098, .T. ) ;
#2430 = EDGE_CURVE ( 'NONE', #2817, #3375, #2359, .T. ) ;
#2431 = DIRECTION ( 'NONE',  ( -1.000000000000000000, 0.0000000000000000000, 0.0000000000000000000 ) ) ;
#2432 = VERTEX_POINT ( 'NONE', #3152 ) ;
#2433 = AXIS2_PLACEMENT_3D ( 'NONE', #2059, #3439, #2015 ) ;
#2434 = CARTESIAN_POINT ( 'NONE',  ( 8.690000000000798900, 3.071314003334984800, -5.410000000001321800 ) ) ;
#2435 = DIRECTION ( 'NONE',  ( 0.0000000000000000000, 0.0000000000000000000, 1.000000000000000000 ) ) ;
#2436 = VERTEX_POINT ( 'NONE', #3260 ) ;
#2437 = VECTOR ( 'NONE', #2988, 1000.000000000000000 ) ;
#2438 = DIRECTION ( 'NONE',  ( 0.0000000000000000000, 0.0000000000000000000, 1.000000000000000000 ) ) ;
#2439 = CARTESIAN_POINT ( 'NONE',  ( 24.63113131249280100, 7.976477994012359600, -14.73499999999947900 ) ) ;
#2440 = DIRECTION ( 'NONE',  ( 0.0000000000000000000, 0.0000000000000000000, 1.000000000000000000 ) ) ;
#2441 = CARTESIAN_POINT ( 'NONE',  ( 9.500000000000101300, 4.059999999998999500, -0.6850000000000539000 ) ) ;
#2442 = AXIS2_PLACEMENT_3D ( 'NONE', #185, #2090, #472 ) ;
#2443 = VECTOR ( 'NONE', #1127, 1000.000000000000000 ) ;
#2444 = CIRCLE ( 'NONE', #2958, 5.094999999999940200 ) ;
#2445 = FACE_OUTER_BOUND ( 'NONE', #2076, .T. ) ;
#2446 = LINE ( 'NONE', #2593, #1112 ) ;
#2447 = ORIENTED_EDGE ( 'NONE', *, *, #311, .F. ) ;
#2448 = CARTESIAN_POINT ( 'NONE',  ( 23.97352200598938100, 7.318868687508939700, -11.40500000000010100 ) ) ;
#2449 = EDGE_CURVE ( 'NONE', #3375, #2279, #288, .T. ) ;
#2450 = ADVANCED_FACE ( 'NONE', ( #926 ), #3323, .T. ) ;
#2451 = FACE_OUTER_BOUND ( 'NONE', #2975, .T. ) ;
#2452 = LINE ( 'NONE', #168, #387 ) ;
#2453 = VECTOR ( 'NONE', #3376, 1000.000000000000000 ) ;
#2454 = DIRECTION ( 'NONE',  ( 0.0000000000000000000, 0.0000000000000000000, -1.000000000000000000 ) ) ;
#2455 = ORIENTED_EDGE ( 'NONE', *, *, #1939, .F. ) ;
#2456 = ORIENTED_EDGE ( 'NONE', *, *, #1982, .T. ) ;
#2457 = CARTESIAN_POINT ( 'NONE',  ( 7.000000000000194500, 4.059999999999000400, -10.08500000000030100 ) ) ;
#2458 = CARTESIAN_POINT ( 'NONE',  ( 5.760000000066156600, 4.059999999998999500, -5.259999999999280400 ) ) ;
#2459 = EDGE_CURVE ( 'NONE', #273, #2432, #2307, .T. ) ;
#2460 = ORIENTED_EDGE ( 'NONE', *, *, #2946, .F. ) ;
#2461 = DIRECTION ( 'NONE',  ( -1.000000000000000000, 1.702378288495414600E-015, 0.0000000000000000000 ) ) ;
#2462 = EDGE_LOOP ( 'NONE', ( #260, #1359, #667, #2211 ) ) ;
#2463 = AXIS2_PLACEMENT_3D ( 'NONE', #2200, #2745, #309 ) ;
#2464 = ORIENTED_EDGE ( 'NONE', *, *, #3168, .T. ) ;
#2465 = ORIENTED_EDGE ( 'NONE', *, *, #819, .F. ) ;
#2466 = DIRECTION ( 'NONE',  ( 0.0000000000000000000, 0.0000000000000000000, -1.000000000000000000 ) ) ;
#2467 = CARTESIAN_POINT ( 'NONE',  ( 8.318301812988210000, 5.340004978744341100, -9.834999999998759200 ) ) ;
#2468 = AXIS2_PLACEMENT_3D ( 'NONE', #1716, #1725, #1816 ) ;
#2469 = CARTESIAN_POINT ( 'NONE',  ( 12.98999999999883700, 3.909999999999599600, -5.259999999999280400 ) ) ;
#2470 = DIRECTION ( 'NONE',  ( 0.0000000000000000000, 0.0000000000000000000, -1.000000000000000000 ) ) ;
#2471 = ORIENTED_EDGE ( 'NONE', *, *, #2519, .T. ) ;
#2472 = ADVANCED_FACE ( 'NONE', ( #341 ), #723, .T. ) ;
#2473 = DIRECTION ( 'NONE',  ( -1.000000000000000000, 0.0000000000000000000, 0.0000000000000000000 ) ) ;
#2474 = CARTESIAN_POINT ( 'NONE',  ( 12.98999999999883700, 4.059999999998999500, -5.259999999999280400 ) ) ;
#2475 = DIRECTION ( 'NONE',  ( 1.000000000000000000, 0.0000000000000000000, 0.0000000000000000000 ) ) ;
#2476 = ORIENTED_EDGE ( 'NONE', *, *, #3054, .T. ) ;
#2477 = EDGE_CURVE ( 'NONE', #3143, #762, #1585, .T. ) ;
#2478 = ORIENTED_EDGE ( 'NONE', *, *, #1140, .T. ) ;
#2479 = CARTESIAN_POINT ( 'NONE',  ( 27.89000000000020000, 4.059999999998999500, -14.63999430158606100 ) ) ;
#2480 = CARTESIAN_POINT ( 'NONE',  ( 11.95313322572130400, 4.615726237774819800, -10.06024082935517300 ) ) ;
#2481 = B_SPLINE_CURVE_WITH_KNOTS ( 'NONE', 1,
 ( #1686, #2214 ),
 .UNSPECIFIED., .F., .F.,
 ( 2, 2 ),
 ( 0.0000000000000000000, 1.000000000000000000 ),
 .UNSPECIFIED. ) ;
#2482 = ORIENTED_EDGE ( 'NONE', *, *, #887, .T. ) ;
#2483 = CARTESIAN_POINT ( 'NONE',  ( 12.98999999999883700, 4.210000000000940500, -4.566025937083943600 ) ) ;
#2484 = EDGE_CURVE ( 'NONE', #1077, #1492, #2408, .T. ) ;
#2485 = CARTESIAN_POINT ( 'NONE',  ( 22.63000000000091900, 4.059999999998999500, -11.40500000000010100 ) ) ;
#2486 = CIRCLE ( 'NONE', #730, 4.488675134616446600 ) ;
#2487 = ADVANCED_FACE ( 'NONE', ( #1695 ), #2921, .T. ) ;
#2488 = CIRCLE ( 'NONE', #143, 4.165000000001119100 ) ;
#2489 = CARTESIAN_POINT ( 'NONE',  ( 22.63000000000091900, -1.200000000000025700, -0.4350000000000380200 ) ) ;
#2490 = CARTESIAN_POINT ( 'NONE',  ( 8.690000000004266300, 4.210000000000940500, -4.389625819142960200 ) ) ;
#2491 = DIRECTION ( 'NONE',  ( 1.000000000000000000, 0.0000000000000000000, 0.0000000000000000000 ) ) ;
#2492 = LINE ( 'NONE', #2439, #3227 ) ;
#2493 = VECTOR ( 'NONE', #1348, 1000.000000000000000 ) ;
#2494 = FACE_OUTER_BOUND ( 'NONE', #193, .T. ) ;
#2495 = DIRECTION ( 'NONE',  ( 1.000000000000000000, 0.0000000000000000000, 0.0000000000000000000 ) ) ;
#2496 = AXIS2_PLACEMENT_3D ( 'NONE', #2458, #3304, #2438 ) ;
#2497 = CARTESIAN_POINT ( 'NONE',  ( 7.000000000000194500, 4.059999999998999500, -0.4349999999982602800 ) ) ;
#2498 = ORIENTED_EDGE ( 'NONE', *, *, #3361, .T. ) ;
#2499 = VECTOR ( 'NONE', #2912, 1000.000000000000000 ) ;
#2500 = CARTESIAN_POINT ( 'NONE',  ( 27.89000000000020000, 4.059999999998999500, -14.73499999999947900 ) ) ;
#2501 = ORIENTED_EDGE ( 'NONE', *, *, #2207, .T. ) ;
#2502 = ORIENTED_EDGE ( 'NONE', *, *, #2909, .F. ) ;
#2503 = ORIENTED_EDGE ( 'NONE', *, *, #2996, .F. ) ;
#2504 = ORIENTED_EDGE ( 'NONE', *, *, #2996, .T. ) ;
#2505 = CARTESIAN_POINT ( 'NONE',  ( 23.34291443729547700, 1.761514001468298200, -10.64500000000060000 ) ) ;
#2506 = ORIENTED_EDGE ( 'NONE', *, *, #1140, .F. ) ;
#2507 = EDGE_CURVE ( 'NONE', #214, #2303, #972, .T. ) ;
#2508 = CARTESIAN_POINT ( 'NONE',  ( 12.98999999999883700, 4.059999999998999500, -5.259999999999280400 ) ) ;
#2509 = DIRECTION ( 'NONE',  ( -1.000000000000000000, 0.0000000000000000000, 0.0000000000000000000 ) ) ;
#2510 = ADVANCED_FACE ( 'NONE', ( #888 ), #1517, .T. ) ;
#2511 = ORIENTED_EDGE ( 'NONE', *, *, #2653, .F. ) ;
#2512 = ORIENTED_EDGE ( 'NONE', *, *, #1462, .T. ) ;
#2513 = AXIS2_PLACEMENT_3D ( 'NONE', #2821, #3350, #1730 ) ;
#2514 = CARTESIAN_POINT ( 'NONE',  ( 8.795857582142943400, 2.981560566270234700, -0.6850000000000535700 ) ) ;
#2515 = DIRECTION ( 'NONE',  ( -1.000000000000000000, 1.702378288495414600E-015, 0.0000000000000000000 ) ) ;
#2516 = CARTESIAN_POINT ( 'NONE',  ( 22.63000000000091900, 9.320000000000819200, -10.64500000000060000 ) ) ;
#2517 = CARTESIAN_POINT ( 'NONE',  ( 30.48788289413740000, 0.8045077993696300200, -14.73499999999947900 ) ) ;
#2518 = DIRECTION ( 'NONE',  ( -1.000000000000000000, 0.0000000000000000000, 0.0000000000000000000 ) ) ;
#2519 = EDGE_CURVE ( 'NONE', #3165, #2769, #2961, .T. ) ;
#2520 = VERTEX_POINT ( 'NONE', #1047 ) ;
#2521 = EDGE_LOOP ( 'NONE', ( #848, #940, #809, #1876, #1936, #937 ) ) ;
#2522 = EDGE_CURVE ( 'NONE', #3375, #1488, #2246, .T. ) ;
#2523 = B_SPLINE_CURVE_WITH_KNOTS ( 'NONE', 3,
 ( #1505, #139, #1786, #979, #2869, #1253 ),
 .UNSPECIFIED., .F., .F.,
 ( 4, 2, 4 ),
 ( 1.142491897154059300E-015, 0.0007756350052740292600, 0.001551270010546916000 ),
 .UNSPECIFIED. ) ;
#2524 = VERTEX_POINT ( 'NONE', #3220 ) ;
#2525 = DIRECTION ( 'NONE',  ( -1.000000000000000000, 0.0000000000000000000, 0.0000000000000000000 ) ) ;
#2526 = CARTESIAN_POINT ( 'NONE',  ( 24.63113131249280100, 7.976477994012359600, -11.40500000000010100 ) ) ;
#2527 = CONICAL_SURFACE ( 'NONE', #3256, 0.8832050806754235800, 0.5235987755300237600 ) ;
#2528 = AXIS2_PLACEMENT_3D ( 'NONE', #705, #2318, #438 ) ;
#2529 = CIRCLE ( 'NONE', #2637, 5.094999999999940200 ) ;
#2530 =( NAMED_UNIT ( * ) SI_UNIT ( $, .STERADIAN. ) SOLID_ANGLE_UNIT ( ) );
#2531 = VECTOR ( 'NONE', #3087, 1000.000000000000000 ) ;
#2532 = FACE_OUTER_BOUND ( 'NONE', #353, .T. ) ;
#2533 = VECTOR ( 'NONE', #2335, 1000.000000000000100 ) ;
#2534 = VERTEX_POINT ( 'NONE', #1578 ) ;
#2535 = DIRECTION ( 'NONE',  ( 0.0000000000000000000, -0.0000000000000000000, 1.000000000000000000 ) ) ;
#2536 = CYLINDRICAL_SURFACE ( 'NONE', #271, 0.9900000000001036900 ) ;
#2537 = FACE_OUTER_BOUND ( 'NONE', #3483, .T. ) ;
#2538 = FACE_OUTER_BOUND ( 'NONE', #2407, .T. ) ;
#2539 = CARTESIAN_POINT ( 'NONE',  ( 31.14886868750844700, 0.1435220059873285600, -11.40500000000010100 ) ) ;
#2540 = DIRECTION ( 'NONE',  ( -1.000000000000000000, -0.0000000000000000000, 0.0000000000000000000 ) ) ;
#2541 = ORIENTED_EDGE ( 'NONE', *, *, #657, .T. ) ;
#2542 = VERTEX_POINT ( 'NONE', #2131 ) ;
#2543 = VERTEX_POINT ( 'NONE', #2655 ) ;
#2544 = ORIENTED_EDGE ( 'NONE', *, *, #2934, .T. ) ;
#2545 = EDGE_CURVE ( 'NONE', #1828, #3346, #2855, .T. ) ;
#2546 = EDGE_LOOP ( 'NONE', ( #1823, #775, #293, #1610 ) ) ;
#2547 = VERTEX_POINT ( 'NONE', #2670 ) ;
#2548 =( LENGTH_UNIT ( ) NAMED_UNIT ( * ) SI_UNIT ( .MILLI., .METRE. ) );
#2549 = VERTEX_POINT ( 'NONE', #228 ) ;
#2550 = EDGE_CURVE ( 'NONE', #2618, #1488, #1603, .T. ) ;
#2551 = ORIENTED_EDGE ( 'NONE', *, *, #943, .T. ) ;
#2552 = DIRECTION ( 'NONE',  ( -1.000000000000000000, -8.330004686561060700E-016, 0.0000000000000000000 ) ) ;
#2553 = DIRECTION ( 'NONE',  ( -1.000000000000000000, 0.0000000000000000000, -0.0000000000000000000 ) ) ;
#2554 = COLOUR_RGB ( '',0.7921568627450980000, 0.8196078431372548800, 0.9333333333333333500 ) ;
#2555 = CARTESIAN_POINT ( 'NONE',  ( 9.048003244725132200, 3.061836063650240200, -0.6850000000000535700 ) ) ;
#2556 = VERTEX_POINT ( 'NONE', #3253 ) ;
#2557 = AXIS2_PLACEMENT_3D ( 'NONE', #3464, #1831, #198 ) ;
#2558 = CARTESIAN_POINT ( 'NONE',  ( 8.990000000009892700, 3.909999999999599600, -4.566025937066526400 ) ) ;
#2559 = DIRECTION ( 'NONE',  ( 0.0000000000000000000, 0.0000000000000000000, 1.000000000000000000 ) ) ;
#2560 = DIRECTION ( 'NONE',  ( -1.000000000000000000, 0.0000000000000000000, 0.0000000000000000000 ) ) ;
#2561 = ORIENTED_EDGE ( 'NONE', *, *, #2425, .F. ) ;
#2562 = EDGE_CURVE ( 'NONE', #2279, #2618, #2878, .T. ) ;
#2563 = CARTESIAN_POINT ( 'NONE',  ( 22.63000000000091900, -1.200000000000025900, -10.64500000000060000 ) ) ;
#2564 = ORIENTED_EDGE ( 'NONE', *, *, #698, .T. ) ;
#2565 = CIRCLE ( 'NONE', #385, 4.165000000001119100 ) ;
#2566 = CARTESIAN_POINT ( 'NONE',  ( 12.98999999999883700, 4.059999999998999500, -5.259999999999280400 ) ) ;
#2567 = EDGE_CURVE ( 'NONE', #3346, #2547, #3051, .T. ) ;
#2568 = LINE ( 'NONE', #736, #1770 ) ;
#2569 = CARTESIAN_POINT ( 'NONE',  ( 9.500000000000101300, 4.059999999998999500, -9.504789005484299800 ) ) ;
#2570 = DIRECTION ( 'NONE',  ( 1.000000000000000000, 0.0000000000000000000, -0.0000000000000000000 ) ) ;
#2571 = AXIS2_PLACEMENT_3D ( 'NONE', #2927, #1308, #1068 ) ;
#2572 = CYLINDRICAL_SURFACE ( 'NONE', #3417, 5.500000000000860600 ) ;
#2573 = FACE_OUTER_BOUND ( 'NONE', #1313, .T. ) ;
#2574 = VECTOR ( 'NONE', #656, 1000.000000000000000 ) ;
#2575 = CARTESIAN_POINT ( 'NONE',  ( 9.760619497531720900, 5.023737689030884500, -10.67513825094011200 ) ) ;
#2576 = CARTESIAN_POINT ( 'NONE',  ( 9.500000000000101300, 4.059999999998999500, -9.834999999998759200 ) ) ;
#2577 = VERTEX_POINT ( 'NONE', #1608 ) ;
#2578 = VECTOR ( 'NONE', #2390, 1000.000000000000000 ) ;
#2579 = AXIS2_PLACEMENT_3D ( 'NONE', #536, #902, #872 ) ;
#2580 = ORIENTED_EDGE ( 'NONE', *, *, #1476, .T. ) ;
#2581 = ORIENTED_EDGE ( 'NONE', *, *, #594, .F. ) ;
#2582 = CARTESIAN_POINT ( 'NONE',  ( 9.309581525585574700, 3.088485303964288800, -9.834999999998759200 ) ) ;
#2583 = EDGE_CURVE ( 'NONE', #2267, #176, #1439, .T. ) ;
#2584 = CARTESIAN_POINT ( 'NONE',  ( 11.13630681719263100, 3.144764424681044000, -0.5225989359470585300 ) ) ;
#2585 = ORIENTED_EDGE ( 'NONE', *, *, #1945, .F. ) ;
#2586 = B_SPLINE_CURVE_WITH_KNOTS ( 'NONE', 3,
 ( #2497, #606, #1170, #3043, #1423, #3340 ),
 .UNSPECIFIED., .F., .F.,
 ( 4, 2, 4 ),
 ( 9.757819552369539900E-019, 0.0008319683109630780800, 0.001663936621926155100 ),
 .UNSPECIFIED. ) ;
#2587 = CARTESIAN_POINT ( 'NONE',  ( 9.630181219927985500, 5.049897718680899300, -10.67018507237016300 ) ) ;
#2588 = VERTEX_POINT ( 'NONE', #272 ) ;
#2589 = DIRECTION ( 'NONE',  ( 0.0000000000000000000, 0.0000000000000000000, -1.000000000000000000 ) ) ;
#2590 = ORIENTED_EDGE ( 'NONE', *, *, #274, .F. ) ;
#2591 = AXIS2_PLACEMENT_3D ( 'NONE', #3387, #396, #2275 ) ;
#2592 = CARTESIAN_POINT ( 'NONE',  ( 8.690000000000798900, 4.059999999998999500, -5.259999999999280400 ) ) ;
#2593 = CARTESIAN_POINT ( 'NONE',  ( 8.690000000000798900, 4.210000000000940500, -5.953974062917059700 ) ) ;
#2594 = CARTESIAN_POINT ( 'NONE',  ( 9.371379109622399300, 5.050101666512083500, -10.67014775220756600 ) ) ;
#2595 = EDGE_LOOP ( 'NONE', ( #3189, #410, #2904, #2501 ) ) ;
#2596 = DIRECTION ( 'NONE',  ( 1.000000000000000000, 0.0000000000000000000, 0.0000000000000000000 ) ) ;
#2597 = ORIENTED_EDGE ( 'NONE', *, *, #616, .T. ) ;
#2598 =( GEOMETRIC_REPRESENTATION_CONTEXT ( 3 ) GLOBAL_UNCERTAINTY_ASSIGNED_CONTEXT ( ( #810 ) ) GLOBAL_UNIT_ASSIGNED_CONTEXT ( ( #405, #2287, #663 ) ) REPRESENTATION_CONTEXT ( 'NONE', 'WORKASPACE' ) );
#2599 = CARTESIAN_POINT ( 'NONE',  ( 12.00000000000000700, 4.059999999998999500, -0.6850000000000539000 ) ) ;
#2600 = EDGE_CURVE ( 'NONE', #2254, #1463, #3530, .T. ) ;
#2601 = CARTESIAN_POINT ( 'NONE',  ( 9.241513495401234100, 5.024445157900934200, -10.67501445929046400 ) ) ;
#2602 = CONICAL_SURFACE ( 'NONE', #2872, 0.2699999999258955200, 0.7853876106225067300 ) ;
#2603 = DIRECTION ( 'NONE',  ( -1.000000000000000000, 6.247503514920796000E-015, 0.0000000000000000000 ) ) ;
#2604 = DIRECTION ( 'NONE',  ( 1.000000000000000000, 0.0000000000000000000, 0.0000000000000000000 ) ) ;
#2605 = CIRCLE ( 'NONE', #1927, 4.825000000001832500 ) ;
#2606 = EDGE_CURVE ( 'NONE', #1779, #686, #706, .T. ) ;
#2607 = LINE ( 'NONE', #912, #1898 ) ;
#2608 = CIRCLE ( 'NONE', #3317, 5.094999999999940200 ) ;
#2609 = LINE ( 'NONE', #2759, #2533 ) ;
#2610 = VERTEX_POINT ( 'NONE', #1890 ) ;
#2611 = CARTESIAN_POINT ( 'NONE',  ( 9.500000000000101300, 4.059999999998999500, -9.504789005484299800 ) ) ;
#2612 = CARTESIAN_POINT ( 'NONE',  ( 5.259999999964293200, 4.059999999998999500, -0.7713248653828334000 ) ) ;
#2613 = AXIS2_PLACEMENT_3D ( 'NONE', #2285, #2367, #675 ) ;
#2614 = CIRCLE ( 'NONE', #3068, 1.000000000000064200 ) ;
#2615 = VECTOR ( 'NONE', #3494, 1000.000000000000000 ) ;
#2616 = VECTOR ( 'NONE', #2560, 1000.000000000000000 ) ;
#2617 = CARTESIAN_POINT ( 'NONE',  ( 26.29224862532900200, 0.2136490611567762000, -11.40500000000010100 ) ) ;
#2618 = VERTEX_POINT ( 'NONE', #1366 ) ;
#2619 = ORIENTED_EDGE ( 'NONE', *, *, #3321, .F. ) ;
#2620 = CARTESIAN_POINT ( 'NONE',  ( 7.863693182804998300, 2.527029028321109600, -9.834999999998759200 ) ) ;
#2621 = CARTESIAN_POINT ( 'NONE',  ( 9.500000000000101300, 4.059999999998999500, -0.6850000000000539000 ) ) ;
#2622 = ORIENTED_EDGE ( 'NONE', *, *, #3465, .T. ) ;
#2623 = ORIENTED_EDGE ( 'NONE', *, *, #1118, .F. ) ;
#2624 = AXIS2_PLACEMENT_3D ( 'NONE', #2633, #1020, #2906 ) ;
#2625 = ORIENTED_EDGE ( 'NONE', *, *, #1844, .T. ) ;
#2626 = ORIENTED_EDGE ( 'NONE', *, *, #2567, .T. ) ;
#2627 = EDGE_CURVE ( 'NONE', #389, #3289, #633, .T. ) ;
#2628 =( BOUNDED_SURFACE ( )  B_SPLINE_SURFACE ( 3, 3, ( 
 ( #442, #3430, #966, #2584 ),
 ( #688, #2306, #429, #2046 ),
 ( #141, #1772, #3420, #1498 ),
 ( #3128, #1235, #2853, #956 ) ),
 .UNSPECIFIED., .F., .F., .T. ) 
 B_SPLINE_SURFACE_WITH_KNOTS ( ( 4, 4 ),
 ( 4, 4 ),
 ( 0.0000000000000000000, 1.000000000000000000 ),
 ( 0.0000000000000000000, 1.000000000000000000 ),
 .UNSPECIFIED. ) 
 GEOMETRIC_REPRESENTATION_ITEM ( )  RATIONAL_B_SPLINE_SURFACE ( (
 ( 1.000000000000000000, 0.4597907530662683800, 0.4597907530662683800, 1.000000000000000000),
 ( 0.9888888888889104700, 0.4546819669210975200, 0.4546819669210975200, 0.9888888888889104700),
 ( 0.9888888888889104700, 0.4546819669210975200, 0.4546819669210975200, 0.9888888888889104700),
 ( 1.000000000000000000, 0.4597907530662683800, 0.4597907530662683800, 1.000000000000000000) ) ) 
 REPRESENTATION_ITEM ( '' )  SURFACE ( )  );
#2629 = DIRECTION ( 'NONE',  ( 0.0000000000000000000, 1.000000000000000000, -0.0000000000000000000 ) ) ;
#2630 = EDGE_LOOP ( 'NONE', ( #1644, #1656, #2119, #2754 ) ) ;
#2631 = CARTESIAN_POINT ( 'NONE',  ( 5.760000000066156600, 4.059999999998999500, -5.259999999999280400 ) ) ;
#2632 = CARTESIAN_POINT ( 'NONE',  ( 9.001481529163243100, 4.925129510473999200, -10.69176647022223600 ) ) ;
#2633 = CARTESIAN_POINT ( 'NONE',  ( 9.500000000000101300, 4.059999999998999500, -9.834999999998759200 ) ) ;
#2634 = EDGE_CURVE ( 'NONE', #3165, #1492, #2320, .T. ) ;
#2635 = DIRECTION ( 'NONE',  ( 0.0000000000000000000, -0.0000000000000000000, 1.000000000000000000 ) ) ;
#2636 = CARTESIAN_POINT ( 'NONE',  ( 9.630181219927987300, 3.070102281317100200, 0.1501850723716009200 ) ) ;
#2637 = AXIS2_PLACEMENT_3D ( 'NONE', #2732, #837, #2461 ) ;
#2638 = CARTESIAN_POINT ( 'NONE',  ( 5.259999999999279500, 4.059999999998999500, -5.259999999999280400 ) ) ;
#2639 = EDGE_LOOP ( 'NONE', ( #2512, #2316 ) ) ;
#2640 = CARTESIAN_POINT ( 'NONE',  ( 8.990000000039541900, 3.366025937083389200, -5.109999999999879500 ) ) ;
#2641 = ADVANCED_FACE ( 'NONE', ( #545 ), #827, .T. ) ;
#2642 = CARTESIAN_POINT ( 'NONE',  ( 8.892532683851440500, 4.852497054913030200, -10.70339621444712500 ) ) ;
#2643 = ORIENTED_EDGE ( 'NONE', *, *, #748, .F. ) ;
#2644 = DIRECTION ( 'NONE',  ( 0.0000000000000000000, 0.0000000000000000000, 1.000000000000000000 ) ) ;
#2645 = AXIS2_PLACEMENT_3D ( 'NONE', #718, #1190, #1215 ) ;
#2646 = DIRECTION ( 'NONE',  ( 1.000000000000000000, 0.0000000000000000000, -0.0000000000000000000 ) ) ;
#2647 = DIRECTION ( 'NONE',  ( -0.0000000000000000000, -0.0000000000000000000, 1.000000000000000000 ) ) ;
#2648 = ORIENTED_EDGE ( 'NONE', *, *, #3044, .T. ) ;
#2649 = CARTESIAN_POINT ( 'NONE',  ( 9.309581525585635100, 3.088485303963699900, -0.6850000000000535700 ) ) ;
#2650 = EDGE_CURVE ( 'NONE', #2542, #771, #3492, .T. ) ;
#2651 = CIRCLE ( 'NONE', #2810, 0.7099999999999537800 ) ;
#2652 = DIRECTION ( 'NONE',  ( -1.000000000000000000, 0.0000000000000000000, -0.0000000000000000000 ) ) ;
#2653 = EDGE_CURVE ( 'NONE', #2436, #1045, #3369, .T. ) ;
#2654 = DIRECTION ( 'NONE',  ( 1.000000000000000000, 0.0000000000000000000, 0.0000000000000000000 ) ) ;
#2655 = CARTESIAN_POINT ( 'NONE',  ( 7.525158234188586100, 2.527029028321457400, -9.834999999998759200 ) ) ;
#2656 = LINE ( 'NONE', #1328, #3408 ) ;
#2657 = VECTOR ( 'NONE', #1569, 1000.000000000000000 ) ;
#2658 = LINE ( 'NONE', #881, #2574 ) ;
#2659 = AXIS2_PLACEMENT_3D ( 'NONE', #3216, #797, #526 ) ;
#2660 = DIRECTION ( 'NONE',  ( -0.0000000000000000000, -0.0000000000000000000, -1.000000000000000000 ) ) ;
#2661 = ORIENTED_EDGE ( 'NONE', *, *, #2339, .T. ) ;
#2662 = ADVANCED_FACE ( 'NONE', ( #3445 ), #1133, .T. ) ;
#2663 = VECTOR ( 'NONE', #1543, 1000.000000000000000 ) ;
#2664 = DIRECTION ( 'NONE',  ( -0.7071067811808426900, 0.7071067811922522300, 0.0000000000000000000 ) ) ;
#2665 = DIRECTION ( 'NONE',  ( 1.000000000000000000, 0.0000000000000000000, 0.0000000000000000000 ) ) ;
#2666 = VERTEX_POINT ( 'NONE', #1641 ) ;
#2667 = CARTESIAN_POINT ( 'NONE',  ( 9.500000000000101300, 4.059999999998999500, -0.6850000000000539000 ) ) ;
#2668 = DIRECTION ( 'NONE',  ( 1.000000000000000000, 0.0000000000000000000, -0.0000000000000000000 ) ) ;
#2669 = VERTEX_POINT ( 'NONE', #1658 ) ;
#2670 = CARTESIAN_POINT ( 'NONE',  ( 10.49000000000020400, 4.059999999998999500, -9.834999999998759200 ) ) ;
#2671 = DIRECTION ( 'NONE',  ( 0.0000000000000000000, 0.0000000000000000000, -1.000000000000000000 ) ) ;
#2672 = DIRECTION ( 'NONE',  ( -0.0000000000000000000, -0.0000000000000000000, 1.000000000000000000 ) ) ;
#2673 = AXIS2_PLACEMENT_3D ( 'NONE', #1901, #2185, #567 ) ;
#2674 = ORIENTED_EDGE ( 'NONE', *, *, #657, .F. ) ;
#2675 = DIRECTION ( 'NONE',  ( 1.000000000000000000, 0.0000000000000000000, 0.0000000000000000000 ) ) ;
#2676 = DIRECTION ( 'NONE',  ( 0.0000000000000000000, 0.0000000000000000000, -1.000000000000000000 ) ) ;
#2677 = ORIENTED_EDGE ( 'NONE', *, *, #486, .F. ) ;
#2678 = EDGE_CURVE ( 'NONE', #916, #2862, #2614, .T. ) ;
#2679 = DIRECTION ( 'NONE',  ( 1.000000000000000000, 0.0000000000000000000, -0.0000000000000000000 ) ) ;
#2680 = DIRECTION ( 'NONE',  ( 0.0000000000000000000, 0.0000000000000000000, -1.000000000000000000 ) ) ;
#2681 = CARTESIAN_POINT ( 'NONE',  ( 23.34291443729619800, 6.358485998531899800, -10.64500000000060000 ) ) ;
#2682 = CARTESIAN_POINT ( 'NONE',  ( 13.89000000006035400, 4.059999999998999500, -5.259999999999280400 ) ) ;
#2683 = ADVANCED_FACE ( 'NONE', ( #1197 ), #2536, .T. ) ;
#2684 = CARTESIAN_POINT ( 'NONE',  ( 27.89000000000020000, 4.059999999998999500, -10.64500000000060000 ) ) ;
#2685 = EDGE_CURVE ( 'NONE', #3533, #2, #3280, .T. ) ;
#2686 = CARTESIAN_POINT ( 'NONE',  ( 10.36453451677946400, 3.560525620682537500, -10.73858711989351100 ) ) ;
#2687 = CARTESIAN_POINT ( 'NONE',  ( 31.54000000000083800, 4.059999999999000400, -10.55500000000095900 ) ) ;
#2688 = EDGE_LOOP ( 'NONE', ( #347, #3138, #2775, #124 ) ) ;
#2689 = AXIS2_PLACEMENT_3D ( 'NONE', #494, #1449, #3076 ) ;
#2690 = CARTESIAN_POINT ( 'NONE',  ( 7.863693182804916600, 11.71945197524601800, -1.825538394396818200 ) ) ;
#2691 = DIRECTION ( 'NONE',  ( 1.000000000000000000, 0.0000000000000000000, 0.0000000000000000000 ) ) ;
#2692 = EDGE_LOOP ( 'NONE', ( #2809, #3198, #2735, #2895 ) ) ;
#2693 = CARTESIAN_POINT ( 'NONE',  ( 26.29224862533217100, 7.906350938844251900, -11.40500000000010100 ) ) ;
#2694 = CARTESIAN_POINT ( 'NONE',  ( 10.49000000000020400, 4.059999999998999500, -9.834999999998759200 ) ) ;
#2695 = CARTESIAN_POINT ( 'NONE',  ( 25.29211710587062700, 7.315492200634456500, -10.64500000000060000 ) ) ;
#2696 = CONICAL_SURFACE ( 'NONE', #2513, 4.199999999996968800, 0.01580146602139013300 ) ;
#2697 = EDGE_CURVE ( 'NONE', #1828, #206, #1905, .T. ) ;
#2698 = ADVANCED_FACE ( 'NONE', ( #386 ), #591, .T. ) ;
#2699 = CARTESIAN_POINT ( 'NONE',  ( 33.14999999999440000, 9.320000000000819200, -10.64500000000060000 ) ) ;
#2700 = CARTESIAN_POINT ( 'NONE',  ( 24.04364906115650400, 5.657751374670778200, -10.64500000000060000 ) ) ;
#2701 = VECTOR ( 'NONE', #920, 1000.000000000000000 ) ;
#2702 = VECTOR ( 'NONE', #1548, 1000.000000000000000 ) ;
#2703 = VECTOR ( 'NONE', #2305, 1000.000000000000000 ) ;
#2704 = DIRECTION ( 'NONE',  ( -1.000000000000000000, 0.0000000000000000000, 0.0000000000000000000 ) ) ;
#2705 = EDGE_CURVE ( 'NONE', #3109, #2669, #3179, .T. ) ;
#2706 = ORIENTED_EDGE ( 'NONE', *, *, #3341, .F. ) ;
#2707 = DIRECTION ( 'NONE',  ( -1.000000000000000000, -0.0000000000000000000, -0.0000000000000000000 ) ) ;
#2708 = VECTOR ( 'NONE', #65, 1000.000000000000000 ) ;
#2709 = CIRCLE ( 'NONE', #1268, 4.488675134616446600 ) ;
#2710 = FACE_OUTER_BOUND ( 'NONE', #561, .T. ) ;
#2711 = CARTESIAN_POINT ( 'NONE',  ( 13.89000000006035400, 4.059999999998999500, -4.549999999994724900 ) ) ;
#2712 = VERTEX_POINT ( 'NONE', #3327 ) ;
#2713 = ORIENTED_EDGE ( 'NONE', *, *, #2545, .T. ) ;
#2714 = AXIS2_PLACEMENT_3D ( 'NONE', #3119, #1226, #2840 ) ;
#2715 = DIRECTION ( 'NONE',  ( 0.0000000000000000000, 0.0000000000000000000, -1.000000000000000000 ) ) ;
#2716 = EDGE_LOOP ( 'NONE', ( #1802, #477, #254, #3328 ) ) ;
#2717 = EDGE_LOOP ( 'NONE', ( #2541, #127, #2797, #2288, #3193, #2482, #759, #3366 ) ) ;
#2718 = DIRECTION ( 'NONE',  ( 1.000000000000000000, -0.0000000000000000000, -0.0000000000000000000 ) ) ;
#2719 = PLANE ( 'NONE',  #2080 ) ;
#2720 = ORIENTED_EDGE ( 'NONE', *, *, #986, .F. ) ;
#2721 = CARTESIAN_POINT ( 'NONE',  ( 9.500000000000101300, 4.059999999998999500, -9.834999999998759200 ) ) ;
#2722 = AXIS2_PLACEMENT_3D ( 'NONE', #651, #1980, #1698 ) ;
#2723 = ADVANCED_FACE ( 'NONE', ( #2451 ), #294, .T. ) ;
#2724 = ORIENTED_EDGE ( 'NONE', *, *, #580, .F. ) ;
#2725 = CARTESIAN_POINT ( 'NONE',  ( 22.63000000000091900, 4.059999999998999500, -11.40500000000010100 ) ) ;
#2726 = DIRECTION ( 'NONE',  ( 1.000000000000000000, 0.0000000000000000000, -0.0000000000000000000 ) ) ;
#2727 = EDGE_CURVE ( 'NONE', #1998, #639, #2586, .T. ) ;
#2728 = DIRECTION ( 'NONE',  ( -0.7071067811865474600, -0.7071067811865474600, 0.0000000000000000000 ) ) ;
#2729 = DIRECTION ( 'NONE',  ( 0.0000000000000000000, 0.0000000000000000000, -1.000000000000000000 ) ) ;
#2730 = PLANE ( 'NONE',  #605 ) ;
#2731 = ORIENTED_EDGE ( 'NONE', *, *, #2459, .F. ) ;
#2732 = CARTESIAN_POINT ( 'NONE',  ( 27.89000000000020000, 4.059999999998999500, -11.40500000000010100 ) ) ;
#2733 = EDGE_CURVE ( 'NONE', #2971, #899, #335, .T. ) ;
#2734 = CARTESIAN_POINT ( 'NONE',  ( 8.690000000000798900, 4.210000000001041800, -4.271314003335265700 ) ) ;
#2735 = ORIENTED_EDGE ( 'NONE', *, *, #2807, .T. ) ;
#2736 = ADVANCED_FACE ( 'NONE', ( #1737 ), #1972, .T. ) ;
#2737 = AXIS2_PLACEMENT_3D ( 'NONE', #2770, #1307, #860 ) ;
#2738 = CARTESIAN_POINT ( 'NONE',  ( 5.259999999999280400, 4.059999999998999500, -5.259999999999280400 ) ) ;
#2739 = DIRECTION ( 'NONE',  ( -0.0000000000000000000, -0.0000000000000000000, 1.000000000000000000 ) ) ;
#2740 = EDGE_LOOP ( 'NONE', ( #953, #2504 ) ) ;
#2741 = CIRCLE ( 'NONE', #1894, 5.094999999999940200 ) ;
#2742 = CARTESIAN_POINT ( 'NONE',  ( 9.048003244724721800, 5.058163936346665500, -9.834999999998761000 ) ) ;
#2743 = CARTESIAN_POINT ( 'NONE',  ( 25.29211710587064800, 7.315492200634472500, -14.73499999999947900 ) ) ;
#2744 = DIRECTION ( 'NONE',  ( 1.000000000000000000, 0.0000000000000000000, 0.0000000000000000000 ) ) ;
#2745 = DIRECTION ( 'NONE',  ( -1.000000000000000000, 0.0000000000000000000, 0.0000000000000000000 ) ) ;
#2746 = AXIS2_PLACEMENT_3D ( 'NONE', #1297, #3202, #1566 ) ;
#2747 = DIRECTION ( 'NONE',  ( 0.0000000000000000000, 0.0000000000000000000, -1.000000000000000000 ) ) ;
#2748 = EDGE_CURVE ( 'NONE', #3383, #1282, #3094, .T. ) ;
#2749 = ORIENTED_EDGE ( 'NONE', *, *, #720, .F. ) ;
#2750 = FACE_OUTER_BOUND ( 'NONE', #1222, .T. ) ;
#2751 = FACE_OUTER_BOUND ( 'NONE', #310, .T. ) ;
#2752 = VECTOR ( 'NONE', #531, 1000.000000000000000 ) ;
#2753 = CONICAL_SURFACE ( 'NONE', #2463, 0.8832050806754235800, 0.5235987755300237600 ) ;
#2754 = ORIENTED_EDGE ( 'NONE', *, *, #37, .T. ) ;
#2755 = ORIENTED_EDGE ( 'NONE', *, *, #983, .T. ) ;
#2756 = DIRECTION ( 'NONE',  ( 1.000000000000000000, 0.0000000000000000000, 0.0000000000000000000 ) ) ;
#2757 = EDGE_CURVE ( 'NONE', #987, #339, #961, .T. ) ;
#2758 = CARTESIAN_POINT ( 'NONE',  ( 11.64154127472610200, 5.378221208877981500, -9.906957410391971300 ) ) ;
#2759 = CARTESIAN_POINT ( 'NONE',  ( 26.29224862532900200, 7.906350938843840700, -10.64500000000060000 ) ) ;
#2760 = ADVANCED_FACE ( 'NONE', ( #2363 ), #195, .F. ) ;
#2761 = VERTEX_POINT ( 'NONE', #2302 ) ;
#2762 = DIRECTION ( 'NONE',  ( 0.0000000000000000000, 0.0000000000000000000, 1.000000000000000000 ) ) ;
#2763 = ORIENTED_EDGE ( 'NONE', *, *, #72, .T. ) ;
#2764 = DIRECTION ( 'NONE',  ( 0.0000000000000000000, 0.0000000000000000000, -1.000000000000000000 ) ) ;
#2765 = ORIENTED_EDGE ( 'NONE', *, *, #2885, .T. ) ;
#2766 = AXIS2_PLACEMENT_3D ( 'NONE', #47, #847, #1084 ) ;
#2767 = ORIENTED_EDGE ( 'NONE', *, *, #1053, .T. ) ;
#2768 = ORIENTED_EDGE ( 'NONE', *, *, #621, .F. ) ;
#2769 = VERTEX_POINT ( 'NONE', #421 ) ;
#2770 = CARTESIAN_POINT ( 'NONE',  ( 26.29224862532900200, 0.2136490611567762000, -10.64500000000060000 ) ) ;
#2771 = DIRECTION ( 'NONE',  ( -0.0000000000000000000, -0.0000000000000000000, 1.000000000000000000 ) ) ;
#2772 = CARTESIAN_POINT ( 'NONE',  ( 7.525158234186731600, 2.527029028323845700, -0.6849999999991268600 ) ) ;
#2773 = AXIS2_PLACEMENT_3D ( 'NONE', #815, #292, #704 ) ;
#2774 = CARTESIAN_POINT ( 'NONE',  ( 13.62359000000879000, 4.059999999998999500, -1.184266592921155500 ) ) ;
#2775 = ORIENTED_EDGE ( 'NONE', *, *, #2606, .T. ) ;
#2776 = CARTESIAN_POINT ( 'NONE',  ( 12.98999999999883700, 4.210000000000940500, -5.109999999999879500 ) ) ;
#2777 = CARTESIAN_POINT ( 'NONE',  ( 31.14886868750759800, 0.1435220059882562100, -11.40500000000010100 ) ) ;
#2778 = EDGE_CURVE ( 'NONE', #2577, #3379, #2953, .T. ) ;
#2779 = CARTESIAN_POINT ( 'NONE',  ( 8.798935406830098700, 5.137371435255548800, -0.6850000000000534600 ) ) ;
#2780 = ADVANCED_FACE ( 'NONE', ( #460 ), #3424, .F. ) ;
#2781 = EDGE_LOOP ( 'NONE', ( #2625, #2069, #513, #2205 ) ) ;
#2782 = CARTESIAN_POINT ( 'NONE',  ( 23.34291443729619800, 6.358485998531899800, -11.40500000000010100 ) ) ;
#2783 = DIRECTION ( 'NONE',  ( 0.0000000000000000000, 1.221636250687971900E-015, 1.000000000000000000 ) ) ;
#2784 = CARTESIAN_POINT ( 'NONE',  ( 8.690000000000798900, 4.059999999998999500, -5.410000000001220500 ) ) ;
#2785 = CARTESIAN_POINT ( 'NONE',  ( 5.260000000134823500, 4.059999999998999500, -0.7713248654812894200 ) ) ;
#2786 = CARTESIAN_POINT ( 'NONE',  ( 22.63000000000091600, 9.320000000000819200, -0.4350001666667045500 ) ) ;
#2787 = FACE_OUTER_BOUND ( 'NONE', #3309, .T. ) ;
#2788 = CARTESIAN_POINT ( 'NONE',  ( 31.14549220063602800, 1.462117105869895900, -10.64500000000060000 ) ) ;
#2789 = DIRECTION ( 'NONE',  ( 1.000000000000000000, 0.0000000000000000000, 0.0000000000000000000 ) ) ;
#2790 = DIRECTION ( 'NONE',  ( -0.7071067811868041500, -0.7071067811862910000, 0.0000000000000000000 ) ) ;
#2791 = CARTESIAN_POINT ( 'NONE',  ( 9.500000000000101300, 4.059999999998999500, -0.6850000000000539000 ) ) ;
#2792 = ADVANCED_FACE ( 'NONE', ( #931 ), #2856, .T. ) ;
#2793 = FACE_OUTER_BOUND ( 'NONE', #57, .T. ) ;
#2794 = CIRCLE ( 'NONE', #2379, 4.199999999990751600 ) ;
#2795 = LINE ( 'NONE', #569, #1900 ) ;
#2796 = CARTESIAN_POINT ( 'NONE',  ( 27.89000000000020000, 4.059999999998999500, -10.64500000000060000 ) ) ;
#2797 = ORIENTED_EDGE ( 'NONE', *, *, #2519, .F. ) ;
#2798 = VECTOR ( 'NONE', #1102, 1000.000000000000000 ) ;
#2799 = FACE_OUTER_BOUND ( 'NONE', #1525, .T. ) ;
#2800 = LINE ( 'NONE', #3444, #1441 ) ;
#2801 = CARTESIAN_POINT ( 'NONE',  ( 24.04364906115764500, 2.462248625330340600, -10.64500000000060000 ) ) ;
#2802 = ORIENTED_EDGE ( 'NONE', *, *, #1889, .F. ) ;
#2803 = EDGE_LOOP ( 'NONE', ( #939, #2163, #2913, #3240 ) ) ;
#2804 = CARTESIAN_POINT ( 'NONE',  ( 27.89000000000020000, 4.059999999998999500, -14.63999430166040800 ) ) ;
#2805 = VERTEX_POINT ( 'NONE', #3145 ) ;
#2806 = VERTEX_POINT ( 'NONE', #1509 ) ;
#2807 = EDGE_CURVE ( 'NONE', #176, #3416, #1557, .T. ) ;
#2808 = CARTESIAN_POINT ( 'NONE',  ( 8.990000000009377600, 4.210000000000940500, -5.953974062933332900 ) ) ;
#2809 = ORIENTED_EDGE ( 'NONE', *, *, #2259, .F. ) ;
#2810 = AXIS2_PLACEMENT_3D ( 'NONE', #770, #2882, #3114 ) ;
#2811 = DIRECTION ( 'NONE',  ( 1.000000000000000000, -0.0000000000000000000, -0.0000000000000000000 ) ) ;
#2812 = CARTESIAN_POINT ( 'NONE',  ( 7.228037948829486600, 5.139546726729957300, -9.970225702800879800 ) ) ;
#2813 = CARTESIAN_POINT ( 'NONE',  ( 5.259999999964293200, 4.059999999999000400, -9.748675134615727000 ) ) ;
#2814 = SHAPE_DEFINITION_REPRESENTATION ( #960, #3074 ) ;
#2815 = CARTESIAN_POINT ( 'NONE',  ( 25.59151400147487700, 8.607085562706439300, -10.64500000000060000 ) ) ;
#2816 = EDGE_CURVE ( 'NONE', #1151, #3432, #2280, .T. ) ;
#2817 = VERTEX_POINT ( 'NONE', #2056 ) ;
#2818 = EDGE_CURVE ( 'NONE', #1465, #581, #2914, .T. ) ;
#2819 = PLANE ( 'NONE',  #1248 ) ;
#2820 = ORIENTED_EDGE ( 'NONE', *, *, #2778, .T. ) ;
#2821 = CARTESIAN_POINT ( 'NONE',  ( 5.760000000066156600, 4.059999999998999500, -5.259999999999280400 ) ) ;
#2822 = EDGE_CURVE ( 'NONE', #1867, #3284, #115, .T. ) ;
#2823 = EDGE_LOOP ( 'NONE', ( #2130, #2455, #3452 ) ) ;
#2824 =( NAMED_UNIT ( * ) SI_UNIT ( $, .STERADIAN. ) SOLID_ANGLE_UNIT ( ) );
#2825 = CARTESIAN_POINT ( 'NONE',  ( 27.89000000000020000, 4.059999999998999500, -11.40500000000010100 ) ) ;
#2826 = FACE_OUTER_BOUND ( 'NONE', #2197, .T. ) ;
#2827 = AXIS2_PLACEMENT_3D ( 'NONE', #296, #1923, #25 ) ;
#2828 = CIRCLE ( 'NONE', #2571, 1.000000000000064200 ) ;
#2829 = FACE_OUTER_BOUND ( 'NONE', #261, .T. ) ;
#2830 = DIRECTION ( 'NONE',  ( 0.0000000000000000000, 0.0000000000000000000, -1.000000000000000000 ) ) ;
#2831 = ORIENTED_EDGE ( 'NONE', *, *, #887, .F. ) ;
#2832 = DIRECTION ( 'NONE',  ( 0.0000000000000000000, 0.0000000000000000000, 1.000000000000000000 ) ) ;
#2833 = EDGE_LOOP ( 'NONE', ( #1842, #1891 ) ) ;
#2834 = LINE ( 'NONE', #457, #3478 ) ;
#2835 = CIRCLE ( 'NONE', #1933, 4.825000000001019800 ) ;
#2836 = LINE ( 'NONE', #1078, #27 ) ;
#2837 = DIRECTION ( 'NONE',  ( -0.0000000000000000000, -0.0000000000000000000, 1.000000000000000000 ) ) ;
#2838 = EDGE_LOOP ( 'NONE', ( #2269, #1242, #392, #3025, #443 ) ) ;
#2839 = ORIENTED_EDGE ( 'NONE', *, *, #524, .T. ) ;
#2840 = DIRECTION ( 'NONE',  ( -1.000000000000000000, 0.0000000000000000000, 0.0000000000000000000 ) ) ;
#2841 = EDGE_LOOP ( 'NONE', ( #2209, #2075, #971, #1330 ) ) ;
#2842 = ORIENTED_EDGE ( 'NONE', *, *, #75, .F. ) ;
#2843 = CARTESIAN_POINT ( 'NONE',  ( 10.91105661555959100, 5.461886863415799100, -0.6850000000000560100 ) ) ;
#2844 =( LENGTH_UNIT ( ) NAMED_UNIT ( * ) SI_UNIT ( .MILLI., .METRE. ) );
#2845 = EDGE_CURVE ( 'NONE', #2250, #3243, #1115, .T. ) ;
#2846 = ORIENTED_EDGE ( 'NONE', *, *, #2818, .T. ) ;
#2847 = CARTESIAN_POINT ( 'NONE',  ( 31.14549220063565800, 6.657882894128568400, -10.64500000000060000 ) ) ;
#2848 = ORIENTED_EDGE ( 'NONE', *, *, #1196, .F. ) ;
#2849 = VERTEX_POINT ( 'NONE', #1798 ) ;
#2850 = AXIS2_PLACEMENT_3D ( 'NONE', #3527, #1887, #267 ) ;
#2851 = CARTESIAN_POINT ( 'NONE',  ( 26.29224862532932100, 7.906350938843068800, -10.64500000000060000 ) ) ;
#2852 = EDGE_LOOP ( 'NONE', ( #772, #1092, #1914, #2040, #103, #1661, #3191, #1601 ) ) ;
#2853 = CARTESIAN_POINT ( 'NONE',  ( 7.863693182805241700, -3.599451975247935500, -1.825538394396860400 ) ) ;
#2854 = ORIENTED_EDGE ( 'NONE', *, *, #1781, .F. ) ;
#2855 = B_SPLINE_CURVE_WITH_KNOTS ( 'NONE', 3,
 ( #1857, #509, #1059, #2945, #1331, #3236, #1590, #3507, #1872, #237, #2140, #522, #2411, #786, #2686, #1075, #2954, #1341 ),
 .UNSPECIFIED., .F., .F.,
 ( 4, 2, 2, 2, 2, 2, 2, 2, 4 ),
 ( 0.0000000000000000000, 0.0003875899924736044700, 0.0007751799849472089400, 0.001162769977420813500, 0.001550359969894417900, 0.001937949962368022300, 0.002325539954841626900, 0.002713129947315231400, 0.003100719939788835800 ),
 .UNSPECIFIED. ) ;
#2856 = PLANE ( 'NONE',  #2084 ) ;
#2857 = CARTESIAN_POINT ( 'NONE',  ( 8.990000000039541900, 3.366025937083389200, -5.109999999999879500 ) ) ;
#2858 = CARTESIAN_POINT ( 'NONE',  ( 27.62000000000026400, 4.059999999998999500, -14.96899999999956100 ) ) ;
#2859 = AXIS2_PLACEMENT_3D ( 'NONE', #1412, #3320, #1676 ) ;
#2860 = CARTESIAN_POINT ( 'NONE',  ( 8.089736002935412200, 2.658574400048464300, -9.834999999998762700 ) ) ;
#2861 = DIRECTION ( 'NONE',  ( -1.000000000000000000, -7.080503983576901900E-015, 0.0000000000000000000 ) ) ;
#2862 = VERTEX_POINT ( 'NONE', #446 ) ;
#2863 = EDGE_CURVE ( 'NONE', #3237, #3383, #692, .T. ) ;
#2864 = ORIENTED_EDGE ( 'NONE', *, *, #2678, .F. ) ;
#2865 = ORIENTED_EDGE ( 'NONE', *, *, #1343, .T. ) ;
#2866 = DIRECTION ( 'NONE',  ( 0.0000000000000000000, 1.000000000000000000, -0.0000000000000000000 ) ) ;
#2867 = EDGE_CURVE ( 'NONE', #3049, #856, #3008, .T. ) ;
#2868 = FACE_BOUND ( 'NONE', #2740, .T. ) ;
#2869 = CARTESIAN_POINT ( 'NONE',  ( 10.91026399706405700, 5.461425599949152800, -9.834999999998757400 ) ) ;
#2870 = CARTESIAN_POINT ( 'NONE',  ( 27.89000000000020000, 4.059999999998999500, -10.64500000000060000 ) ) ;
#2871 = CARTESIAN_POINT ( 'NONE',  ( 12.00000000000000700, 4.059999999998999500, -0.4349999999982604400 ) ) ;
#2872 = AXIS2_PLACEMENT_3D ( 'NONE', #2804, #1212, #1559 ) ;
#2873 = CIRCLE ( 'NONE', #963, 0.7099999999999537800 ) ;
#2874 = LINE ( 'NONE', #406, #2153 ) ;
#2875 = FACE_OUTER_BOUND ( 'NONE', #1128, .T. ) ;
#2876 = CARTESIAN_POINT ( 'NONE',  ( 9.500000000000101300, 5.592970971676019900, -9.834999999998759200 ) ) ;
#2877 = ORIENTED_EDGE ( 'NONE', *, *, #2634, .F. ) ;
#2878 = LINE ( 'NONE', #1879, #2158 ) ;
#2879 = LINE ( 'NONE', #3300, #707 ) ;
#2880 = AXIS2_PLACEMENT_3D ( 'NONE', #2725, #2994, #1378 ) ;
#2881 = FACE_OUTER_BOUND ( 'NONE', #3377, .T. ) ;
#2882 = DIRECTION ( 'NONE',  ( 1.000000000000000000, -0.0000000000000000000, -0.0000000000000000000 ) ) ;
#2883 = EDGE_LOOP ( 'NONE', ( #576, #399, #2164, #1464 ) ) ;
#2884 = EDGE_LOOP ( 'NONE', ( #49, #3335 ) ) ;
#2885 = EDGE_CURVE ( 'NONE', #104, #3143, #751, .T. ) ;
#2886 = CARTESIAN_POINT ( 'NONE',  ( 28.16000000000013500, 4.059999999998999500, -14.96899999999956100 ) ) ;
#2887 = DIRECTION ( 'NONE',  ( -1.000000000000000000, 0.0000000000000000000, 0.0000000000000000000 ) ) ;
#2888 = VERTEX_POINT ( 'NONE', #3450 ) ;
#2889 = VERTEX_POINT ( 'NONE', #2350 ) ;
#2890 = CARTESIAN_POINT ( 'NONE',  ( 22.63000000000091600, -1.200000000000025700, -0.4350000000000380200 ) ) ;
#2891 = EDGE_CURVE ( 'NONE', #755, #401, #2834, .T. ) ;
#2892 = DIRECTION ( 'NONE',  ( 0.0000000000000000000, 0.0000000000000000000, -1.000000000000000000 ) ) ;
#2893 = DIRECTION ( 'NONE',  ( -1.000000000000000000, 0.0000000000000000000, -0.0000000000000000000 ) ) ;
#2894 = CARTESIAN_POINT ( 'NONE',  ( 27.89000000000020000, 4.059999999998999500, -11.40500000000010100 ) ) ;
#2895 = ORIENTED_EDGE ( 'NONE', *, *, #3120, .T. ) ;
#2896 = B_SPLINE_CURVE_WITH_KNOTS ( 'NONE', 1,
 ( #1262, #3161 ),
 .UNSPECIFIED., .F., .F.,
 ( 2, 2 ),
 ( 0.0000000000000000000, 0.4999999999998671600 ),
 .UNSPECIFIED. ) ;
#2897 = AXIS2_PLACEMENT_3D ( 'NONE', #154, #1249, #2301 ) ;
#2898 = DIRECTION ( 'NONE',  ( 1.000000000000000000, 0.0000000000000000000, -0.0000000000000000000 ) ) ;
#2899 = VERTEX_POINT ( 'NONE', #2620 ) ;
#2900 = DIRECTION ( 'NONE',  ( 0.0000000000000000000, 0.0000000000000000000, 1.000000000000000000 ) ) ;
#2901 = VERTEX_POINT ( 'NONE', #1281 ) ;
#2902 = DIRECTION ( 'NONE',  ( 0.0000000000000000000, 0.0000000000000000000, -1.000000000000000000 ) ) ;
#2903 = EDGE_CURVE ( 'NONE', #2369, #3059, #1475, .T. ) ;
#2904 = ORIENTED_EDGE ( 'NONE', *, *, #3390, .F. ) ;
#2905 = VECTOR ( 'NONE', #1384, 1000.000000000000000 ) ;
#2906 = DIRECTION ( 'NONE',  ( 1.000000000000000000, -3.504491870659849300E-015, 0.0000000000000000000 ) ) ;
#2907 = CARTESIAN_POINT ( 'NONE',  ( 9.241513495401235900, 3.095554842097064400, 0.1550144592919026300 ) ) ;
#2908 = VECTOR ( 'NONE', #2401, 1000.000000000000100 ) ;
#2909 = EDGE_CURVE ( 'NONE', #771, #2547, #1400, .T. ) ;
#2910 = LINE ( 'NONE', #1703, #745 ) ;
#2911 = ADVANCED_FACE ( 'NONE', ( #2751 ), #3409, .F. ) ;
#2912 = DIRECTION ( 'NONE',  ( -0.0000000000000000000, -0.0000000000000000000, 1.000000000000000000 ) ) ;
#2913 = ORIENTED_EDGE ( 'NONE', *, *, #1159, .F. ) ;
#2914 = CIRCLE ( 'NONE', #1908, 0.9900000000001036900 ) ;
#2915 = VECTOR ( 'NONE', #3125, 1000.000000000000000 ) ;
#2916 = LINE ( 'NONE', #2785, #753 ) ;
#2917 = PLANE ( 'NONE',  #495 ) ;
#2918 = ORIENTED_EDGE ( 'NONE', *, *, #2909, .T. ) ;
#2919 = ORIENTED_EDGE ( 'NONE', *, *, #524, .F. ) ;
#2920 = CARTESIAN_POINT ( 'NONE',  ( 31.14886868750759800, 0.1435220059882562100, -11.40500000000010100 ) ) ;
#2921 = PLANE ( 'NONE',  #1976 ) ;
#2922 = ORIENTED_EDGE ( 'NONE', *, *, #2024, .T. ) ;
#2923 = AXIS2_PLACEMENT_3D ( 'NONE', #2112, #489, #2383 ) ;
#2924 = ORIENTED_EDGE ( 'NONE', *, *, #1027, .T. ) ;
#2925 = VERTEX_POINT ( 'NONE', #3192 ) ;
#2926 = EDGE_CURVE ( 'NONE', #947, #3379, #2027, .T. ) ;
#2927 = CARTESIAN_POINT ( 'NONE',  ( 12.98999999999883700, 4.059999999998999500, -5.259999999999280400 ) ) ;
#2928 = EDGE_LOOP ( 'NONE', ( #1490, #2394, #3466, #2219 ) ) ;
#2929 = CARTESIAN_POINT ( 'NONE',  ( 14.58041462568087900, 4.059999999998999500, -5.969999999999234100 ) ) ;
#2930 = ORIENTED_EDGE ( 'NONE', *, *, #1616, .F. ) ;
#2931 = ORIENTED_EDGE ( 'NONE', *, *, #839, .F. ) ;
#2932 = ADVANCED_FACE ( 'NONE', ( #1310 ), #1231, .F. ) ;
#2933 = CARTESIAN_POINT ( 'NONE',  ( 12.98999999999883700, 4.210000000000940500, -5.953974062915886400 ) ) ;
#2934 = EDGE_CURVE ( 'NONE', #977, #1023, #668, .T. ) ;
#2935 = ORIENTED_EDGE ( 'NONE', *, *, #1435, .F. ) ;
#2936 = DIRECTION ( 'NONE',  ( -1.000000000000000000, 0.0000000000000000000, -0.0000000000000000000 ) ) ;
#2937 = DIRECTION ( 'NONE',  ( 0.0000000000000000000, -0.0000000000000000000, -1.000000000000000000 ) ) ;
#2938 = PRESENTATION_LAYER_ASSIGNMENT (  '', '', ( #2035 ) ) ;
#2939 = CARTESIAN_POINT ( 'NONE',  ( 31.73635093884731600, 2.462248625335450700, -10.64500000000060000 ) ) ;
#2940 = CARTESIAN_POINT ( 'NONE',  ( 9.309581525585635100, 5.031514696034300000, -0.6850000000000535700 ) ) ;
#2941 = CARTESIAN_POINT ( 'NONE',  ( 12.00000000000000700, 4.059999999998999500, -0.4349999999982604400 ) ) ;
#2942 = EDGE_LOOP ( 'NONE', ( #1173, #409, #1167, #3297, #2170, #673 ) ) ;
#2943 = AXIS2_PLACEMENT_3D ( 'NONE', #1506, #1623, #1653 ) ;
#2944 = PLANE ( 'NONE',  #2042 ) ;
#2945 = CARTESIAN_POINT ( 'NONE',  ( 8.635350020427807700, 3.560691964853320200, -10.73860525490195400 ) ) ;
#2946 = EDGE_CURVE ( 'NONE', #121, #2543, #1334, .T. ) ;
#2947 = ADVANCED_FACE ( 'NONE', ( #1949 ), #1859, .T. ) ;
#2948 = CARTESIAN_POINT ( 'NONE',  ( 25.59151400147720100, 8.607085562703259600, -11.40500000000010100 ) ) ;
#2949 = CARTESIAN_POINT ( 'NONE',  ( 27.89000000000020000, 4.059999999998999500, -11.40500000000010100 ) ) ;
#2950 = FACE_BOUND ( 'NONE', #1234, .T. ) ;
#2951 = CARTESIAN_POINT ( 'NONE',  ( 11.95313322572135600, 3.504273762223478500, -0.4597591706433588100 ) ) ;
#2952 = DIRECTION ( 'NONE',  ( -1.000000000000000000, 0.0000000000000000000, 0.0000000000000000000 ) ) ;
#2953 = B_SPLINE_CURVE_WITH_KNOTS ( 'NONE', 3,
 ( #683, #2039, #3133, #1501 ),
 .UNSPECIFIED., .F., .F.,
 ( 4, 4 ),
 ( 4.079516354608211500E-014, 0.0003480186799754464600 ),
 .UNSPECIFIED. ) ;
#2954 = CARTESIAN_POINT ( 'NONE',  ( 10.49000000000020800, 3.928922419667140200, -10.76000000000014000 ) ) ;
#2955 = CIRCLE ( 'NONE', #425, 0.8832050807738794900 ) ;
#2956 = VECTOR ( 'NONE', #2347, 1000.000000000000100 ) ;
#2957 = VECTOR ( 'NONE', #1553, 1000.000000000000000 ) ;
#2958 = AXIS2_PLACEMENT_3D ( 'NONE', #946, #2837, #1225 ) ;
#2959 = DIRECTION ( 'NONE',  ( -0.7071067811865474600, -0.7071067811865474600, -0.0000000000000000000 ) ) ;
#2960 = VERTEX_POINT ( 'NONE', #2933 ) ;
#2961 = LINE ( 'NONE', #767, #157 ) ;
#2962 = LINE ( 'NONE', #1931, #1518 ) ;
#2963 = CIRCLE ( 'NONE', #906, 4.825000000001019800 ) ;
#2964 = ORIENTED_EDGE ( 'NONE', *, *, #680, .F. ) ;
#2965 = ORIENTED_EDGE ( 'NONE', *, *, #2425, .T. ) ;
#2966 = CARTESIAN_POINT ( 'NONE',  ( 27.89000000000020000, 4.059999999998999500, -10.64500000000060000 ) ) ;
#2967 = CARTESIAN_POINT ( 'NONE',  ( 11.13630681719350000, 5.592970971677781100, -9.834999999998759200 ) ) ;
#2968 = ADVANCED_FACE ( 'NONE', ( #2573 ), #423, .T. ) ;
#2969 = ORIENTED_EDGE ( 'NONE', *, *, #2822, .F. ) ;
#2970 = PLANE ( 'NONE',  #1657 ) ;
#2971 = VERTEX_POINT ( 'NONE', #227 ) ;
#2972 = ORIENTED_EDGE ( 'NONE', *, *, #2135, .T. ) ;
#2973 = DIRECTION ( 'NONE',  ( 0.0000000000000000000, 0.0000000000000000000, 1.000000000000000000 ) ) ;
#2974 = CARTESIAN_POINT ( 'NONE',  ( 25.29211710586892900, 0.8045077993648999100, -11.40500000000010100 ) ) ;
#2975 = EDGE_LOOP ( 'NONE', ( #703, #1918, #647, #2014, #182, #3101, #1624, #373 ) ) ;
#2976 = EDGE_CURVE ( 'NONE', #658, #1938, #3325, .T. ) ;
#2977 = CARTESIAN_POINT ( 'NONE',  ( 24.63450779936693600, 6.657882894128839300, -14.73499999999948100 ) ) ;
#2978 = CARTESIAN_POINT ( 'NONE',  ( 27.89000000000020000, 4.059999999998999500, -11.40500000000010100 ) ) ;
#2979 = EDGE_CURVE ( 'NONE', #3448, #3109, #1162, .T. ) ;
#2980 = CARTESIAN_POINT ( 'NONE',  ( 30.18848599852700700, 8.607085562699447600, -10.64500000000060000 ) ) ;
#2981 = CARTESIAN_POINT ( 'NONE',  ( 33.14999999999440000, 9.320000000000819200, -0.4350000000000380200 ) ) ;
#2982 = DIRECTION ( 'NONE',  ( 0.0000000000000000000, -0.0000000000000000000, 1.000000000000000000 ) ) ;
#2983 = ADVANCED_FACE ( 'NONE', ( #502 ), #1057, .T. ) ;
#2984 = ORIENTED_EDGE ( 'NONE', *, *, #1106, .F. ) ;
#2985 = CARTESIAN_POINT ( 'NONE',  ( 23.49850000000024200, 4.059999999998999500, -0.4349999999982605600 ) ) ;
#2986 = CARTESIAN_POINT ( 'NONE',  ( 9.500000000000101300, 2.527029028324265800, -9.834999999998759200 ) ) ;
#2987 = ORIENTED_EDGE ( 'NONE', *, *, #134, .T. ) ;
#2988 = DIRECTION ( 'NONE',  ( -1.000000000000000000, 0.0000000000000000000, 0.0000000000000000000 ) ) ;
#2989 = ORIENTED_EDGE ( 'NONE', *, *, #1027, .F. ) ;
#2990 = DIRECTION ( 'NONE',  ( 1.000000000000000000, 1.040834085586123100E-015, 0.0000000000000000000 ) ) ;
#2991 = DIRECTION ( 'NONE',  ( -0.7071067811865475700, -0.7071067811865475700, 0.0000000000000000000 ) ) ;
#2992 = DIRECTION ( 'NONE',  ( 1.000000000000000000, 0.0000000000000000000, 0.0000000000000000000 ) ) ;
#2993 = AXIS2_PLACEMENT_3D ( 'NONE', #483, #2376, #747 ) ;
#2994 = DIRECTION ( 'NONE',  ( 0.0000000000000000000, 0.0000000000000000000, -1.000000000000000000 ) ) ;
#2995 = VECTOR ( 'NONE', #792, 1000.000000000000000 ) ;
#2996 = EDGE_CURVE ( 'NONE', #213, #2292, #3228, .T. ) ;
#2997 = FACE_OUTER_BOUND ( 'NONE', #1542, .T. ) ;
#2998 = DIRECTION ( 'NONE',  ( 0.0000000000000000000, 0.0000000000000000000, 1.000000000000000000 ) ) ;
#2999 = CIRCLE ( 'NONE', #3041, 0.2699999999999369600 ) ;
#3000 = CARTESIAN_POINT ( 'NONE',  ( 9.436527175195477600, 5.018581645515486600, -0.6850000000000553400 ) ) ;
#3001 = EDGE_CURVE ( 'NONE', #256, #2610, #1775, .T. ) ;
#3002 = DIRECTION ( 'NONE',  ( 0.0000000000000000000, 0.0000000000000000000, -1.000000000000000000 ) ) ;
#3003 = ORIENTED_EDGE ( 'NONE', *, *, #2705, .T. ) ;
#3004 = B_SPLINE_CURVE_WITH_KNOTS ( 'NONE', 3,
 ( #1452, #1109, #618, #2402 ),
 .UNSPECIFIED., .F., .F.,
 ( 4, 4 ),
 ( 3.300033184497731000E-015, 0.0003480186799863238800 ),
 .UNSPECIFIED. ) ;
#3005 = ADVANCED_FACE ( 'NONE', ( #1062 ), #1690, .F. ) ;
#3006 = ORIENTED_EDGE ( 'NONE', *, *, #1668, .T. ) ;
#3007 = VERTEX_POINT ( 'NONE', #528 ) ;
#3008 = LINE ( 'NONE', #170, #44 ) ;
#3009 = FACE_OUTER_BOUND ( 'NONE', #2803, .T. ) ;
#3010 = VECTOR ( 'NONE', #3071, 1000.000000000000000 ) ;
#3011 = DIRECTION ( 'NONE',  ( -0.0000000000000000000, 0.0000000000000000000, 1.000000000000000000 ) ) ;
#3012 = VERTEX_POINT ( 'NONE', #2422 ) ;
#3013 = ORIENTED_EDGE ( 'NONE', *, *, #2757, .T. ) ;
#3014 = VERTEX_POINT ( 'NONE', #2128 ) ;
#3015 = EDGE_LOOP ( 'NONE', ( #875, #2713, #2626, #1119, #562, #563 ) ) ;
#3016 = CARTESIAN_POINT ( 'NONE',  ( 8.948435904315680000, 4.937191784154622500, -9.800480509838440200 ) ) ;
#3017 = ORIENTED_EDGE ( 'NONE', *, *, #2778, .F. ) ;
#3018 = DIRECTION ( 'NONE',  ( -1.000000000000000000, 0.0000000000000000000, 0.0000000000000000000 ) ) ;
#3019 = VERTEX_POINT ( 'NONE', #2148 ) ;
#3020 = AXIS2_PLACEMENT_3D ( 'NONE', #2107, #2509, #2559 ) ;
#3021 = CARTESIAN_POINT ( 'NONE',  ( 8.690000000000798900, 2.745913579294700000, -5.109999999999879500 ) ) ;
#3022 = DIRECTION ( 'NONE',  ( 0.0000000000000000000, 0.0000000000000000000, -1.000000000000000000 ) ) ;
#3023 = ORIENTED_EDGE ( 'NONE', *, *, #150, .T. ) ;
#3024 = CARTESIAN_POINT ( 'NONE',  ( 8.509999999999996200, 4.059999999998999500, -9.834999999998759200 ) ) ;
#3025 = ORIENTED_EDGE ( 'NONE', *, *, #1182, .F. ) ;
#3026 = EDGE_CURVE ( 'NONE', #639, #3065, #3135, .T. ) ;
#3027 = VERTEX_POINT ( 'NONE', #800 ) ;
#3028 = ADVANCED_FACE ( 'NONE', ( #337 ), #2970, .T. ) ;
#3029 = EDGE_CURVE ( 'NONE', #598, #658, #3046, .T. ) ;
#3030 = CARTESIAN_POINT ( 'NONE',  ( 8.990000000059177800, 4.210000000000940500, -4.566025937081590800 ) ) ;
#3031 = CARTESIAN_POINT ( 'NONE',  ( 27.89000000000020000, 4.059999999998999500, -10.64000000002352000 ) ) ;
#3032 = EDGE_LOOP ( 'NONE', ( #1450, #476, #1069, #2476 ) ) ;
#3033 = DIRECTION ( 'NONE',  ( -1.000000000000000000, 0.0000000000000000000, 0.0000000000000000000 ) ) ;
#3034 = DIRECTION ( 'NONE',  ( -1.000000000000000000, 0.0000000000000000000, 0.0000000000000000000 ) ) ;
#3035 = ORIENTED_EDGE ( 'NONE', *, *, #1663, .T. ) ;
#3036 = DIRECTION ( 'NONE',  ( -0.7071067811797553400, -0.7071067811933395800, 0.0000000000000000000 ) ) ;
#3037 = VECTOR ( 'NONE', #1880, 1000.000000000000000 ) ;
#3038 = CARTESIAN_POINT ( 'NONE',  ( 7.358193126910070000, 2.742120946811385600, -0.6129279415754730300 ) ) ;
#3039 = ADVANCED_FACE ( 'NONE', ( #968 ), #152, .T. ) ;
#3040 = DIRECTION ( 'NONE',  ( 0.0000000000000000000, 0.0000000000000000000, 1.000000000000000000 ) ) ;
#3041 = AXIS2_PLACEMENT_3D ( 'NONE', #2479, #862, #2756 ) ;
#3042 = CIRCLE ( 'NONE', #689, 4.165000000001119100 ) ;
#3043 = CARTESIAN_POINT ( 'NONE',  ( 7.227970704275094200, 5.139155759774742400, -0.5497381689212349500 ) ) ;
#3044 = EDGE_CURVE ( 'NONE', #941, #2971, #2313, .T. ) ;
#3045 = VECTOR ( 'NONE', #1652, 1000.000000000000100 ) ;
#3046 = LINE ( 'NONE', #816, #240 ) ;
#3047 = CIRCLE ( 'NONE', #216, 1.000000000000064200 ) ;
#3048 = DIRECTION ( 'NONE',  ( -0.0000000000000000000, -0.0000000000000000000, 1.000000000000000000 ) ) ;
#3049 = VERTEX_POINT ( 'NONE', #1364 ) ;
#3050 = CARTESIAN_POINT ( 'NONE',  ( 9.309581525585635100, 3.088485303963699900, -0.6850000000000535700 ) ) ;
#3051 = LINE ( 'NONE', #2694, #84 ) ;
#3052 = LINE ( 'NONE', #549, #1604 ) ;
#3053 = LINE ( 'NONE', #1796, #1606 ) ;
#3054 = EDGE_CURVE ( 'NONE', #2375, #1785, #883, .T. ) ;
#3055 = PLANE ( 'NONE',  #1504 ) ;
#3056 = ORIENTED_EDGE ( 'NONE', *, *, #3194, .T. ) ;
#3057 = ORIENTED_EDGE ( 'NONE', *, *, #2816, .T. ) ;
#3058 = DIRECTION ( 'NONE',  ( 0.0000000000000000000, 0.0000000000000000000, -1.000000000000000000 ) ) ;
#3059 = VERTEX_POINT ( 'NONE', #2021 ) ;
#3060 = AXIS2_PLACEMENT_3D ( 'NONE', #2949, #3247, #1683 ) ;
#3061 = ORIENTED_EDGE ( 'NONE', *, *, #3267, .F. ) ;
#3062 = EDGE_LOOP ( 'NONE', ( #1613, #1800, #1399, #352 ) ) ;
#3063 = DIRECTION ( 'NONE',  ( -0.0000000000000000000, -0.0000000000000000000, 1.000000000000000000 ) ) ;
#3064 = ADVANCED_FACE ( 'NONE', ( #794 ), #2179, .F. ) ;
#3065 = VERTEX_POINT ( 'NONE', #948 ) ;
#3066 = DIRECTION ( 'NONE',  ( 0.0000000000000000000, 0.0000000000000000000, -1.000000000000000000 ) ) ;
#3067 = ORIENTED_EDGE ( 'NONE', *, *, #1947, .T. ) ;
#3068 = AXIS2_PLACEMENT_3D ( 'NONE', #2474, #855, #2747 ) ;
#3069 = CARTESIAN_POINT ( 'NONE',  ( 27.89000000000020000, 4.059999999998999500, -14.96899999999956100 ) ) ;
#3070 = CARTESIAN_POINT ( 'NONE',  ( 29.48775137467108100, 7.906350938843520000, -10.64500000000060000 ) ) ;
#3071 = DIRECTION ( 'NONE',  ( -0.0000000000000000000, -0.0000000000000000000, 1.000000000000000000 ) ) ;
#3072 = EDGE_CURVE ( 'NONE', #3423, #3486, #2241, .T. ) ;
#3073 = VERTEX_POINT ( 'NONE', #279 ) ;
#3074 = ADVANCED_BREP_SHAPE_REPRESENTATION ( '112778', ( #908, #3159 ), #1514 ) ;
#3075 = EDGE_CURVE ( 'NONE', #2333, #3019, #2874, .T. ) ;
#3076 = DIRECTION ( 'NONE',  ( 1.000000000000000000, 0.0000000000000000000, 0.0000000000000000000 ) ) ;
#3077 = ORIENTED_EDGE ( 'NONE', *, *, #1947, .F. ) ;
#3078 = CARTESIAN_POINT ( 'NONE',  ( 9.690418474414567400, 3.088485303963698600, -0.6850000000000535700 ) ) ;
#3079 = CARTESIAN_POINT ( 'NONE',  ( 12.98999999999883700, 4.059999999998999500, -5.259999999999280400 ) ) ;
#3080 = EDGE_LOOP ( 'NONE', ( #905, #2877, #2471, #1484 ) ) ;
#3081 = AXIS2_PLACEMENT_3D ( 'NONE', #666, #2290, #407 ) ;
#3082 = ORIENTED_EDGE ( 'NONE', *, *, #1375, .T. ) ;
#3083 = LINE ( 'NONE', #59, #1635 ) ;
#3084 = CARTESIAN_POINT ( 'NONE',  ( 27.89000000000020000, 4.059999999998999500, -14.73999999999945800 ) ) ;
#3085 = CARTESIAN_POINT ( 'NONE',  ( 31.73635093885520000, 2.462248625330085700, -11.40500000000010100 ) ) ;
#3086 = VECTOR ( 'NONE', #1917, 1000.000000000000000 ) ;
#3087 = DIRECTION ( 'NONE',  ( 1.000000000000000000, 0.0000000000000000000, 0.0000000000000000000 ) ) ;
#3088 = EDGE_CURVE ( 'NONE', #3289, #24, #79, .T. ) ;
#3089 = LINE ( 'NONE', #2851, #1110 ) ;
#3090 = FACE_OUTER_BOUND ( 'NONE', #264, .T. ) ;
#3091 = FACE_OUTER_BOUND ( 'NONE', #1368, .T. ) ;
#3092 = CARTESIAN_POINT ( 'NONE',  ( 12.98999999999883700, 4.210000000000853500, -6.248685996663322600 ) ) ;
#3093 = ORIENTED_EDGE ( 'NONE', *, *, #440, .T. ) ;
#3094 = LINE ( 'NONE', #2563, #1013 ) ;
#3095 = FACE_OUTER_BOUND ( 'NONE', #390, .T. ) ;
#3096 = LINE ( 'NONE', #1706, #1560 ) ;
#3097 = CARTESIAN_POINT ( 'NONE',  ( 5.259999999999279500, 4.059999999999000400, -10.08500000000029900 ) ) ;
#3098 = EDGE_CURVE ( 'NONE', #2436, #505, #1432, .T. ) ;
#3099 = ORIENTED_EDGE ( 'NONE', *, *, #303, .F. ) ;
#3100 = VERTEX_POINT ( 'NONE', #1277 ) ;
#3101 = ORIENTED_EDGE ( 'NONE', *, *, #3392, .T. ) ;
#3102 = APPLICATION_PROTOCOL_DEFINITION ( 'draft international standard', 'automotive_design', 1998, #3394 ) ;
#3103 = EDGE_CURVE ( 'NONE', #3012, #1205, #2066, .T. ) ;
#3104 = CARTESIAN_POINT ( 'NONE',  ( 8.690000000000798900, 4.059999999998999500, -5.259999999999280400 ) ) ;
#3105 = CARTESIAN_POINT ( 'NONE',  ( 9.690418474414627800, 3.088485303964287000, -9.834999999998759200 ) ) ;
#3106 = ORIENTED_EDGE ( 'NONE', *, *, #251, .F. ) ;
#3107 = ORIENTED_EDGE ( 'NONE', *, *, #2685, .T. ) ;
#3108 = AXIS2_PLACEMENT_3D ( 'NONE', #2738, #1648, #3512 ) ;
#3109 = VERTEX_POINT ( 'NONE', #2087 ) ;
#3110 = CARTESIAN_POINT ( 'NONE',  ( 8.088943384439796000, 2.658113136581760300, -0.6850000000000535700 ) ) ;
#3111 = ORIENTED_EDGE ( 'NONE', *, *, #3299, .T. ) ;
#3112 = DIRECTION ( 'NONE',  ( 1.000000000000000000, 0.0000000000000000000, 0.0000000000000000000 ) ) ;
#3113 = CARTESIAN_POINT ( 'NONE',  ( 22.63000000000091900, -1.200000000000025900, -10.64500000000060000 ) ) ;
#3114 = DIRECTION ( 'NONE',  ( 0.0000000000000000000, -7.329817504127831500E-015, 1.000000000000000000 ) ) ;
#3115 = EDGE_LOOP ( 'NONE', ( #2108, #2802 ) ) ;
#3116 = PRODUCT_CONTEXT ( 'NONE', #3394, 'mechanical' ) ;
#3117 = CARTESIAN_POINT ( 'NONE',  ( 12.98999999999883700, 4.059999999998999500, -5.259999999999280400 ) ) ;
#3118 = CARTESIAN_POINT ( 'NONE',  ( 30.18848599852319500, -0.4870855627044980400, -11.40500000000010100 ) ) ;
#3119 = CARTESIAN_POINT ( 'NONE',  ( 27.89000000000020000, 4.059999999998999500, -10.64500000000060000 ) ) ;
#3120 = EDGE_CURVE ( 'NONE', #3416, #2889, #2794, .T. ) ;
#3121 = B_SPLINE_CURVE_WITH_KNOTS ( 'NONE', 3,
 ( #681, #482, #731, #989, #1031, #1228, #1240, #1257, #1266, #1279, #1300, #1489, #1500, #1507, #1523, #1530, #1538, #1550 ),
 .UNSPECIFIED., .F., .F.,
 ( 4, 2, 2, 2, 2, 2, 2, 2, 4 ),
 ( 8.677851511149104100E-019, 0.0003875899924736050700, 0.0007751799849472092700, 0.001162769977420813500, 0.001550359969894417700, 0.001937949962368021900, 0.002325539954841626100, 0.002713129947315230500, 0.003100719939788834500 ),
 .UNSPECIFIED. ) ;
#3122 = VERTEX_POINT ( 'NONE', #3172 ) ;
#3123 = CARTESIAN_POINT ( 'NONE',  ( 11.47484176581072600, 5.592970971677685200, -9.834999999998759200 ) ) ;
#3124 = CARTESIAN_POINT ( 'NONE',  ( 10.68169818701058600, 5.340004978744560500, -0.6850000000000534600 ) ) ;
#3125 = DIRECTION ( 'NONE',  ( -0.0000000000000000000, -0.0000000000000000000, -1.000000000000000000 ) ) ;
#3126 = ORIENTED_EDGE ( 'NONE', *, *, #480, .T. ) ;
#3127 = EDGE_CURVE ( 'NONE', #856, #3250, #700, .T. ) ;
#3128 = CARTESIAN_POINT ( 'NONE',  ( 7.863693182805242500, 3.144764424682216800, -9.997401064052164400 ) ) ;
#3129 = VECTOR ( 'NONE', #1495, 1000.000000000000100 ) ;
#3130 = MECHANICAL_DESIGN_GEOMETRIC_PRESENTATION_REPRESENTATION (  '', ( #2035 ), #3329 ) ;
#3131 = CARTESIAN_POINT ( 'NONE',  ( 8.708207967935544900, 4.668385979616672000, -10.72703579916112400 ) ) ;
#3132 = FACE_BOUND ( 'NONE', #614, .T. ) ;
#3133 = CARTESIAN_POINT ( 'NONE',  ( 8.790093417713720200, 3.909999999999599600, -6.071733304708725900 ) ) ;
#3134 = FACE_OUTER_BOUND ( 'NONE', #1164, .T. ) ;
#3135 = LINE ( 'NONE', #257, #2493 ) ;
#3136 = FACE_OUTER_BOUND ( 'NONE', #1614, .T. ) ;
#3137 = CARTESIAN_POINT ( 'NONE',  ( 8.690000000004266300, 4.210000000000940500, -6.130374180855599600 ) ) ;
#3138 = ORIENTED_EDGE ( 'NONE', *, *, #417, .F. ) ;
#3139 = CARTESIAN_POINT ( 'NONE',  ( 27.89000000000020000, 4.059999999998999500, -14.73499999999947900 ) ) ;
#3140 = VECTOR ( 'NONE', #2647, 1000.000000000000000 ) ;
#3141 = CYLINDRICAL_SURFACE ( 'NONE', #1829, 5.094999999999940200 ) ;
#3142 = ORIENTED_EDGE ( 'NONE', *, *, #2903, .T. ) ;
#3143 = VERTEX_POINT ( 'NONE', #1537 ) ;
#3144 = CARTESIAN_POINT ( 'NONE',  ( 8.635465483220743400, 4.559474379315459700, -10.73858711989351100 ) ) ;
#3145 = CARTESIAN_POINT ( 'NONE',  ( 11.47484176581132300, 2.527029028321079900, -0.6850000000000539000 ) ) ;
#3146 = ORIENTED_EDGE ( 'NONE', *, *, #1760, .F. ) ;
#3147 = CARTESIAN_POINT ( 'NONE',  ( 7.863693182803423600, 2.527029028323816400, -0.6849999999987128600 ) ) ;
#3148 = ORIENTED_EDGE ( 'NONE', *, *, #458, .F. ) ;
#3149 = AXIS2_PLACEMENT_3D ( 'NONE', #106, #1752, #119 ) ;
#3150 = CARTESIAN_POINT ( 'NONE',  ( 9.500000000000101300, 5.592970971676019900, -0.6850000000000539000 ) ) ;
#3151 = ORIENTED_EDGE ( 'NONE', *, *, #694, .F. ) ;
#3152 = CARTESIAN_POINT ( 'NONE',  ( 30.48788289413438700, 0.8045077993672239400, -11.40500000000010100 ) ) ;
#3153 = CARTESIAN_POINT ( 'NONE',  ( 11.95357893685595100, 4.614241010546059000, -0.4595350007772143200 ) ) ;
#3154 = EDGE_LOOP ( 'NONE', ( #1522, #3265, #3511, #1830 ) ) ;
#3155 = CARTESIAN_POINT ( 'NONE',  ( 8.536032585000610200, 4.320118067644608900, -10.75515514582990700 ) ) ;
#3156 = DIRECTION ( 'NONE',  ( 0.0000000000000000000, 0.0000000000000000000, 1.000000000000000000 ) ) ;
#3157 = CARTESIAN_POINT ( 'NONE',  ( 24.04364906115662100, 5.657751374671065900, -10.64500000000060000 ) ) ;
#3158 = ORIENTED_EDGE ( 'NONE', *, *, #2024, .F. ) ;
#3159 = AXIS2_PLACEMENT_3D ( 'NONE', #944, #2832, #1223 ) ;
#3160 = B_SPLINE_CURVE_WITH_KNOTS ( 'NONE', 3,
 ( #51, #1669, #2480, #863, #2758, #1154 ),
 .UNSPECIFIED., .F., .F.,
 ( 4, 2, 4 ),
 ( 9.757819552369539900E-019, 0.0008319683109627703900, 0.001663936621925539700 ),
 .UNSPECIFIED. ) ;
#3161 = CARTESIAN_POINT ( 'NONE',  ( 22.63000000000091900, 4.059999999998999500, -0.4349999999991492900 ) ) ;
#3162 = ORIENTED_EDGE ( 'NONE', *, *, #1527, .T. ) ;
#3163 = EDGE_CURVE ( 'NONE', #1426, #1030, #2404, .T. ) ;
#3164 = CARTESIAN_POINT ( 'NONE',  ( 8.509999999999996200, 4.191076680434799000, -10.76000000000013800 ) ) ;
#3165 = VERTEX_POINT ( 'NONE', #2099 ) ;
#3166 = ORIENTED_EDGE ( 'NONE', *, *, #3299, .F. ) ;
#3167 = DIRECTION ( 'NONE',  ( 0.0000000000000000000, 0.0000000000000000000, 1.000000000000000000 ) ) ;
#3168 = EDGE_CURVE ( 'NONE', #2542, #771, #628, .T. ) ;
#3169 = CIRCLE ( 'NONE', #83, 5.094999999999940200 ) ;
#3170 = CARTESIAN_POINT ( 'NONE',  ( 27.89000000000020000, 4.059999999998999500, -10.64500000000060000 ) ) ;
#3171 = LINE ( 'NONE', #1837, #1810 ) ;
#3172 = CARTESIAN_POINT ( 'NONE',  ( 31.14886868750844300, 0.1435220059873283400, -14.73499999999947900 ) ) ;
#3173 = CIRCLE ( 'NONE', #3345, 4.165000000001119100 ) ;
#3174 = CONICAL_SURFACE ( 'NONE', #677, 0.7100000000045551000, 1.047197551198938000 ) ;
#3175 = CARTESIAN_POINT ( 'NONE',  ( 8.509999999999996200, 4.059999999998999500, -10.76000000000014000 ) ) ;
#3176 = DIRECTION ( 'NONE',  ( 0.0000000000000000000, 0.0000000000000000000, -1.000000000000000000 ) ) ;
#3177 = VERTEX_POINT ( 'NONE', #2640 ) ;
#3178 = CARTESIAN_POINT ( 'NONE',  ( 10.49000000000020800, 3.928922869615944200, 0.2400000000015808900 ) ) ;
#3179 = LINE ( 'NONE', #1679, #2708 ) ;
#3180 = CIRCLE ( 'NONE', #2722, 4.825000000001847600 ) ;
#3181 = DIRECTION ( 'NONE',  ( -1.000000000000000000, 0.0000000000000000000, 0.0000000000000000000 ) ) ;
#3182 = AXIS2_PLACEMENT_3D ( 'NONE', #733, #3176, #1531 ) ;
#3183 = FACE_OUTER_BOUND ( 'NONE', #1521, .T. ) ;
#3184 = ORIENTED_EDGE ( 'NONE', *, *, #1662, .F. ) ;
#3185 = ORIENTED_EDGE ( 'NONE', *, *, #3389, .T. ) ;
#3186 = EDGE_CURVE ( 'NONE', #2712, #1463, #1987, .T. ) ;
#3187 = CARTESIAN_POINT ( 'NONE',  ( 9.309581525585574700, 3.088485303964288800, -9.834999999998759200 ) ) ;
#3188 = ORIENTED_EDGE ( 'NONE', *, *, #2550, .T. ) ;
#3189 = ORIENTED_EDGE ( 'NONE', *, *, #1966, .T. ) ;
#3190 = ADVANCED_FACE ( 'NONE', ( #1264 ), #744, .F. ) ;
#3191 = ORIENTED_EDGE ( 'NONE', *, *, #2845, .F. ) ;
#3192 = CARTESIAN_POINT ( 'NONE',  ( 12.98999999999883700, 4.059999999998999500, -4.259999999999215500 ) ) ;
#3193 = ORIENTED_EDGE ( 'NONE', *, *, #498, .T. ) ;
#3194 = EDGE_CURVE ( 'NONE', #2712, #2524, #3441, .T. ) ;
#3195 = CARTESIAN_POINT ( 'NONE',  ( 8.892532683851440500, 3.267502945084966200, 0.1833962144485625800 ) ) ;
#3196 = DIRECTION ( 'NONE',  ( -1.000000000000000000, 0.0000000000000000000, 0.0000000000000000000 ) ) ;
#3197 = ORIENTED_EDGE ( 'NONE', *, *, #986, .T. ) ;
#3198 = ORIENTED_EDGE ( 'NONE', *, *, #1371, .F. ) ;
#3199 = AXIS2_PLACEMENT_3D ( 'NONE', #2441, #557, #2180 ) ;
#3200 = DIRECTION ( 'NONE',  ( 0.7071067811865474600, -0.7071067811865474600, 0.0000000000000000000 ) ) ;
#3201 = CARTESIAN_POINT ( 'NONE',  ( 25.29211710587035700, 0.8045077993665018500, -11.40500000000010100 ) ) ;
#3202 = DIRECTION ( 'NONE',  ( -0.0000000000000000000, -0.0000000000000000000, -1.000000000000000000 ) ) ;
#3203 = CARTESIAN_POINT ( 'NONE',  ( 22.63000000000091900, 4.059999999998999500, -11.40500000000010100 ) ) ;
#3204 = CARTESIAN_POINT ( 'NONE',  ( 25.29211710586902100, 0.8045077993648246400, -10.64500000000060000 ) ) ;
#3205 = AXIS2_PLACEMENT_3D ( 'NONE', #995, #1838, #1969 ) ;
#3206 = CARTESIAN_POINT ( 'NONE',  ( 9.500000000000101300, 4.059999999998999500, -0.6850000000000539000 ) ) ;
#3207 = DIRECTION ( 'NONE',  ( -0.7071067811865474600, 0.7071067811865474600, 0.0000000000000000000 ) ) ;
#3208 = EDGE_LOOP ( 'NONE', ( #1539, #679, #2460 ) ) ;
#3209 = DIRECTION ( 'NONE',  ( -1.000000000000000000, -0.0000000000000000000, -0.0000000000000000000 ) ) ;
#3210 = EDGE_CURVE ( 'NONE', #3122, #1699, #2608, .T. ) ;
#3211 = ADVANCED_FACE ( 'NONE', ( #1899 ), #2917, .T. ) ;
#3212 = ORIENTED_EDGE ( 'NONE', *, *, #823, .F. ) ;
#3213 = FILL_AREA_STYLE_COLOUR ( '', #1469 ) ;
#3214 = DIRECTION ( 'NONE',  ( 0.0000000000000000000, 0.0000000000000000000, 1.000000000000000000 ) ) ;
#3215 = DIRECTION ( 'NONE',  ( 0.0000000000000000000, 0.0000000000000000000, -1.000000000000000000 ) ) ;
#3216 = CARTESIAN_POINT ( 'NONE',  ( 5.260000000134823500, 4.059999999998999500, -5.259999999999280400 ) ) ;
#3217 = ORIENTED_EDGE ( 'NONE', *, *, #1926, .T. ) ;
#3218 = LINE ( 'NONE', #1583, #1849 ) ;
#3219 = CARTESIAN_POINT ( 'NONE',  ( 7.885141141687699800, 4.059999999998999500, -5.259999999999280400 ) ) ;
#3220 = CARTESIAN_POINT ( 'NONE',  ( 12.98999999999883700, 4.059999999998999500, -5.969999999999234100 ) ) ;
#3221 = VECTOR ( 'NONE', #2726, 1000.000000000000000 ) ;
#3222 = DIRECTION ( 'NONE',  ( 0.0000000000000000000, 0.0000000000000000000, -1.000000000000000000 ) ) ;
#3223 = CARTESIAN_POINT ( 'NONE',  ( 11.95357893685606300, 3.505758989452568500, -10.06046499922140200 ) ) ;
#3224 = CARTESIAN_POINT ( 'NONE',  ( 7.863693182804914800, 4.975235575315794600, -9.997401064052217700 ) ) ;
#3225 = VERTEX_POINT ( 'NONE', #1327 ) ;
#3226 = CARTESIAN_POINT ( 'NONE',  ( 33.14999999999440000, -1.200000000000025900, -10.64500000000060000 ) ) ;
#3227 = VECTOR ( 'NONE', #553, 1000.000000000000000 ) ;
#3228 = CIRCLE ( 'NONE', #571, 3.650000000000639000 ) ;
#3229 = FACE_OUTER_BOUND ( 'NONE', #2942, .T. ) ;
#3230 = CARTESIAN_POINT ( 'NONE',  ( 31.73635093884725900, 5.657751374672416800, -11.40500000000010100 ) ) ;
#3231 = ORIENTED_EDGE ( 'NONE', *, *, #2188, .F. ) ;
#3232 = ADVANCED_FACE ( 'NONE', ( #3277 ), #1055, .T. ) ;
#3233 = DIRECTION ( 'NONE',  ( -0.0000000000000000000, -0.0000000000000000000, 1.000000000000000000 ) ) ;
#3234 = FACE_OUTER_BOUND ( 'NONE', #1571, .T. ) ;
#3235 = DIRECTION ( 'NONE',  ( 0.0000000000000000000, 0.0000000000000000000, 1.000000000000000000 ) ) ;
#3236 = CARTESIAN_POINT ( 'NONE',  ( 8.891100241976353400, 3.268834648498157400, -10.70357366647506900 ) ) ;
#3237 = VERTEX_POINT ( 'NONE', #235 ) ;
#3238 = VERTEX_POINT ( 'NONE', #3230 ) ;
#3239 = DIRECTION ( 'NONE',  ( 0.7070993193965108300, -4.329734590891044800E-017, -0.7071142428978439700 ) ) ;
#3240 = ORIENTED_EDGE ( 'NONE', *, *, #98, .F. ) ;
#3241 = AXIS2_PLACEMENT_3D ( 'NONE', #1129, #2195, #3018 ) ;
#3242 = ORIENTED_EDGE ( 'NONE', *, *, #616, .F. ) ;
#3243 = VERTEX_POINT ( 'NONE', #2406 ) ;
#3244 = ORIENTED_EDGE ( 'NONE', *, *, #3372, .F. ) ;
#3245 = PLANE ( 'NONE',  #2013 ) ;
#3246 = SURFACE_STYLE_USAGE ( .BOTH. , #1335 ) ;
#3247 = DIRECTION ( 'NONE',  ( -0.0000000000000000000, -0.0000000000000000000, 1.000000000000000000 ) ) ;
#3248 = ORIENTED_EDGE ( 'NONE', *, *, #2727, .F. ) ;
#3249 = CARTESIAN_POINT ( 'NONE',  ( 11.64154127472687400, 2.741778791121303600, -0.6130425896062251500 ) ) ;
#3250 = VERTEX_POINT ( 'NONE', #2137 ) ;
#3251 = DIRECTION ( 'NONE',  ( 0.0000000000000000000, 0.0000000000000000000, 1.000000000000000000 ) ) ;
#3252 = EDGE_CURVE ( 'NONE', #2761, #2805, #1083, .T. ) ;
#3253 = CARTESIAN_POINT ( 'NONE',  ( 24.63113131249176700, 0.1435220059874846900, -14.73499999999947900 ) ) ;
#3254 = CARTESIAN_POINT ( 'NONE',  ( 7.885141141687699800, 4.059999999998999500, -4.259999999999215500 ) ) ;
#3255 = ADVANCED_FACE ( 'NONE', ( #2532 ), #3174, .F. ) ;
#3256 = AXIS2_PLACEMENT_3D ( 'NONE', #1711, #33, #363 ) ;
#3257 = DIRECTION ( 'NONE',  ( 1.000000000000000000, -0.0000000000000000000, -0.0000000000000000000 ) ) ;
#3258 = CARTESIAN_POINT ( 'NONE',  ( 9.500000000000101300, 4.059999999998999500, -9.834999999998759200 ) ) ;
#3259 = CARTESIAN_POINT ( 'NONE',  ( 5.259999999999280400, 4.059999999998999500, -5.259999999999280400 ) ) ;
#3260 = CARTESIAN_POINT ( 'NONE',  ( 23.97352200598837500, 0.8011313124909386100, -11.40500000000010100 ) ) ;
#3261 = ORIENTED_EDGE ( 'NONE', *, *, #3392, .F. ) ;
#3262 = CARTESIAN_POINT ( 'NONE',  ( 29.48775137467140100, 7.906350938843840700, -10.64500000000060000 ) ) ;
#3263 = AXIS2_PLACEMENT_3D ( 'NONE', #3293, #3011, #1391 ) ;
#3264 = CARTESIAN_POINT ( 'NONE',  ( 29.48775137467200800, 0.2136490611553175700, -10.64500000000060000 ) ) ;
#3265 = ORIENTED_EDGE ( 'NONE', *, *, #2045, .F. ) ;
#3266 = PLANE ( 'NONE',  #1552 ) ;
#3267 = EDGE_CURVE ( 'NONE', #2960, #598, #1111, .T. ) ;
#3268 = CARTESIAN_POINT ( 'NONE',  ( 11.13630681719336500, 11.71945197524455100, -8.694461605603510900 ) ) ;
#3269 = ORIENTED_EDGE ( 'NONE', *, *, #3470, .T. ) ;
#3270 = LINE ( 'NONE', #2193, #1104 ) ;
#3271 = CARTESIAN_POINT ( 'NONE',  ( 22.63000000000091900, 4.059999999998999500, -5.259999999999280400 ) ) ;
#3272 = EDGE_CURVE ( 'NONE', #1465, #206, #1192, .T. ) ;
#3273 = ADVANCED_FACE ( 'NONE', ( #380, #2445 ), #2420, .F. ) ;
#3274 = FACE_OUTER_BOUND ( 'NONE', #1920, .T. ) ;
#3275 = DIRECTION ( 'NONE',  ( -0.0000000000000000000, -0.0000000000000000000, -1.000000000000000000 ) ) ;
#3276 = CYLINDRICAL_SURFACE ( 'NONE', #2414, 4.825000000001019800 ) ;
#3277 = FACE_OUTER_BOUND ( 'NONE', #2325, .T. ) ;
#3278 = CIRCLE ( 'NONE', #3337, 1.000000000000064200 ) ;
#3279 = ORIENTED_EDGE ( 'NONE', *, *, #1203, .F. ) ;
#3280 = CIRCLE ( 'NONE', #93, 5.094999999999940200 ) ;
#3281 = LINE ( 'NONE', #724, #1818 ) ;
#3282 = CYLINDRICAL_SURFACE ( 'NONE', #1011, 1.000000000000064200 ) ;
#3283 = CARTESIAN_POINT ( 'NONE',  ( 5.259999999999279500, 4.059999999998999500, -5.259999999999280400 ) ) ;
#3284 = VERTEX_POINT ( 'NONE', #2967 ) ;
#3285 = VERTEX_POINT ( 'NONE', #2426 ) ;
#3286 = CARTESIAN_POINT ( 'NONE',  ( 9.690418474414567400, 5.031514696034297400, -0.6850000000000535700 ) ) ;
#3287 = AXIS2_PLACEMENT_3D ( 'NONE', #183, #144, #1790 ) ;
#3288 = CARTESIAN_POINT ( 'NONE',  ( 10.68169818701015600, 2.779995021254532800, -9.834999999998759200 ) ) ;
#3289 = VERTEX_POINT ( 'NONE', #813 ) ;
#3290 = DIRECTION ( 'NONE',  ( 0.0000000000000000000, 0.0000000000000000000, 1.000000000000000000 ) ) ;
#3291 = ORIENTED_EDGE ( 'NONE', *, *, #3194, .F. ) ;
#3292 = EDGE_CURVE ( 'NONE', #1360, #1446, #455, .T. ) ;
#3293 = CARTESIAN_POINT ( 'NONE',  ( 22.63000000000091900, 9.320000000000819200, -0.4350000000000380200 ) ) ;
#3294 = CARTESIAN_POINT ( 'NONE',  ( 9.690418474414567400, 3.088485303963698600, -0.6850000000000535700 ) ) ;
#3295 = ORIENTED_EDGE ( 'NONE', *, *, #943, .F. ) ;
#3296 = ADVANCED_FACE ( 'NONE', ( #1009 ), #925, .F. ) ;
#3297 = ORIENTED_EDGE ( 'NONE', *, *, #2885, .F. ) ;
#3298 = ORIENTED_EDGE ( 'NONE', *, *, #1616, .T. ) ;
#3299 = EDGE_CURVE ( 'NONE', #1867, #1784, #2358, .T. ) ;
#3300 = CARTESIAN_POINT ( 'NONE',  ( 31.80647799400340100, 0.8011313124918541000, -11.40500000000010100 ) ) ;
#3301 = CARTESIAN_POINT ( 'NONE',  ( 8.690000000000798900, 5.290606660187919800, -5.410000000001220500 ) ) ;
#3302 = ORIENTED_EDGE ( 'NONE', *, *, #2213, .F. ) ;
#3303 = DIRECTION ( 'NONE',  ( 0.0000000000000000000, 0.0000000000000000000, 1.000000000000000000 ) ) ;
#3304 = DIRECTION ( 'NONE',  ( -1.000000000000000000, 0.0000000000000000000, 0.0000000000000000000 ) ) ;
#3305 = CARTESIAN_POINT ( 'NONE',  ( 9.500000000000101300, 2.527029028324265800, -0.6850000000000539000 ) ) ;
#3306 = CARTESIAN_POINT ( 'NONE',  ( 9.690418474414624200, 5.031514696033710300, -9.834999999998759200 ) ) ;
#3307 = EDGE_CURVE ( 'NONE', #1030, #981, #1732, .T. ) ;
#3308 = CARTESIAN_POINT ( 'NONE',  ( 9.500000000000101300, 4.059999999998999500, -0.6850000000000539000 ) ) ;
#3309 = EDGE_LOOP ( 'NONE', ( #167, #43, #3185, #518 ) ) ;
#3310 = CARTESIAN_POINT ( 'NONE',  ( 13.62358999999944100, 4.059999999998999500, -6.259999999999344300 ) ) ;
#3311 = VERTEX_POINT ( 'NONE', #552 ) ;
#3312 = CARTESIAN_POINT ( 'NONE',  ( 22.63000000000091600, -1.200000000000025900, -10.64500000000060000 ) ) ;
#3313 = DIRECTION ( 'NONE',  ( -0.0000000000000000000, -1.000000000000000000, -0.0000000000000000000 ) ) ;
#3314 = ADVANCED_FACE ( 'NONE', ( #3363 ), #289, .F. ) ;
#3315 = ORIENTED_EDGE ( 'NONE', *, *, #2008, .F. ) ;
#3316 = CARTESIAN_POINT ( 'NONE',  ( 13.62358999999944100, 4.059999999998999500, -5.259999999999280400 ) ) ;
#3317 = AXIS2_PLACEMENT_3D ( 'NONE', #2127, #504, #2392 ) ;
#3318 = CIRCLE ( 'NONE', #16, 0.9900000000001036900 ) ;
#3319 = CIRCLE ( 'NONE', #3499, 0.7100000000045551000 ) ;
#3320 = DIRECTION ( 'NONE',  ( -0.0000000000000000000, -0.0000000000000000000, 1.000000000000000000 ) ) ;
#3321 = EDGE_CURVE ( 'NONE', #339, #869, #2323, .T. ) ;
#3322 = CARTESIAN_POINT ( 'NONE',  ( 33.14999999999440000, -1.200000000000025900, -10.64500000000060000 ) ) ;
#3323 = PLANE ( 'NONE',  #1252 ) ;
#3324 = LINE ( 'NONE', #814, #588 ) ;
#3325 = LINE ( 'NONE', #1854, #589 ) ;
#3326 = LINE ( 'NONE', #935, #1163 ) ;
#3327 = CARTESIAN_POINT ( 'NONE',  ( 13.89000000000032000, 4.059999999998999500, -5.970000000107815700 ) ) ;
#3328 = ORIENTED_EDGE ( 'NONE', *, *, #1631, .T. ) ;
#3329 =( GEOMETRIC_REPRESENTATION_CONTEXT ( 3 ) GLOBAL_UNCERTAINTY_ASSIGNED_CONTEXT ( ( #108 ) ) GLOBAL_UNIT_ASSIGNED_CONTEXT ( ( #2844, #3365, #2530 ) ) REPRESENTATION_CONTEXT ( 'NONE', 'WORKASPACE' ) );
#3330 = LINE ( 'NONE', #1126, #2578 ) ;
#3331 = ADVANCED_FACE ( 'NONE', ( #192 ), #840, .F. ) ;
#3332 = EDGE_LOOP ( 'NONE', ( #3184, #2848, #1244, #1804, #1536 ) ) ;
#3333 = ORIENTED_EDGE ( 'NONE', *, *, #804, .F. ) ;
#3334 = ORIENTED_EDGE ( 'NONE', *, *, #648, .T. ) ;
#3335 = ORIENTED_EDGE ( 'NONE', *, *, #2650, .T. ) ;
#3336 = DIRECTION ( 'NONE',  ( -0.0000000000000000000, -0.0000000000000000000, 1.000000000000000000 ) ) ;
#3337 = AXIS2_PLACEMENT_3D ( 'NONE', #2196, #2178, #1935 ) ;
#3338 = CARTESIAN_POINT ( 'NONE',  ( 13.89000000000032000, 4.059999999998999500, -5.259999999999280400 ) ) ;
#3339 = ORIENTED_EDGE ( 'NONE', *, *, #1840, .T. ) ;
#3340 = CARTESIAN_POINT ( 'NONE',  ( 7.525158234189926400, 5.592970971678268700, -0.6849999999994383900 ) ) ;
#3341 = EDGE_CURVE ( 'NONE', #755, #2542, #1970, .T. ) ;
#3342 = DIRECTION ( 'NONE',  ( -0.7071067811865474600, -0.7071067811865474600, 0.0000000000000000000 ) ) ;
#3343 = DIRECTION ( 'NONE',  ( -1.000000000000000000, 0.0000000000000000000, 0.0000000000000000000 ) ) ;
#3344 = ADVANCED_FACE ( 'NONE', ( #3090 ), #1642, .F. ) ;
#3345 = AXIS2_PLACEMENT_3D ( 'NONE', #1761, #130, #2030 ) ;
#3346 = VERTEX_POINT ( 'NONE', #1667 ) ;
#3347 = CARTESIAN_POINT ( 'NONE',  ( 11.13630681719285300, 2.527029028321358800, -0.6850000000000535700 ) ) ;
#3348 = CARTESIAN_POINT ( 'NONE',  ( 22.63000000000091900, 4.059999999998999500, -5.259999999999280400 ) ) ;
#3349 = B_SPLINE_CURVE_WITH_KNOTS ( 'NONE', 3,
 ( #2772, #3038, #1965, #340, #2231, #612 ),
 .UNSPECIFIED., .F., .F.,
 ( 4, 2, 4 ),
 ( -0.001667084814083114400, -0.0008335424070415567600, 8.673617379884035500E-019 ),
 .UNSPECIFIED. ) ;
#3350 = DIRECTION ( 'NONE',  ( -1.000000000000000000, 0.0000000000000000000, 0.0000000000000000000 ) ) ;
#3351 = DIRECTION ( 'NONE',  ( -0.0000000000000000000, 0.0000000000000000000, -1.000000000000000000 ) ) ;
#3352 = ORIENTED_EDGE ( 'NONE', *, *, #1540, .F. ) ;
#3353 = CARTESIAN_POINT ( 'NONE',  ( 27.89000000000020000, 4.059999999998999500, -11.40500000000010100 ) ) ;
#3354 = DIRECTION ( 'NONE',  ( 1.000000000000000000, 0.0000000000000000000, 0.0000000000000000000 ) ) ;
#3355 = ORIENTED_EDGE ( 'NONE', *, *, #1757, .F. ) ;
#3356 = DIRECTION ( 'NONE',  ( 1.000000000000000000, 0.0000000000000000000, -0.0000000000000000000 ) ) ;
#3357 = PRODUCT_DEFINITION ( 'UNKNOWN', '', #3536, #2050 ) ;
#3358 = CIRCLE ( 'NONE', #3060, 5.094999999999940200 ) ;
#3359 = CIRCLE ( 'NONE', #2827, 0.1699964122217727200 ) ;
#3360 = CARTESIAN_POINT ( 'NONE',  ( 8.690000000004342700, 3.189625819142286800, -5.109999999999879500 ) ) ;
#3361 = EDGE_CURVE ( 'NONE', #2817, #2218, #2999, .T. ) ;
#3362 = CYLINDRICAL_SURFACE ( 'NONE', #2052, 2.499999999999906700 ) ;
#3363 = FACE_OUTER_BOUND ( 'NONE', #2361, .T. ) ;
#3364 = CIRCLE ( 'NONE', #2943, 4.199999999990751600 ) ;
#3365 =( NAMED_UNIT ( * ) PLANE_ANGLE_UNIT ( ) SI_UNIT ( $, .RADIAN. ) );
#3366 = ORIENTED_EDGE ( 'NONE', *, *, #3210, .T. ) ;
#3367 = CARTESIAN_POINT ( 'NONE',  ( 23.49850000000024200, 4.059999999999000400, -10.08500000000029900 ) ) ;
#3368 = PLANE ( 'NONE',  #1342 ) ;
#3369 = LINE ( 'NONE', #1925, #1271 ) ;
#3370 = VECTOR ( 'NONE', #2475, 1000.000000000000000 ) ;
#3371 = LINE ( 'NONE', #382, #1117 ) ;
#3372 = EDGE_CURVE ( 'NONE', #2333, #1045, #2276, .T. ) ;
#3373 = DIRECTION ( 'NONE',  ( 0.0000000000000000000, -1.465963500825566300E-014, 1.000000000000000000 ) ) ;
#3374 = ORIENTED_EDGE ( 'NONE', *, *, #2934, .F. ) ;
#3375 = VERTEX_POINT ( 'NONE', #2212 ) ;
#3376 = DIRECTION ( 'NONE',  ( -1.000000000000000000, -0.0000000000000000000, 0.0000000000000000000 ) ) ;
#3377 = EDGE_LOOP ( 'NONE', ( #2417, #2731, #2831, #1318 ) ) ;
#3378 = AXIS2_PLACEMENT_3D ( 'NONE', #1794, #2133, #1038 ) ;
#3379 = VERTEX_POINT ( 'NONE', #60 ) ;
#3380 = CARTESIAN_POINT ( 'NONE',  ( 27.89000000000020000, 4.059999999998999500, -14.73499999999947900 ) ) ;
#3381 = ORIENTED_EDGE ( 'NONE', *, *, #1799, .T. ) ;
#3382 = CARTESIAN_POINT ( 'NONE',  ( 25.29211710586892900, 0.8045077993649003600, -14.73499999999947900 ) ) ;
#3383 = VERTEX_POINT ( 'NONE', #3312 ) ;
#3384 = PLANE ( 'NONE',  #1707 ) ;
#3385 = AXIS2_PLACEMENT_3D ( 'NONE', #1329, #3233, #1587 ) ;
#3386 = ORIENTED_EDGE ( 'NONE', *, *, #685, .F. ) ;
#3387 = CARTESIAN_POINT ( 'NONE',  ( 22.63000000000091900, 9.320000000000819200, -10.64500000000060000 ) ) ;
#3388 = DIRECTION ( 'NONE',  ( -1.000000000000000000, -0.0000000000000000000, -0.0000000000000000000 ) ) ;
#3389 = EDGE_CURVE ( 'NONE', #2666, #1741, #2064, .T. ) ;
#3390 = EDGE_CURVE ( 'NONE', #505, #2556, #1549, .T. ) ;
#3391 = DIRECTION ( 'NONE',  ( -0.0000000000000000000, -0.0000000000000000000, 1.000000000000000000 ) ) ;
#3392 = EDGE_CURVE ( 'NONE', #1744, #1998, #3349, .T. ) ;
#3393 = VERTEX_POINT ( 'NONE', #2222 ) ;
#3394 = APPLICATION_CONTEXT ( 'automotive_design' ) ;
#3395 = DIRECTION ( 'NONE',  ( 0.0000000000000000000, 0.0000000000000000000, -1.000000000000000000 ) ) ;
#3396 = VERTEX_POINT ( 'NONE', #1153 ) ;
#3397 = AXIS2_PLACEMENT_3D ( 'NONE', #570, #1638, #3290 ) ;
#3398 = B_SPLINE_CURVE_WITH_KNOTS ( 'NONE', 3,
 ( #89, #1409, #1851, #1383 ),
 .UNSPECIFIED., .F., .F.,
 ( 4, 4 ),
 ( 5.967448757360216400E-016, 0.0003808369488283360600 ),
 .UNSPECIFIED. ) ;
#3399 = DIRECTION ( 'NONE',  ( 0.0000000000000000000, -1.000000000000000000, 0.0000000000000000000 ) ) ;
#3400 = VERTEX_POINT ( 'NONE', #878 ) ;
#3401 = CIRCLE ( 'NONE', #2433, 4.075733407078124600 ) ;
#3402 = CARTESIAN_POINT ( 'NONE',  ( 12.98999999999883700, 4.753974062915606400, -5.410000000001220500 ) ) ;
#3403 = AXIS2_PLACEMENT_3D ( 'NONE', #3462, #3485, #236 ) ;
#3404 = CARTESIAN_POINT ( 'NONE',  ( 8.690000000000798900, 4.210000000000940500, -4.159679249194839600 ) ) ;
#3405 = APPLICATION_PROTOCOL_DEFINITION ( 'draft international standard', 'automotive_design', 1998, #1485 ) ;
#3406 = CARTESIAN_POINT ( 'NONE',  ( 9.500000000000101300, 4.059999999998999500, -0.6850000000000539000 ) ) ;
#3407 = CARTESIAN_POINT ( 'NONE',  ( 27.89000000000020000, 4.059999999998999500, -11.40500000000010100 ) ) ;
#3408 = VECTOR ( 'NONE', #1087, 1000.000000000000000 ) ;
#3409 = CYLINDRICAL_SURFACE ( 'NONE', #3182, 3.650000000000639000 ) ;
#3410 = LINE ( 'NONE', #2448, #1950 ) ;
#3411 = CARTESIAN_POINT ( 'NONE',  ( 9.951996755274997500, 5.058163936347748200, -0.6850000000000535700 ) ) ;
#3412 = PLANE ( 'NONE',  #1789 ) ;
#3413 = ORIENTED_EDGE ( 'NONE', *, *, #2634, .T. ) ;
#3414 = CARTESIAN_POINT ( 'NONE',  ( 11.13630681719334000, 5.592970971678064500, -0.6850000000000535700 ) ) ;
#3415 = ORIENTED_EDGE ( 'NONE', *, *, #2976, .F. ) ;
#3416 = VERTEX_POINT ( 'NONE', #68 ) ;
#3417 = AXIS2_PLACEMENT_3D ( 'NONE', #3259, #2691, #1617 ) ;
#3418 = DIRECTION ( 'NONE',  ( 0.0000000000000000000, -0.0000000000000000000, -1.000000000000000000 ) ) ;
#3419 = CARTESIAN_POINT ( 'NONE',  ( 12.98999999999883700, 4.059999999998999500, -5.259999999999280400 ) ) ;
#3420 = CARTESIAN_POINT ( 'NONE',  ( 8.948435904315653400, -3.281069911423200900, -1.968299387957793700 ) ) ;
#3421 = ORIENTED_EDGE ( 'NONE', *, *, #2139, .T. ) ;
#3422 = CLOSED_SHELL ( 'NONE', ( #225, #2187, #2911, #2968, #3005, #1832, #3331, #1, #42, #2173, #3039, #1039, #2932, #2760, #269, #1943, #1338, #2510, #1142, #2947, #608, #3273, #481, #2736, #2134, #1414, #532, #1710, #836, #1322, #1688, #820, #2641, #308, #3232, #63, #2698, #2792, #1929, #2393, #1672, #799, #892, #1425, #1377, #1563, #2487, #1618, #3344, #1962, #624, #1178, #2116, #1881, #1576, #3028, #519, #1903, #2416, #73, #284, #1098, #1056, #2662, #587, #1081, #1393, #780, #2225, #1356, #3190, #575, #3498, #325, #3064, #497, #3515, #2450, #2208, #1594, #208, #1160, #1978, #3296, #2147, #761, #3255, #2239, #1122, #1848, #858, #247, #345, #1630, #23, #3211, #3314, #2683, #2780, #2983, #1298, #2472, #2723, #3473, #554, #2381, #1869, #873, #2428, #1654, #738 ) ) ;
#3423 = VERTEX_POINT ( 'NONE', #3050 ) ;
#3424 = PLANE ( 'NONE',  #1723 ) ;
#3425 = ORIENTED_EDGE ( 'NONE', *, *, #3029, .T. ) ;
#3426 = DIRECTION ( 'NONE',  ( 0.0000000000000000000, 0.0000000000000000000, -1.000000000000000000 ) ) ;
#3427 = EDGE_LOOP ( 'NONE', ( #156, #676, #1496, #732, #2765, #468 ) ) ;
#3428 = AXIS2_PLACEMENT_3D ( 'NONE', #1419, #3336, #1684 ) ;
#3429 = CARTESIAN_POINT ( 'NONE',  ( 8.790093417711235100, 4.210000000000940500, -6.071733304709713500 ) ) ;
#3430 = CARTESIAN_POINT ( 'NONE',  ( 11.13630681719263500, -3.599451975246343000, -8.694461605603420300 ) ) ;
#3431 = CARTESIAN_POINT ( 'NONE',  ( 23.34291443729593900, 6.358485998532159100, -10.64500000000060000 ) ) ;
#3432 = VERTEX_POINT ( 'NONE', #2782 ) ;
#3433 = EDGE_CURVE ( 'NONE', #1611, #993, #1471, .T. ) ;
#3434 = DIRECTION ( 'NONE',  ( 0.0000000000000000000, 0.0000000000000000000, 1.000000000000000000 ) ) ;
#3435 = CARTESIAN_POINT ( 'NONE',  ( 11.47484176581217800, 5.592970971675815600, -0.6850000000000539000 ) ) ;
#3436 = AXIS2_PLACEMENT_3D ( 'NONE', #6, #1094, #3303 ) ;
#3437 = DIRECTION ( 'NONE',  ( 0.7071067811865474600, -0.7071067811865474600, 0.0000000000000000000 ) ) ;
#3438 = FACE_OUTER_BOUND ( 'NONE', #1882, .T. ) ;
#3439 = DIRECTION ( 'NONE',  ( -1.000000000000000000, 0.0000000000000000000, 0.0000000000000000000 ) ) ;
#3440 = FACE_OUTER_BOUND ( 'NONE', #897, .T. ) ;
#3441 = LINE ( 'NONE', #2929, #541 ) ;
#3442 = LINE ( 'NONE', #2985, #2703 ) ;
#3443 = ORIENTED_EDGE ( 'NONE', *, *, #1053, .F. ) ;
#3444 = CARTESIAN_POINT ( 'NONE',  ( 30.18848599852525500, -0.4870855627085750000, -10.64500000000060000 ) ) ;
#3445 = FACE_OUTER_BOUND ( 'NONE', #551, .T. ) ;
#3446 = VECTOR ( 'NONE', #560, 1000.000000000000000 ) ;
#3447 = CYLINDRICAL_SURFACE ( 'NONE', #2343, 4.165000000001119100 ) ;
#3448 = VERTEX_POINT ( 'NONE', #2505 ) ;
#3449 = ORIENTED_EDGE ( 'NONE', *, *, #404, .T. ) ;
#3450 = CARTESIAN_POINT ( 'NONE',  ( 8.990000000036927100, 4.753974062915606400, -5.410000000001220500 ) ) ;
#3451 = EDGE_CURVE ( 'NONE', #2520, #825, #2910, .T. ) ;
#3452 = ORIENTED_EDGE ( 'NONE', *, *, #3252, .F. ) ;
#3453 = CARTESIAN_POINT ( 'NONE',  ( 31.80647799400741200, 7.318868687512600800, -14.73499999999947900 ) ) ;
#3454 = ORIENTED_EDGE ( 'NONE', *, *, #1420, .T. ) ;
#3455 = CARTESIAN_POINT ( 'NONE',  ( 30.18848599852592700, -0.4870855627082367200, -10.64500000000060000 ) ) ;
#3456 = ORIENTED_EDGE ( 'NONE', *, *, #118, .T. ) ;
#3457 = DIRECTION ( 'NONE',  ( -1.000000000000000000, 0.0000000000000000000, -0.0000000000000000000 ) ) ;
#3458 = DIRECTION ( 'NONE',  ( 0.0000000000000000000, 0.0000000000000000000, 1.000000000000000000 ) ) ;
#3459 = AXIS2_PLACEMENT_3D ( 'NONE', #711, #1797, #1805 ) ;
#3460 = DIRECTION ( 'NONE',  ( 0.0000000000000000000, 0.0000000000000000000, -1.000000000000000000 ) ) ;
#3461 = DIRECTION ( 'NONE',  ( 0.7070993193965108300, -1.298920377267313500E-016, 0.7071142428978439700 ) ) ;
#3462 = CARTESIAN_POINT ( 'NONE',  ( 27.89000000000020000, 4.059999999998999500, -11.40500000000010100 ) ) ;
#3463 = ORIENTED_EDGE ( 'NONE', *, *, #1979, .T. ) ;
#3464 = CARTESIAN_POINT ( 'NONE',  ( 8.690000000000798900, 4.059999999998999500, -5.259999999999280400 ) ) ;
#3465 = EDGE_CURVE ( 'NONE', #1183, #3432, #111, .T. ) ;
#3466 = ORIENTED_EDGE ( 'NONE', *, *, #349, .T. ) ;
#3467 = CARTESIAN_POINT ( 'NONE',  ( 8.635465483220736300, 3.560525620682537500, 0.2185871198949480800 ) ) ;
#3468 = ORIENTED_EDGE ( 'NONE', *, *, #1534, .F. ) ;
#3469 = CARTESIAN_POINT ( 'NONE',  ( 5.260000000134823500, 4.059999999998999500, -5.259999999999280400 ) ) ;
#3470 = EDGE_CURVE ( 'NONE', #1436, #3100, #41, .T. ) ;
#3471 = FACE_OUTER_BOUND ( 'NONE', #2833, .T. ) ;
#3472 = CARTESIAN_POINT ( 'NONE',  ( 22.63000000000091600, 9.320000000000819200, -10.64500000000060000 ) ) ;
#3473 = ADVANCED_FACE ( 'NONE', ( #2194 ), #2181, .T. ) ;
#3474 = DIRECTION ( 'NONE',  ( 1.000000000000000000, 0.0000000000000000000, 0.0000000000000000000 ) ) ;
#3475 = CARTESIAN_POINT ( 'NONE',  ( 27.89000000000020000, 4.059999999998999500, -14.63999430171725200 ) ) ;
#3476 = CARTESIAN_POINT ( 'NONE',  ( 12.00000000000000700, 4.059999999999000400, -10.08500000000029900 ) ) ;
#3477 = ORIENTED_EDGE ( 'NONE', *, *, #1375, .F. ) ;
#3478 = VECTOR ( 'NONE', #999, 1000.000000000000000 ) ;
#3479 = LINE ( 'NONE', #1355, #2752 ) ;
#3480 = CARTESIAN_POINT ( 'NONE',  ( 30.48788289413597500, 7.315492200629505800, -10.64500000000060000 ) ) ;
#3481 = AXIS2_PLACEMENT_3D ( 'NONE', #1841, #760, #2652 ) ;
#3482 = VECTOR ( 'NONE', #885, 1000.000000000000000 ) ;
#3483 = EDGE_LOOP ( 'NONE', ( #3013, #1746, #488, #370, #2123, #102, #244, #3449 ) ) ;
#3484 = ORIENTED_EDGE ( 'NONE', *, *, #1662, .T. ) ;
#3485 = DIRECTION ( 'NONE',  ( -0.0000000000000000000, -0.0000000000000000000, 1.000000000000000000 ) ) ;
#3486 = VERTEX_POINT ( 'NONE', #3078 ) ;
#3487 = CARTESIAN_POINT ( 'NONE',  ( 9.500000000000101300, 4.059999999998999500, -9.834999999998759200 ) ) ;
#3488 = VERTEX_POINT ( 'NONE', #1453 ) ;
#3489 = DIRECTION ( 'NONE',  ( 0.0000000000000000000, 0.0000000000000000000, 1.000000000000000000 ) ) ;
#3490 = ORIENTED_EDGE ( 'NONE', *, *, #2976, .T. ) ;
#3491 = EDGE_CURVE ( 'NONE', #2279, #3375, #1458, .T. ) ;
#3492 = B_SPLINE_CURVE_WITH_KNOTS ( 'NONE', 3,
 ( #28, #14, #298, #2189 ),
 .UNSPECIFIED., .F., .F.,
 ( 4, 4 ),
 ( 5.377642775528102000E-016, 0.0003808369488285129500 ),
 .UNSPECIFIED. ) ;
#3493 = DIRECTION ( 'NONE',  ( 0.7071067814229850000, 0.0000000000000000000, 0.7071067809501100400 ) ) ;
#3494 = DIRECTION ( 'NONE',  ( 0.7071067811817646200, -0.7071067811913305200, 0.0000000000000000000 ) ) ;
#3495 = CARTESIAN_POINT ( 'NONE',  ( 8.690000000000798900, 3.909999999999599600, -5.953974062917059700 ) ) ;
#3496 = EDGE_LOOP ( 'NONE', ( #1910, #1516, #2081, #3497 ) ) ;
#3497 = ORIENTED_EDGE ( 'NONE', *, *, #138, .F. ) ;
#3498 = ADVANCED_FACE ( 'NONE', ( #2829 ), #3368, .F. ) ;
#3499 = AXIS2_PLACEMENT_3D ( 'NONE', #1049, #3181, #1591 ) ;
#3500 = DIRECTION ( 'NONE',  ( -0.7071067811865474600, 0.7071067811865474600, 0.0000000000000000000 ) ) ;
#3501 = CARTESIAN_POINT ( 'NONE',  ( 11.13630681719336700, 4.975235575316975900, -0.5225989359469301900 ) ) ;
#3502 = DIRECTION ( 'NONE',  ( -0.0000000000000000000, -0.0000000000000000000, -1.000000000000000000 ) ) ;
#3503 = DIRECTION ( 'NONE',  ( -1.000000000000000000, 0.0000000000000000000, -0.0000000000000000000 ) ) ;
#3504 = DIRECTION ( 'NONE',  ( 0.0000000000000000000, 0.0000000000000000000, 1.000000000000000000 ) ) ;
#3505 = AXIS2_PLACEMENT_3D ( 'NONE', #1246, #1715, #2233 ) ;
#3506 = DIRECTION ( 'NONE',  ( -1.000000000000000000, 0.0000000000000000000, 0.0000000000000000000 ) ) ;
#3507 = CARTESIAN_POINT ( 'NONE',  ( 9.239380502468476300, 3.096262310967114100, -10.67513825094011200 ) ) ;
#3508 = DIRECTION ( 'NONE',  ( -1.000000000000000000, 0.0000000000000000000, -0.0000000000000000000 ) ) ;
#3509 = DIRECTION ( 'NONE',  ( 0.0000000000000000000, 0.0000000000000000000, 1.000000000000000000 ) ) ;
#3510 = EDGE_CURVE ( 'NONE', #2769, #1077, #2088, .T. ) ;
#3511 = ORIENTED_EDGE ( 'NONE', *, *, #660, .F. ) ;
#3512 = DIRECTION ( 'NONE',  ( 0.0000000000000000000, 0.0000000000000000000, 1.000000000000000000 ) ) ;
#3513 = CARTESIAN_POINT ( 'NONE',  ( 10.05156409568255800, 11.40106991142092400, -1.968299387957912500 ) ) ;
#3514 = DIRECTION ( 'NONE',  ( 0.0000000000000000000, 0.0000000000000000000, 1.000000000000000000 ) ) ;
#3515 = ADVANCED_FACE ( 'NONE', ( #727 ), #3384, .F. ) ;
#3516 = ORIENTED_EDGE ( 'NONE', *, *, #915, .F. ) ;
#3517 = DIRECTION ( 'NONE',  ( -0.0000000000000000000, -0.0000000000000000000, 1.000000000000000000 ) ) ;
#3518 = CARTESIAN_POINT ( 'NONE',  ( 23.34291443729543400, 1.761514001468380600, -10.64500000000060000 ) ) ;
#3519 = CIRCLE ( 'NONE', #2142, 0.7099999999999537800 ) ;
#3520 = DIRECTION ( 'NONE',  ( 0.0000000000000000000, 0.0000000000000000000, 1.000000000000000000 ) ) ;
#3521 = CARTESIAN_POINT ( 'NONE',  ( 23.97352200598938100, 0.8011313124918541000, -11.40500000000010100 ) ) ;
#3522 = FACE_OUTER_BOUND ( 'NONE', #2838, .T. ) ;
#3523 = VECTOR ( 'NONE', #996, 1000.000000000000000 ) ;
#3524 = VECTOR ( 'NONE', #411, 1000.000000000000100 ) ;
#3525 = DIRECTION ( 'NONE',  ( 1.000000000000000000, 2.628368902994887100E-015, 0.0000000000000000000 ) ) ;
#3526 = AXIS2_PLACEMENT_3D ( 'NONE', #212, #362, #2679 ) ;
#3527 = CARTESIAN_POINT ( 'NONE',  ( 8.690000000001418800, 4.059999999998999500, -5.259999999999280400 ) ) ;
#3528 = VERTEX_POINT ( 'NONE', #2813 ) ;
#3529 = CARTESIAN_POINT ( 'NONE',  ( 31.73635093885520000, 5.657751374670199100, -10.64500000000060000 ) ) ;
#3530 = LINE ( 'NONE', #2711, #2798 ) ;
#3531 = FACE_OUTER_BOUND ( 'NONE', #2595, .T. ) ;
#3532 = FACE_OUTER_BOUND ( 'NONE', #209, .T. ) ;
#3533 = VERTEX_POINT ( 'NONE', #2273 ) ;
#3534 = ORIENTED_EDGE ( 'NONE', *, *, #2627, .F. ) ;
#3535 = CARTESIAN_POINT ( 'NONE',  ( 27.89000000000020000, 4.059999999998999500, -10.64500000000060000 ) ) ;
#3536 = PRODUCT_DEFINITION_FORMATION_WITH_SPECIFIED_SOURCE ( 'ANY', '', #1930, .NOT_KNOWN. ) ;
#3537 = DIRECTION ( 'NONE',  ( 1.000000000000000000, 0.0000000000000000000, 0.0000000000000000000 ) ) ;
ENDSEC;
END-ISO-10303-21;
