ISO-10303-21;
HEADER;
FILE_DESCRIPTION((''),'2;1');
FILE_NAME('SQB16A_ASM','2012-02-10T',('CKXSSC'),(''),
'PRO/ENGINEER BY PARAMETRIC TECHNOLOGY CORPORATION, 2011220',
'PRO/ENGINEER BY PARAMETRIC TECHNOLOGY CORPORATION, 2011220','');
FILE_SCHEMA(('AUTOMOTIVE_DESIGN_CC2 { 1 2 10303 214 -1 1 5 2 }'));
ENDSEC;
DATA;
#1=COLOUR_RGB('',0.E0,4.3E-1,1.E0);
#2=COLOUR_RGB('',0.E0,6.6E-1,0.E0);
#3=COLOUR_RGB('',1.1E-2,1.2E-2,1.E0);
#4=COLOUR_RGB('',1.1E-1,1.1E-1,1.1E-1);
#5=COLOUR_RGB('',1.29412E-1,5.E-2,1.E-1);
#6=COLOUR_RGB('',1.80392E-1,2.7451E-1,9.8039E-2);
#7=COLOUR_RGB('',2.54902E-1,5.4902E-1,0.E0);
#8=COLOUR_RGB('',2.7451E-1,2.7451E-1,2.7451E-1);
#9=COLOUR_RGB('',3.E-1,1.29412E-1,2.5098E-1);
#10=COLOUR_RGB('',3.13725E-1,3.13725E-1,3.13725E-1);
#11=COLOUR_RGB('',3.45098E-1,1.33333E-1,7.8431E-2);
#12=COLOUR_RGB('',3.5E-1,3.5E-1,3.5E-1);
#13=COLOUR_RGB('',3.52941E-1,3.52941E-1,3.52941E-1);
#14=COLOUR_RGB('',3.72549E-1,3.72549E-1,3.72549E-1);
#15=COLOUR_RGB('',3.92157E-1,3.56863E-1,3.52941E-1);
#16=COLOUR_RGB('',3.92157E-1,3.92157E-1,3.92157E-1);
#17=COLOUR_RGB('',3.92E-1,4.35294E-1,4.86275E-1);
#18=COLOUR_RGB('',4.1E-1,0.E0,2.2E-1);
#19=COLOUR_RGB('',4.31373E-1,4.31373E-1,4.31373E-1);
#20=COLOUR_RGB('',5.09804E-1,3.92157E-1,2.54902E-1);
#21=COLOUR_RGB('',5.09804E-1,3.96078E-1,1.05882E-1);
#22=COLOUR_RGB('',5.09804E-1,4.90196E-1,4.66667E-1);
#23=COLOUR_RGB('',5.7E-1,0.E0,1.E0);
#24=COLOUR_RGB('',5.9E-1,3.E-1,0.E0);
#25=COLOUR_RGB('',6.E-1,6.E-1,6.E-1);
#26=COLOUR_RGB('',6.9E-1,0.E0,0.E0);
#27=COLOUR_RGB('',7.E-1,7.E-1,7.E-1);
#28=COLOUR_RGB('',8.27451E-1,3.29412E-1,7.0588E-2);
#29=COLOUR_RGB('',8.39216E-1,8.90196E-1,7.68627E-1);
#30=COLOUR_RGB('',8.784E-1,9.49E-1,1.E0);
#31=COLOUR_RGB('',8.9E-1,9.2E-1,9.4E-1);
#32=COLOUR_RGB('',9.6E-1,9.6E-1,9.6E-1);
#33=COLOUR_RGB('',9.8E-1,6.27E-1,0.E0);
#34=COLOUR_RGB('',9.80392E-1,9.80392E-1,9.80392E-1);
#35=COLOUR_RGB('',9.9E-1,1.E0,0.E0);
#36=COLOUR_RGB('',1.E0,5.E-1,0.E0);
#37=COLOUR_RGB('',1.E0,7.17647E-1,0.E0);
#38=COLOUR_RGB('',1.E0,7.84314E-1,0.E0);
#39=COLOUR_RGB('',1.E0,1.E0,9.49E-1);
#40=DRAUGHTING_PRE_DEFINED_COLOUR('white');
#41=COLOUR_RGB('',9.6E-1,1.9E-1,5.E-2);
#43=DIRECTION('',(1.E0,0.E0,0.E0));
#44=VECTOR('',#43,3.E-1);
#45=CARTESIAN_POINT('',(8.25E-1,0.E0,-1.6E0));
#46=LINE('',#45,#44);
#47=DRAUGHTING_PRE_DEFINED_CURVE_FONT('continuous');
#48=CURVE_STYLE('',#47,POSITIVE_LENGTH_MEASURE(2.E-2),#8);
#49=PRESENTATION_STYLE_ASSIGNMENT((#48));
#50=STYLED_ITEM('',(#49),#46);
#51=DIRECTION('',(0.E0,0.E0,1.E0));
#52=VECTOR('',#51,4.E-1);
#53=CARTESIAN_POINT('',(8.25E-1,0.E0,-2.E0));
#54=LINE('',#53,#52);
#55=CURVE_STYLE('',#47,POSITIVE_LENGTH_MEASURE(2.E-2),#8);
#56=PRESENTATION_STYLE_ASSIGNMENT((#55));
#57=STYLED_ITEM('',(#56),#54);
#58=DIRECTION('',(-1.E0,0.E0,0.E0));
#59=VECTOR('',#58,3.5E-1);
#60=CARTESIAN_POINT('',(8.25E-1,0.E0,-2.E0));
#61=LINE('',#60,#59);
#62=CURVE_STYLE('',#47,POSITIVE_LENGTH_MEASURE(2.E-2),#8);
#63=PRESENTATION_STYLE_ASSIGNMENT((#62));
#64=STYLED_ITEM('',(#63),#61);
#65=DIRECTION('',(0.E0,0.E0,1.E0));
#66=VECTOR('',#65,4.E-1);
#67=CARTESIAN_POINT('',(4.75E-1,0.E0,-2.E0));
#68=LINE('',#67,#66);
#69=CURVE_STYLE('',#47,POSITIVE_LENGTH_MEASURE(2.E-2),#8);
#70=PRESENTATION_STYLE_ASSIGNMENT((#69));
#71=STYLED_ITEM('',(#70),#68);
#72=DIRECTION('',(1.E0,0.E0,0.E0));
#73=VECTOR('',#72,3.E-1);
#74=CARTESIAN_POINT('',(1.75E-1,0.E0,-1.6E0));
#75=LINE('',#74,#73);
#76=CURVE_STYLE('',#47,POSITIVE_LENGTH_MEASURE(2.E-2),#8);
#77=PRESENTATION_STYLE_ASSIGNMENT((#76));
#78=STYLED_ITEM('',(#77),#75);
#79=DIRECTION('',(0.E0,0.E0,1.E0));
#80=VECTOR('',#79,4.E-1);
#81=CARTESIAN_POINT('',(1.75E-1,0.E0,-2.E0));
#82=LINE('',#81,#80);
#83=CURVE_STYLE('',#47,POSITIVE_LENGTH_MEASURE(2.E-2),#8);
#84=PRESENTATION_STYLE_ASSIGNMENT((#83));
#85=STYLED_ITEM('',(#84),#82);
#86=DIRECTION('',(-1.E0,0.E0,0.E0));
#87=VECTOR('',#86,3.5E-1);
#88=CARTESIAN_POINT('',(1.75E-1,0.E0,-2.E0));
#89=LINE('',#88,#87);
#90=CURVE_STYLE('',#47,POSITIVE_LENGTH_MEASURE(2.E-2),#8);
#91=PRESENTATION_STYLE_ASSIGNMENT((#90));
#92=STYLED_ITEM('',(#91),#89);
#93=DIRECTION('',(0.E0,0.E0,1.E0));
#94=VECTOR('',#93,4.E-1);
#95=CARTESIAN_POINT('',(-1.75E-1,0.E0,-2.E0));
#96=LINE('',#95,#94);
#97=CURVE_STYLE('',#47,POSITIVE_LENGTH_MEASURE(2.E-2),#8);
#98=PRESENTATION_STYLE_ASSIGNMENT((#97));
#99=STYLED_ITEM('',(#98),#96);
#100=DIRECTION('',(1.E0,0.E0,0.E0));
#101=VECTOR('',#100,3.E-1);
#102=CARTESIAN_POINT('',(-4.75E-1,0.E0,-1.6E0));
#103=LINE('',#102,#101);
#104=CURVE_STYLE('',#47,POSITIVE_LENGTH_MEASURE(2.E-2),#8);
#105=PRESENTATION_STYLE_ASSIGNMENT((#104));
#106=STYLED_ITEM('',(#105),#103);
#107=DIRECTION('',(0.E0,0.E0,1.E0));
#108=VECTOR('',#107,4.E-1);
#109=CARTESIAN_POINT('',(-4.75E-1,0.E0,-2.E0));
#110=LINE('',#109,#108);
#111=CURVE_STYLE('',#47,POSITIVE_LENGTH_MEASURE(2.E-2),#8);
#112=PRESENTATION_STYLE_ASSIGNMENT((#111));
#113=STYLED_ITEM('',(#112),#110);
#114=DIRECTION('',(-1.E0,0.E0,0.E0));
#115=VECTOR('',#114,3.5E-1);
#116=CARTESIAN_POINT('',(-4.75E-1,0.E0,-2.E0));
#117=LINE('',#116,#115);
#118=CURVE_STYLE('',#47,POSITIVE_LENGTH_MEASURE(2.E-2),#8);
#119=PRESENTATION_STYLE_ASSIGNMENT((#118));
#120=STYLED_ITEM('',(#119),#117);
#121=DIRECTION('',(0.E0,0.E0,1.E0));
#122=VECTOR('',#121,4.E-1);
#123=CARTESIAN_POINT('',(-8.25E-1,0.E0,-2.E0));
#124=LINE('',#123,#122);
#125=CURVE_STYLE('',#47,POSITIVE_LENGTH_MEASURE(2.E-2),#8);
#126=PRESENTATION_STYLE_ASSIGNMENT((#125));
#127=STYLED_ITEM('',(#126),#124);
#128=DIRECTION('',(1.E0,0.E0,0.E0));
#129=VECTOR('',#128,3.E-1);
#130=CARTESIAN_POINT('',(-1.125E0,0.E0,-1.6E0));
#131=LINE('',#130,#129);
#132=CURVE_STYLE('',#47,POSITIVE_LENGTH_MEASURE(2.E-2),#8);
#133=PRESENTATION_STYLE_ASSIGNMENT((#132));
#134=STYLED_ITEM('',(#133),#131);
#135=DIRECTION('',(0.E0,0.E0,1.E0));
#136=VECTOR('',#135,4.E-1);
#137=CARTESIAN_POINT('',(-1.125E0,0.E0,-2.E0));
#138=LINE('',#137,#136);
#139=CURVE_STYLE('',#47,POSITIVE_LENGTH_MEASURE(2.E-2),#8);
#140=PRESENTATION_STYLE_ASSIGNMENT((#139));
#141=STYLED_ITEM('',(#140),#138);
#142=DIRECTION('',(-1.E0,0.E0,0.E0));
#143=VECTOR('',#142,8.75E-1);
#144=CARTESIAN_POINT('',(-1.125E0,0.E0,-2.E0));
#145=LINE('',#144,#143);
#146=CURVE_STYLE('',#47,POSITIVE_LENGTH_MEASURE(2.E-2),#8);
#147=PRESENTATION_STYLE_ASSIGNMENT((#146));
#148=STYLED_ITEM('',(#147),#145);
#149=DIRECTION('',(0.E0,0.E0,1.E0));
#150=VECTOR('',#149,8.75E-1);
#151=CARTESIAN_POINT('',(-2.E0,0.E0,-2.E0));
#152=LINE('',#151,#150);
#153=CURVE_STYLE('',#47,POSITIVE_LENGTH_MEASURE(2.E-2),#8);
#154=PRESENTATION_STYLE_ASSIGNMENT((#153));
#155=STYLED_ITEM('',(#154),#152);
#156=DIRECTION('',(1.E0,0.E0,0.E0));
#157=VECTOR('',#156,4.E-1);
#158=CARTESIAN_POINT('',(-2.E0,0.E0,-1.125E0));
#159=LINE('',#158,#157);
#160=CURVE_STYLE('',#47,POSITIVE_LENGTH_MEASURE(2.E-2),#8);
#161=PRESENTATION_STYLE_ASSIGNMENT((#160));
#162=STYLED_ITEM('',(#161),#159);
#163=DIRECTION('',(0.E0,0.E0,1.E0));
#164=VECTOR('',#163,3.E-1);
#165=CARTESIAN_POINT('',(-1.6E0,0.E0,-1.125E0));
#166=LINE('',#165,#164);
#167=CURVE_STYLE('',#47,POSITIVE_LENGTH_MEASURE(2.E-2),#8);
#168=PRESENTATION_STYLE_ASSIGNMENT((#167));
#169=STYLED_ITEM('',(#168),#166);
#170=DIRECTION('',(1.E0,0.E0,0.E0));
#171=VECTOR('',#170,4.E-1);
#172=CARTESIAN_POINT('',(-2.E0,0.E0,-8.25E-1));
#173=LINE('',#172,#171);
#174=CURVE_STYLE('',#47,POSITIVE_LENGTH_MEASURE(2.E-2),#8);
#175=PRESENTATION_STYLE_ASSIGNMENT((#174));
#176=STYLED_ITEM('',(#175),#173);
#177=DIRECTION('',(0.E0,0.E0,1.E0));
#178=VECTOR('',#177,3.5E-1);
#179=CARTESIAN_POINT('',(-2.E0,0.E0,-8.25E-1));
#180=LINE('',#179,#178);
#181=CURVE_STYLE('',#47,POSITIVE_LENGTH_MEASURE(2.E-2),#8);
#182=PRESENTATION_STYLE_ASSIGNMENT((#181));
#183=STYLED_ITEM('',(#182),#180);
#184=DIRECTION('',(1.E0,0.E0,0.E0));
#185=VECTOR('',#184,4.E-1);
#186=CARTESIAN_POINT('',(-2.E0,0.E0,-4.75E-1));
#187=LINE('',#186,#185);
#188=CURVE_STYLE('',#47,POSITIVE_LENGTH_MEASURE(2.E-2),#8);
#189=PRESENTATION_STYLE_ASSIGNMENT((#188));
#190=STYLED_ITEM('',(#189),#187);
#191=DIRECTION('',(0.E0,0.E0,1.E0));
#192=VECTOR('',#191,3.E-1);
#193=CARTESIAN_POINT('',(-1.6E0,0.E0,-4.75E-1));
#194=LINE('',#193,#192);
#195=CURVE_STYLE('',#47,POSITIVE_LENGTH_MEASURE(2.E-2),#8);
#196=PRESENTATION_STYLE_ASSIGNMENT((#195));
#197=STYLED_ITEM('',(#196),#194);
#198=DIRECTION('',(1.E0,0.E0,0.E0));
#199=VECTOR('',#198,4.E-1);
#200=CARTESIAN_POINT('',(-2.E0,0.E0,-1.75E-1));
#201=LINE('',#200,#199);
#202=CURVE_STYLE('',#47,POSITIVE_LENGTH_MEASURE(2.E-2),#8);
#203=PRESENTATION_STYLE_ASSIGNMENT((#202));
#204=STYLED_ITEM('',(#203),#201);
#205=DIRECTION('',(0.E0,0.E0,1.E0));
#206=VECTOR('',#205,3.5E-1);
#207=CARTESIAN_POINT('',(-2.E0,0.E0,-1.75E-1));
#208=LINE('',#207,#206);
#209=CURVE_STYLE('',#47,POSITIVE_LENGTH_MEASURE(2.E-2),#8);
#210=PRESENTATION_STYLE_ASSIGNMENT((#209));
#211=STYLED_ITEM('',(#210),#208);
#212=DIRECTION('',(1.E0,0.E0,0.E0));
#213=VECTOR('',#212,4.E-1);
#214=CARTESIAN_POINT('',(-2.E0,0.E0,1.75E-1));
#215=LINE('',#214,#213);
#216=CURVE_STYLE('',#47,POSITIVE_LENGTH_MEASURE(2.E-2),#8);
#217=PRESENTATION_STYLE_ASSIGNMENT((#216));
#218=STYLED_ITEM('',(#217),#215);
#219=DIRECTION('',(0.E0,0.E0,1.E0));
#220=VECTOR('',#219,3.E-1);
#221=CARTESIAN_POINT('',(-1.6E0,0.E0,1.75E-1));
#222=LINE('',#221,#220);
#223=CURVE_STYLE('',#47,POSITIVE_LENGTH_MEASURE(2.E-2),#8);
#224=PRESENTATION_STYLE_ASSIGNMENT((#223));
#225=STYLED_ITEM('',(#224),#222);
#226=DIRECTION('',(1.E0,0.E0,0.E0));
#227=VECTOR('',#226,4.E-1);
#228=CARTESIAN_POINT('',(-2.E0,0.E0,4.75E-1));
#229=LINE('',#228,#227);
#230=CURVE_STYLE('',#47,POSITIVE_LENGTH_MEASURE(2.E-2),#8);
#231=PRESENTATION_STYLE_ASSIGNMENT((#230));
#232=STYLED_ITEM('',(#231),#229);
#233=DIRECTION('',(0.E0,0.E0,1.E0));
#234=VECTOR('',#233,3.5E-1);
#235=CARTESIAN_POINT('',(-2.E0,0.E0,4.75E-1));
#236=LINE('',#235,#234);
#237=CURVE_STYLE('',#47,POSITIVE_LENGTH_MEASURE(2.E-2),#8);
#238=PRESENTATION_STYLE_ASSIGNMENT((#237));
#239=STYLED_ITEM('',(#238),#236);
#240=DIRECTION('',(1.E0,0.E0,0.E0));
#241=VECTOR('',#240,4.E-1);
#242=CARTESIAN_POINT('',(-2.E0,0.E0,8.25E-1));
#243=LINE('',#242,#241);
#244=CURVE_STYLE('',#47,POSITIVE_LENGTH_MEASURE(2.E-2),#8);
#245=PRESENTATION_STYLE_ASSIGNMENT((#244));
#246=STYLED_ITEM('',(#245),#243);
#247=DIRECTION('',(0.E0,0.E0,1.E0));
#248=VECTOR('',#247,3.E-1);
#249=CARTESIAN_POINT('',(-1.6E0,0.E0,8.25E-1));
#250=LINE('',#249,#248);
#251=CURVE_STYLE('',#47,POSITIVE_LENGTH_MEASURE(2.E-2),#8);
#252=PRESENTATION_STYLE_ASSIGNMENT((#251));
#253=STYLED_ITEM('',(#252),#250);
#254=DIRECTION('',(1.E0,0.E0,0.E0));
#255=VECTOR('',#254,4.E-1);
#256=CARTESIAN_POINT('',(-2.E0,0.E0,1.125E0));
#257=LINE('',#256,#255);
#258=CURVE_STYLE('',#47,POSITIVE_LENGTH_MEASURE(2.E-2),#8);
#259=PRESENTATION_STYLE_ASSIGNMENT((#258));
#260=STYLED_ITEM('',(#259),#257);
#261=DIRECTION('',(0.E0,0.E0,1.E0));
#262=VECTOR('',#261,8.75E-1);
#263=CARTESIAN_POINT('',(-2.E0,0.E0,1.125E0));
#264=LINE('',#263,#262);
#265=CURVE_STYLE('',#47,POSITIVE_LENGTH_MEASURE(2.E-2),#8);
#266=PRESENTATION_STYLE_ASSIGNMENT((#265));
#267=STYLED_ITEM('',(#266),#264);
#268=DIRECTION('',(1.E0,0.E0,0.E0));
#269=VECTOR('',#268,8.75E-1);
#270=CARTESIAN_POINT('',(-2.E0,0.E0,2.E0));
#271=LINE('',#270,#269);
#272=CURVE_STYLE('',#47,POSITIVE_LENGTH_MEASURE(2.E-2),#8);
#273=PRESENTATION_STYLE_ASSIGNMENT((#272));
#274=STYLED_ITEM('',(#273),#271);
#275=DIRECTION('',(0.E0,0.E0,-1.E0));
#276=VECTOR('',#275,4.E-1);
#277=CARTESIAN_POINT('',(-1.125E0,0.E0,2.E0));
#278=LINE('',#277,#276);
#279=CURVE_STYLE('',#47,POSITIVE_LENGTH_MEASURE(2.E-2),#8);
#280=PRESENTATION_STYLE_ASSIGNMENT((#279));
#281=STYLED_ITEM('',(#280),#278);
#282=DIRECTION('',(1.E0,0.E0,0.E0));
#283=VECTOR('',#282,3.E-1);
#284=CARTESIAN_POINT('',(-1.125E0,0.E0,1.6E0));
#285=LINE('',#284,#283);
#286=CURVE_STYLE('',#47,POSITIVE_LENGTH_MEASURE(2.E-2),#8);
#287=PRESENTATION_STYLE_ASSIGNMENT((#286));
#288=STYLED_ITEM('',(#287),#285);
#289=DIRECTION('',(0.E0,0.E0,-1.E0));
#290=VECTOR('',#289,4.E-1);
#291=CARTESIAN_POINT('',(-8.25E-1,0.E0,2.E0));
#292=LINE('',#291,#290);
#293=CURVE_STYLE('',#47,POSITIVE_LENGTH_MEASURE(2.E-2),#8);
#294=PRESENTATION_STYLE_ASSIGNMENT((#293));
#295=STYLED_ITEM('',(#294),#292);
#296=DIRECTION('',(1.E0,0.E0,0.E0));
#297=VECTOR('',#296,3.5E-1);
#298=CARTESIAN_POINT('',(-8.25E-1,0.E0,2.E0));
#299=LINE('',#298,#297);
#300=CURVE_STYLE('',#47,POSITIVE_LENGTH_MEASURE(2.E-2),#8);
#301=PRESENTATION_STYLE_ASSIGNMENT((#300));
#302=STYLED_ITEM('',(#301),#299);
#303=DIRECTION('',(0.E0,0.E0,-1.E0));
#304=VECTOR('',#303,4.E-1);
#305=CARTESIAN_POINT('',(-4.75E-1,0.E0,2.E0));
#306=LINE('',#305,#304);
#307=CURVE_STYLE('',#47,POSITIVE_LENGTH_MEASURE(2.E-2),#8);
#308=PRESENTATION_STYLE_ASSIGNMENT((#307));
#309=STYLED_ITEM('',(#308),#306);
#310=DIRECTION('',(1.E0,0.E0,0.E0));
#311=VECTOR('',#310,3.E-1);
#312=CARTESIAN_POINT('',(-4.75E-1,0.E0,1.6E0));
#313=LINE('',#312,#311);
#314=CURVE_STYLE('',#47,POSITIVE_LENGTH_MEASURE(2.E-2),#8);
#315=PRESENTATION_STYLE_ASSIGNMENT((#314));
#316=STYLED_ITEM('',(#315),#313);
#317=DIRECTION('',(0.E0,0.E0,-1.E0));
#318=VECTOR('',#317,4.E-1);
#319=CARTESIAN_POINT('',(-1.75E-1,0.E0,2.E0));
#320=LINE('',#319,#318);
#321=CURVE_STYLE('',#47,POSITIVE_LENGTH_MEASURE(2.E-2),#8);
#322=PRESENTATION_STYLE_ASSIGNMENT((#321));
#323=STYLED_ITEM('',(#322),#320);
#324=DIRECTION('',(1.E0,0.E0,0.E0));
#325=VECTOR('',#324,3.5E-1);
#326=CARTESIAN_POINT('',(-1.75E-1,0.E0,2.E0));
#327=LINE('',#326,#325);
#328=CURVE_STYLE('',#47,POSITIVE_LENGTH_MEASURE(2.E-2),#8);
#329=PRESENTATION_STYLE_ASSIGNMENT((#328));
#330=STYLED_ITEM('',(#329),#327);
#331=DIRECTION('',(0.E0,0.E0,-1.E0));
#332=VECTOR('',#331,4.E-1);
#333=CARTESIAN_POINT('',(1.75E-1,0.E0,2.E0));
#334=LINE('',#333,#332);
#335=CURVE_STYLE('',#47,POSITIVE_LENGTH_MEASURE(2.E-2),#8);
#336=PRESENTATION_STYLE_ASSIGNMENT((#335));
#337=STYLED_ITEM('',(#336),#334);
#338=DIRECTION('',(1.E0,0.E0,0.E0));
#339=VECTOR('',#338,3.E-1);
#340=CARTESIAN_POINT('',(1.75E-1,0.E0,1.6E0));
#341=LINE('',#340,#339);
#342=CURVE_STYLE('',#47,POSITIVE_LENGTH_MEASURE(2.E-2),#8);
#343=PRESENTATION_STYLE_ASSIGNMENT((#342));
#344=STYLED_ITEM('',(#343),#341);
#345=DIRECTION('',(0.E0,0.E0,-1.E0));
#346=VECTOR('',#345,4.E-1);
#347=CARTESIAN_POINT('',(4.75E-1,0.E0,2.E0));
#348=LINE('',#347,#346);
#349=CURVE_STYLE('',#47,POSITIVE_LENGTH_MEASURE(2.E-2),#8);
#350=PRESENTATION_STYLE_ASSIGNMENT((#349));
#351=STYLED_ITEM('',(#350),#348);
#352=DIRECTION('',(1.E0,0.E0,0.E0));
#353=VECTOR('',#352,3.5E-1);
#354=CARTESIAN_POINT('',(4.75E-1,0.E0,2.E0));
#355=LINE('',#354,#353);
#356=CURVE_STYLE('',#47,POSITIVE_LENGTH_MEASURE(2.E-2),#8);
#357=PRESENTATION_STYLE_ASSIGNMENT((#356));
#358=STYLED_ITEM('',(#357),#355);
#359=DIRECTION('',(0.E0,0.E0,-1.E0));
#360=VECTOR('',#359,4.E-1);
#361=CARTESIAN_POINT('',(8.25E-1,0.E0,2.E0));
#362=LINE('',#361,#360);
#363=CURVE_STYLE('',#47,POSITIVE_LENGTH_MEASURE(2.E-2),#8);
#364=PRESENTATION_STYLE_ASSIGNMENT((#363));
#365=STYLED_ITEM('',(#364),#362);
#366=DIRECTION('',(1.E0,0.E0,0.E0));
#367=VECTOR('',#366,3.E-1);
#368=CARTESIAN_POINT('',(8.25E-1,0.E0,1.6E0));
#369=LINE('',#368,#367);
#370=CURVE_STYLE('',#47,POSITIVE_LENGTH_MEASURE(2.E-2),#8);
#371=PRESENTATION_STYLE_ASSIGNMENT((#370));
#372=STYLED_ITEM('',(#371),#369);
#373=DIRECTION('',(0.E0,0.E0,-1.E0));
#374=VECTOR('',#373,4.E-1);
#375=CARTESIAN_POINT('',(1.125E0,0.E0,2.E0));
#376=LINE('',#375,#374);
#377=CURVE_STYLE('',#47,POSITIVE_LENGTH_MEASURE(2.E-2),#8);
#378=PRESENTATION_STYLE_ASSIGNMENT((#377));
#379=STYLED_ITEM('',(#378),#376);
#380=DIRECTION('',(1.E0,0.E0,0.E0));
#381=VECTOR('',#380,8.75E-1);
#382=CARTESIAN_POINT('',(1.125E0,0.E0,2.E0));
#383=LINE('',#382,#381);
#384=CURVE_STYLE('',#47,POSITIVE_LENGTH_MEASURE(2.E-2),#8);
#385=PRESENTATION_STYLE_ASSIGNMENT((#384));
#386=STYLED_ITEM('',(#385),#383);
#387=DIRECTION('',(0.E0,0.E0,-1.E0));
#388=VECTOR('',#387,8.75E-1);
#389=CARTESIAN_POINT('',(2.E0,0.E0,2.E0));
#390=LINE('',#389,#388);
#391=CURVE_STYLE('',#47,POSITIVE_LENGTH_MEASURE(2.E-2),#8);
#392=PRESENTATION_STYLE_ASSIGNMENT((#391));
#393=STYLED_ITEM('',(#392),#390);
#394=DIRECTION('',(-1.E0,0.E0,0.E0));
#395=VECTOR('',#394,4.E-1);
#396=CARTESIAN_POINT('',(2.E0,0.E0,1.125E0));
#397=LINE('',#396,#395);
#398=CURVE_STYLE('',#47,POSITIVE_LENGTH_MEASURE(2.E-2),#8);
#399=PRESENTATION_STYLE_ASSIGNMENT((#398));
#400=STYLED_ITEM('',(#399),#397);
#401=DIRECTION('',(0.E0,0.E0,1.E0));
#402=VECTOR('',#401,3.E-1);
#403=CARTESIAN_POINT('',(1.6E0,0.E0,8.25E-1));
#404=LINE('',#403,#402);
#405=CURVE_STYLE('',#47,POSITIVE_LENGTH_MEASURE(2.E-2),#8);
#406=PRESENTATION_STYLE_ASSIGNMENT((#405));
#407=STYLED_ITEM('',(#406),#404);
#408=DIRECTION('',(-1.E0,0.E0,0.E0));
#409=VECTOR('',#408,4.E-1);
#410=CARTESIAN_POINT('',(2.E0,0.E0,8.25E-1));
#411=LINE('',#410,#409);
#412=CURVE_STYLE('',#47,POSITIVE_LENGTH_MEASURE(2.E-2),#8);
#413=PRESENTATION_STYLE_ASSIGNMENT((#412));
#414=STYLED_ITEM('',(#413),#411);
#415=DIRECTION('',(0.E0,0.E0,-1.E0));
#416=VECTOR('',#415,3.5E-1);
#417=CARTESIAN_POINT('',(2.E0,0.E0,8.25E-1));
#418=LINE('',#417,#416);
#419=CURVE_STYLE('',#47,POSITIVE_LENGTH_MEASURE(2.E-2),#8);
#420=PRESENTATION_STYLE_ASSIGNMENT((#419));
#421=STYLED_ITEM('',(#420),#418);
#422=DIRECTION('',(-1.E0,0.E0,0.E0));
#423=VECTOR('',#422,4.E-1);
#424=CARTESIAN_POINT('',(2.E0,0.E0,4.75E-1));
#425=LINE('',#424,#423);
#426=CURVE_STYLE('',#47,POSITIVE_LENGTH_MEASURE(2.E-2),#8);
#427=PRESENTATION_STYLE_ASSIGNMENT((#426));
#428=STYLED_ITEM('',(#427),#425);
#429=DIRECTION('',(0.E0,0.E0,1.E0));
#430=VECTOR('',#429,3.E-1);
#431=CARTESIAN_POINT('',(1.6E0,0.E0,1.75E-1));
#432=LINE('',#431,#430);
#433=CURVE_STYLE('',#47,POSITIVE_LENGTH_MEASURE(2.E-2),#8);
#434=PRESENTATION_STYLE_ASSIGNMENT((#433));
#435=STYLED_ITEM('',(#434),#432);
#436=DIRECTION('',(-1.E0,0.E0,0.E0));
#437=VECTOR('',#436,4.E-1);
#438=CARTESIAN_POINT('',(2.E0,0.E0,1.75E-1));
#439=LINE('',#438,#437);
#440=CURVE_STYLE('',#47,POSITIVE_LENGTH_MEASURE(2.E-2),#8);
#441=PRESENTATION_STYLE_ASSIGNMENT((#440));
#442=STYLED_ITEM('',(#441),#439);
#443=DIRECTION('',(0.E0,0.E0,-1.E0));
#444=VECTOR('',#443,3.5E-1);
#445=CARTESIAN_POINT('',(2.E0,0.E0,1.75E-1));
#446=LINE('',#445,#444);
#447=CURVE_STYLE('',#47,POSITIVE_LENGTH_MEASURE(2.E-2),#8);
#448=PRESENTATION_STYLE_ASSIGNMENT((#447));
#449=STYLED_ITEM('',(#448),#446);
#450=DIRECTION('',(-1.E0,0.E0,0.E0));
#451=VECTOR('',#450,4.E-1);
#452=CARTESIAN_POINT('',(2.E0,0.E0,-1.75E-1));
#453=LINE('',#452,#451);
#454=CURVE_STYLE('',#47,POSITIVE_LENGTH_MEASURE(2.E-2),#8);
#455=PRESENTATION_STYLE_ASSIGNMENT((#454));
#456=STYLED_ITEM('',(#455),#453);
#457=DIRECTION('',(0.E0,0.E0,1.E0));
#458=VECTOR('',#457,3.E-1);
#459=CARTESIAN_POINT('',(1.6E0,0.E0,-4.75E-1));
#460=LINE('',#459,#458);
#461=CURVE_STYLE('',#47,POSITIVE_LENGTH_MEASURE(2.E-2),#8);
#462=PRESENTATION_STYLE_ASSIGNMENT((#461));
#463=STYLED_ITEM('',(#462),#460);
#464=DIRECTION('',(-1.E0,0.E0,0.E0));
#465=VECTOR('',#464,4.E-1);
#466=CARTESIAN_POINT('',(2.E0,0.E0,-4.75E-1));
#467=LINE('',#466,#465);
#468=CURVE_STYLE('',#47,POSITIVE_LENGTH_MEASURE(2.E-2),#8);
#469=PRESENTATION_STYLE_ASSIGNMENT((#468));
#470=STYLED_ITEM('',(#469),#467);
#471=DIRECTION('',(0.E0,0.E0,-1.E0));
#472=VECTOR('',#471,3.5E-1);
#473=CARTESIAN_POINT('',(2.E0,0.E0,-4.75E-1));
#474=LINE('',#473,#472);
#475=CURVE_STYLE('',#47,POSITIVE_LENGTH_MEASURE(2.E-2),#8);
#476=PRESENTATION_STYLE_ASSIGNMENT((#475));
#477=STYLED_ITEM('',(#476),#474);
#478=DIRECTION('',(-1.E0,0.E0,0.E0));
#479=VECTOR('',#478,4.E-1);
#480=CARTESIAN_POINT('',(2.E0,0.E0,-8.25E-1));
#481=LINE('',#480,#479);
#482=CURVE_STYLE('',#47,POSITIVE_LENGTH_MEASURE(2.E-2),#8);
#483=PRESENTATION_STYLE_ASSIGNMENT((#482));
#484=STYLED_ITEM('',(#483),#481);
#485=DIRECTION('',(0.E0,0.E0,1.E0));
#486=VECTOR('',#485,3.E-1);
#487=CARTESIAN_POINT('',(1.6E0,0.E0,-1.125E0));
#488=LINE('',#487,#486);
#489=CURVE_STYLE('',#47,POSITIVE_LENGTH_MEASURE(2.E-2),#8);
#490=PRESENTATION_STYLE_ASSIGNMENT((#489));
#491=STYLED_ITEM('',(#490),#488);
#492=DIRECTION('',(-1.E0,0.E0,0.E0));
#493=VECTOR('',#492,4.E-1);
#494=CARTESIAN_POINT('',(2.E0,0.E0,-1.125E0));
#495=LINE('',#494,#493);
#496=CURVE_STYLE('',#47,POSITIVE_LENGTH_MEASURE(2.E-2),#8);
#497=PRESENTATION_STYLE_ASSIGNMENT((#496));
#498=STYLED_ITEM('',(#497),#495);
#499=DIRECTION('',(0.E0,0.E0,-1.E0));
#500=VECTOR('',#499,8.75E-1);
#501=CARTESIAN_POINT('',(2.E0,0.E0,-1.125E0));
#502=LINE('',#501,#500);
#503=CURVE_STYLE('',#47,POSITIVE_LENGTH_MEASURE(2.E-2),#8);
#504=PRESENTATION_STYLE_ASSIGNMENT((#503));
#505=STYLED_ITEM('',(#504),#502);
#506=DIRECTION('',(-1.E0,0.E0,0.E0));
#507=VECTOR('',#506,8.75E-1);
#508=CARTESIAN_POINT('',(2.E0,0.E0,-2.E0));
#509=LINE('',#508,#507);
#510=CURVE_STYLE('',#47,POSITIVE_LENGTH_MEASURE(2.E-2),#8);
#511=PRESENTATION_STYLE_ASSIGNMENT((#510));
#512=STYLED_ITEM('',(#511),#509);
#513=DIRECTION('',(0.E0,0.E0,1.E0));
#514=VECTOR('',#513,4.E-1);
#515=CARTESIAN_POINT('',(1.125E0,0.E0,-2.E0));
#516=LINE('',#515,#514);
#517=CURVE_STYLE('',#47,POSITIVE_LENGTH_MEASURE(2.E-2),#8);
#518=PRESENTATION_STYLE_ASSIGNMENT((#517));
#519=STYLED_ITEM('',(#518),#516);
#520=DIRECTION('',(0.E0,0.E0,1.E0));
#521=VECTOR('',#520,2.348578643763E0);
#522=CARTESIAN_POINT('',(1.3E0,0.E0,-1.048578643763E0));
#523=LINE('',#522,#521);
#524=CURVE_STYLE('',#47,POSITIVE_LENGTH_MEASURE(2.E-2),#8);
#525=PRESENTATION_STYLE_ASSIGNMENT((#524));
#526=STYLED_ITEM('',(#525),#523);
#527=DIRECTION('',(-1.E0,0.E0,0.E0));
#528=VECTOR('',#527,2.6E0);
#529=CARTESIAN_POINT('',(1.3E0,0.E0,1.3E0));
#530=LINE('',#529,#528);
#531=CURVE_STYLE('',#47,POSITIVE_LENGTH_MEASURE(2.E-2),#8);
#532=PRESENTATION_STYLE_ASSIGNMENT((#531));
#533=STYLED_ITEM('',(#532),#530);
#534=DIRECTION('',(0.E0,0.E0,-1.E0));
#535=VECTOR('',#534,2.6E0);
#536=CARTESIAN_POINT('',(-1.3E0,0.E0,1.3E0));
#537=LINE('',#536,#535);
#538=CURVE_STYLE('',#47,POSITIVE_LENGTH_MEASURE(2.E-2),#8);
#539=PRESENTATION_STYLE_ASSIGNMENT((#538));
#540=STYLED_ITEM('',(#539),#537);
#541=DIRECTION('',(1.E0,0.E0,0.E0));
#542=VECTOR('',#541,2.348578643763E0);
#543=CARTESIAN_POINT('',(-1.3E0,0.E0,-1.3E0));
#544=LINE('',#543,#542);
#545=CURVE_STYLE('',#47,POSITIVE_LENGTH_MEASURE(2.E-2),#8);
#546=PRESENTATION_STYLE_ASSIGNMENT((#545));
#547=STYLED_ITEM('',(#546),#544);
#548=DIRECTION('',(7.071067811865E-1,0.E0,7.071067811865E-1));
#549=VECTOR('',#548,3.555634918610E-1);
#550=CARTESIAN_POINT('',(1.048578643763E0,0.E0,-1.3E0));
#551=LINE('',#550,#549);
#552=CURVE_STYLE('',#47,POSITIVE_LENGTH_MEASURE(2.E-2),#8);
#553=PRESENTATION_STYLE_ASSIGNMENT((#552));
#554=STYLED_ITEM('',(#553),#551);
#555=DIRECTION('',(1.961161351382E-1,9.805806756909E-1,0.E0));
#556=VECTOR('',#555,1.748579778282E-2);
#557=CARTESIAN_POINT('',(1.125E0,0.E0,-1.6E0));
#558=LINE('',#557,#556);
#559=CURVE_STYLE('',#47,POSITIVE_LENGTH_MEASURE(2.E-2),#8);
#560=PRESENTATION_STYLE_ASSIGNMENT((#559));
#561=STYLED_ITEM('',(#560),#558);
#562=DIRECTION('',(1.E0,0.E0,0.E0));
#563=VECTOR('',#562,3.068584941619E-1);
#564=CARTESIAN_POINT('',(8.215707529190E-1,1.714623540487E-2,-1.6E0));
#565=LINE('',#564,#563);
#566=CURVE_STYLE('',#47,POSITIVE_LENGTH_MEASURE(2.E-2),#8);
#567=PRESENTATION_STYLE_ASSIGNMENT((#566));
#568=STYLED_ITEM('',(#567),#565);
#569=DIRECTION('',(1.961161351382E-1,-9.805806756909E-1,0.E0));
#570=VECTOR('',#569,1.748579778282E-2);
#571=CARTESIAN_POINT('',(8.215707529190E-1,1.714623540487E-2,-1.6E0));
#572=LINE('',#571,#570);
#573=CURVE_STYLE('',#47,POSITIVE_LENGTH_MEASURE(2.E-2),#8);
#574=PRESENTATION_STYLE_ASSIGNMENT((#573));
#575=STYLED_ITEM('',(#574),#572);
#576=CARTESIAN_POINT('',(1.147045548850E0,1.102277442495E-1,-2.E0));
#577=CARTESIAN_POINT('',(1.146249114010E0,1.062455700519E-1,-1.993768209612E0));
#578=CARTESIAN_POINT('',(1.145680050843E0,1.034002542148E-1,-1.987038239654E0));
#579=CARTESIAN_POINT('',(1.145341608268E0,1.017080413397E-1,-1.979802971626E0));
#581=CURVE_STYLE('',#47,POSITIVE_LENGTH_MEASURE(2.E-2),#8);
#582=PRESENTATION_STYLE_ASSIGNMENT((#581));
#583=STYLED_ITEM('',(#582),#580);
#584=DIRECTION('',(-1.961161351382E-1,-9.805806756909E-1,0.E0));
#585=VECTOR('',#584,8.623645971331E-2);
#586=CARTESIAN_POINT('',(1.145341608268E0,1.017080413397E-1,-1.979802971626E0));
#587=LINE('',#586,#585);
#588=CURVE_STYLE('',#47,POSITIVE_LENGTH_MEASURE(2.E-2),#8);
#589=PRESENTATION_STYLE_ASSIGNMENT((#588));
#590=STYLED_ITEM('',(#589),#587);
#591=DIRECTION('',(0.E0,0.E0,-1.E0));
#592=VECTOR('',#591,3.798029716256E-1);
#593=CARTESIAN_POINT('',(1.128429247081E0,1.714623540487E-2,-1.6E0));
#594=LINE('',#593,#592);
#595=CURVE_STYLE('',#47,POSITIVE_LENGTH_MEASURE(2.E-2),#8);
#596=PRESENTATION_STYLE_ASSIGNMENT((#595));
#597=STYLED_ITEM('',(#596),#594);
#598=DIRECTION('',(-1.E0,0.E0,0.E0));
#599=VECTOR('',#598,1.5E-1);
#600=CARTESIAN_POINT('',(1.55E0,2.E-1,-2.E0));
#601=LINE('',#600,#599);
#602=CURVE_STYLE('',#47,POSITIVE_LENGTH_MEASURE(2.E-2),#8);
#603=PRESENTATION_STYLE_ASSIGNMENT((#602));
#604=STYLED_ITEM('',(#603),#601);
#605=DIRECTION('',(0.E0,-1.E0,0.E0));
#606=VECTOR('',#605,1.E-1);
#607=CARTESIAN_POINT('',(1.55E0,2.E-1,-2.E0));
#608=LINE('',#607,#606);
#609=CURVE_STYLE('',#47,POSITIVE_LENGTH_MEASURE(2.E-2),#8);
#610=PRESENTATION_STYLE_ASSIGNMENT((#609));
#611=STYLED_ITEM('',(#610),#608);
#612=DIRECTION('',(-1.E0,0.E0,0.E0));
#613=VECTOR('',#612,1.5E-1);
#614=CARTESIAN_POINT('',(1.55E0,1.E-1,-2.E0));
#615=LINE('',#614,#613);
#616=CURVE_STYLE('',#47,POSITIVE_LENGTH_MEASURE(2.E-2),#8);
#617=PRESENTATION_STYLE_ASSIGNMENT((#616));
#618=STYLED_ITEM('',(#617),#615);
#619=DIRECTION('',(0.E0,-1.E0,0.E0));
#620=VECTOR('',#619,1.E-1);
#621=CARTESIAN_POINT('',(1.4E0,2.E-1,-2.E0));
#622=LINE('',#621,#620);
#623=CURVE_STYLE('',#47,POSITIVE_LENGTH_MEASURE(2.E-2),#8);
#624=PRESENTATION_STYLE_ASSIGNMENT((#623));
#625=STYLED_ITEM('',(#624),#622);
#626=DIRECTION('',(-1.E0,0.E0,0.E0));
#627=VECTOR('',#626,1.5E-1);
#628=CARTESIAN_POINT('',(-1.4E0,2.E-1,-2.E0));
#629=LINE('',#628,#627);
#630=CURVE_STYLE('',#47,POSITIVE_LENGTH_MEASURE(2.E-2),#8);
#631=PRESENTATION_STYLE_ASSIGNMENT((#630));
#632=STYLED_ITEM('',(#631),#629);
#633=DIRECTION('',(0.E0,-1.E0,0.E0));
#634=VECTOR('',#633,1.E-1);
#635=CARTESIAN_POINT('',(-1.4E0,2.E-1,-2.E0));
#636=LINE('',#635,#634);
#637=CURVE_STYLE('',#47,POSITIVE_LENGTH_MEASURE(2.E-2),#8);
#638=PRESENTATION_STYLE_ASSIGNMENT((#637));
#639=STYLED_ITEM('',(#638),#636);
#640=DIRECTION('',(1.E0,0.E0,0.E0));
#641=VECTOR('',#640,1.5E-1);
#642=CARTESIAN_POINT('',(-1.55E0,1.E-1,-2.E0));
#643=LINE('',#642,#641);
#644=CURVE_STYLE('',#47,POSITIVE_LENGTH_MEASURE(2.E-2),#8);
#645=PRESENTATION_STYLE_ASSIGNMENT((#644));
#646=STYLED_ITEM('',(#645),#643);
#647=DIRECTION('',(0.E0,-1.E0,0.E0));
#648=VECTOR('',#647,1.E-1);
#649=CARTESIAN_POINT('',(-1.55E0,2.E-1,-2.E0));
#650=LINE('',#649,#648);
#651=CURVE_STYLE('',#47,POSITIVE_LENGTH_MEASURE(2.E-2),#8);
#652=PRESENTATION_STYLE_ASSIGNMENT((#651));
#653=STYLED_ITEM('',(#652),#650);
#654=DIRECTION('',(1.961161351382E-1,-9.805806756909E-1,0.E0));
#655=VECTOR('',#654,1.124106837735E-1);
#656=CARTESIAN_POINT('',(8.029544511501E-1,1.102277442495E-1,-2.E0));
#657=LINE('',#656,#655);
#658=CURVE_STYLE('',#47,POSITIVE_LENGTH_MEASURE(2.E-2),#8);
#659=PRESENTATION_STYLE_ASSIGNMENT((#658));
#660=STYLED_ITEM('',(#659),#657);
#661=DIRECTION('',(-1.E0,0.E0,0.E0));
#662=VECTOR('',#661,3.440910976998E-1);
#663=CARTESIAN_POINT('',(1.147045548850E0,1.102277442495E-1,-2.E0));
#664=LINE('',#663,#662);
#665=CURVE_STYLE('',#47,POSITIVE_LENGTH_MEASURE(2.E-2),#8);
#666=PRESENTATION_STYLE_ASSIGNMENT((#665));
#667=STYLED_ITEM('',(#666),#664);
#668=DIRECTION('',(1.961161351382E-1,9.805806756909E-1,0.E0));
#669=VECTOR('',#668,1.124106837735E-1);
#670=CARTESIAN_POINT('',(1.125E0,0.E0,-2.E0));
#671=LINE('',#670,#669);
#672=CURVE_STYLE('',#47,POSITIVE_LENGTH_MEASURE(2.E-2),#8);
#673=PRESENTATION_STYLE_ASSIGNMENT((#672));
#674=STYLED_ITEM('',(#673),#671);
#675=DIRECTION('',(0.E0,1.E0,0.E0));
#676=VECTOR('',#675,8.E-1);
#677=CARTESIAN_POINT('',(2.E0,0.E0,-2.E0));
#678=LINE('',#677,#676);
#679=CURVE_STYLE('',#47,POSITIVE_LENGTH_MEASURE(2.E-2),#8);
#680=PRESENTATION_STYLE_ASSIGNMENT((#679));
#681=STYLED_ITEM('',(#680),#678);
#682=DIRECTION('',(1.961161351382E-1,-9.805806756909E-1,0.E0));
#683=VECTOR('',#682,1.124106837735E-1);
#684=CARTESIAN_POINT('',(-1.147045548850E0,1.102277442495E-1,-2.E0));
#685=LINE('',#684,#683);
#686=CURVE_STYLE('',#47,POSITIVE_LENGTH_MEASURE(2.E-2),#8);
#687=PRESENTATION_STYLE_ASSIGNMENT((#686));
#688=STYLED_ITEM('',(#687),#685);
#689=DIRECTION('',(-1.E0,0.E0,0.E0));
#690=VECTOR('',#689,3.440910976998E-1);
#691=CARTESIAN_POINT('',(-8.029544511501E-1,1.102277442495E-1,-2.E0));
#692=LINE('',#691,#690);
#693=CURVE_STYLE('',#47,POSITIVE_LENGTH_MEASURE(2.E-2),#8);
#694=PRESENTATION_STYLE_ASSIGNMENT((#693));
#695=STYLED_ITEM('',(#694),#692);
#696=DIRECTION('',(1.961161351382E-1,9.805806756909E-1,0.E0));
#697=VECTOR('',#696,1.124106837735E-1);
#698=CARTESIAN_POINT('',(-8.25E-1,0.E0,-2.E0));
#699=LINE('',#698,#697);
#700=CURVE_STYLE('',#47,POSITIVE_LENGTH_MEASURE(2.E-2),#8);
#701=PRESENTATION_STYLE_ASSIGNMENT((#700));
#702=STYLED_ITEM('',(#701),#699);
#703=DIRECTION('',(1.961161351382E-1,-9.805806756909E-1,0.E0));
#704=VECTOR('',#703,1.124106837735E-1);
#705=CARTESIAN_POINT('',(-4.970455488499E-1,1.102277442495E-1,-2.E0));
#706=LINE('',#705,#704);
#707=CURVE_STYLE('',#47,POSITIVE_LENGTH_MEASURE(2.E-2),#8);
#708=PRESENTATION_STYLE_ASSIGNMENT((#707));
#709=STYLED_ITEM('',(#708),#706);
#710=DIRECTION('',(-1.E0,0.E0,0.E0));
#711=VECTOR('',#710,3.440910976998E-1);
#712=CARTESIAN_POINT('',(-1.529544511501E-1,1.102277442495E-1,-2.E0));
#713=LINE('',#712,#711);
#714=CURVE_STYLE('',#47,POSITIVE_LENGTH_MEASURE(2.E-2),#8);
#715=PRESENTATION_STYLE_ASSIGNMENT((#714));
#716=STYLED_ITEM('',(#715),#713);
#717=DIRECTION('',(1.961161351382E-1,9.805806756909E-1,0.E0));
#718=VECTOR('',#717,1.124106837735E-1);
#719=CARTESIAN_POINT('',(-1.75E-1,0.E0,-2.E0));
#720=LINE('',#719,#718);
#721=CURVE_STYLE('',#47,POSITIVE_LENGTH_MEASURE(2.E-2),#8);
#722=PRESENTATION_STYLE_ASSIGNMENT((#721));
#723=STYLED_ITEM('',(#722),#720);
#724=DIRECTION('',(1.961161351382E-1,-9.805806756909E-1,0.E0));
#725=VECTOR('',#724,1.124106837735E-1);
#726=CARTESIAN_POINT('',(1.529544511501E-1,1.102277442495E-1,-2.E0));
#727=LINE('',#726,#725);
#728=CURVE_STYLE('',#47,POSITIVE_LENGTH_MEASURE(2.E-2),#8);
#729=PRESENTATION_STYLE_ASSIGNMENT((#728));
#730=STYLED_ITEM('',(#729),#727);
#731=DIRECTION('',(-1.E0,0.E0,0.E0));
#732=VECTOR('',#731,3.440910976998E-1);
#733=CARTESIAN_POINT('',(4.970455488499E-1,1.102277442495E-1,-2.E0));
#734=LINE('',#733,#732);
#735=CURVE_STYLE('',#47,POSITIVE_LENGTH_MEASURE(2.E-2),#8);
#736=PRESENTATION_STYLE_ASSIGNMENT((#735));
#737=STYLED_ITEM('',(#736),#734);
#738=DIRECTION('',(1.961161351382E-1,9.805806756909E-1,0.E0));
#739=VECTOR('',#738,1.124106837735E-1);
#740=CARTESIAN_POINT('',(4.75E-1,0.E0,-2.E0));
#741=LINE('',#740,#739);
#742=CURVE_STYLE('',#47,POSITIVE_LENGTH_MEASURE(2.E-2),#8);
#743=PRESENTATION_STYLE_ASSIGNMENT((#742));
#744=STYLED_ITEM('',(#743),#741);
#745=DIRECTION('',(-1.E0,0.E0,0.E0));
#746=VECTOR('',#745,1.E-2);
#747=CARTESIAN_POINT('',(-1.99E0,2.E-1,-1.4E0));
#748=LINE('',#747,#746);
#749=CURVE_STYLE('',#47,POSITIVE_LENGTH_MEASURE(2.E-2),#8);
#750=PRESENTATION_STYLE_ASSIGNMENT((#749));
#751=STYLED_ITEM('',(#750),#748);
#752=DIRECTION('',(0.E0,0.E0,-1.E0));
#753=VECTOR('',#752,1.5E-1);
#754=CARTESIAN_POINT('',(-1.99E0,2.E-1,-1.4E0));
#755=LINE('',#754,#753);
#756=CURVE_STYLE('',#47,POSITIVE_LENGTH_MEASURE(2.E-2),#8);
#757=PRESENTATION_STYLE_ASSIGNMENT((#756));
#758=STYLED_ITEM('',(#757),#755);
#759=DIRECTION('',(0.E0,0.E0,-1.E0));
#760=VECTOR('',#759,1.5E-1);
#761=CARTESIAN_POINT('',(-1.99E0,2.E-1,1.55E0));
#762=LINE('',#761,#760);
#763=CURVE_STYLE('',#47,POSITIVE_LENGTH_MEASURE(2.E-2),#8);
#764=PRESENTATION_STYLE_ASSIGNMENT((#763));
#765=STYLED_ITEM('',(#764),#762);
#766=DIRECTION('',(-1.E0,0.E0,0.E0));
#767=VECTOR('',#766,1.E-2);
#768=CARTESIAN_POINT('',(-1.99E0,2.E-1,1.4E0));
#769=LINE('',#768,#767);
#770=CURVE_STYLE('',#47,POSITIVE_LENGTH_MEASURE(2.E-2),#8);
#771=PRESENTATION_STYLE_ASSIGNMENT((#770));
#772=STYLED_ITEM('',(#771),#769);
#773=DIRECTION('',(0.E0,0.E0,-1.E0));
#774=VECTOR('',#773,1.847388098066E-2);
#775=CARTESIAN_POINT('',(-1.4E0,2.E-1,2.E0));
#776=LINE('',#775,#774);
#777=CURVE_STYLE('',#47,POSITIVE_LENGTH_MEASURE(2.E-2),#8);
#778=PRESENTATION_STYLE_ASSIGNMENT((#777));
#779=STYLED_ITEM('',(#778),#776);
#780=DIRECTION('',(1.E0,0.E0,0.E0));
#781=VECTOR('',#780,1.5E-1);
#782=CARTESIAN_POINT('',(-1.55E0,2.E-1,1.981526119019E0));
#783=LINE('',#782,#781);
#784=CURVE_STYLE('',#47,POSITIVE_LENGTH_MEASURE(2.E-2),#8);
#785=PRESENTATION_STYLE_ASSIGNMENT((#784));
#786=STYLED_ITEM('',(#785),#783);
#787=DIRECTION('',(1.E0,0.E0,0.E0));
#788=VECTOR('',#787,1.5E-1);
#789=CARTESIAN_POINT('',(1.4E0,2.E-1,1.981526119019E0));
#790=LINE('',#789,#788);
#791=CURVE_STYLE('',#47,POSITIVE_LENGTH_MEASURE(2.E-2),#8);
#792=PRESENTATION_STYLE_ASSIGNMENT((#791));
#793=STYLED_ITEM('',(#792),#790);
#794=DIRECTION('',(-1.201938050578E-14,0.E0,-1.E0));
#795=VECTOR('',#794,1.847388098066E-2);
#796=CARTESIAN_POINT('',(1.4E0,2.E-1,2.E0));
#797=LINE('',#796,#795);
#798=CURVE_STYLE('',#47,POSITIVE_LENGTH_MEASURE(2.E-2),#8);
#799=PRESENTATION_STYLE_ASSIGNMENT((#798));
#800=STYLED_ITEM('',(#799),#797);
#801=DIRECTION('',(1.E0,0.E0,0.E0));
#802=VECTOR('',#801,1.E-2);
#803=CARTESIAN_POINT('',(1.99E0,2.E-1,1.4E0));
#804=LINE('',#803,#802);
#805=CURVE_STYLE('',#47,POSITIVE_LENGTH_MEASURE(2.E-2),#8);
#806=PRESENTATION_STYLE_ASSIGNMENT((#805));
#807=STYLED_ITEM('',(#806),#804);
#808=DIRECTION('',(0.E0,0.E0,-1.E0));
#809=VECTOR('',#808,1.5E-1);
#810=CARTESIAN_POINT('',(1.99E0,2.E-1,1.55E0));
#811=LINE('',#810,#809);
#812=CURVE_STYLE('',#47,POSITIVE_LENGTH_MEASURE(2.E-2),#8);
#813=PRESENTATION_STYLE_ASSIGNMENT((#812));
#814=STYLED_ITEM('',(#813),#811);
#815=DIRECTION('',(0.E0,0.E0,-1.E0));
#816=VECTOR('',#815,1.5E-1);
#817=CARTESIAN_POINT('',(1.99E0,2.E-1,-1.4E0));
#818=LINE('',#817,#816);
#819=CURVE_STYLE('',#47,POSITIVE_LENGTH_MEASURE(2.E-2),#8);
#820=PRESENTATION_STYLE_ASSIGNMENT((#819));
#821=STYLED_ITEM('',(#820),#818);
#822=DIRECTION('',(1.E0,0.E0,0.E0));
#823=VECTOR('',#822,1.E-2);
#824=CARTESIAN_POINT('',(1.99E0,2.E-1,-1.4E0));
#825=LINE('',#824,#823);
#826=CURVE_STYLE('',#47,POSITIVE_LENGTH_MEASURE(2.E-2),#8);
#827=PRESENTATION_STYLE_ASSIGNMENT((#826));
#828=STYLED_ITEM('',(#827),#825);
#829=DIRECTION('',(-1.099392449269E-14,0.E0,1.E0));
#830=VECTOR('',#829,2.019702837441E-2);
#831=CARTESIAN_POINT('',(1.4E0,2.E-1,-2.E0));
#832=LINE('',#831,#830);
#833=CURVE_STYLE('',#47,POSITIVE_LENGTH_MEASURE(2.E-2),#8);
#834=PRESENTATION_STYLE_ASSIGNMENT((#833));
#835=STYLED_ITEM('',(#834),#832);
#836=DIRECTION('',(1.E0,0.E0,0.E0));
#837=VECTOR('',#836,1.5E-1);
#838=CARTESIAN_POINT('',(1.4E0,2.E-1,-1.979802971626E0));
#839=LINE('',#838,#837);
#840=CURVE_STYLE('',#47,POSITIVE_LENGTH_MEASURE(2.E-2),#8);
#841=PRESENTATION_STYLE_ASSIGNMENT((#840));
#842=STYLED_ITEM('',(#841),#839);
#843=DIRECTION('',(1.E0,0.E0,0.E0));
#844=VECTOR('',#843,1.5E-1);
#845=CARTESIAN_POINT('',(-1.55E0,2.E-1,-1.979802971626E0));
#846=LINE('',#845,#844);
#847=CURVE_STYLE('',#47,POSITIVE_LENGTH_MEASURE(2.E-2),#8);
#848=PRESENTATION_STYLE_ASSIGNMENT((#847));
#849=STYLED_ITEM('',(#848),#846);
#850=DIRECTION('',(0.E0,0.E0,1.E0));
#851=VECTOR('',#850,2.019702837441E-2);
#852=CARTESIAN_POINT('',(-1.4E0,2.E-1,-2.E0));
#853=LINE('',#852,#851);
#854=CURVE_STYLE('',#47,POSITIVE_LENGTH_MEASURE(2.E-2),#8);
#855=PRESENTATION_STYLE_ASSIGNMENT((#854));
#856=STYLED_ITEM('',(#855),#853);
#857=DIRECTION('',(0.E0,0.E0,1.E0));
#858=VECTOR('',#857,1.5E-1);
#859=CARTESIAN_POINT('',(-2.E0,2.E-1,-1.55E0));
#860=LINE('',#859,#858);
#861=CURVE_STYLE('',#47,POSITIVE_LENGTH_MEASURE(2.E-2),#8);
#862=PRESENTATION_STYLE_ASSIGNMENT((#861));
#863=STYLED_ITEM('',(#862),#860);
#864=DIRECTION('',(0.E0,-1.E0,0.E0));
#865=VECTOR('',#864,1.E-1);
#866=CARTESIAN_POINT('',(-2.E0,2.E-1,-1.55E0));
#867=LINE('',#866,#865);
#868=CURVE_STYLE('',#47,POSITIVE_LENGTH_MEASURE(2.E-2),#8);
#869=PRESENTATION_STYLE_ASSIGNMENT((#868));
#870=STYLED_ITEM('',(#869),#867);
#871=DIRECTION('',(0.E0,0.E0,1.E0));
#872=VECTOR('',#871,1.5E-1);
#873=CARTESIAN_POINT('',(-2.E0,1.E-1,-1.55E0));
#874=LINE('',#873,#872);
#875=CURVE_STYLE('',#47,POSITIVE_LENGTH_MEASURE(2.E-2),#8);
#876=PRESENTATION_STYLE_ASSIGNMENT((#875));
#877=STYLED_ITEM('',(#876),#874);
#878=DIRECTION('',(0.E0,-1.E0,0.E0));
#879=VECTOR('',#878,1.E-1);
#880=CARTESIAN_POINT('',(-2.E0,2.E-1,-1.4E0));
#881=LINE('',#880,#879);
#882=CURVE_STYLE('',#47,POSITIVE_LENGTH_MEASURE(2.E-2),#8);
#883=PRESENTATION_STYLE_ASSIGNMENT((#882));
#884=STYLED_ITEM('',(#883),#881);
#885=DIRECTION('',(0.E0,0.E0,1.E0));
#886=VECTOR('',#885,1.5E-1);
#887=CARTESIAN_POINT('',(-2.E0,2.E-1,1.4E0));
#888=LINE('',#887,#886);
#889=CURVE_STYLE('',#47,POSITIVE_LENGTH_MEASURE(2.E-2),#8);
#890=PRESENTATION_STYLE_ASSIGNMENT((#889));
#891=STYLED_ITEM('',(#890),#888);
#892=DIRECTION('',(0.E0,-1.E0,0.E0));
#893=VECTOR('',#892,1.E-1);
#894=CARTESIAN_POINT('',(-2.E0,2.E-1,1.4E0));
#895=LINE('',#894,#893);
#896=CURVE_STYLE('',#47,POSITIVE_LENGTH_MEASURE(2.E-2),#8);
#897=PRESENTATION_STYLE_ASSIGNMENT((#896));
#898=STYLED_ITEM('',(#897),#895);
#899=DIRECTION('',(0.E0,0.E0,-1.E0));
#900=VECTOR('',#899,1.5E-1);
#901=CARTESIAN_POINT('',(-2.E0,1.E-1,1.55E0));
#902=LINE('',#901,#900);
#903=CURVE_STYLE('',#47,POSITIVE_LENGTH_MEASURE(2.E-2),#8);
#904=PRESENTATION_STYLE_ASSIGNMENT((#903));
#905=STYLED_ITEM('',(#904),#902);
#906=DIRECTION('',(0.E0,-1.E0,0.E0));
#907=VECTOR('',#906,1.E-1);
#908=CARTESIAN_POINT('',(-2.E0,2.E-1,1.55E0));
#909=LINE('',#908,#907);
#910=CURVE_STYLE('',#47,POSITIVE_LENGTH_MEASURE(2.E-2),#8);
#911=PRESENTATION_STYLE_ASSIGNMENT((#910));
#912=STYLED_ITEM('',(#911),#909);
#913=DIRECTION('',(0.E0,-9.805806756909E-1,1.961161351382E-1));
#914=VECTOR('',#913,1.124106837735E-1);
#915=CARTESIAN_POINT('',(-2.E0,1.102277442495E-1,-1.147045548850E0));
#916=LINE('',#915,#914);
#917=CURVE_STYLE('',#47,POSITIVE_LENGTH_MEASURE(2.E-2),#8);
#918=PRESENTATION_STYLE_ASSIGNMENT((#917));
#919=STYLED_ITEM('',(#918),#916);
#920=DIRECTION('',(0.E0,1.E0,0.E0));
#921=VECTOR('',#920,8.E-1);
#922=CARTESIAN_POINT('',(-2.E0,0.E0,-2.E0));
#923=LINE('',#922,#921);
#924=CURVE_STYLE('',#47,POSITIVE_LENGTH_MEASURE(2.E-2),#8);
#925=PRESENTATION_STYLE_ASSIGNMENT((#924));
#926=STYLED_ITEM('',(#925),#923);
#927=DIRECTION('',(0.E0,9.805806756909E-1,1.961161351382E-1));
#928=VECTOR('',#927,1.124106837735E-1);
#929=CARTESIAN_POINT('',(-2.E0,0.E0,1.125E0));
#930=LINE('',#929,#928);
#931=CURVE_STYLE('',#47,POSITIVE_LENGTH_MEASURE(2.E-2),#8);
#932=PRESENTATION_STYLE_ASSIGNMENT((#931));
#933=STYLED_ITEM('',(#932),#930);
#934=DIRECTION('',(0.E0,0.E0,1.E0));
#935=VECTOR('',#934,3.440910976998E-1);
#936=CARTESIAN_POINT('',(-2.E0,1.102277442495E-1,8.029544511501E-1));
#937=LINE('',#936,#935);
#938=CURVE_STYLE('',#47,POSITIVE_LENGTH_MEASURE(2.E-2),#8);
#939=PRESENTATION_STYLE_ASSIGNMENT((#938));
#940=STYLED_ITEM('',(#939),#937);
#941=DIRECTION('',(0.E0,-9.805806756909E-1,1.961161351382E-1));
#942=VECTOR('',#941,1.124106837735E-1);
#943=CARTESIAN_POINT('',(-2.E0,1.102277442495E-1,8.029544511501E-1));
#944=LINE('',#943,#942);
#945=CURVE_STYLE('',#47,POSITIVE_LENGTH_MEASURE(2.E-2),#8);
#946=PRESENTATION_STYLE_ASSIGNMENT((#945));
#947=STYLED_ITEM('',(#946),#944);
#948=DIRECTION('',(0.E0,9.805806756909E-1,1.961161351382E-1));
#949=VECTOR('',#948,1.124106837735E-1);
#950=CARTESIAN_POINT('',(-2.E0,0.E0,4.75E-1));
#951=LINE('',#950,#949);
#952=CURVE_STYLE('',#47,POSITIVE_LENGTH_MEASURE(2.E-2),#8);
#953=PRESENTATION_STYLE_ASSIGNMENT((#952));
#954=STYLED_ITEM('',(#953),#951);
#955=DIRECTION('',(0.E0,0.E0,1.E0));
#956=VECTOR('',#955,3.440910976998E-1);
#957=CARTESIAN_POINT('',(-2.E0,1.102277442495E-1,1.529544511501E-1));
#958=LINE('',#957,#956);
#959=CURVE_STYLE('',#47,POSITIVE_LENGTH_MEASURE(2.E-2),#8);
#960=PRESENTATION_STYLE_ASSIGNMENT((#959));
#961=STYLED_ITEM('',(#960),#958);
#962=DIRECTION('',(0.E0,-9.805806756909E-1,1.961161351382E-1));
#963=VECTOR('',#962,1.124106837735E-1);
#964=CARTESIAN_POINT('',(-2.E0,1.102277442495E-1,1.529544511501E-1));
#965=LINE('',#964,#963);
#966=CURVE_STYLE('',#47,POSITIVE_LENGTH_MEASURE(2.E-2),#8);
#967=PRESENTATION_STYLE_ASSIGNMENT((#966));
#968=STYLED_ITEM('',(#967),#965);
#969=DIRECTION('',(0.E0,9.805806756909E-1,1.961161351382E-1));
#970=VECTOR('',#969,1.124106837735E-1);
#971=CARTESIAN_POINT('',(-2.E0,0.E0,-1.75E-1));
#972=LINE('',#971,#970);
#973=CURVE_STYLE('',#47,POSITIVE_LENGTH_MEASURE(2.E-2),#8);
#974=PRESENTATION_STYLE_ASSIGNMENT((#973));
#975=STYLED_ITEM('',(#974),#972);
#976=DIRECTION('',(0.E0,0.E0,1.E0));
#977=VECTOR('',#976,3.440910976998E-1);
#978=CARTESIAN_POINT('',(-2.E0,1.102277442495E-1,-4.970455488499E-1));
#979=LINE('',#978,#977);
#980=CURVE_STYLE('',#47,POSITIVE_LENGTH_MEASURE(2.E-2),#8);
#981=PRESENTATION_STYLE_ASSIGNMENT((#980));
#982=STYLED_ITEM('',(#981),#979);
#983=DIRECTION('',(0.E0,-9.805806756909E-1,1.961161351382E-1));
#984=VECTOR('',#983,1.124106837735E-1);
#985=CARTESIAN_POINT('',(-2.E0,1.102277442495E-1,-4.970455488499E-1));
#986=LINE('',#985,#984);
#987=CURVE_STYLE('',#47,POSITIVE_LENGTH_MEASURE(2.E-2),#8);
#988=PRESENTATION_STYLE_ASSIGNMENT((#987));
#989=STYLED_ITEM('',(#988),#986);
#990=DIRECTION('',(0.E0,9.805806756909E-1,1.961161351382E-1));
#991=VECTOR('',#990,1.124106837735E-1);
#992=CARTESIAN_POINT('',(-2.E0,0.E0,-8.25E-1));
#993=LINE('',#992,#991);
#994=CURVE_STYLE('',#47,POSITIVE_LENGTH_MEASURE(2.E-2),#8);
#995=PRESENTATION_STYLE_ASSIGNMENT((#994));
#996=STYLED_ITEM('',(#995),#993);
#997=DIRECTION('',(0.E0,0.E0,1.E0));
#998=VECTOR('',#997,3.440910976998E-1);
#999=CARTESIAN_POINT('',(-2.E0,1.102277442495E-1,-1.147045548850E0));
#1000=LINE('',#999,#998);
#1001=CURVE_STYLE('',#47,POSITIVE_LENGTH_MEASURE(2.E-2),#8);
#1002=PRESENTATION_STYLE_ASSIGNMENT((#1001));
#1003=STYLED_ITEM('',(#1002),#1000);
#1004=DIRECTION('',(-1.E0,0.E0,0.E0));
#1005=VECTOR('',#1004,1.E-2);
#1006=CARTESIAN_POINT('',(-1.99E0,2.E-1,-1.55E0));
#1007=LINE('',#1006,#1005);
#1008=CURVE_STYLE('',#47,POSITIVE_LENGTH_MEASURE(2.E-2),#8);
#1009=PRESENTATION_STYLE_ASSIGNMENT((#1008));
#1010=STYLED_ITEM('',(#1009),#1007);
#1011=DIRECTION('',(0.E0,-1.E0,0.E0));
#1012=VECTOR('',#1011,1.E-1);
#1013=CARTESIAN_POINT('',(-1.99E0,2.E-1,-1.55E0));
#1014=LINE('',#1013,#1012);
#1015=CURVE_STYLE('',#47,POSITIVE_LENGTH_MEASURE(2.E-2),#8);
#1016=PRESENTATION_STYLE_ASSIGNMENT((#1015));
#1017=STYLED_ITEM('',(#1016),#1014);
#1018=DIRECTION('',(0.E0,0.E0,-1.E0));
#1019=VECTOR('',#1018,3.068584941619E-1);
#1020=CARTESIAN_POINT('',(-1.99E0,1.714623540487E-2,-8.215707529190E-1));
#1021=LINE('',#1020,#1019);
#1022=CURVE_STYLE('',#47,POSITIVE_LENGTH_MEASURE(2.E-2),#8);
#1023=PRESENTATION_STYLE_ASSIGNMENT((#1022));
#1024=STYLED_ITEM('',(#1023),#1021);
#1025=DIRECTION('',(0.E0,0.E0,-1.E0));
#1026=VECTOR('',#1025,3.068584941619E-1);
#1027=CARTESIAN_POINT('',(-1.99E0,1.714623540487E-2,-1.715707529190E-1));
#1028=LINE('',#1027,#1026);
#1029=CURVE_STYLE('',#47,POSITIVE_LENGTH_MEASURE(2.E-2),#8);
#1030=PRESENTATION_STYLE_ASSIGNMENT((#1029));
#1031=STYLED_ITEM('',(#1030),#1028);
#1032=DIRECTION('',(0.E0,0.E0,-1.E0));
#1033=VECTOR('',#1032,3.068584941619E-1);
#1034=CARTESIAN_POINT('',(-1.99E0,1.714623540487E-2,4.784292470810E-1));
#1035=LINE('',#1034,#1033);
#1036=CURVE_STYLE('',#47,POSITIVE_LENGTH_MEASURE(2.E-2),#8);
#1037=PRESENTATION_STYLE_ASSIGNMENT((#1036));
#1038=STYLED_ITEM('',(#1037),#1035);
#1039=DIRECTION('',(0.E0,0.E0,-1.E0));
#1040=VECTOR('',#1039,3.068584941619E-1);
#1041=CARTESIAN_POINT('',(-1.99E0,1.714623540487E-2,1.128429247081E0));
#1042=LINE('',#1041,#1040);
#1043=CURVE_STYLE('',#47,POSITIVE_LENGTH_MEASURE(2.E-2),#8);
#1044=PRESENTATION_STYLE_ASSIGNMENT((#1043));
#1045=STYLED_ITEM('',(#1044),#1042);
#1046=DIRECTION('',(0.E0,-1.E0,0.E0));
#1047=VECTOR('',#1046,1.E-1);
#1048=CARTESIAN_POINT('',(-1.99E0,2.E-1,1.55E0));
#1049=LINE('',#1048,#1047);
#1050=CURVE_STYLE('',#47,POSITIVE_LENGTH_MEASURE(2.E-2),#8);
#1051=PRESENTATION_STYLE_ASSIGNMENT((#1050));
#1052=STYLED_ITEM('',(#1051),#1049);
#1053=DIRECTION('',(1.E0,0.E0,0.E0));
#1054=VECTOR('',#1053,1.E-2);
#1055=CARTESIAN_POINT('',(-2.E0,2.E-1,1.55E0));
#1056=LINE('',#1055,#1054);
#1057=CURVE_STYLE('',#47,POSITIVE_LENGTH_MEASURE(2.E-2),#8);
#1058=PRESENTATION_STYLE_ASSIGNMENT((#1057));
#1059=STYLED_ITEM('',(#1058),#1056);
#1060=DIRECTION('',(-1.E0,0.E0,0.E0));
#1061=VECTOR('',#1060,1.E-2);
#1062=CARTESIAN_POINT('',(-1.99E0,1.E-1,1.4E0));
#1063=LINE('',#1062,#1061);
#1064=CURVE_STYLE('',#47,POSITIVE_LENGTH_MEASURE(2.E-2),#8);
#1065=PRESENTATION_STYLE_ASSIGNMENT((#1064));
#1066=STYLED_ITEM('',(#1065),#1063);
#1067=DIRECTION('',(0.E0,0.E0,1.E0));
#1068=VECTOR('',#1067,1.5E-1);
#1069=CARTESIAN_POINT('',(-1.99E0,1.E-1,1.4E0));
#1070=LINE('',#1069,#1068);
#1071=CURVE_STYLE('',#47,POSITIVE_LENGTH_MEASURE(2.E-2),#8);
#1072=PRESENTATION_STYLE_ASSIGNMENT((#1071));
#1073=STYLED_ITEM('',(#1072),#1070);
#1074=DIRECTION('',(1.E0,0.E0,0.E0));
#1075=VECTOR('',#1074,1.E-2);
#1076=CARTESIAN_POINT('',(-2.E0,1.E-1,1.55E0));
#1077=LINE('',#1076,#1075);
#1078=CURVE_STYLE('',#47,POSITIVE_LENGTH_MEASURE(2.E-2),#8);
#1079=PRESENTATION_STYLE_ASSIGNMENT((#1078));
#1080=STYLED_ITEM('',(#1079),#1077);
#1081=DIRECTION('',(0.E0,0.E0,1.E0));
#1082=VECTOR('',#1081,1.847388098066E-2);
#1083=CARTESIAN_POINT('',(-1.55E0,1.E-1,1.981526119019E0));
#1084=LINE('',#1083,#1082);
#1085=CURVE_STYLE('',#47,POSITIVE_LENGTH_MEASURE(2.E-2),#8);
#1086=PRESENTATION_STYLE_ASSIGNMENT((#1085));
#1087=STYLED_ITEM('',(#1086),#1084);
#1088=DIRECTION('',(-1.E0,0.E0,0.E0));
#1089=VECTOR('',#1088,1.5E-1);
#1090=CARTESIAN_POINT('',(-1.4E0,1.E-1,1.981526119019E0));
#1091=LINE('',#1090,#1089);
#1092=CURVE_STYLE('',#47,POSITIVE_LENGTH_MEASURE(2.E-2),#8);
#1093=PRESENTATION_STYLE_ASSIGNMENT((#1092));
#1094=STYLED_ITEM('',(#1093),#1091);
#1095=DIRECTION('',(0.E0,0.E0,-1.E0));
#1096=VECTOR('',#1095,1.847388098066E-2);
#1097=CARTESIAN_POINT('',(-1.4E0,1.E-1,2.E0));
#1098=LINE('',#1097,#1096);
#1099=CURVE_STYLE('',#47,POSITIVE_LENGTH_MEASURE(2.E-2),#8);
#1100=PRESENTATION_STYLE_ASSIGNMENT((#1099));
#1101=STYLED_ITEM('',(#1100),#1098);
#1102=DIRECTION('',(0.E0,-1.E0,0.E0));
#1103=VECTOR('',#1102,1.E-1);
#1104=CARTESIAN_POINT('',(-1.99E0,2.E-1,1.4E0));
#1105=LINE('',#1104,#1103);
#1106=CURVE_STYLE('',#47,POSITIVE_LENGTH_MEASURE(2.E-2),#8);
#1107=PRESENTATION_STYLE_ASSIGNMENT((#1106));
#1108=STYLED_ITEM('',(#1107),#1105);
#1109=DIRECTION('',(1.E0,0.E0,0.E0));
#1110=VECTOR('',#1109,1.5E-1);
#1111=CARTESIAN_POINT('',(-1.55E0,2.E-1,2.E0));
#1112=LINE('',#1111,#1110);
#1113=CURVE_STYLE('',#47,POSITIVE_LENGTH_MEASURE(2.E-2),#8);
#1114=PRESENTATION_STYLE_ASSIGNMENT((#1113));
#1115=STYLED_ITEM('',(#1114),#1112);
#1116=DIRECTION('',(0.E0,-1.E0,0.E0));
#1117=VECTOR('',#1116,1.E-1);
#1118=CARTESIAN_POINT('',(-1.55E0,2.E-1,2.E0));
#1119=LINE('',#1118,#1117);
#1120=CURVE_STYLE('',#47,POSITIVE_LENGTH_MEASURE(2.E-2),#8);
#1121=PRESENTATION_STYLE_ASSIGNMENT((#1120));
#1122=STYLED_ITEM('',(#1121),#1119);
#1123=DIRECTION('',(1.E0,0.E0,0.E0));
#1124=VECTOR('',#1123,1.5E-1);
#1125=CARTESIAN_POINT('',(-1.55E0,1.E-1,2.E0));
#1126=LINE('',#1125,#1124);
#1127=CURVE_STYLE('',#47,POSITIVE_LENGTH_MEASURE(2.E-2),#8);
#1128=PRESENTATION_STYLE_ASSIGNMENT((#1127));
#1129=STYLED_ITEM('',(#1128),#1126);
#1130=DIRECTION('',(0.E0,-1.E0,0.E0));
#1131=VECTOR('',#1130,1.E-1);
#1132=CARTESIAN_POINT('',(-1.4E0,2.E-1,2.E0));
#1133=LINE('',#1132,#1131);
#1134=CURVE_STYLE('',#47,POSITIVE_LENGTH_MEASURE(2.E-2),#8);
#1135=PRESENTATION_STYLE_ASSIGNMENT((#1134));
#1136=STYLED_ITEM('',(#1135),#1133);
#1137=DIRECTION('',(1.E0,0.E0,0.E0));
#1138=VECTOR('',#1137,1.5E-1);
#1139=CARTESIAN_POINT('',(1.4E0,2.E-1,2.E0));
#1140=LINE('',#1139,#1138);
#1141=CURVE_STYLE('',#47,POSITIVE_LENGTH_MEASURE(2.E-2),#8);
#1142=PRESENTATION_STYLE_ASSIGNMENT((#1141));
#1143=STYLED_ITEM('',(#1142),#1140);
#1144=DIRECTION('',(0.E0,-1.E0,0.E0));
#1145=VECTOR('',#1144,1.E-1);
#1146=CARTESIAN_POINT('',(1.4E0,2.E-1,2.E0));
#1147=LINE('',#1146,#1145);
#1148=CURVE_STYLE('',#47,POSITIVE_LENGTH_MEASURE(2.E-2),#8);
#1149=PRESENTATION_STYLE_ASSIGNMENT((#1148));
#1150=STYLED_ITEM('',(#1149),#1147);
#1151=DIRECTION('',(-1.E0,0.E0,0.E0));
#1152=VECTOR('',#1151,1.5E-1);
#1153=CARTESIAN_POINT('',(1.55E0,1.E-1,2.E0));
#1154=LINE('',#1153,#1152);
#1155=CURVE_STYLE('',#47,POSITIVE_LENGTH_MEASURE(2.E-2),#8);
#1156=PRESENTATION_STYLE_ASSIGNMENT((#1155));
#1157=STYLED_ITEM('',(#1156),#1154);
#1158=DIRECTION('',(0.E0,-1.E0,0.E0));
#1159=VECTOR('',#1158,1.E-1);
#1160=CARTESIAN_POINT('',(1.55E0,2.E-1,2.E0));
#1161=LINE('',#1160,#1159);
#1162=CURVE_STYLE('',#47,POSITIVE_LENGTH_MEASURE(2.E-2),#8);
#1163=PRESENTATION_STYLE_ASSIGNMENT((#1162));
#1164=STYLED_ITEM('',(#1163),#1161);
#1165=DIRECTION('',(1.961161351382E-1,-9.805806756909E-1,0.E0));
#1166=VECTOR('',#1165,1.124106837735E-1);
#1167=CARTESIAN_POINT('',(8.029544511501E-1,1.102277442495E-1,2.E0));
#1168=LINE('',#1167,#1166);
#1169=CURVE_STYLE('',#47,POSITIVE_LENGTH_MEASURE(2.E-2),#8);
#1170=PRESENTATION_STYLE_ASSIGNMENT((#1169));
#1171=STYLED_ITEM('',(#1170),#1168);
#1172=DIRECTION('',(1.961161351382E-1,9.805806756909E-1,0.E0));
#1173=VECTOR('',#1172,1.124106837735E-1);
#1174=CARTESIAN_POINT('',(4.75E-1,0.E0,2.E0));
#1175=LINE('',#1174,#1173);
#1176=CURVE_STYLE('',#47,POSITIVE_LENGTH_MEASURE(2.E-2),#8);
#1177=PRESENTATION_STYLE_ASSIGNMENT((#1176));
#1178=STYLED_ITEM('',(#1177),#1175);
#1179=DIRECTION('',(1.E0,0.E0,0.E0));
#1180=VECTOR('',#1179,3.440910976998E-1);
#1181=CARTESIAN_POINT('',(1.529544511501E-1,1.102277442495E-1,2.E0));
#1182=LINE('',#1181,#1180);
#1183=CURVE_STYLE('',#47,POSITIVE_LENGTH_MEASURE(2.E-2),#8);
#1184=PRESENTATION_STYLE_ASSIGNMENT((#1183));
#1185=STYLED_ITEM('',(#1184),#1182);
#1186=DIRECTION('',(1.961161351382E-1,-9.805806756909E-1,0.E0));
#1187=VECTOR('',#1186,1.124106837735E-1);
#1188=CARTESIAN_POINT('',(1.529544511501E-1,1.102277442495E-1,2.E0));
#1189=LINE('',#1188,#1187);
#1190=CURVE_STYLE('',#47,POSITIVE_LENGTH_MEASURE(2.E-2),#8);
#1191=PRESENTATION_STYLE_ASSIGNMENT((#1190));
#1192=STYLED_ITEM('',(#1191),#1189);
#1193=DIRECTION('',(1.961161351382E-1,9.805806756909E-1,0.E0));
#1194=VECTOR('',#1193,1.124106837735E-1);
#1195=CARTESIAN_POINT('',(-1.75E-1,0.E0,2.E0));
#1196=LINE('',#1195,#1194);
#1197=CURVE_STYLE('',#47,POSITIVE_LENGTH_MEASURE(2.E-2),#8);
#1198=PRESENTATION_STYLE_ASSIGNMENT((#1197));
#1199=STYLED_ITEM('',(#1198),#1196);
#1200=DIRECTION('',(1.E0,0.E0,0.E0));
#1201=VECTOR('',#1200,3.440910976998E-1);
#1202=CARTESIAN_POINT('',(-4.970455488499E-1,1.102277442495E-1,2.E0));
#1203=LINE('',#1202,#1201);
#1204=CURVE_STYLE('',#47,POSITIVE_LENGTH_MEASURE(2.E-2),#8);
#1205=PRESENTATION_STYLE_ASSIGNMENT((#1204));
#1206=STYLED_ITEM('',(#1205),#1203);
#1207=DIRECTION('',(1.961161351382E-1,-9.805806756909E-1,0.E0));
#1208=VECTOR('',#1207,1.124106837735E-1);
#1209=CARTESIAN_POINT('',(-4.970455488499E-1,1.102277442495E-1,2.E0));
#1210=LINE('',#1209,#1208);
#1211=CURVE_STYLE('',#47,POSITIVE_LENGTH_MEASURE(2.E-2),#8);
#1212=PRESENTATION_STYLE_ASSIGNMENT((#1211));
#1213=STYLED_ITEM('',(#1212),#1210);
#1214=DIRECTION('',(1.961161351382E-1,9.805806756909E-1,0.E0));
#1215=VECTOR('',#1214,1.124106837735E-1);
#1216=CARTESIAN_POINT('',(-8.25E-1,0.E0,2.E0));
#1217=LINE('',#1216,#1215);
#1218=CURVE_STYLE('',#47,POSITIVE_LENGTH_MEASURE(2.E-2),#8);
#1219=PRESENTATION_STYLE_ASSIGNMENT((#1218));
#1220=STYLED_ITEM('',(#1219),#1217);
#1221=DIRECTION('',(1.E0,0.E0,0.E0));
#1222=VECTOR('',#1221,3.440910976998E-1);
#1223=CARTESIAN_POINT('',(-1.147045548850E0,1.102277442495E-1,2.E0));
#1224=LINE('',#1223,#1222);
#1225=CURVE_STYLE('',#47,POSITIVE_LENGTH_MEASURE(2.E-2),#8);
#1226=PRESENTATION_STYLE_ASSIGNMENT((#1225));
#1227=STYLED_ITEM('',(#1226),#1224);
#1228=DIRECTION('',(1.961161351382E-1,-9.805806756909E-1,0.E0));
#1229=VECTOR('',#1228,1.124106837735E-1);
#1230=CARTESIAN_POINT('',(-1.147045548850E0,1.102277442495E-1,2.E0));
#1231=LINE('',#1230,#1229);
#1232=CURVE_STYLE('',#47,POSITIVE_LENGTH_MEASURE(2.E-2),#8);
#1233=PRESENTATION_STYLE_ASSIGNMENT((#1232));
#1234=STYLED_ITEM('',(#1233),#1231);
#1235=DIRECTION('',(0.E0,1.E0,0.E0));
#1236=VECTOR('',#1235,8.E-1);
#1237=CARTESIAN_POINT('',(-2.E0,0.E0,2.E0));
#1238=LINE('',#1237,#1236);
#1239=CURVE_STYLE('',#47,POSITIVE_LENGTH_MEASURE(2.E-2),#8);
#1240=PRESENTATION_STYLE_ASSIGNMENT((#1239));
#1241=STYLED_ITEM('',(#1240),#1238);
#1242=DIRECTION('',(1.961161351382E-1,9.805806756909E-1,0.E0));
#1243=VECTOR('',#1242,1.124106837735E-1);
#1244=CARTESIAN_POINT('',(1.125E0,0.E0,2.E0));
#1245=LINE('',#1244,#1243);
#1246=CURVE_STYLE('',#47,POSITIVE_LENGTH_MEASURE(2.E-2),#8);
#1247=PRESENTATION_STYLE_ASSIGNMENT((#1246));
#1248=STYLED_ITEM('',(#1247),#1245);
#1249=DIRECTION('',(1.E0,0.E0,0.E0));
#1250=VECTOR('',#1249,3.440910976998E-1);
#1251=CARTESIAN_POINT('',(8.029544511501E-1,1.102277442495E-1,2.E0));
#1252=LINE('',#1251,#1250);
#1253=CURVE_STYLE('',#47,POSITIVE_LENGTH_MEASURE(2.E-2),#8);
#1254=PRESENTATION_STYLE_ASSIGNMENT((#1253));
#1255=STYLED_ITEM('',(#1254),#1252);
#1256=DIRECTION('',(0.E0,0.E0,1.E0));
#1257=VECTOR('',#1256,1.847388098066E-2);
#1258=CARTESIAN_POINT('',(-1.55E0,2.E-1,1.981526119019E0));
#1259=LINE('',#1258,#1257);
#1260=CURVE_STYLE('',#47,POSITIVE_LENGTH_MEASURE(2.E-2),#8);
#1261=PRESENTATION_STYLE_ASSIGNMENT((#1260));
#1262=STYLED_ITEM('',(#1261),#1259);
#1263=DIRECTION('',(0.E0,-1.E0,0.E0));
#1264=VECTOR('',#1263,1.E-1);
#1265=CARTESIAN_POINT('',(-1.55E0,2.E-1,1.981526119019E0));
#1266=LINE('',#1265,#1264);
#1267=CURVE_STYLE('',#47,POSITIVE_LENGTH_MEASURE(2.E-2),#8);
#1268=PRESENTATION_STYLE_ASSIGNMENT((#1267));
#1269=STYLED_ITEM('',(#1268),#1266);
#1270=DIRECTION('',(0.E0,-1.E0,0.E0));
#1271=VECTOR('',#1270,1.E-1);
#1272=CARTESIAN_POINT('',(-1.4E0,2.E-1,1.981526119019E0));
#1273=LINE('',#1272,#1271);
#1274=CURVE_STYLE('',#47,POSITIVE_LENGTH_MEASURE(2.E-2),#8);
#1275=PRESENTATION_STYLE_ASSIGNMENT((#1274));
#1276=STYLED_ITEM('',(#1275),#1273);
#1277=DIRECTION('',(0.E0,-1.E0,0.E0));
#1278=VECTOR('',#1277,1.E-1);
#1279=CARTESIAN_POINT('',(1.55E0,2.E-1,1.981526119019E0));
#1280=LINE('',#1279,#1278);
#1281=CURVE_STYLE('',#47,POSITIVE_LENGTH_MEASURE(2.E-2),#8);
#1282=PRESENTATION_STYLE_ASSIGNMENT((#1281));
#1283=STYLED_ITEM('',(#1282),#1280);
#1284=DIRECTION('',(0.E0,0.E0,-1.E0));
#1285=VECTOR('',#1284,1.847388098066E-2);
#1286=CARTESIAN_POINT('',(1.55E0,2.E-1,2.E0));
#1287=LINE('',#1286,#1285);
#1288=CURVE_STYLE('',#47,POSITIVE_LENGTH_MEASURE(2.E-2),#8);
#1289=PRESENTATION_STYLE_ASSIGNMENT((#1288));
#1290=STYLED_ITEM('',(#1289),#1287);
#1291=DIRECTION('',(-1.201938050578E-14,0.E0,-1.E0));
#1292=VECTOR('',#1291,1.847388098066E-2);
#1293=CARTESIAN_POINT('',(1.4E0,1.E-1,2.E0));
#1294=LINE('',#1293,#1292);
#1295=CURVE_STYLE('',#47,POSITIVE_LENGTH_MEASURE(2.E-2),#8);
#1296=PRESENTATION_STYLE_ASSIGNMENT((#1295));
#1297=STYLED_ITEM('',(#1296),#1294);
#1298=DIRECTION('',(1.E0,0.E0,0.E0));
#1299=VECTOR('',#1298,1.5E-1);
#1300=CARTESIAN_POINT('',(1.4E0,1.E-1,1.981526119019E0));
#1301=LINE('',#1300,#1299);
#1302=CURVE_STYLE('',#47,POSITIVE_LENGTH_MEASURE(2.E-2),#8);
#1303=PRESENTATION_STYLE_ASSIGNMENT((#1302));
#1304=STYLED_ITEM('',(#1303),#1301);
#1305=DIRECTION('',(0.E0,0.E0,1.E0));
#1306=VECTOR('',#1305,1.847388098066E-2);
#1307=CARTESIAN_POINT('',(1.55E0,1.E-1,1.981526119019E0));
#1308=LINE('',#1307,#1306);
#1309=CURVE_STYLE('',#47,POSITIVE_LENGTH_MEASURE(2.E-2),#8);
#1310=PRESENTATION_STYLE_ASSIGNMENT((#1309));
#1311=STYLED_ITEM('',(#1310),#1308);
#1312=DIRECTION('',(-1.E0,0.E0,0.E0));
#1313=VECTOR('',#1312,1.E-2);
#1314=CARTESIAN_POINT('',(2.E0,1.E-1,1.55E0));
#1315=LINE('',#1314,#1313);
#1316=CURVE_STYLE('',#47,POSITIVE_LENGTH_MEASURE(2.E-2),#8);
#1317=PRESENTATION_STYLE_ASSIGNMENT((#1316));
#1318=STYLED_ITEM('',(#1317),#1315);
#1319=DIRECTION('',(0.E0,0.E0,1.E0));
#1320=VECTOR('',#1319,1.5E-1);
#1321=CARTESIAN_POINT('',(1.99E0,1.E-1,1.4E0));
#1322=LINE('',#1321,#1320);
#1323=CURVE_STYLE('',#47,POSITIVE_LENGTH_MEASURE(2.E-2),#8);
#1324=PRESENTATION_STYLE_ASSIGNMENT((#1323));
#1325=STYLED_ITEM('',(#1324),#1322);
#1326=DIRECTION('',(1.E0,0.E0,0.E0));
#1327=VECTOR('',#1326,1.E-2);
#1328=CARTESIAN_POINT('',(1.99E0,1.E-1,1.4E0));
#1329=LINE('',#1328,#1327);
#1330=CURVE_STYLE('',#47,POSITIVE_LENGTH_MEASURE(2.E-2),#8);
#1331=PRESENTATION_STYLE_ASSIGNMENT((#1330));
#1332=STYLED_ITEM('',(#1331),#1329);
#1333=DIRECTION('',(0.E0,-1.E0,0.E0));
#1334=VECTOR('',#1333,1.E-1);
#1335=CARTESIAN_POINT('',(1.4E0,2.E-1,1.981526119019E0));
#1336=LINE('',#1335,#1334);
#1337=CURVE_STYLE('',#47,POSITIVE_LENGTH_MEASURE(2.E-2),#8);
#1338=PRESENTATION_STYLE_ASSIGNMENT((#1337));
#1339=STYLED_ITEM('',(#1338),#1336);
#1340=DIRECTION('',(0.E0,0.E0,-1.E0));
#1341=VECTOR('',#1340,1.5E-1);
#1342=CARTESIAN_POINT('',(2.E0,2.E-1,1.55E0));
#1343=LINE('',#1342,#1341);
#1344=CURVE_STYLE('',#47,POSITIVE_LENGTH_MEASURE(2.E-2),#8);
#1345=PRESENTATION_STYLE_ASSIGNMENT((#1344));
#1346=STYLED_ITEM('',(#1345),#1343);
#1347=DIRECTION('',(0.E0,-1.E0,0.E0));
#1348=VECTOR('',#1347,1.E-1);
#1349=CARTESIAN_POINT('',(2.E0,2.E-1,1.55E0));
#1350=LINE('',#1349,#1348);
#1351=CURVE_STYLE('',#47,POSITIVE_LENGTH_MEASURE(2.E-2),#8);
#1352=PRESENTATION_STYLE_ASSIGNMENT((#1351));
#1353=STYLED_ITEM('',(#1352),#1350);
#1354=DIRECTION('',(0.E0,0.E0,-1.E0));
#1355=VECTOR('',#1354,1.5E-1);
#1356=CARTESIAN_POINT('',(2.E0,1.E-1,1.55E0));
#1357=LINE('',#1356,#1355);
#1358=CURVE_STYLE('',#47,POSITIVE_LENGTH_MEASURE(2.E-2),#8);
#1359=PRESENTATION_STYLE_ASSIGNMENT((#1358));
#1360=STYLED_ITEM('',(#1359),#1357);
#1361=DIRECTION('',(0.E0,-1.E0,0.E0));
#1362=VECTOR('',#1361,1.E-1);
#1363=CARTESIAN_POINT('',(2.E0,2.E-1,1.4E0));
#1364=LINE('',#1363,#1362);
#1365=CURVE_STYLE('',#47,POSITIVE_LENGTH_MEASURE(2.E-2),#8);
#1366=PRESENTATION_STYLE_ASSIGNMENT((#1365));
#1367=STYLED_ITEM('',(#1366),#1364);
#1368=DIRECTION('',(0.E0,0.E0,-1.E0));
#1369=VECTOR('',#1368,1.5E-1);
#1370=CARTESIAN_POINT('',(2.E0,2.E-1,-1.4E0));
#1371=LINE('',#1370,#1369);
#1372=CURVE_STYLE('',#47,POSITIVE_LENGTH_MEASURE(2.E-2),#8);
#1373=PRESENTATION_STYLE_ASSIGNMENT((#1372));
#1374=STYLED_ITEM('',(#1373),#1371);
#1375=DIRECTION('',(0.E0,-1.E0,0.E0));
#1376=VECTOR('',#1375,1.E-1);
#1377=CARTESIAN_POINT('',(2.E0,2.E-1,-1.4E0));
#1378=LINE('',#1377,#1376);
#1379=CURVE_STYLE('',#47,POSITIVE_LENGTH_MEASURE(2.E-2),#8);
#1380=PRESENTATION_STYLE_ASSIGNMENT((#1379));
#1381=STYLED_ITEM('',(#1380),#1378);
#1382=DIRECTION('',(0.E0,0.E0,1.E0));
#1383=VECTOR('',#1382,1.5E-1);
#1384=CARTESIAN_POINT('',(2.E0,1.E-1,-1.55E0));
#1385=LINE('',#1384,#1383);
#1386=CURVE_STYLE('',#47,POSITIVE_LENGTH_MEASURE(2.E-2),#8);
#1387=PRESENTATION_STYLE_ASSIGNMENT((#1386));
#1388=STYLED_ITEM('',(#1387),#1385);
#1389=DIRECTION('',(0.E0,-1.E0,0.E0));
#1390=VECTOR('',#1389,1.E-1);
#1391=CARTESIAN_POINT('',(2.E0,2.E-1,-1.55E0));
#1392=LINE('',#1391,#1390);
#1393=CURVE_STYLE('',#47,POSITIVE_LENGTH_MEASURE(2.E-2),#8);
#1394=PRESENTATION_STYLE_ASSIGNMENT((#1393));
#1395=STYLED_ITEM('',(#1394),#1392);
#1396=DIRECTION('',(0.E0,-9.805806756909E-1,1.961161351382E-1));
#1397=VECTOR('',#1396,1.124106837735E-1);
#1398=CARTESIAN_POINT('',(2.E0,1.102277442495E-1,-1.147045548850E0));
#1399=LINE('',#1398,#1397);
#1400=CURVE_STYLE('',#47,POSITIVE_LENGTH_MEASURE(2.E-2),#8);
#1401=PRESENTATION_STYLE_ASSIGNMENT((#1400));
#1402=STYLED_ITEM('',(#1401),#1399);
#1403=DIRECTION('',(0.E0,0.E0,-1.E0));
#1404=VECTOR('',#1403,3.440910976998E-1);
#1405=CARTESIAN_POINT('',(2.E0,1.102277442495E-1,-8.029544511501E-1));
#1406=LINE('',#1405,#1404);
#1407=CURVE_STYLE('',#47,POSITIVE_LENGTH_MEASURE(2.E-2),#8);
#1408=PRESENTATION_STYLE_ASSIGNMENT((#1407));
#1409=STYLED_ITEM('',(#1408),#1406);
#1410=DIRECTION('',(0.E0,9.805806756909E-1,1.961161351382E-1));
#1411=VECTOR('',#1410,1.124106837735E-1);
#1412=CARTESIAN_POINT('',(2.E0,0.E0,-8.25E-1));
#1413=LINE('',#1412,#1411);
#1414=CURVE_STYLE('',#47,POSITIVE_LENGTH_MEASURE(2.E-2),#8);
#1415=PRESENTATION_STYLE_ASSIGNMENT((#1414));
#1416=STYLED_ITEM('',(#1415),#1413);
#1417=DIRECTION('',(0.E0,-9.805806756909E-1,1.961161351382E-1));
#1418=VECTOR('',#1417,1.124106837735E-1);
#1419=CARTESIAN_POINT('',(2.E0,1.102277442495E-1,-4.970455488499E-1));
#1420=LINE('',#1419,#1418);
#1421=CURVE_STYLE('',#47,POSITIVE_LENGTH_MEASURE(2.E-2),#8);
#1422=PRESENTATION_STYLE_ASSIGNMENT((#1421));
#1423=STYLED_ITEM('',(#1422),#1420);
#1424=DIRECTION('',(0.E0,0.E0,-1.E0));
#1425=VECTOR('',#1424,3.440910976998E-1);
#1426=CARTESIAN_POINT('',(2.E0,1.102277442495E-1,-1.529544511501E-1));
#1427=LINE('',#1426,#1425);
#1428=CURVE_STYLE('',#47,POSITIVE_LENGTH_MEASURE(2.E-2),#8);
#1429=PRESENTATION_STYLE_ASSIGNMENT((#1428));
#1430=STYLED_ITEM('',(#1429),#1427);
#1431=DIRECTION('',(0.E0,9.805806756909E-1,1.961161351382E-1));
#1432=VECTOR('',#1431,1.124106837735E-1);
#1433=CARTESIAN_POINT('',(2.E0,0.E0,-1.75E-1));
#1434=LINE('',#1433,#1432);
#1435=CURVE_STYLE('',#47,POSITIVE_LENGTH_MEASURE(2.E-2),#8);
#1436=PRESENTATION_STYLE_ASSIGNMENT((#1435));
#1437=STYLED_ITEM('',(#1436),#1434);
#1438=DIRECTION('',(0.E0,-9.805806756909E-1,1.961161351382E-1));
#1439=VECTOR('',#1438,1.124106837735E-1);
#1440=CARTESIAN_POINT('',(2.E0,1.102277442495E-1,1.529544511501E-1));
#1441=LINE('',#1440,#1439);
#1442=CURVE_STYLE('',#47,POSITIVE_LENGTH_MEASURE(2.E-2),#8);
#1443=PRESENTATION_STYLE_ASSIGNMENT((#1442));
#1444=STYLED_ITEM('',(#1443),#1441);
#1445=DIRECTION('',(0.E0,0.E0,-1.E0));
#1446=VECTOR('',#1445,3.440910976998E-1);
#1447=CARTESIAN_POINT('',(2.E0,1.102277442495E-1,4.970455488499E-1));
#1448=LINE('',#1447,#1446);
#1449=CURVE_STYLE('',#47,POSITIVE_LENGTH_MEASURE(2.E-2),#8);
#1450=PRESENTATION_STYLE_ASSIGNMENT((#1449));
#1451=STYLED_ITEM('',(#1450),#1448);
#1452=DIRECTION('',(0.E0,9.805806756909E-1,1.961161351382E-1));
#1453=VECTOR('',#1452,1.124106837735E-1);
#1454=CARTESIAN_POINT('',(2.E0,0.E0,4.75E-1));
#1455=LINE('',#1454,#1453);
#1456=CURVE_STYLE('',#47,POSITIVE_LENGTH_MEASURE(2.E-2),#8);
#1457=PRESENTATION_STYLE_ASSIGNMENT((#1456));
#1458=STYLED_ITEM('',(#1457),#1455);
#1459=DIRECTION('',(0.E0,-9.805806756909E-1,1.961161351382E-1));
#1460=VECTOR('',#1459,1.124106837735E-1);
#1461=CARTESIAN_POINT('',(2.E0,1.102277442495E-1,8.029544511501E-1));
#1462=LINE('',#1461,#1460);
#1463=CURVE_STYLE('',#47,POSITIVE_LENGTH_MEASURE(2.E-2),#8);
#1464=PRESENTATION_STYLE_ASSIGNMENT((#1463));
#1465=STYLED_ITEM('',(#1464),#1462);
#1466=DIRECTION('',(0.E0,0.E0,-1.E0));
#1467=VECTOR('',#1466,3.440910976998E-1);
#1468=CARTESIAN_POINT('',(2.E0,1.102277442495E-1,1.147045548850E0));
#1469=LINE('',#1468,#1467);
#1470=CURVE_STYLE('',#47,POSITIVE_LENGTH_MEASURE(2.E-2),#8);
#1471=PRESENTATION_STYLE_ASSIGNMENT((#1470));
#1472=STYLED_ITEM('',(#1471),#1469);
#1473=DIRECTION('',(0.E0,9.805806756909E-1,1.961161351382E-1));
#1474=VECTOR('',#1473,1.124106837735E-1);
#1475=CARTESIAN_POINT('',(2.E0,0.E0,1.125E0));
#1476=LINE('',#1475,#1474);
#1477=CURVE_STYLE('',#47,POSITIVE_LENGTH_MEASURE(2.E-2),#8);
#1478=PRESENTATION_STYLE_ASSIGNMENT((#1477));
#1479=STYLED_ITEM('',(#1478),#1476);
#1480=DIRECTION('',(0.E0,1.E0,0.E0));
#1481=VECTOR('',#1480,8.E-1);
#1482=CARTESIAN_POINT('',(2.E0,0.E0,2.E0));
#1483=LINE('',#1482,#1481);
#1484=CURVE_STYLE('',#47,POSITIVE_LENGTH_MEASURE(2.E-2),#8);
#1485=PRESENTATION_STYLE_ASSIGNMENT((#1484));
#1486=STYLED_ITEM('',(#1485),#1483);
#1487=DIRECTION('',(1.E0,0.E0,0.E0));
#1488=VECTOR('',#1487,1.E-2);
#1489=CARTESIAN_POINT('',(1.99E0,2.E-1,1.55E0));
#1490=LINE('',#1489,#1488);
#1491=CURVE_STYLE('',#47,POSITIVE_LENGTH_MEASURE(2.E-2),#8);
#1492=PRESENTATION_STYLE_ASSIGNMENT((#1491));
#1493=STYLED_ITEM('',(#1492),#1490);
#1494=DIRECTION('',(0.E0,-1.E0,0.E0));
#1495=VECTOR('',#1494,1.E-1);
#1496=CARTESIAN_POINT('',(1.99E0,2.E-1,1.55E0));
#1497=LINE('',#1496,#1495);
#1498=CURVE_STYLE('',#47,POSITIVE_LENGTH_MEASURE(2.E-2),#8);
#1499=PRESENTATION_STYLE_ASSIGNMENT((#1498));
#1500=STYLED_ITEM('',(#1499),#1497);
#1501=DIRECTION('',(0.E0,0.E0,-1.E0));
#1502=VECTOR('',#1501,3.068584941619E-1);
#1503=CARTESIAN_POINT('',(1.99E0,1.714623540487E-2,-8.215707529190E-1));
#1504=LINE('',#1503,#1502);
#1505=CURVE_STYLE('',#47,POSITIVE_LENGTH_MEASURE(2.E-2),#8);
#1506=PRESENTATION_STYLE_ASSIGNMENT((#1505));
#1507=STYLED_ITEM('',(#1506),#1504);
#1508=DIRECTION('',(0.E0,0.E0,-1.E0));
#1509=VECTOR('',#1508,3.068584941619E-1);
#1510=CARTESIAN_POINT('',(1.99E0,1.714623540487E-2,-1.715707529190E-1));
#1511=LINE('',#1510,#1509);
#1512=CURVE_STYLE('',#47,POSITIVE_LENGTH_MEASURE(2.E-2),#8);
#1513=PRESENTATION_STYLE_ASSIGNMENT((#1512));
#1514=STYLED_ITEM('',(#1513),#1511);
#1515=DIRECTION('',(0.E0,0.E0,-1.E0));
#1516=VECTOR('',#1515,3.068584941619E-1);
#1517=CARTESIAN_POINT('',(1.99E0,1.714623540487E-2,4.784292470810E-1));
#1518=LINE('',#1517,#1516);
#1519=CURVE_STYLE('',#47,POSITIVE_LENGTH_MEASURE(2.E-2),#8);
#1520=PRESENTATION_STYLE_ASSIGNMENT((#1519));
#1521=STYLED_ITEM('',(#1520),#1518);
#1522=DIRECTION('',(0.E0,0.E0,-1.E0));
#1523=VECTOR('',#1522,3.068584941619E-1);
#1524=CARTESIAN_POINT('',(1.99E0,1.714623540487E-2,1.128429247081E0));
#1525=LINE('',#1524,#1523);
#1526=CURVE_STYLE('',#47,POSITIVE_LENGTH_MEASURE(2.E-2),#8);
#1527=PRESENTATION_STYLE_ASSIGNMENT((#1526));
#1528=STYLED_ITEM('',(#1527),#1525);
#1529=DIRECTION('',(0.E0,-1.E0,0.E0));
#1530=VECTOR('',#1529,1.E-1);
#1531=CARTESIAN_POINT('',(1.99E0,2.E-1,1.4E0));
#1532=LINE('',#1531,#1530);
#1533=CURVE_STYLE('',#47,POSITIVE_LENGTH_MEASURE(2.E-2),#8);
#1534=PRESENTATION_STYLE_ASSIGNMENT((#1533));
#1535=STYLED_ITEM('',(#1534),#1532);
#1536=DIRECTION('',(0.E0,-1.E0,0.E0));
#1537=VECTOR('',#1536,1.E-1);
#1538=CARTESIAN_POINT('',(1.99E0,2.E-1,-1.55E0));
#1539=LINE('',#1538,#1537);
#1540=CURVE_STYLE('',#47,POSITIVE_LENGTH_MEASURE(2.E-2),#8);
#1541=PRESENTATION_STYLE_ASSIGNMENT((#1540));
#1542=STYLED_ITEM('',(#1541),#1539);
#1543=DIRECTION('',(-1.E0,0.E0,0.E0));
#1544=VECTOR('',#1543,1.E-2);
#1545=CARTESIAN_POINT('',(2.E0,2.E-1,-1.55E0));
#1546=LINE('',#1545,#1544);
#1547=CURVE_STYLE('',#47,POSITIVE_LENGTH_MEASURE(2.E-2),#8);
#1548=PRESENTATION_STYLE_ASSIGNMENT((#1547));
#1549=STYLED_ITEM('',(#1548),#1546);
#1550=DIRECTION('',(1.E0,0.E0,0.E0));
#1551=VECTOR('',#1550,1.E-2);
#1552=CARTESIAN_POINT('',(1.99E0,1.E-1,-1.4E0));
#1553=LINE('',#1552,#1551);
#1554=CURVE_STYLE('',#47,POSITIVE_LENGTH_MEASURE(2.E-2),#8);
#1555=PRESENTATION_STYLE_ASSIGNMENT((#1554));
#1556=STYLED_ITEM('',(#1555),#1553);
#1557=DIRECTION('',(0.E0,0.E0,-1.E0));
#1558=VECTOR('',#1557,1.5E-1);
#1559=CARTESIAN_POINT('',(1.99E0,1.E-1,-1.4E0));
#1560=LINE('',#1559,#1558);
#1561=CURVE_STYLE('',#47,POSITIVE_LENGTH_MEASURE(2.E-2),#8);
#1562=PRESENTATION_STYLE_ASSIGNMENT((#1561));
#1563=STYLED_ITEM('',(#1562),#1560);
#1564=DIRECTION('',(-1.E0,0.E0,0.E0));
#1565=VECTOR('',#1564,1.E-2);
#1566=CARTESIAN_POINT('',(2.E0,1.E-1,-1.55E0));
#1567=LINE('',#1566,#1565);
#1568=CURVE_STYLE('',#47,POSITIVE_LENGTH_MEASURE(2.E-2),#8);
#1569=PRESENTATION_STYLE_ASSIGNMENT((#1568));
#1570=STYLED_ITEM('',(#1569),#1567);
#1571=DIRECTION('',(0.E0,0.E0,-1.E0));
#1572=VECTOR('',#1571,2.019702837441E-2);
#1573=CARTESIAN_POINT('',(1.55E0,1.E-1,-1.979802971626E0));
#1574=LINE('',#1573,#1572);
#1575=CURVE_STYLE('',#47,POSITIVE_LENGTH_MEASURE(2.E-2),#8);
#1576=PRESENTATION_STYLE_ASSIGNMENT((#1575));
#1577=STYLED_ITEM('',(#1576),#1574);
#1578=DIRECTION('',(1.E0,0.E0,0.E0));
#1579=VECTOR('',#1578,1.5E-1);
#1580=CARTESIAN_POINT('',(1.4E0,1.E-1,-1.979802971626E0));
#1581=LINE('',#1580,#1579);
#1582=CURVE_STYLE('',#47,POSITIVE_LENGTH_MEASURE(2.E-2),#8);
#1583=PRESENTATION_STYLE_ASSIGNMENT((#1582));
#1584=STYLED_ITEM('',(#1583),#1581);
#1585=DIRECTION('',(-1.099392449269E-14,0.E0,1.E0));
#1586=VECTOR('',#1585,2.019702837441E-2);
#1587=CARTESIAN_POINT('',(1.4E0,1.E-1,-2.E0));
#1588=LINE('',#1587,#1586);
#1589=CURVE_STYLE('',#47,POSITIVE_LENGTH_MEASURE(2.E-2),#8);
#1590=PRESENTATION_STYLE_ASSIGNMENT((#1589));
#1591=STYLED_ITEM('',(#1590),#1588);
#1592=DIRECTION('',(0.E0,-1.E0,0.E0));
#1593=VECTOR('',#1592,1.E-1);
#1594=CARTESIAN_POINT('',(1.99E0,2.E-1,-1.4E0));
#1595=LINE('',#1594,#1593);
#1596=CURVE_STYLE('',#47,POSITIVE_LENGTH_MEASURE(2.E-2),#8);
#1597=PRESENTATION_STYLE_ASSIGNMENT((#1596));
#1598=STYLED_ITEM('',(#1597),#1595);
#1599=DIRECTION('',(0.E0,0.E0,-1.E0));
#1600=VECTOR('',#1599,2.019702837441E-2);
#1601=CARTESIAN_POINT('',(1.55E0,2.E-1,-1.979802971626E0));
#1602=LINE('',#1601,#1600);
#1603=CURVE_STYLE('',#47,POSITIVE_LENGTH_MEASURE(2.E-2),#8);
#1604=PRESENTATION_STYLE_ASSIGNMENT((#1603));
#1605=STYLED_ITEM('',(#1604),#1602);
#1606=DIRECTION('',(0.E0,-1.E0,0.E0));
#1607=VECTOR('',#1606,1.E-1);
#1608=CARTESIAN_POINT('',(1.55E0,2.E-1,-1.979802971626E0));
#1609=LINE('',#1608,#1607);
#1610=CURVE_STYLE('',#47,POSITIVE_LENGTH_MEASURE(2.E-2),#8);
#1611=PRESENTATION_STYLE_ASSIGNMENT((#1610));
#1612=STYLED_ITEM('',(#1611),#1609);
#1613=DIRECTION('',(1.E0,0.E0,0.E0));
#1614=VECTOR('',#1613,3.068584941619E-1);
#1615=CARTESIAN_POINT('',(8.215707529190E-1,1.714623540487E-2,
-1.979802971626E0));
#1616=LINE('',#1615,#1614);
#1617=CURVE_STYLE('',#47,POSITIVE_LENGTH_MEASURE(2.E-2),#8);
#1618=PRESENTATION_STYLE_ASSIGNMENT((#1617));
#1619=STYLED_ITEM('',(#1618),#1616);
#1620=DIRECTION('',(1.E0,0.E0,0.E0));
#1621=VECTOR('',#1620,3.068584941619E-1);
#1622=CARTESIAN_POINT('',(1.715707529190E-1,1.714623540487E-2,
-1.979802971626E0));
#1623=LINE('',#1622,#1621);
#1624=CURVE_STYLE('',#47,POSITIVE_LENGTH_MEASURE(2.E-2),#8);
#1625=PRESENTATION_STYLE_ASSIGNMENT((#1624));
#1626=STYLED_ITEM('',(#1625),#1623);
#1627=DIRECTION('',(1.E0,0.E0,0.E0));
#1628=VECTOR('',#1627,3.068584941619E-1);
#1629=CARTESIAN_POINT('',(-4.784292470810E-1,1.714623540487E-2,
-1.979802971626E0));
#1630=LINE('',#1629,#1628);
#1631=CURVE_STYLE('',#47,POSITIVE_LENGTH_MEASURE(2.E-2),#8);
#1632=PRESENTATION_STYLE_ASSIGNMENT((#1631));
#1633=STYLED_ITEM('',(#1632),#1630);
#1634=DIRECTION('',(1.E0,0.E0,0.E0));
#1635=VECTOR('',#1634,3.068584941619E-1);
#1636=CARTESIAN_POINT('',(-1.128429247081E0,1.714623540487E-2,
-1.979802971626E0));
#1637=LINE('',#1636,#1635);
#1638=CURVE_STYLE('',#47,POSITIVE_LENGTH_MEASURE(2.E-2),#8);
#1639=PRESENTATION_STYLE_ASSIGNMENT((#1638));
#1640=STYLED_ITEM('',(#1639),#1637);
#1641=DIRECTION('',(0.E0,-1.E0,0.E0));
#1642=VECTOR('',#1641,1.E-1);
#1643=CARTESIAN_POINT('',(-1.55E0,2.E-1,-1.979802971626E0));
#1644=LINE('',#1643,#1642);
#1645=CURVE_STYLE('',#47,POSITIVE_LENGTH_MEASURE(2.E-2),#8);
#1646=PRESENTATION_STYLE_ASSIGNMENT((#1645));
#1647=STYLED_ITEM('',(#1646),#1644);
#1648=DIRECTION('',(0.E0,0.E0,1.E0));
#1649=VECTOR('',#1648,2.019702837441E-2);
#1650=CARTESIAN_POINT('',(-1.55E0,2.E-1,-2.E0));
#1651=LINE('',#1650,#1649);
#1652=CURVE_STYLE('',#47,POSITIVE_LENGTH_MEASURE(2.E-2),#8);
#1653=PRESENTATION_STYLE_ASSIGNMENT((#1652));
#1654=STYLED_ITEM('',(#1653),#1651);
#1655=DIRECTION('',(1.E0,0.E0,0.E0));
#1656=VECTOR('',#1655,1.E-2);
#1657=CARTESIAN_POINT('',(-2.E0,1.E-1,-1.55E0));
#1658=LINE('',#1657,#1656);
#1659=CURVE_STYLE('',#47,POSITIVE_LENGTH_MEASURE(2.E-2),#8);
#1660=PRESENTATION_STYLE_ASSIGNMENT((#1659));
#1661=STYLED_ITEM('',(#1660),#1658);
#1662=DIRECTION('',(0.E0,0.E0,-1.E0));
#1663=VECTOR('',#1662,1.5E-1);
#1664=CARTESIAN_POINT('',(-1.99E0,1.E-1,-1.4E0));
#1665=LINE('',#1664,#1663);
#1666=CURVE_STYLE('',#47,POSITIVE_LENGTH_MEASURE(2.E-2),#8);
#1667=PRESENTATION_STYLE_ASSIGNMENT((#1666));
#1668=STYLED_ITEM('',(#1667),#1665);
#1669=DIRECTION('',(-1.E0,0.E0,0.E0));
#1670=VECTOR('',#1669,1.E-2);
#1671=CARTESIAN_POINT('',(-1.99E0,1.E-1,-1.4E0));
#1672=LINE('',#1671,#1670);
#1673=CURVE_STYLE('',#47,POSITIVE_LENGTH_MEASURE(2.E-2),#8);
#1674=PRESENTATION_STYLE_ASSIGNMENT((#1673));
#1675=STYLED_ITEM('',(#1674),#1672);
#1676=DIRECTION('',(0.E0,0.E0,1.E0));
#1677=VECTOR('',#1676,2.019702837441E-2);
#1678=CARTESIAN_POINT('',(-1.4E0,1.E-1,-2.E0));
#1679=LINE('',#1678,#1677);
#1680=CURVE_STYLE('',#47,POSITIVE_LENGTH_MEASURE(2.E-2),#8);
#1681=PRESENTATION_STYLE_ASSIGNMENT((#1680));
#1682=STYLED_ITEM('',(#1681),#1679);
#1683=DIRECTION('',(-1.E0,0.E0,0.E0));
#1684=VECTOR('',#1683,1.5E-1);
#1685=CARTESIAN_POINT('',(-1.4E0,1.E-1,-1.979802971626E0));
#1686=LINE('',#1685,#1684);
#1687=CURVE_STYLE('',#47,POSITIVE_LENGTH_MEASURE(2.E-2),#8);
#1688=PRESENTATION_STYLE_ASSIGNMENT((#1687));
#1689=STYLED_ITEM('',(#1688),#1686);
#1690=DIRECTION('',(0.E0,0.E0,-1.E0));
#1691=VECTOR('',#1690,2.019702837441E-2);
#1692=CARTESIAN_POINT('',(-1.55E0,1.E-1,-1.979802971626E0));
#1693=LINE('',#1692,#1691);
#1694=CURVE_STYLE('',#47,POSITIVE_LENGTH_MEASURE(2.E-2),#8);
#1695=PRESENTATION_STYLE_ASSIGNMENT((#1694));
#1696=STYLED_ITEM('',(#1695),#1693);
#1697=DIRECTION('',(0.E0,-1.E0,0.E0));
#1698=VECTOR('',#1697,1.E-1);
#1699=CARTESIAN_POINT('',(-1.99E0,2.E-1,-1.4E0));
#1700=LINE('',#1699,#1698);
#1701=CURVE_STYLE('',#47,POSITIVE_LENGTH_MEASURE(2.E-2),#8);
#1702=PRESENTATION_STYLE_ASSIGNMENT((#1701));
#1703=STYLED_ITEM('',(#1702),#1700);
#1704=DIRECTION('',(0.E0,-1.E0,0.E0));
#1705=VECTOR('',#1704,1.E-1);
#1706=CARTESIAN_POINT('',(-1.4E0,2.E-1,-1.979802971626E0));
#1707=LINE('',#1706,#1705);
#1708=CURVE_STYLE('',#47,POSITIVE_LENGTH_MEASURE(2.E-2),#8);
#1709=PRESENTATION_STYLE_ASSIGNMENT((#1708));
#1710=STYLED_ITEM('',(#1709),#1707);
#1711=DIRECTION('',(0.E0,-1.E0,0.E0));
#1712=VECTOR('',#1711,1.E-1);
#1713=CARTESIAN_POINT('',(1.4E0,2.E-1,-1.979802971626E0));
#1714=LINE('',#1713,#1712);
#1715=CURVE_STYLE('',#47,POSITIVE_LENGTH_MEASURE(2.E-2),#8);
#1716=PRESENTATION_STYLE_ASSIGNMENT((#1715));
#1717=STYLED_ITEM('',(#1716),#1714);
#1718=DIRECTION('',(0.E0,0.E0,-1.E0));
#1719=VECTOR('',#1718,3.798029716256E-1);
#1720=CARTESIAN_POINT('',(8.215707529190E-1,1.714623540487E-2,-1.6E0));
#1721=LINE('',#1720,#1719);
#1722=CURVE_STYLE('',#47,POSITIVE_LENGTH_MEASURE(2.E-2),#8);
#1723=PRESENTATION_STYLE_ASSIGNMENT((#1722));
#1724=STYLED_ITEM('',(#1723),#1721);
#1725=DIRECTION('',(1.961161351382E-1,-9.805806756909E-1,0.E0));
#1726=VECTOR('',#1725,8.623645971331E-2);
#1727=CARTESIAN_POINT('',(8.046583917321E-1,1.017080413397E-1,
-1.979802971626E0));
#1728=LINE('',#1727,#1726);
#1729=CURVE_STYLE('',#47,POSITIVE_LENGTH_MEASURE(2.E-2),#8);
#1730=PRESENTATION_STYLE_ASSIGNMENT((#1729));
#1731=STYLED_ITEM('',(#1730),#1728);
#1732=CARTESIAN_POINT('',(8.029544511501E-1,1.102277442495E-1,-2.E0));
#1733=CARTESIAN_POINT('',(8.037508859896E-1,1.062455700519E-1,
-1.993768209612E0));
#1734=CARTESIAN_POINT('',(8.043199491570E-1,1.034002542148E-1,
-1.987038239654E0));
#1735=CARTESIAN_POINT('',(8.046583917321E-1,1.017080413397E-1,
-1.979802971626E0));
#1737=CURVE_STYLE('',#47,POSITIVE_LENGTH_MEASURE(2.E-2),#8);
#1738=PRESENTATION_STYLE_ASSIGNMENT((#1737));
#1739=STYLED_ITEM('',(#1738),#1736);
#1740=DIRECTION('',(1.E0,0.E0,0.E0));
#1741=VECTOR('',#1740,3.068584941619E-1);
#1742=CARTESIAN_POINT('',(8.215707529190E-1,1.714623540487E-2,
1.981526119019E0));
#1743=LINE('',#1742,#1741);
#1744=CURVE_STYLE('',#47,POSITIVE_LENGTH_MEASURE(2.E-2),#8);
#1745=PRESENTATION_STYLE_ASSIGNMENT((#1744));
#1746=STYLED_ITEM('',(#1745),#1743);
#1747=DIRECTION('',(1.E0,0.E0,0.E0));
#1748=VECTOR('',#1747,3.068584941619E-1);
#1749=CARTESIAN_POINT('',(1.715707529190E-1,1.714623540487E-2,
1.981526119019E0));
#1750=LINE('',#1749,#1748);
#1751=CURVE_STYLE('',#47,POSITIVE_LENGTH_MEASURE(2.E-2),#8);
#1752=PRESENTATION_STYLE_ASSIGNMENT((#1751));
#1753=STYLED_ITEM('',(#1752),#1750);
#1754=DIRECTION('',(1.E0,0.E0,0.E0));
#1755=VECTOR('',#1754,3.068584941619E-1);
#1756=CARTESIAN_POINT('',(-4.784292470810E-1,1.714623540487E-2,
1.981526119019E0));
#1757=LINE('',#1756,#1755);
#1758=CURVE_STYLE('',#47,POSITIVE_LENGTH_MEASURE(2.E-2),#8);
#1759=PRESENTATION_STYLE_ASSIGNMENT((#1758));
#1760=STYLED_ITEM('',(#1759),#1757);
#1761=DIRECTION('',(1.E0,0.E0,0.E0));
#1762=VECTOR('',#1761,3.068584941619E-1);
#1763=CARTESIAN_POINT('',(-1.128429247081E0,1.714623540487E-2,
1.981526119019E0));
#1764=LINE('',#1763,#1762);
#1765=CURVE_STYLE('',#47,POSITIVE_LENGTH_MEASURE(2.E-2),#8);
#1766=PRESENTATION_STYLE_ASSIGNMENT((#1765));
#1767=STYLED_ITEM('',(#1766),#1764);
#1768=DIRECTION('',(0.E0,9.805806756909E-1,1.961161351382E-1));
#1769=VECTOR('',#1768,1.748579778282E-2);
#1770=CARTESIAN_POINT('',(1.6E0,0.E0,-8.25E-1));
#1771=LINE('',#1770,#1769);
#1772=CURVE_STYLE('',#47,POSITIVE_LENGTH_MEASURE(2.E-2),#8);
#1773=PRESENTATION_STYLE_ASSIGNMENT((#1772));
#1774=STYLED_ITEM('',(#1773),#1771);
#1775=DIRECTION('',(0.E0,0.E0,1.E0));
#1776=VECTOR('',#1775,3.068584941619E-1);
#1777=CARTESIAN_POINT('',(1.6E0,1.714623540487E-2,-1.128429247081E0));
#1778=LINE('',#1777,#1776);
#1779=CURVE_STYLE('',#47,POSITIVE_LENGTH_MEASURE(2.E-2),#8);
#1780=PRESENTATION_STYLE_ASSIGNMENT((#1779));
#1781=STYLED_ITEM('',(#1780),#1778);
#1782=DIRECTION('',(0.E0,-9.805806756909E-1,1.961161351382E-1));
#1783=VECTOR('',#1782,1.748579778282E-2);
#1784=CARTESIAN_POINT('',(1.6E0,1.714623540487E-2,-1.128429247081E0));
#1785=LINE('',#1784,#1783);
#1786=CURVE_STYLE('',#47,POSITIVE_LENGTH_MEASURE(2.E-2),#8);
#1787=PRESENTATION_STYLE_ASSIGNMENT((#1786));
#1788=STYLED_ITEM('',(#1787),#1785);
#1789=CARTESIAN_POINT('',(2.E0,1.102277442495E-1,-8.029544511501E-1));
#1790=CARTESIAN_POINT('',(1.996822968767E0,1.081975906321E-1,
-8.033604818736E-1));
#1791=CARTESIAN_POINT('',(1.993490076136E0,1.064541983901E-1,
-8.037091603220E-1));
#1792=CARTESIAN_POINT('',(1.99E0,1.05E-1,-8.04E-1));
#1794=CURVE_STYLE('',#47,POSITIVE_LENGTH_MEASURE(2.E-2),#8);
#1795=PRESENTATION_STYLE_ASSIGNMENT((#1794));
#1796=STYLED_ITEM('',(#1795),#1793);
#1797=DIRECTION('',(0.E0,-9.805806756909E-1,-1.961161351382E-1));
#1798=VECTOR('',#1797,8.959361200263E-2);
#1799=CARTESIAN_POINT('',(1.99E0,1.05E-1,-8.04E-1));
#1800=LINE('',#1799,#1798);
#1801=CURVE_STYLE('',#47,POSITIVE_LENGTH_MEASURE(2.E-2),#8);
#1802=PRESENTATION_STYLE_ASSIGNMENT((#1801));
#1803=STYLED_ITEM('',(#1802),#1800);
#1804=DIRECTION('',(1.E0,0.E0,0.E0));
#1805=VECTOR('',#1804,3.9E-1);
#1806=CARTESIAN_POINT('',(1.6E0,1.714623540487E-2,-8.215707529190E-1));
#1807=LINE('',#1806,#1805);
#1808=CURVE_STYLE('',#47,POSITIVE_LENGTH_MEASURE(2.E-2),#8);
#1809=PRESENTATION_STYLE_ASSIGNMENT((#1808));
#1810=STYLED_ITEM('',(#1809),#1807);
#1811=DIRECTION('',(0.E0,0.E0,-1.E0));
#1812=VECTOR('',#1811,3.42E-1);
#1813=CARTESIAN_POINT('',(1.99E0,1.05E-1,1.146E0));
#1814=LINE('',#1813,#1812);
#1815=CURVE_STYLE('',#47,POSITIVE_LENGTH_MEASURE(2.E-2),#8);
#1816=PRESENTATION_STYLE_ASSIGNMENT((#1815));
#1817=STYLED_ITEM('',(#1816),#1814);
#1818=DIRECTION('',(0.E0,0.E0,-1.E0));
#1819=VECTOR('',#1818,3.42E-1);
#1820=CARTESIAN_POINT('',(1.99E0,1.05E-1,4.96E-1));
#1821=LINE('',#1820,#1819);
#1822=CURVE_STYLE('',#47,POSITIVE_LENGTH_MEASURE(2.E-2),#8);
#1823=PRESENTATION_STYLE_ASSIGNMENT((#1822));
#1824=STYLED_ITEM('',(#1823),#1821);
#1825=DIRECTION('',(0.E0,0.E0,-1.E0));
#1826=VECTOR('',#1825,3.42E-1);
#1827=CARTESIAN_POINT('',(1.99E0,1.05E-1,-1.54E-1));
#1828=LINE('',#1827,#1826);
#1829=CURVE_STYLE('',#47,POSITIVE_LENGTH_MEASURE(2.E-2),#8);
#1830=PRESENTATION_STYLE_ASSIGNMENT((#1829));
#1831=STYLED_ITEM('',(#1830),#1828);
#1832=DIRECTION('',(0.E0,0.E0,-1.E0));
#1833=VECTOR('',#1832,3.42E-1);
#1834=CARTESIAN_POINT('',(1.99E0,1.05E-1,-8.04E-1));
#1835=LINE('',#1834,#1833);
#1836=CURVE_STYLE('',#47,POSITIVE_LENGTH_MEASURE(2.E-2),#8);
#1837=PRESENTATION_STYLE_ASSIGNMENT((#1836));
#1838=STYLED_ITEM('',(#1837),#1835);
#1839=DIRECTION('',(1.E0,0.E0,0.E0));
#1840=VECTOR('',#1839,3.9E-1);
#1841=CARTESIAN_POINT('',(1.6E0,1.714623540487E-2,8.215707529190E-1));
#1842=LINE('',#1841,#1840);
#1843=CURVE_STYLE('',#47,POSITIVE_LENGTH_MEASURE(2.E-2),#8);
#1844=PRESENTATION_STYLE_ASSIGNMENT((#1843));
#1845=STYLED_ITEM('',(#1844),#1842);
#1846=DIRECTION('',(0.E0,-9.805806756909E-1,1.961161351382E-1));
#1847=VECTOR('',#1846,8.959361200263E-2);
#1848=CARTESIAN_POINT('',(1.99E0,1.05E-1,8.04E-1));
#1849=LINE('',#1848,#1847);
#1850=CURVE_STYLE('',#47,POSITIVE_LENGTH_MEASURE(2.E-2),#8);
#1851=PRESENTATION_STYLE_ASSIGNMENT((#1850));
#1852=STYLED_ITEM('',(#1851),#1849);
#1853=CARTESIAN_POINT('',(2.E0,1.102277442495E-1,8.029544511501E-1));
#1854=CARTESIAN_POINT('',(1.996822968767E0,1.081975906321E-1,
8.033604818736E-1));
#1855=CARTESIAN_POINT('',(1.993490076136E0,1.064541983901E-1,
8.037091603220E-1));
#1856=CARTESIAN_POINT('',(1.99E0,1.05E-1,8.04E-1));
#1858=CURVE_STYLE('',#47,POSITIVE_LENGTH_MEASURE(2.E-2),#8);
#1859=PRESENTATION_STYLE_ASSIGNMENT((#1858));
#1860=STYLED_ITEM('',(#1859),#1857);
#1861=DIRECTION('',(0.E0,9.805806756909E-1,1.961161351382E-1));
#1862=VECTOR('',#1861,1.748579778282E-2);
#1863=CARTESIAN_POINT('',(1.6E0,0.E0,1.125E0));
#1864=LINE('',#1863,#1862);
#1865=CURVE_STYLE('',#47,POSITIVE_LENGTH_MEASURE(2.E-2),#8);
#1866=PRESENTATION_STYLE_ASSIGNMENT((#1865));
#1867=STYLED_ITEM('',(#1866),#1864);
#1868=DIRECTION('',(0.E0,0.E0,1.E0));
#1869=VECTOR('',#1868,3.068584941619E-1);
#1870=CARTESIAN_POINT('',(1.6E0,1.714623540487E-2,8.215707529190E-1));
#1871=LINE('',#1870,#1869);
#1872=CURVE_STYLE('',#47,POSITIVE_LENGTH_MEASURE(2.E-2),#8);
#1873=PRESENTATION_STYLE_ASSIGNMENT((#1872));
#1874=STYLED_ITEM('',(#1873),#1871);
#1875=DIRECTION('',(0.E0,-9.805806756909E-1,1.961161351382E-1));
#1876=VECTOR('',#1875,1.748579778282E-2);
#1877=CARTESIAN_POINT('',(1.6E0,1.714623540487E-2,8.215707529190E-1));
#1878=LINE('',#1877,#1876);
#1879=CURVE_STYLE('',#47,POSITIVE_LENGTH_MEASURE(2.E-2),#8);
#1880=PRESENTATION_STYLE_ASSIGNMENT((#1879));
#1881=STYLED_ITEM('',(#1880),#1878);
#1882=CARTESIAN_POINT('',(2.E0,1.102277442495E-1,1.147045548850E0));
#1883=CARTESIAN_POINT('',(1.996822968767E0,1.081975906321E-1,1.146639518126E0));
#1884=CARTESIAN_POINT('',(1.993490076136E0,1.064541983901E-1,1.146290839678E0));
#1885=CARTESIAN_POINT('',(1.99E0,1.05E-1,1.146E0));
#1887=CURVE_STYLE('',#47,POSITIVE_LENGTH_MEASURE(2.E-2),#8);
#1888=PRESENTATION_STYLE_ASSIGNMENT((#1887));
#1889=STYLED_ITEM('',(#1888),#1886);
#1890=DIRECTION('',(0.E0,-9.805806756909E-1,-1.961161351382E-1));
#1891=VECTOR('',#1890,8.959361200263E-2);
#1892=CARTESIAN_POINT('',(1.99E0,1.05E-1,1.146E0));
#1893=LINE('',#1892,#1891);
#1894=CURVE_STYLE('',#47,POSITIVE_LENGTH_MEASURE(2.E-2),#8);
#1895=PRESENTATION_STYLE_ASSIGNMENT((#1894));
#1896=STYLED_ITEM('',(#1895),#1893);
#1897=DIRECTION('',(1.E0,0.E0,0.E0));
#1898=VECTOR('',#1897,3.9E-1);
#1899=CARTESIAN_POINT('',(1.6E0,1.714623540487E-2,1.128429247081E0));
#1900=LINE('',#1899,#1898);
#1901=CURVE_STYLE('',#47,POSITIVE_LENGTH_MEASURE(2.E-2),#8);
#1902=PRESENTATION_STYLE_ASSIGNMENT((#1901));
#1903=STYLED_ITEM('',(#1902),#1900);
#1904=DIRECTION('',(1.E0,0.E0,0.E0));
#1905=VECTOR('',#1904,3.9E-1);
#1906=CARTESIAN_POINT('',(1.6E0,1.714623540487E-2,1.715707529190E-1));
#1907=LINE('',#1906,#1905);
#1908=CURVE_STYLE('',#47,POSITIVE_LENGTH_MEASURE(2.E-2),#8);
#1909=PRESENTATION_STYLE_ASSIGNMENT((#1908));
#1910=STYLED_ITEM('',(#1909),#1907);
#1911=DIRECTION('',(0.E0,-9.805806756909E-1,1.961161351382E-1));
#1912=VECTOR('',#1911,8.959361200263E-2);
#1913=CARTESIAN_POINT('',(1.99E0,1.05E-1,1.54E-1));
#1914=LINE('',#1913,#1912);
#1915=CURVE_STYLE('',#47,POSITIVE_LENGTH_MEASURE(2.E-2),#8);
#1916=PRESENTATION_STYLE_ASSIGNMENT((#1915));
#1917=STYLED_ITEM('',(#1916),#1914);
#1918=CARTESIAN_POINT('',(2.E0,1.102277442495E-1,1.529544511501E-1));
#1919=CARTESIAN_POINT('',(1.996822968767E0,1.081975906321E-1,
1.533604818736E-1));
#1920=CARTESIAN_POINT('',(1.993490076136E0,1.064541983901E-1,
1.537091603220E-1));
#1921=CARTESIAN_POINT('',(1.99E0,1.05E-1,1.54E-1));
#1923=CURVE_STYLE('',#47,POSITIVE_LENGTH_MEASURE(2.E-2),#8);
#1924=PRESENTATION_STYLE_ASSIGNMENT((#1923));
#1925=STYLED_ITEM('',(#1924),#1922);
#1926=DIRECTION('',(0.E0,9.805806756909E-1,1.961161351382E-1));
#1927=VECTOR('',#1926,1.748579778282E-2);
#1928=CARTESIAN_POINT('',(1.6E0,0.E0,4.75E-1));
#1929=LINE('',#1928,#1927);
#1930=CURVE_STYLE('',#47,POSITIVE_LENGTH_MEASURE(2.E-2),#8);
#1931=PRESENTATION_STYLE_ASSIGNMENT((#1930));
#1932=STYLED_ITEM('',(#1931),#1929);
#1933=DIRECTION('',(0.E0,0.E0,1.E0));
#1934=VECTOR('',#1933,3.068584941619E-1);
#1935=CARTESIAN_POINT('',(1.6E0,1.714623540487E-2,1.715707529190E-1));
#1936=LINE('',#1935,#1934);
#1937=CURVE_STYLE('',#47,POSITIVE_LENGTH_MEASURE(2.E-2),#8);
#1938=PRESENTATION_STYLE_ASSIGNMENT((#1937));
#1939=STYLED_ITEM('',(#1938),#1936);
#1940=DIRECTION('',(0.E0,-9.805806756909E-1,1.961161351382E-1));
#1941=VECTOR('',#1940,1.748579778282E-2);
#1942=CARTESIAN_POINT('',(1.6E0,1.714623540487E-2,1.715707529190E-1));
#1943=LINE('',#1942,#1941);
#1944=CURVE_STYLE('',#47,POSITIVE_LENGTH_MEASURE(2.E-2),#8);
#1945=PRESENTATION_STYLE_ASSIGNMENT((#1944));
#1946=STYLED_ITEM('',(#1945),#1943);
#1947=CARTESIAN_POINT('',(2.E0,1.102277442495E-1,4.970455488499E-1));
#1948=CARTESIAN_POINT('',(1.996822968767E0,1.081975906321E-1,
4.966395181264E-1));
#1949=CARTESIAN_POINT('',(1.993490076136E0,1.064541983901E-1,
4.962908396780E-1));
#1950=CARTESIAN_POINT('',(1.99E0,1.05E-1,4.96E-1));
#1952=CURVE_STYLE('',#47,POSITIVE_LENGTH_MEASURE(2.E-2),#8);
#1953=PRESENTATION_STYLE_ASSIGNMENT((#1952));
#1954=STYLED_ITEM('',(#1953),#1951);
#1955=DIRECTION('',(0.E0,-9.805806756909E-1,-1.961161351382E-1));
#1956=VECTOR('',#1955,8.959361200263E-2);
#1957=CARTESIAN_POINT('',(1.99E0,1.05E-1,4.96E-1));
#1958=LINE('',#1957,#1956);
#1959=CURVE_STYLE('',#47,POSITIVE_LENGTH_MEASURE(2.E-2),#8);
#1960=PRESENTATION_STYLE_ASSIGNMENT((#1959));
#1961=STYLED_ITEM('',(#1960),#1958);
#1962=DIRECTION('',(1.E0,0.E0,0.E0));
#1963=VECTOR('',#1962,3.9E-1);
#1964=CARTESIAN_POINT('',(1.6E0,1.714623540487E-2,4.784292470810E-1));
#1965=LINE('',#1964,#1963);
#1966=CURVE_STYLE('',#47,POSITIVE_LENGTH_MEASURE(2.E-2),#8);
#1967=PRESENTATION_STYLE_ASSIGNMENT((#1966));
#1968=STYLED_ITEM('',(#1967),#1965);
#1969=DIRECTION('',(1.E0,0.E0,0.E0));
#1970=VECTOR('',#1969,3.9E-1);
#1971=CARTESIAN_POINT('',(1.6E0,1.714623540487E-2,-4.784292470810E-1));
#1972=LINE('',#1971,#1970);
#1973=CURVE_STYLE('',#47,POSITIVE_LENGTH_MEASURE(2.E-2),#8);
#1974=PRESENTATION_STYLE_ASSIGNMENT((#1973));
#1975=STYLED_ITEM('',(#1974),#1972);
#1976=DIRECTION('',(0.E0,-9.805806756909E-1,1.961161351382E-1));
#1977=VECTOR('',#1976,8.959361200263E-2);
#1978=CARTESIAN_POINT('',(1.99E0,1.05E-1,-4.96E-1));
#1979=LINE('',#1978,#1977);
#1980=CURVE_STYLE('',#47,POSITIVE_LENGTH_MEASURE(2.E-2),#8);
#1981=PRESENTATION_STYLE_ASSIGNMENT((#1980));
#1982=STYLED_ITEM('',(#1981),#1979);
#1983=CARTESIAN_POINT('',(2.E0,1.102277442495E-1,-4.970455488499E-1));
#1984=CARTESIAN_POINT('',(1.996822968767E0,1.081975906321E-1,
-4.966395181264E-1));
#1985=CARTESIAN_POINT('',(1.993490076136E0,1.064541983901E-1,
-4.962908396780E-1));
#1986=CARTESIAN_POINT('',(1.99E0,1.05E-1,-4.96E-1));
#1988=CURVE_STYLE('',#47,POSITIVE_LENGTH_MEASURE(2.E-2),#8);
#1989=PRESENTATION_STYLE_ASSIGNMENT((#1988));
#1990=STYLED_ITEM('',(#1989),#1987);
#1991=DIRECTION('',(0.E0,9.805806756909E-1,1.961161351382E-1));
#1992=VECTOR('',#1991,1.748579778282E-2);
#1993=CARTESIAN_POINT('',(1.6E0,0.E0,-1.75E-1));
#1994=LINE('',#1993,#1992);
#1995=CURVE_STYLE('',#47,POSITIVE_LENGTH_MEASURE(2.E-2),#8);
#1996=PRESENTATION_STYLE_ASSIGNMENT((#1995));
#1997=STYLED_ITEM('',(#1996),#1994);
#1998=DIRECTION('',(0.E0,0.E0,1.E0));
#1999=VECTOR('',#1998,3.068584941619E-1);
#2000=CARTESIAN_POINT('',(1.6E0,1.714623540487E-2,-4.784292470810E-1));
#2001=LINE('',#2000,#1999);
#2002=CURVE_STYLE('',#47,POSITIVE_LENGTH_MEASURE(2.E-2),#8);
#2003=PRESENTATION_STYLE_ASSIGNMENT((#2002));
#2004=STYLED_ITEM('',(#2003),#2001);
#2005=DIRECTION('',(0.E0,-9.805806756909E-1,1.961161351382E-1));
#2006=VECTOR('',#2005,1.748579778282E-2);
#2007=CARTESIAN_POINT('',(1.6E0,1.714623540487E-2,-4.784292470810E-1));
#2008=LINE('',#2007,#2006);
#2009=CURVE_STYLE('',#47,POSITIVE_LENGTH_MEASURE(2.E-2),#8);
#2010=PRESENTATION_STYLE_ASSIGNMENT((#2009));
#2011=STYLED_ITEM('',(#2010),#2008);
#2012=CARTESIAN_POINT('',(2.E0,1.102277442495E-1,-1.529544511501E-1));
#2013=CARTESIAN_POINT('',(1.996822968767E0,1.081975906321E-1,
-1.533604818736E-1));
#2014=CARTESIAN_POINT('',(1.993490076136E0,1.064541983901E-1,
-1.537091603220E-1));
#2015=CARTESIAN_POINT('',(1.99E0,1.05E-1,-1.54E-1));
#2017=CURVE_STYLE('',#47,POSITIVE_LENGTH_MEASURE(2.E-2),#8);
#2018=PRESENTATION_STYLE_ASSIGNMENT((#2017));
#2019=STYLED_ITEM('',(#2018),#2016);
#2020=DIRECTION('',(0.E0,-9.805806756909E-1,-1.961161351382E-1));
#2021=VECTOR('',#2020,8.959361200263E-2);
#2022=CARTESIAN_POINT('',(1.99E0,1.05E-1,-1.54E-1));
#2023=LINE('',#2022,#2021);
#2024=CURVE_STYLE('',#47,POSITIVE_LENGTH_MEASURE(2.E-2),#8);
#2025=PRESENTATION_STYLE_ASSIGNMENT((#2024));
#2026=STYLED_ITEM('',(#2025),#2023);
#2027=DIRECTION('',(1.E0,0.E0,0.E0));
#2028=VECTOR('',#2027,3.9E-1);
#2029=CARTESIAN_POINT('',(1.6E0,1.714623540487E-2,-1.715707529190E-1));
#2030=LINE('',#2029,#2028);
#2031=CURVE_STYLE('',#47,POSITIVE_LENGTH_MEASURE(2.E-2),#8);
#2032=PRESENTATION_STYLE_ASSIGNMENT((#2031));
#2033=STYLED_ITEM('',(#2032),#2030);
#2034=DIRECTION('',(1.E0,0.E0,0.E0));
#2035=VECTOR('',#2034,3.9E-1);
#2036=CARTESIAN_POINT('',(1.6E0,1.714623540487E-2,-1.128429247081E0));
#2037=LINE('',#2036,#2035);
#2038=CURVE_STYLE('',#47,POSITIVE_LENGTH_MEASURE(2.E-2),#8);
#2039=PRESENTATION_STYLE_ASSIGNMENT((#2038));
#2040=STYLED_ITEM('',(#2039),#2037);
#2041=DIRECTION('',(0.E0,-9.805806756909E-1,1.961161351382E-1));
#2042=VECTOR('',#2041,8.959361200263E-2);
#2043=CARTESIAN_POINT('',(1.99E0,1.05E-1,-1.146E0));
#2044=LINE('',#2043,#2042);
#2045=CURVE_STYLE('',#47,POSITIVE_LENGTH_MEASURE(2.E-2),#8);
#2046=PRESENTATION_STYLE_ASSIGNMENT((#2045));
#2047=STYLED_ITEM('',(#2046),#2044);
#2048=CARTESIAN_POINT('',(2.E0,1.102277442495E-1,-1.147045548850E0));
#2049=CARTESIAN_POINT('',(1.996822968767E0,1.081975906321E-1,
-1.146639518126E0));
#2050=CARTESIAN_POINT('',(1.993490076136E0,1.064541983901E-1,
-1.146290839678E0));
#2051=CARTESIAN_POINT('',(1.99E0,1.05E-1,-1.146E0));
#2053=CURVE_STYLE('',#47,POSITIVE_LENGTH_MEASURE(2.E-2),#8);
#2054=PRESENTATION_STYLE_ASSIGNMENT((#2053));
#2055=STYLED_ITEM('',(#2054),#2052);
#2056=DIRECTION('',(1.961161351382E-1,9.805806756909E-1,0.E0));
#2057=VECTOR('',#2056,1.748579778282E-2);
#2058=CARTESIAN_POINT('',(4.75E-1,0.E0,-1.6E0));
#2059=LINE('',#2058,#2057);
#2060=CURVE_STYLE('',#47,POSITIVE_LENGTH_MEASURE(2.E-2),#8);
#2061=PRESENTATION_STYLE_ASSIGNMENT((#2060));
#2062=STYLED_ITEM('',(#2061),#2059);
#2063=DIRECTION('',(1.E0,0.E0,0.E0));
#2064=VECTOR('',#2063,3.068584941619E-1);
#2065=CARTESIAN_POINT('',(1.715707529190E-1,1.714623540487E-2,-1.6E0));
#2066=LINE('',#2065,#2064);
#2067=CURVE_STYLE('',#47,POSITIVE_LENGTH_MEASURE(2.E-2),#8);
#2068=PRESENTATION_STYLE_ASSIGNMENT((#2067));
#2069=STYLED_ITEM('',(#2068),#2066);
#2070=DIRECTION('',(1.961161351382E-1,-9.805806756909E-1,0.E0));
#2071=VECTOR('',#2070,1.748579778282E-2);
#2072=CARTESIAN_POINT('',(1.715707529190E-1,1.714623540487E-2,-1.6E0));
#2073=LINE('',#2072,#2071);
#2074=CURVE_STYLE('',#47,POSITIVE_LENGTH_MEASURE(2.E-2),#8);
#2075=PRESENTATION_STYLE_ASSIGNMENT((#2074));
#2076=STYLED_ITEM('',(#2075),#2073);
#2077=CARTESIAN_POINT('',(4.970455488499E-1,1.102277442495E-1,-2.E0));
#2078=CARTESIAN_POINT('',(4.962491140104E-1,1.062455700519E-1,
-1.993768209612E0));
#2079=CARTESIAN_POINT('',(4.956800508430E-1,1.034002542148E-1,
-1.987038239654E0));
#2080=CARTESIAN_POINT('',(4.953416082679E-1,1.017080413397E-1,
-1.979802971626E0));
#2082=CURVE_STYLE('',#47,POSITIVE_LENGTH_MEASURE(2.E-2),#8);
#2083=PRESENTATION_STYLE_ASSIGNMENT((#2082));
#2084=STYLED_ITEM('',(#2083),#2081);
#2085=DIRECTION('',(-1.961161351382E-1,-9.805806756909E-1,0.E0));
#2086=VECTOR('',#2085,8.623645971331E-2);
#2087=CARTESIAN_POINT('',(4.953416082679E-1,1.017080413397E-1,
-1.979802971626E0));
#2088=LINE('',#2087,#2086);
#2089=CURVE_STYLE('',#47,POSITIVE_LENGTH_MEASURE(2.E-2),#8);
#2090=PRESENTATION_STYLE_ASSIGNMENT((#2089));
#2091=STYLED_ITEM('',(#2090),#2088);
#2092=DIRECTION('',(0.E0,0.E0,-1.E0));
#2093=VECTOR('',#2092,3.798029716256E-1);
#2094=CARTESIAN_POINT('',(4.784292470810E-1,1.714623540487E-2,-1.6E0));
#2095=LINE('',#2094,#2093);
#2096=CURVE_STYLE('',#47,POSITIVE_LENGTH_MEASURE(2.E-2),#8);
#2097=PRESENTATION_STYLE_ASSIGNMENT((#2096));
#2098=STYLED_ITEM('',(#2097),#2095);
#2099=DIRECTION('',(-1.E0,0.E0,0.E0));
#2100=VECTOR('',#2099,3.406832165359E-1);
#2101=CARTESIAN_POINT('',(1.145341608268E0,1.017080413397E-1,
-1.979802971626E0));
#2102=LINE('',#2101,#2100);
#2103=CURVE_STYLE('',#47,POSITIVE_LENGTH_MEASURE(2.E-2),#8);
#2104=PRESENTATION_STYLE_ASSIGNMENT((#2103));
#2105=STYLED_ITEM('',(#2104),#2102);
#2106=DIRECTION('',(-1.E0,0.E0,0.E0));
#2107=VECTOR('',#2106,3.406832165359E-1);
#2108=CARTESIAN_POINT('',(4.953416082679E-1,1.017080413397E-1,
-1.979802971626E0));
#2109=LINE('',#2108,#2107);
#2110=CURVE_STYLE('',#47,POSITIVE_LENGTH_MEASURE(2.E-2),#8);
#2111=PRESENTATION_STYLE_ASSIGNMENT((#2110));
#2112=STYLED_ITEM('',(#2111),#2109);
#2113=DIRECTION('',(-1.E0,0.E0,0.E0));
#2114=VECTOR('',#2113,3.406832165359E-1);
#2115=CARTESIAN_POINT('',(-1.546583917321E-1,1.017080413397E-1,
-1.979802971626E0));
#2116=LINE('',#2115,#2114);
#2117=CURVE_STYLE('',#47,POSITIVE_LENGTH_MEASURE(2.E-2),#8);
#2118=PRESENTATION_STYLE_ASSIGNMENT((#2117));
#2119=STYLED_ITEM('',(#2118),#2116);
#2120=DIRECTION('',(-1.E0,0.E0,0.E0));
#2121=VECTOR('',#2120,3.406832165359E-1);
#2122=CARTESIAN_POINT('',(-8.046583917321E-1,1.017080413397E-1,
-1.979802971626E0));
#2123=LINE('',#2122,#2121);
#2124=CURVE_STYLE('',#47,POSITIVE_LENGTH_MEASURE(2.E-2),#8);
#2125=PRESENTATION_STYLE_ASSIGNMENT((#2124));
#2126=STYLED_ITEM('',(#2125),#2123);
#2127=DIRECTION('',(0.E0,0.E0,-1.E0));
#2128=VECTOR('',#2127,3.798029716256E-1);
#2129=CARTESIAN_POINT('',(1.715707529190E-1,1.714623540487E-2,-1.6E0));
#2130=LINE('',#2129,#2128);
#2131=CURVE_STYLE('',#47,POSITIVE_LENGTH_MEASURE(2.E-2),#8);
#2132=PRESENTATION_STYLE_ASSIGNMENT((#2131));
#2133=STYLED_ITEM('',(#2132),#2130);
#2134=DIRECTION('',(1.961161351382E-1,-9.805806756909E-1,0.E0));
#2135=VECTOR('',#2134,8.623645971331E-2);
#2136=CARTESIAN_POINT('',(1.546583917321E-1,1.017080413397E-1,
-1.979802971626E0));
#2137=LINE('',#2136,#2135);
#2138=CURVE_STYLE('',#47,POSITIVE_LENGTH_MEASURE(2.E-2),#8);
#2139=PRESENTATION_STYLE_ASSIGNMENT((#2138));
#2140=STYLED_ITEM('',(#2139),#2137);
#2141=CARTESIAN_POINT('',(1.529544511501E-1,1.102277442495E-1,-2.E0));
#2142=CARTESIAN_POINT('',(1.537508859896E-1,1.062455700519E-1,
-1.993768209612E0));
#2143=CARTESIAN_POINT('',(1.543199491570E-1,1.034002542148E-1,
-1.987038239654E0));
#2144=CARTESIAN_POINT('',(1.546583917321E-1,1.017080413397E-1,
-1.979802971626E0));
#2146=CURVE_STYLE('',#47,POSITIVE_LENGTH_MEASURE(2.E-2),#8);
#2147=PRESENTATION_STYLE_ASSIGNMENT((#2146));
#2148=STYLED_ITEM('',(#2147),#2145);
#2149=DIRECTION('',(0.E0,0.E0,-1.E0));
#2150=VECTOR('',#2149,3.798029716256E-1);
#2151=CARTESIAN_POINT('',(-4.784292470810E-1,1.714623540487E-2,-1.6E0));
#2152=LINE('',#2151,#2150);
#2153=CURVE_STYLE('',#47,POSITIVE_LENGTH_MEASURE(2.E-2),#8);
#2154=PRESENTATION_STYLE_ASSIGNMENT((#2153));
#2155=STYLED_ITEM('',(#2154),#2152);
#2156=DIRECTION('',(1.961161351382E-1,-9.805806756909E-1,0.E0));
#2157=VECTOR('',#2156,8.623645971331E-2);
#2158=CARTESIAN_POINT('',(-4.953416082679E-1,1.017080413397E-1,
-1.979802971626E0));
#2159=LINE('',#2158,#2157);
#2160=CURVE_STYLE('',#47,POSITIVE_LENGTH_MEASURE(2.E-2),#8);
#2161=PRESENTATION_STYLE_ASSIGNMENT((#2160));
#2162=STYLED_ITEM('',(#2161),#2159);
#2163=CARTESIAN_POINT('',(-4.970455488499E-1,1.102277442495E-1,-2.E0));
#2164=CARTESIAN_POINT('',(-4.962491140104E-1,1.062455700519E-1,
-1.993768209612E0));
#2165=CARTESIAN_POINT('',(-4.956800508430E-1,1.034002542148E-1,
-1.987038239654E0));
#2166=CARTESIAN_POINT('',(-4.953416082679E-1,1.017080413397E-1,
-1.979802971626E0));
#2168=CURVE_STYLE('',#47,POSITIVE_LENGTH_MEASURE(2.E-2),#8);
#2169=PRESENTATION_STYLE_ASSIGNMENT((#2168));
#2170=STYLED_ITEM('',(#2169),#2167);
#2171=DIRECTION('',(1.961161351382E-1,9.805806756909E-1,0.E0));
#2172=VECTOR('',#2171,1.748579778282E-2);
#2173=CARTESIAN_POINT('',(-1.75E-1,0.E0,-1.6E0));
#2174=LINE('',#2173,#2172);
#2175=CURVE_STYLE('',#47,POSITIVE_LENGTH_MEASURE(2.E-2),#8);
#2176=PRESENTATION_STYLE_ASSIGNMENT((#2175));
#2177=STYLED_ITEM('',(#2176),#2174);
#2178=DIRECTION('',(1.E0,0.E0,0.E0));
#2179=VECTOR('',#2178,3.068584941619E-1);
#2180=CARTESIAN_POINT('',(-4.784292470810E-1,1.714623540487E-2,-1.6E0));
#2181=LINE('',#2180,#2179);
#2182=CURVE_STYLE('',#47,POSITIVE_LENGTH_MEASURE(2.E-2),#8);
#2183=PRESENTATION_STYLE_ASSIGNMENT((#2182));
#2184=STYLED_ITEM('',(#2183),#2181);
#2185=DIRECTION('',(1.961161351382E-1,-9.805806756909E-1,0.E0));
#2186=VECTOR('',#2185,1.748579778282E-2);
#2187=CARTESIAN_POINT('',(-4.784292470810E-1,1.714623540487E-2,-1.6E0));
#2188=LINE('',#2187,#2186);
#2189=CURVE_STYLE('',#47,POSITIVE_LENGTH_MEASURE(2.E-2),#8);
#2190=PRESENTATION_STYLE_ASSIGNMENT((#2189));
#2191=STYLED_ITEM('',(#2190),#2188);
#2192=CARTESIAN_POINT('',(-1.529544511501E-1,1.102277442495E-1,-2.E0));
#2193=CARTESIAN_POINT('',(-1.537508859896E-1,1.062455700519E-1,
-1.993768209612E0));
#2194=CARTESIAN_POINT('',(-1.543199491570E-1,1.034002542148E-1,
-1.987038239654E0));
#2195=CARTESIAN_POINT('',(-1.546583917321E-1,1.017080413397E-1,
-1.979802971626E0));
#2197=CURVE_STYLE('',#47,POSITIVE_LENGTH_MEASURE(2.E-2),#8);
#2198=PRESENTATION_STYLE_ASSIGNMENT((#2197));
#2199=STYLED_ITEM('',(#2198),#2196);
#2200=DIRECTION('',(-1.961161351382E-1,-9.805806756909E-1,0.E0));
#2201=VECTOR('',#2200,8.623645971331E-2);
#2202=CARTESIAN_POINT('',(-1.546583917321E-1,1.017080413397E-1,
-1.979802971626E0));
#2203=LINE('',#2202,#2201);
#2204=CURVE_STYLE('',#47,POSITIVE_LENGTH_MEASURE(2.E-2),#8);
#2205=PRESENTATION_STYLE_ASSIGNMENT((#2204));
#2206=STYLED_ITEM('',(#2205),#2203);
#2207=DIRECTION('',(0.E0,0.E0,-1.E0));
#2208=VECTOR('',#2207,3.798029716256E-1);
#2209=CARTESIAN_POINT('',(-1.715707529190E-1,1.714623540487E-2,-1.6E0));
#2210=LINE('',#2209,#2208);
#2211=CURVE_STYLE('',#47,POSITIVE_LENGTH_MEASURE(2.E-2),#8);
#2212=PRESENTATION_STYLE_ASSIGNMENT((#2211));
#2213=STYLED_ITEM('',(#2212),#2210);
#2214=DIRECTION('',(0.E0,0.E0,-1.E0));
#2215=VECTOR('',#2214,3.798029716256E-1);
#2216=CARTESIAN_POINT('',(-1.128429247081E0,1.714623540487E-2,-1.6E0));
#2217=LINE('',#2216,#2215);
#2218=CURVE_STYLE('',#47,POSITIVE_LENGTH_MEASURE(2.E-2),#8);
#2219=PRESENTATION_STYLE_ASSIGNMENT((#2218));
#2220=STYLED_ITEM('',(#2219),#2217);
#2221=DIRECTION('',(1.961161351382E-1,-9.805806756909E-1,0.E0));
#2222=VECTOR('',#2221,8.623645971331E-2);
#2223=CARTESIAN_POINT('',(-1.145341608268E0,1.017080413397E-1,
-1.979802971626E0));
#2224=LINE('',#2223,#2222);
#2225=CURVE_STYLE('',#47,POSITIVE_LENGTH_MEASURE(2.E-2),#8);
#2226=PRESENTATION_STYLE_ASSIGNMENT((#2225));
#2227=STYLED_ITEM('',(#2226),#2224);
#2228=CARTESIAN_POINT('',(-1.147045548850E0,1.102277442495E-1,-2.E0));
#2229=CARTESIAN_POINT('',(-1.146249114010E0,1.062455700519E-1,
-1.993768209612E0));
#2230=CARTESIAN_POINT('',(-1.145680050843E0,1.034002542148E-1,
-1.987038239654E0));
#2231=CARTESIAN_POINT('',(-1.145341608268E0,1.017080413397E-1,
-1.979802971626E0));
#2233=CURVE_STYLE('',#47,POSITIVE_LENGTH_MEASURE(2.E-2),#8);
#2234=PRESENTATION_STYLE_ASSIGNMENT((#2233));
#2235=STYLED_ITEM('',(#2234),#2232);
#2236=DIRECTION('',(1.961161351382E-1,9.805806756909E-1,0.E0));
#2237=VECTOR('',#2236,1.748579778282E-2);
#2238=CARTESIAN_POINT('',(-8.25E-1,0.E0,-1.6E0));
#2239=LINE('',#2238,#2237);
#2240=CURVE_STYLE('',#47,POSITIVE_LENGTH_MEASURE(2.E-2),#8);
#2241=PRESENTATION_STYLE_ASSIGNMENT((#2240));
#2242=STYLED_ITEM('',(#2241),#2239);
#2243=DIRECTION('',(1.E0,0.E0,0.E0));
#2244=VECTOR('',#2243,3.068584941619E-1);
#2245=CARTESIAN_POINT('',(-1.128429247081E0,1.714623540487E-2,-1.6E0));
#2246=LINE('',#2245,#2244);
#2247=CURVE_STYLE('',#47,POSITIVE_LENGTH_MEASURE(2.E-2),#8);
#2248=PRESENTATION_STYLE_ASSIGNMENT((#2247));
#2249=STYLED_ITEM('',(#2248),#2246);
#2250=DIRECTION('',(1.961161351382E-1,-9.805806756909E-1,0.E0));
#2251=VECTOR('',#2250,1.748579778282E-2);
#2252=CARTESIAN_POINT('',(-1.128429247081E0,1.714623540487E-2,-1.6E0));
#2253=LINE('',#2252,#2251);
#2254=CURVE_STYLE('',#47,POSITIVE_LENGTH_MEASURE(2.E-2),#8);
#2255=PRESENTATION_STYLE_ASSIGNMENT((#2254));
#2256=STYLED_ITEM('',(#2255),#2253);
#2257=CARTESIAN_POINT('',(-8.029544511501E-1,1.102277442495E-1,-2.E0));
#2258=CARTESIAN_POINT('',(-8.037508859896E-1,1.062455700519E-1,
-1.993768209612E0));
#2259=CARTESIAN_POINT('',(-8.043199491570E-1,1.034002542148E-1,
-1.987038239654E0));
#2260=CARTESIAN_POINT('',(-8.046583917321E-1,1.017080413397E-1,
-1.979802971626E0));
#2262=CURVE_STYLE('',#47,POSITIVE_LENGTH_MEASURE(2.E-2),#8);
#2263=PRESENTATION_STYLE_ASSIGNMENT((#2262));
#2264=STYLED_ITEM('',(#2263),#2261);
#2265=DIRECTION('',(-1.961161351382E-1,-9.805806756909E-1,0.E0));
#2266=VECTOR('',#2265,8.623645971331E-2);
#2267=CARTESIAN_POINT('',(-8.046583917321E-1,1.017080413397E-1,
-1.979802971626E0));
#2268=LINE('',#2267,#2266);
#2269=CURVE_STYLE('',#47,POSITIVE_LENGTH_MEASURE(2.E-2),#8);
#2270=PRESENTATION_STYLE_ASSIGNMENT((#2269));
#2271=STYLED_ITEM('',(#2270),#2268);
#2272=DIRECTION('',(0.E0,0.E0,-1.E0));
#2273=VECTOR('',#2272,3.798029716256E-1);
#2274=CARTESIAN_POINT('',(-8.215707529190E-1,1.714623540487E-2,-1.6E0));
#2275=LINE('',#2274,#2273);
#2276=CURVE_STYLE('',#47,POSITIVE_LENGTH_MEASURE(2.E-2),#8);
#2277=PRESENTATION_STYLE_ASSIGNMENT((#2276));
#2278=STYLED_ITEM('',(#2277),#2275);
#2279=DIRECTION('',(1.961161351382E-1,-9.805806756909E-1,0.E0));
#2280=VECTOR('',#2279,1.748579778282E-2);
#2281=CARTESIAN_POINT('',(8.215707529190E-1,1.714623540487E-2,1.6E0));
#2282=LINE('',#2281,#2280);
#2283=CURVE_STYLE('',#47,POSITIVE_LENGTH_MEASURE(2.E-2),#8);
#2284=PRESENTATION_STYLE_ASSIGNMENT((#2283));
#2285=STYLED_ITEM('',(#2284),#2282);
#2286=DIRECTION('',(1.E0,0.E0,0.E0));
#2287=VECTOR('',#2286,3.068584941619E-1);
#2288=CARTESIAN_POINT('',(8.215707529190E-1,1.714623540487E-2,1.6E0));
#2289=LINE('',#2288,#2287);
#2290=CURVE_STYLE('',#47,POSITIVE_LENGTH_MEASURE(2.E-2),#8);
#2291=PRESENTATION_STYLE_ASSIGNMENT((#2290));
#2292=STYLED_ITEM('',(#2291),#2289);
#2293=DIRECTION('',(1.961161351382E-1,9.805806756909E-1,0.E0));
#2294=VECTOR('',#2293,1.748579778282E-2);
#2295=CARTESIAN_POINT('',(1.125E0,0.E0,1.6E0));
#2296=LINE('',#2295,#2294);
#2297=CURVE_STYLE('',#47,POSITIVE_LENGTH_MEASURE(2.E-2),#8);
#2298=PRESENTATION_STYLE_ASSIGNMENT((#2297));
#2299=STYLED_ITEM('',(#2298),#2296);
#2300=CARTESIAN_POINT('',(8.029544511501E-1,1.102277442495E-1,2.E0));
#2301=CARTESIAN_POINT('',(8.036856796264E-1,1.065716018681E-1,
1.994278423841E0));
#2302=CARTESIAN_POINT('',(8.042259918205E-1,1.038700408976E-1,
1.988122420392E0));
#2303=CARTESIAN_POINT('',(8.045728077853E-1,1.021359610735E-1,
1.981526119019E0));
#2305=CURVE_STYLE('',#47,POSITIVE_LENGTH_MEASURE(2.E-2),#8);
#2306=PRESENTATION_STYLE_ASSIGNMENT((#2305));
#2307=STYLED_ITEM('',(#2306),#2304);
#2308=DIRECTION('',(1.961161351382E-1,-9.805806756909E-1,0.E0));
#2309=VECTOR('',#2308,8.667285392780E-2);
#2310=CARTESIAN_POINT('',(8.045728077853E-1,1.021359610735E-1,
1.981526119019E0));
#2311=LINE('',#2310,#2309);
#2312=CURVE_STYLE('',#47,POSITIVE_LENGTH_MEASURE(2.E-2),#8);
#2313=PRESENTATION_STYLE_ASSIGNMENT((#2312));
#2314=STYLED_ITEM('',(#2313),#2311);
#2315=DIRECTION('',(0.E0,0.E0,1.E0));
#2316=VECTOR('',#2315,3.815261190193E-1);
#2317=CARTESIAN_POINT('',(8.215707529190E-1,1.714623540487E-2,1.6E0));
#2318=LINE('',#2317,#2316);
#2319=CURVE_STYLE('',#47,POSITIVE_LENGTH_MEASURE(2.E-2),#8);
#2320=PRESENTATION_STYLE_ASSIGNMENT((#2319));
#2321=STYLED_ITEM('',(#2320),#2318);
#2322=DIRECTION('',(1.E0,0.E0,0.E0));
#2323=VECTOR('',#2322,3.408543844294E-1);
#2324=CARTESIAN_POINT('',(-1.145427192215E0,1.021359610735E-1,
1.981526119019E0));
#2325=LINE('',#2324,#2323);
#2326=CURVE_STYLE('',#47,POSITIVE_LENGTH_MEASURE(2.E-2),#8);
#2327=PRESENTATION_STYLE_ASSIGNMENT((#2326));
#2328=STYLED_ITEM('',(#2327),#2325);
#2329=DIRECTION('',(1.E0,0.E0,0.E0));
#2330=VECTOR('',#2329,3.408543844294E-1);
#2331=CARTESIAN_POINT('',(-4.954271922147E-1,1.021359610735E-1,
1.981526119019E0));
#2332=LINE('',#2331,#2330);
#2333=CURVE_STYLE('',#47,POSITIVE_LENGTH_MEASURE(2.E-2),#8);
#2334=PRESENTATION_STYLE_ASSIGNMENT((#2333));
#2335=STYLED_ITEM('',(#2334),#2332);
#2336=DIRECTION('',(1.E0,0.E0,0.E0));
#2337=VECTOR('',#2336,3.408543844294E-1);
#2338=CARTESIAN_POINT('',(1.545728077853E-1,1.021359610735E-1,
1.981526119019E0));
#2339=LINE('',#2338,#2337);
#2340=CURVE_STYLE('',#47,POSITIVE_LENGTH_MEASURE(2.E-2),#8);
#2341=PRESENTATION_STYLE_ASSIGNMENT((#2340));
#2342=STYLED_ITEM('',(#2341),#2339);
#2343=DIRECTION('',(1.E0,0.E0,0.E0));
#2344=VECTOR('',#2343,3.408543844294E-1);
#2345=CARTESIAN_POINT('',(8.045728077853E-1,1.021359610735E-1,
1.981526119019E0));
#2346=LINE('',#2345,#2344);
#2347=CURVE_STYLE('',#47,POSITIVE_LENGTH_MEASURE(2.E-2),#8);
#2348=PRESENTATION_STYLE_ASSIGNMENT((#2347));
#2349=STYLED_ITEM('',(#2348),#2346);
#2350=DIRECTION('',(0.E0,0.E0,1.E0));
#2351=VECTOR('',#2350,3.815261190193E-1);
#2352=CARTESIAN_POINT('',(-8.215707529190E-1,1.714623540487E-2,1.6E0));
#2353=LINE('',#2352,#2351);
#2354=CURVE_STYLE('',#47,POSITIVE_LENGTH_MEASURE(2.E-2),#8);
#2355=PRESENTATION_STYLE_ASSIGNMENT((#2354));
#2356=STYLED_ITEM('',(#2355),#2353);
#2357=DIRECTION('',(-1.961161351382E-1,-9.805806756909E-1,0.E0));
#2358=VECTOR('',#2357,8.667285392780E-2);
#2359=CARTESIAN_POINT('',(-8.045728077853E-1,1.021359610735E-1,
1.981526119019E0));
#2360=LINE('',#2359,#2358);
#2361=CURVE_STYLE('',#47,POSITIVE_LENGTH_MEASURE(2.E-2),#8);
#2362=PRESENTATION_STYLE_ASSIGNMENT((#2361));
#2363=STYLED_ITEM('',(#2362),#2360);
#2364=CARTESIAN_POINT('',(-8.029544511501E-1,1.102277442495E-1,2.E0));
#2365=CARTESIAN_POINT('',(-8.036856796264E-1,1.065716018681E-1,
1.994278423841E0));
#2366=CARTESIAN_POINT('',(-8.042259918205E-1,1.038700408976E-1,
1.988122420392E0));
#2367=CARTESIAN_POINT('',(-8.045728077853E-1,1.021359610735E-1,
1.981526119019E0));
#2369=CURVE_STYLE('',#47,POSITIVE_LENGTH_MEASURE(2.E-2),#8);
#2370=PRESENTATION_STYLE_ASSIGNMENT((#2369));
#2371=STYLED_ITEM('',(#2370),#2368);
#2372=DIRECTION('',(1.961161351382E-1,-9.805806756909E-1,0.E0));
#2373=VECTOR('',#2372,1.748579778282E-2);
#2374=CARTESIAN_POINT('',(-1.128429247081E0,1.714623540487E-2,1.6E0));
#2375=LINE('',#2374,#2373);
#2376=CURVE_STYLE('',#47,POSITIVE_LENGTH_MEASURE(2.E-2),#8);
#2377=PRESENTATION_STYLE_ASSIGNMENT((#2376));
#2378=STYLED_ITEM('',(#2377),#2375);
#2379=DIRECTION('',(1.E0,0.E0,0.E0));
#2380=VECTOR('',#2379,3.068584941619E-1);
#2381=CARTESIAN_POINT('',(-1.128429247081E0,1.714623540487E-2,1.6E0));
#2382=LINE('',#2381,#2380);
#2383=CURVE_STYLE('',#47,POSITIVE_LENGTH_MEASURE(2.E-2),#8);
#2384=PRESENTATION_STYLE_ASSIGNMENT((#2383));
#2385=STYLED_ITEM('',(#2384),#2382);
#2386=DIRECTION('',(1.961161351382E-1,9.805806756909E-1,0.E0));
#2387=VECTOR('',#2386,1.748579778282E-2);
#2388=CARTESIAN_POINT('',(-8.25E-1,0.E0,1.6E0));
#2389=LINE('',#2388,#2387);
#2390=CURVE_STYLE('',#47,POSITIVE_LENGTH_MEASURE(2.E-2),#8);
#2391=PRESENTATION_STYLE_ASSIGNMENT((#2390));
#2392=STYLED_ITEM('',(#2391),#2389);
#2393=CARTESIAN_POINT('',(-1.147045548850E0,1.102277442495E-1,2.E0));
#2394=CARTESIAN_POINT('',(-1.146314320374E0,1.065716018681E-1,
1.994278423841E0));
#2395=CARTESIAN_POINT('',(-1.145774008180E0,1.038700408976E-1,
1.988122420392E0));
#2396=CARTESIAN_POINT('',(-1.145427192215E0,1.021359610735E-1,
1.981526119019E0));
#2398=CURVE_STYLE('',#47,POSITIVE_LENGTH_MEASURE(2.E-2),#8);
#2399=PRESENTATION_STYLE_ASSIGNMENT((#2398));
#2400=STYLED_ITEM('',(#2399),#2397);
#2401=DIRECTION('',(1.961161351382E-1,-9.805806756909E-1,0.E0));
#2402=VECTOR('',#2401,8.667285392780E-2);
#2403=CARTESIAN_POINT('',(-1.145427192215E0,1.021359610735E-1,
1.981526119019E0));
#2404=LINE('',#2403,#2402);
#2405=CURVE_STYLE('',#47,POSITIVE_LENGTH_MEASURE(2.E-2),#8);
#2406=PRESENTATION_STYLE_ASSIGNMENT((#2405));
#2407=STYLED_ITEM('',(#2406),#2404);
#2408=DIRECTION('',(0.E0,0.E0,1.E0));
#2409=VECTOR('',#2408,3.815261190193E-1);
#2410=CARTESIAN_POINT('',(-1.128429247081E0,1.714623540487E-2,1.6E0));
#2411=LINE('',#2410,#2409);
#2412=CURVE_STYLE('',#47,POSITIVE_LENGTH_MEASURE(2.E-2),#8);
#2413=PRESENTATION_STYLE_ASSIGNMENT((#2412));
#2414=STYLED_ITEM('',(#2413),#2411);
#2415=DIRECTION('',(0.E0,0.E0,1.E0));
#2416=VECTOR('',#2415,3.815261190193E-1);
#2417=CARTESIAN_POINT('',(-1.715707529190E-1,1.714623540487E-2,1.6E0));
#2418=LINE('',#2417,#2416);
#2419=CURVE_STYLE('',#47,POSITIVE_LENGTH_MEASURE(2.E-2),#8);
#2420=PRESENTATION_STYLE_ASSIGNMENT((#2419));
#2421=STYLED_ITEM('',(#2420),#2418);
#2422=DIRECTION('',(-1.961161351382E-1,-9.805806756909E-1,0.E0));
#2423=VECTOR('',#2422,8.667285392780E-2);
#2424=CARTESIAN_POINT('',(-1.545728077853E-1,1.021359610735E-1,
1.981526119019E0));
#2425=LINE('',#2424,#2423);
#2426=CURVE_STYLE('',#47,POSITIVE_LENGTH_MEASURE(2.E-2),#8);
#2427=PRESENTATION_STYLE_ASSIGNMENT((#2426));
#2428=STYLED_ITEM('',(#2427),#2425);
#2429=CARTESIAN_POINT('',(-1.529544511501E-1,1.102277442495E-1,2.E0));
#2430=CARTESIAN_POINT('',(-1.536856796264E-1,1.065716018681E-1,
1.994278423841E0));
#2431=CARTESIAN_POINT('',(-1.542259918205E-1,1.038700408976E-1,
1.988122420392E0));
#2432=CARTESIAN_POINT('',(-1.545728077853E-1,1.021359610735E-1,
1.981526119019E0));
#2434=CURVE_STYLE('',#47,POSITIVE_LENGTH_MEASURE(2.E-2),#8);
#2435=PRESENTATION_STYLE_ASSIGNMENT((#2434));
#2436=STYLED_ITEM('',(#2435),#2433);
#2437=DIRECTION('',(1.961161351382E-1,-9.805806756909E-1,0.E0));
#2438=VECTOR('',#2437,1.748579778282E-2);
#2439=CARTESIAN_POINT('',(-4.784292470810E-1,1.714623540487E-2,1.6E0));
#2440=LINE('',#2439,#2438);
#2441=CURVE_STYLE('',#47,POSITIVE_LENGTH_MEASURE(2.E-2),#8);
#2442=PRESENTATION_STYLE_ASSIGNMENT((#2441));
#2443=STYLED_ITEM('',(#2442),#2440);
#2444=DIRECTION('',(1.E0,0.E0,0.E0));
#2445=VECTOR('',#2444,3.068584941619E-1);
#2446=CARTESIAN_POINT('',(-4.784292470810E-1,1.714623540487E-2,1.6E0));
#2447=LINE('',#2446,#2445);
#2448=CURVE_STYLE('',#47,POSITIVE_LENGTH_MEASURE(2.E-2),#8);
#2449=PRESENTATION_STYLE_ASSIGNMENT((#2448));
#2450=STYLED_ITEM('',(#2449),#2447);
#2451=DIRECTION('',(1.961161351382E-1,9.805806756909E-1,0.E0));
#2452=VECTOR('',#2451,1.748579778282E-2);
#2453=CARTESIAN_POINT('',(-1.75E-1,0.E0,1.6E0));
#2454=LINE('',#2453,#2452);
#2455=CURVE_STYLE('',#47,POSITIVE_LENGTH_MEASURE(2.E-2),#8);
#2456=PRESENTATION_STYLE_ASSIGNMENT((#2455));
#2457=STYLED_ITEM('',(#2456),#2454);
#2458=CARTESIAN_POINT('',(-4.970455488499E-1,1.102277442495E-1,2.E0));
#2459=CARTESIAN_POINT('',(-4.963143203736E-1,1.065716018681E-1,
1.994278423841E0));
#2460=CARTESIAN_POINT('',(-4.957740081795E-1,1.038700408976E-1,
1.988122420392E0));
#2461=CARTESIAN_POINT('',(-4.954271922147E-1,1.021359610735E-1,
1.981526119019E0));
#2463=CURVE_STYLE('',#47,POSITIVE_LENGTH_MEASURE(2.E-2),#8);
#2464=PRESENTATION_STYLE_ASSIGNMENT((#2463));
#2465=STYLED_ITEM('',(#2464),#2462);
#2466=DIRECTION('',(1.961161351382E-1,-9.805806756909E-1,0.E0));
#2467=VECTOR('',#2466,8.667285392780E-2);
#2468=CARTESIAN_POINT('',(-4.954271922147E-1,1.021359610735E-1,
1.981526119019E0));
#2469=LINE('',#2468,#2467);
#2470=CURVE_STYLE('',#47,POSITIVE_LENGTH_MEASURE(2.E-2),#8);
#2471=PRESENTATION_STYLE_ASSIGNMENT((#2470));
#2472=STYLED_ITEM('',(#2471),#2469);
#2473=DIRECTION('',(0.E0,0.E0,1.E0));
#2474=VECTOR('',#2473,3.815261190193E-1);
#2475=CARTESIAN_POINT('',(-4.784292470810E-1,1.714623540487E-2,1.6E0));
#2476=LINE('',#2475,#2474);
#2477=CURVE_STYLE('',#47,POSITIVE_LENGTH_MEASURE(2.E-2),#8);
#2478=PRESENTATION_STYLE_ASSIGNMENT((#2477));
#2479=STYLED_ITEM('',(#2478),#2476);
#2480=DIRECTION('',(0.E0,0.E0,1.E0));
#2481=VECTOR('',#2480,3.815261190193E-1);
#2482=CARTESIAN_POINT('',(4.784292470810E-1,1.714623540487E-2,1.6E0));
#2483=LINE('',#2482,#2481);
#2484=CURVE_STYLE('',#47,POSITIVE_LENGTH_MEASURE(2.E-2),#8);
#2485=PRESENTATION_STYLE_ASSIGNMENT((#2484));
#2486=STYLED_ITEM('',(#2485),#2483);
#2487=DIRECTION('',(-1.961161351382E-1,-9.805806756909E-1,0.E0));
#2488=VECTOR('',#2487,8.667285392780E-2);
#2489=CARTESIAN_POINT('',(4.954271922147E-1,1.021359610735E-1,
1.981526119019E0));
#2490=LINE('',#2489,#2488);
#2491=CURVE_STYLE('',#47,POSITIVE_LENGTH_MEASURE(2.E-2),#8);
#2492=PRESENTATION_STYLE_ASSIGNMENT((#2491));
#2493=STYLED_ITEM('',(#2492),#2490);
#2494=CARTESIAN_POINT('',(4.970455488499E-1,1.102277442495E-1,2.E0));
#2495=CARTESIAN_POINT('',(4.963143203736E-1,1.065716018681E-1,
1.994278423841E0));
#2496=CARTESIAN_POINT('',(4.957740081795E-1,1.038700408976E-1,
1.988122420392E0));
#2497=CARTESIAN_POINT('',(4.954271922147E-1,1.021359610735E-1,
1.981526119019E0));
#2499=CURVE_STYLE('',#47,POSITIVE_LENGTH_MEASURE(2.E-2),#8);
#2500=PRESENTATION_STYLE_ASSIGNMENT((#2499));
#2501=STYLED_ITEM('',(#2500),#2498);
#2502=DIRECTION('',(1.961161351382E-1,-9.805806756909E-1,0.E0));
#2503=VECTOR('',#2502,1.748579778282E-2);
#2504=CARTESIAN_POINT('',(1.715707529190E-1,1.714623540487E-2,1.6E0));
#2505=LINE('',#2504,#2503);
#2506=CURVE_STYLE('',#47,POSITIVE_LENGTH_MEASURE(2.E-2),#8);
#2507=PRESENTATION_STYLE_ASSIGNMENT((#2506));
#2508=STYLED_ITEM('',(#2507),#2505);
#2509=DIRECTION('',(1.E0,0.E0,0.E0));
#2510=VECTOR('',#2509,3.068584941619E-1);
#2511=CARTESIAN_POINT('',(1.715707529190E-1,1.714623540487E-2,1.6E0));
#2512=LINE('',#2511,#2510);
#2513=CURVE_STYLE('',#47,POSITIVE_LENGTH_MEASURE(2.E-2),#8);
#2514=PRESENTATION_STYLE_ASSIGNMENT((#2513));
#2515=STYLED_ITEM('',(#2514),#2512);
#2516=DIRECTION('',(1.961161351382E-1,9.805806756909E-1,0.E0));
#2517=VECTOR('',#2516,1.748579778282E-2);
#2518=CARTESIAN_POINT('',(4.75E-1,0.E0,1.6E0));
#2519=LINE('',#2518,#2517);
#2520=CURVE_STYLE('',#47,POSITIVE_LENGTH_MEASURE(2.E-2),#8);
#2521=PRESENTATION_STYLE_ASSIGNMENT((#2520));
#2522=STYLED_ITEM('',(#2521),#2519);
#2523=CARTESIAN_POINT('',(1.529544511501E-1,1.102277442495E-1,2.E0));
#2524=CARTESIAN_POINT('',(1.536856796264E-1,1.065716018681E-1,
1.994278423841E0));
#2525=CARTESIAN_POINT('',(1.542259918205E-1,1.038700408976E-1,
1.988122420392E0));
#2526=CARTESIAN_POINT('',(1.545728077853E-1,1.021359610735E-1,
1.981526119019E0));
#2528=CURVE_STYLE('',#47,POSITIVE_LENGTH_MEASURE(2.E-2),#8);
#2529=PRESENTATION_STYLE_ASSIGNMENT((#2528));
#2530=STYLED_ITEM('',(#2529),#2527);
#2531=DIRECTION('',(1.961161351382E-1,-9.805806756909E-1,0.E0));
#2532=VECTOR('',#2531,8.667285392780E-2);
#2533=CARTESIAN_POINT('',(1.545728077853E-1,1.021359610735E-1,
1.981526119019E0));
#2534=LINE('',#2533,#2532);
#2535=CURVE_STYLE('',#47,POSITIVE_LENGTH_MEASURE(2.E-2),#8);
#2536=PRESENTATION_STYLE_ASSIGNMENT((#2535));
#2537=STYLED_ITEM('',(#2536),#2534);
#2538=DIRECTION('',(0.E0,0.E0,1.E0));
#2539=VECTOR('',#2538,3.815261190193E-1);
#2540=CARTESIAN_POINT('',(1.715707529190E-1,1.714623540487E-2,1.6E0));
#2541=LINE('',#2540,#2539);
#2542=CURVE_STYLE('',#47,POSITIVE_LENGTH_MEASURE(2.E-2),#8);
#2543=PRESENTATION_STYLE_ASSIGNMENT((#2542));
#2544=STYLED_ITEM('',(#2543),#2541);
#2545=DIRECTION('',(0.E0,0.E0,1.E0));
#2546=VECTOR('',#2545,3.815261190193E-1);
#2547=CARTESIAN_POINT('',(1.128429247081E0,1.714623540487E-2,1.6E0));
#2548=LINE('',#2547,#2546);
#2549=CURVE_STYLE('',#47,POSITIVE_LENGTH_MEASURE(2.E-2),#8);
#2550=PRESENTATION_STYLE_ASSIGNMENT((#2549));
#2551=STYLED_ITEM('',(#2550),#2548);
#2552=DIRECTION('',(-1.961161351382E-1,-9.805806756909E-1,0.E0));
#2553=VECTOR('',#2552,8.667285392780E-2);
#2554=CARTESIAN_POINT('',(1.145427192215E0,1.021359610735E-1,1.981526119019E0));
#2555=LINE('',#2554,#2553);
#2556=CURVE_STYLE('',#47,POSITIVE_LENGTH_MEASURE(2.E-2),#8);
#2557=PRESENTATION_STYLE_ASSIGNMENT((#2556));
#2558=STYLED_ITEM('',(#2557),#2555);
#2559=CARTESIAN_POINT('',(1.147045548850E0,1.102277442495E-1,2.E0));
#2560=CARTESIAN_POINT('',(1.146314320374E0,1.065716018681E-1,1.994278423841E0));
#2561=CARTESIAN_POINT('',(1.145774008180E0,1.038700408976E-1,1.988122420392E0));
#2562=CARTESIAN_POINT('',(1.145427192215E0,1.021359610735E-1,1.981526119019E0));
#2564=CURVE_STYLE('',#47,POSITIVE_LENGTH_MEASURE(2.E-2),#8);
#2565=PRESENTATION_STYLE_ASSIGNMENT((#2564));
#2566=STYLED_ITEM('',(#2565),#2563);
#2567=DIRECTION('',(0.E0,-9.805806756909E-1,1.961161351382E-1));
#2568=VECTOR('',#2567,1.748579778282E-2);
#2569=CARTESIAN_POINT('',(-1.6E0,1.714623540487E-2,-1.128429247081E0));
#2570=LINE('',#2569,#2568);
#2571=CURVE_STYLE('',#47,POSITIVE_LENGTH_MEASURE(2.E-2),#8);
#2572=PRESENTATION_STYLE_ASSIGNMENT((#2571));
#2573=STYLED_ITEM('',(#2572),#2570);
#2574=DIRECTION('',(0.E0,0.E0,1.E0));
#2575=VECTOR('',#2574,3.068584941619E-1);
#2576=CARTESIAN_POINT('',(-1.6E0,1.714623540487E-2,-1.128429247081E0));
#2577=LINE('',#2576,#2575);
#2578=CURVE_STYLE('',#47,POSITIVE_LENGTH_MEASURE(2.E-2),#8);
#2579=PRESENTATION_STYLE_ASSIGNMENT((#2578));
#2580=STYLED_ITEM('',(#2579),#2577);
#2581=DIRECTION('',(0.E0,9.805806756909E-1,1.961161351382E-1));
#2582=VECTOR('',#2581,1.748579778282E-2);
#2583=CARTESIAN_POINT('',(-1.6E0,0.E0,-8.25E-1));
#2584=LINE('',#2583,#2582);
#2585=CURVE_STYLE('',#47,POSITIVE_LENGTH_MEASURE(2.E-2),#8);
#2586=PRESENTATION_STYLE_ASSIGNMENT((#2585));
#2587=STYLED_ITEM('',(#2586),#2584);
#2588=CARTESIAN_POINT('',(-2.E0,1.102277442495E-1,-1.147045548850E0));
#2589=CARTESIAN_POINT('',(-1.996822968767E0,1.081975906321E-1,
-1.146639518126E0));
#2590=CARTESIAN_POINT('',(-1.993490076136E0,1.064541983901E-1,
-1.146290839678E0));
#2591=CARTESIAN_POINT('',(-1.99E0,1.05E-1,-1.146E0));
#2593=CURVE_STYLE('',#47,POSITIVE_LENGTH_MEASURE(2.E-2),#8);
#2594=PRESENTATION_STYLE_ASSIGNMENT((#2593));
#2595=STYLED_ITEM('',(#2594),#2592);
#2596=DIRECTION('',(0.E0,-9.805806756909E-1,1.961161351382E-1));
#2597=VECTOR('',#2596,8.959361200263E-2);
#2598=CARTESIAN_POINT('',(-1.99E0,1.05E-1,-1.146E0));
#2599=LINE('',#2598,#2597);
#2600=CURVE_STYLE('',#47,POSITIVE_LENGTH_MEASURE(2.E-2),#8);
#2601=PRESENTATION_STYLE_ASSIGNMENT((#2600));
#2602=STYLED_ITEM('',(#2601),#2599);
#2603=DIRECTION('',(-1.E0,0.E0,0.E0));
#2604=VECTOR('',#2603,3.9E-1);
#2605=CARTESIAN_POINT('',(-1.6E0,1.714623540487E-2,-1.128429247081E0));
#2606=LINE('',#2605,#2604);
#2607=CURVE_STYLE('',#47,POSITIVE_LENGTH_MEASURE(2.E-2),#8);
#2608=PRESENTATION_STYLE_ASSIGNMENT((#2607));
#2609=STYLED_ITEM('',(#2608),#2606);
#2610=DIRECTION('',(0.E0,0.E0,1.E0));
#2611=VECTOR('',#2610,3.42E-1);
#2612=CARTESIAN_POINT('',(-1.99E0,1.05E-1,-1.146E0));
#2613=LINE('',#2612,#2611);
#2614=CURVE_STYLE('',#47,POSITIVE_LENGTH_MEASURE(2.E-2),#8);
#2615=PRESENTATION_STYLE_ASSIGNMENT((#2614));
#2616=STYLED_ITEM('',(#2615),#2613);
#2617=DIRECTION('',(0.E0,0.E0,1.E0));
#2618=VECTOR('',#2617,3.42E-1);
#2619=CARTESIAN_POINT('',(-1.99E0,1.05E-1,-4.96E-1));
#2620=LINE('',#2619,#2618);
#2621=CURVE_STYLE('',#47,POSITIVE_LENGTH_MEASURE(2.E-2),#8);
#2622=PRESENTATION_STYLE_ASSIGNMENT((#2621));
#2623=STYLED_ITEM('',(#2622),#2620);
#2624=DIRECTION('',(0.E0,0.E0,1.E0));
#2625=VECTOR('',#2624,3.42E-1);
#2626=CARTESIAN_POINT('',(-1.99E0,1.05E-1,1.54E-1));
#2627=LINE('',#2626,#2625);
#2628=CURVE_STYLE('',#47,POSITIVE_LENGTH_MEASURE(2.E-2),#8);
#2629=PRESENTATION_STYLE_ASSIGNMENT((#2628));
#2630=STYLED_ITEM('',(#2629),#2627);
#2631=DIRECTION('',(0.E0,0.E0,1.E0));
#2632=VECTOR('',#2631,3.42E-1);
#2633=CARTESIAN_POINT('',(-1.99E0,1.05E-1,8.04E-1));
#2634=LINE('',#2633,#2632);
#2635=CURVE_STYLE('',#47,POSITIVE_LENGTH_MEASURE(2.E-2),#8);
#2636=PRESENTATION_STYLE_ASSIGNMENT((#2635));
#2637=STYLED_ITEM('',(#2636),#2634);
#2638=DIRECTION('',(-1.E0,0.E0,0.E0));
#2639=VECTOR('',#2638,3.9E-1);
#2640=CARTESIAN_POINT('',(-1.6E0,1.714623540487E-2,-8.215707529190E-1));
#2641=LINE('',#2640,#2639);
#2642=CURVE_STYLE('',#47,POSITIVE_LENGTH_MEASURE(2.E-2),#8);
#2643=PRESENTATION_STYLE_ASSIGNMENT((#2642));
#2644=STYLED_ITEM('',(#2643),#2641);
#2645=DIRECTION('',(0.E0,-9.805806756909E-1,-1.961161351382E-1));
#2646=VECTOR('',#2645,8.959361200263E-2);
#2647=CARTESIAN_POINT('',(-1.99E0,1.05E-1,-8.04E-1));
#2648=LINE('',#2647,#2646);
#2649=CURVE_STYLE('',#47,POSITIVE_LENGTH_MEASURE(2.E-2),#8);
#2650=PRESENTATION_STYLE_ASSIGNMENT((#2649));
#2651=STYLED_ITEM('',(#2650),#2648);
#2652=CARTESIAN_POINT('',(-2.E0,1.102277442495E-1,-8.029544511501E-1));
#2653=CARTESIAN_POINT('',(-1.996822968767E0,1.081975906321E-1,
-8.033604818736E-1));
#2654=CARTESIAN_POINT('',(-1.993490076136E0,1.064541983901E-1,
-8.037091603220E-1));
#2655=CARTESIAN_POINT('',(-1.99E0,1.05E-1,-8.04E-1));
#2657=CURVE_STYLE('',#47,POSITIVE_LENGTH_MEASURE(2.E-2),#8);
#2658=PRESENTATION_STYLE_ASSIGNMENT((#2657));
#2659=STYLED_ITEM('',(#2658),#2656);
#2660=DIRECTION('',(-1.E0,0.E0,0.E0));
#2661=VECTOR('',#2660,3.9E-1);
#2662=CARTESIAN_POINT('',(-1.6E0,1.714623540487E-2,-1.715707529190E-1));
#2663=LINE('',#2662,#2661);
#2664=CURVE_STYLE('',#47,POSITIVE_LENGTH_MEASURE(2.E-2),#8);
#2665=PRESENTATION_STYLE_ASSIGNMENT((#2664));
#2666=STYLED_ITEM('',(#2665),#2663);
#2667=DIRECTION('',(0.E0,-9.805806756909E-1,-1.961161351382E-1));
#2668=VECTOR('',#2667,8.959361200263E-2);
#2669=CARTESIAN_POINT('',(-1.99E0,1.05E-1,-1.54E-1));
#2670=LINE('',#2669,#2668);
#2671=CURVE_STYLE('',#47,POSITIVE_LENGTH_MEASURE(2.E-2),#8);
#2672=PRESENTATION_STYLE_ASSIGNMENT((#2671));
#2673=STYLED_ITEM('',(#2672),#2670);
#2674=CARTESIAN_POINT('',(-2.E0,1.102277442495E-1,-1.529544511501E-1));
#2675=CARTESIAN_POINT('',(-1.996822968767E0,1.081975906321E-1,
-1.533604818736E-1));
#2676=CARTESIAN_POINT('',(-1.993490076136E0,1.064541983901E-1,
-1.537091603220E-1));
#2677=CARTESIAN_POINT('',(-1.99E0,1.05E-1,-1.54E-1));
#2679=CURVE_STYLE('',#47,POSITIVE_LENGTH_MEASURE(2.E-2),#8);
#2680=PRESENTATION_STYLE_ASSIGNMENT((#2679));
#2681=STYLED_ITEM('',(#2680),#2678);
#2682=DIRECTION('',(0.E0,-9.805806756909E-1,1.961161351382E-1));
#2683=VECTOR('',#2682,1.748579778282E-2);
#2684=CARTESIAN_POINT('',(-1.6E0,1.714623540487E-2,-4.784292470810E-1));
#2685=LINE('',#2684,#2683);
#2686=CURVE_STYLE('',#47,POSITIVE_LENGTH_MEASURE(2.E-2),#8);
#2687=PRESENTATION_STYLE_ASSIGNMENT((#2686));
#2688=STYLED_ITEM('',(#2687),#2685);
#2689=DIRECTION('',(0.E0,0.E0,1.E0));
#2690=VECTOR('',#2689,3.068584941619E-1);
#2691=CARTESIAN_POINT('',(-1.6E0,1.714623540487E-2,-4.784292470810E-1));
#2692=LINE('',#2691,#2690);
#2693=CURVE_STYLE('',#47,POSITIVE_LENGTH_MEASURE(2.E-2),#8);
#2694=PRESENTATION_STYLE_ASSIGNMENT((#2693));
#2695=STYLED_ITEM('',(#2694),#2692);
#2696=DIRECTION('',(0.E0,9.805806756909E-1,1.961161351382E-1));
#2697=VECTOR('',#2696,1.748579778282E-2);
#2698=CARTESIAN_POINT('',(-1.6E0,0.E0,-1.75E-1));
#2699=LINE('',#2698,#2697);
#2700=CURVE_STYLE('',#47,POSITIVE_LENGTH_MEASURE(2.E-2),#8);
#2701=PRESENTATION_STYLE_ASSIGNMENT((#2700));
#2702=STYLED_ITEM('',(#2701),#2699);
#2703=CARTESIAN_POINT('',(-2.E0,1.102277442495E-1,-4.970455488499E-1));
#2704=CARTESIAN_POINT('',(-1.996822968767E0,1.081975906321E-1,
-4.966395181264E-1));
#2705=CARTESIAN_POINT('',(-1.993490076136E0,1.064541983901E-1,
-4.962908396780E-1));
#2706=CARTESIAN_POINT('',(-1.99E0,1.05E-1,-4.96E-1));
#2708=CURVE_STYLE('',#47,POSITIVE_LENGTH_MEASURE(2.E-2),#8);
#2709=PRESENTATION_STYLE_ASSIGNMENT((#2708));
#2710=STYLED_ITEM('',(#2709),#2707);
#2711=DIRECTION('',(0.E0,-9.805806756909E-1,1.961161351382E-1));
#2712=VECTOR('',#2711,8.959361200263E-2);
#2713=CARTESIAN_POINT('',(-1.99E0,1.05E-1,-4.96E-1));
#2714=LINE('',#2713,#2712);
#2715=CURVE_STYLE('',#47,POSITIVE_LENGTH_MEASURE(2.E-2),#8);
#2716=PRESENTATION_STYLE_ASSIGNMENT((#2715));
#2717=STYLED_ITEM('',(#2716),#2714);
#2718=DIRECTION('',(-1.E0,0.E0,0.E0));
#2719=VECTOR('',#2718,3.9E-1);
#2720=CARTESIAN_POINT('',(-1.6E0,1.714623540487E-2,-4.784292470810E-1));
#2721=LINE('',#2720,#2719);
#2722=CURVE_STYLE('',#47,POSITIVE_LENGTH_MEASURE(2.E-2),#8);
#2723=PRESENTATION_STYLE_ASSIGNMENT((#2722));
#2724=STYLED_ITEM('',(#2723),#2721);
#2725=DIRECTION('',(-1.E0,0.E0,0.E0));
#2726=VECTOR('',#2725,3.9E-1);
#2727=CARTESIAN_POINT('',(-1.6E0,1.714623540487E-2,4.784292470810E-1));
#2728=LINE('',#2727,#2726);
#2729=CURVE_STYLE('',#47,POSITIVE_LENGTH_MEASURE(2.E-2),#8);
#2730=PRESENTATION_STYLE_ASSIGNMENT((#2729));
#2731=STYLED_ITEM('',(#2730),#2728);
#2732=DIRECTION('',(0.E0,-9.805806756909E-1,-1.961161351382E-1));
#2733=VECTOR('',#2732,8.959361200263E-2);
#2734=CARTESIAN_POINT('',(-1.99E0,1.05E-1,4.96E-1));
#2735=LINE('',#2734,#2733);
#2736=CURVE_STYLE('',#47,POSITIVE_LENGTH_MEASURE(2.E-2),#8);
#2737=PRESENTATION_STYLE_ASSIGNMENT((#2736));
#2738=STYLED_ITEM('',(#2737),#2735);
#2739=CARTESIAN_POINT('',(-2.E0,1.102277442495E-1,4.970455488499E-1));
#2740=CARTESIAN_POINT('',(-1.996822968767E0,1.081975906321E-1,
4.966395181264E-1));
#2741=CARTESIAN_POINT('',(-1.993490076136E0,1.064541983901E-1,
4.962908396780E-1));
#2742=CARTESIAN_POINT('',(-1.99E0,1.05E-1,4.96E-1));
#2744=CURVE_STYLE('',#47,POSITIVE_LENGTH_MEASURE(2.E-2),#8);
#2745=PRESENTATION_STYLE_ASSIGNMENT((#2744));
#2746=STYLED_ITEM('',(#2745),#2743);
#2747=DIRECTION('',(0.E0,-9.805806756909E-1,1.961161351382E-1));
#2748=VECTOR('',#2747,1.748579778282E-2);
#2749=CARTESIAN_POINT('',(-1.6E0,1.714623540487E-2,1.715707529190E-1));
#2750=LINE('',#2749,#2748);
#2751=CURVE_STYLE('',#47,POSITIVE_LENGTH_MEASURE(2.E-2),#8);
#2752=PRESENTATION_STYLE_ASSIGNMENT((#2751));
#2753=STYLED_ITEM('',(#2752),#2750);
#2754=DIRECTION('',(0.E0,0.E0,1.E0));
#2755=VECTOR('',#2754,3.068584941619E-1);
#2756=CARTESIAN_POINT('',(-1.6E0,1.714623540487E-2,1.715707529190E-1));
#2757=LINE('',#2756,#2755);
#2758=CURVE_STYLE('',#47,POSITIVE_LENGTH_MEASURE(2.E-2),#8);
#2759=PRESENTATION_STYLE_ASSIGNMENT((#2758));
#2760=STYLED_ITEM('',(#2759),#2757);
#2761=DIRECTION('',(0.E0,9.805806756909E-1,1.961161351382E-1));
#2762=VECTOR('',#2761,1.748579778282E-2);
#2763=CARTESIAN_POINT('',(-1.6E0,0.E0,4.75E-1));
#2764=LINE('',#2763,#2762);
#2765=CURVE_STYLE('',#47,POSITIVE_LENGTH_MEASURE(2.E-2),#8);
#2766=PRESENTATION_STYLE_ASSIGNMENT((#2765));
#2767=STYLED_ITEM('',(#2766),#2764);
#2768=CARTESIAN_POINT('',(-2.E0,1.102277442495E-1,1.529544511501E-1));
#2769=CARTESIAN_POINT('',(-1.996822968767E0,1.081975906321E-1,
1.533604818736E-1));
#2770=CARTESIAN_POINT('',(-1.993490076136E0,1.064541983901E-1,
1.537091603220E-1));
#2771=CARTESIAN_POINT('',(-1.99E0,1.05E-1,1.54E-1));
#2773=CURVE_STYLE('',#47,POSITIVE_LENGTH_MEASURE(2.E-2),#8);
#2774=PRESENTATION_STYLE_ASSIGNMENT((#2773));
#2775=STYLED_ITEM('',(#2774),#2772);
#2776=DIRECTION('',(0.E0,-9.805806756909E-1,1.961161351382E-1));
#2777=VECTOR('',#2776,8.959361200263E-2);
#2778=CARTESIAN_POINT('',(-1.99E0,1.05E-1,1.54E-1));
#2779=LINE('',#2778,#2777);
#2780=CURVE_STYLE('',#47,POSITIVE_LENGTH_MEASURE(2.E-2),#8);
#2781=PRESENTATION_STYLE_ASSIGNMENT((#2780));
#2782=STYLED_ITEM('',(#2781),#2779);
#2783=DIRECTION('',(-1.E0,0.E0,0.E0));
#2784=VECTOR('',#2783,3.9E-1);
#2785=CARTESIAN_POINT('',(-1.6E0,1.714623540487E-2,1.715707529190E-1));
#2786=LINE('',#2785,#2784);
#2787=CURVE_STYLE('',#47,POSITIVE_LENGTH_MEASURE(2.E-2),#8);
#2788=PRESENTATION_STYLE_ASSIGNMENT((#2787));
#2789=STYLED_ITEM('',(#2788),#2786);
#2790=DIRECTION('',(-1.E0,0.E0,0.E0));
#2791=VECTOR('',#2790,3.9E-1);
#2792=CARTESIAN_POINT('',(-1.6E0,1.714623540487E-2,1.128429247081E0));
#2793=LINE('',#2792,#2791);
#2794=CURVE_STYLE('',#47,POSITIVE_LENGTH_MEASURE(2.E-2),#8);
#2795=PRESENTATION_STYLE_ASSIGNMENT((#2794));
#2796=STYLED_ITEM('',(#2795),#2793);
#2797=DIRECTION('',(0.E0,-9.805806756909E-1,-1.961161351382E-1));
#2798=VECTOR('',#2797,8.959361200263E-2);
#2799=CARTESIAN_POINT('',(-1.99E0,1.05E-1,1.146E0));
#2800=LINE('',#2799,#2798);
#2801=CURVE_STYLE('',#47,POSITIVE_LENGTH_MEASURE(2.E-2),#8);
#2802=PRESENTATION_STYLE_ASSIGNMENT((#2801));
#2803=STYLED_ITEM('',(#2802),#2800);
#2804=CARTESIAN_POINT('',(-2.E0,1.102277442495E-1,1.147045548850E0));
#2805=CARTESIAN_POINT('',(-1.996822968767E0,1.081975906321E-1,
1.146639518126E0));
#2806=CARTESIAN_POINT('',(-1.993490076136E0,1.064541983901E-1,
1.146290839678E0));
#2807=CARTESIAN_POINT('',(-1.99E0,1.05E-1,1.146E0));
#2809=CURVE_STYLE('',#47,POSITIVE_LENGTH_MEASURE(2.E-2),#8);
#2810=PRESENTATION_STYLE_ASSIGNMENT((#2809));
#2811=STYLED_ITEM('',(#2810),#2808);
#2812=DIRECTION('',(0.E0,-9.805806756909E-1,1.961161351382E-1));
#2813=VECTOR('',#2812,1.748579778282E-2);
#2814=CARTESIAN_POINT('',(-1.6E0,1.714623540487E-2,8.215707529190E-1));
#2815=LINE('',#2814,#2813);
#2816=CURVE_STYLE('',#47,POSITIVE_LENGTH_MEASURE(2.E-2),#8);
#2817=PRESENTATION_STYLE_ASSIGNMENT((#2816));
#2818=STYLED_ITEM('',(#2817),#2815);
#2819=DIRECTION('',(0.E0,0.E0,1.E0));
#2820=VECTOR('',#2819,3.068584941619E-1);
#2821=CARTESIAN_POINT('',(-1.6E0,1.714623540487E-2,8.215707529190E-1));
#2822=LINE('',#2821,#2820);
#2823=CURVE_STYLE('',#47,POSITIVE_LENGTH_MEASURE(2.E-2),#8);
#2824=PRESENTATION_STYLE_ASSIGNMENT((#2823));
#2825=STYLED_ITEM('',(#2824),#2822);
#2826=DIRECTION('',(0.E0,9.805806756909E-1,1.961161351382E-1));
#2827=VECTOR('',#2826,1.748579778282E-2);
#2828=CARTESIAN_POINT('',(-1.6E0,0.E0,1.125E0));
#2829=LINE('',#2828,#2827);
#2830=CURVE_STYLE('',#47,POSITIVE_LENGTH_MEASURE(2.E-2),#8);
#2831=PRESENTATION_STYLE_ASSIGNMENT((#2830));
#2832=STYLED_ITEM('',(#2831),#2829);
#2833=CARTESIAN_POINT('',(-2.E0,1.102277442495E-1,8.029544511501E-1));
#2834=CARTESIAN_POINT('',(-1.996822968767E0,1.081975906321E-1,
8.033604818736E-1));
#2835=CARTESIAN_POINT('',(-1.993490076136E0,1.064541983901E-1,
8.037091603220E-1));
#2836=CARTESIAN_POINT('',(-1.99E0,1.05E-1,8.04E-1));
#2838=CURVE_STYLE('',#47,POSITIVE_LENGTH_MEASURE(2.E-2),#8);
#2839=PRESENTATION_STYLE_ASSIGNMENT((#2838));
#2840=STYLED_ITEM('',(#2839),#2837);
#2841=DIRECTION('',(0.E0,-9.805806756909E-1,1.961161351382E-1));
#2842=VECTOR('',#2841,8.959361200263E-2);
#2843=CARTESIAN_POINT('',(-1.99E0,1.05E-1,8.04E-1));
#2844=LINE('',#2843,#2842);
#2845=CURVE_STYLE('',#47,POSITIVE_LENGTH_MEASURE(2.E-2),#8);
#2846=PRESENTATION_STYLE_ASSIGNMENT((#2845));
#2847=STYLED_ITEM('',(#2846),#2844);
#2848=DIRECTION('',(-1.E0,0.E0,0.E0));
#2849=VECTOR('',#2848,3.9E-1);
#2850=CARTESIAN_POINT('',(-1.6E0,1.714623540487E-2,8.215707529190E-1));
#2851=LINE('',#2850,#2849);
#2852=CURVE_STYLE('',#47,POSITIVE_LENGTH_MEASURE(2.E-2),#8);
#2853=PRESENTATION_STYLE_ASSIGNMENT((#2852));
#2854=STYLED_ITEM('',(#2853),#2851);
#2855=DIRECTION('',(-1.567284108143E-6,0.E0,9.999999999988E-1));
#2856=VECTOR('',#2855,2.350669214808E0);
#2857=CARTESIAN_POINT('',(1.301480863134E0,1.714623540487E-2,
-1.049192037330E0));
#2858=LINE('',#2857,#2856);
#2859=CURVE_STYLE('',#47,POSITIVE_LENGTH_MEASURE(2.E-2),#8);
#2860=PRESENTATION_STYLE_ASSIGNMENT((#2859));
#2861=STYLED_ITEM('',(#2860),#2858);
#2862=CARTESIAN_POINT('',(1.049192037330E0,1.714623540487E-2,
-1.301480863134E0));
#2863=CARTESIAN_POINT('',(1.048986683810E0,1.429126417396E-2,
-1.300983524306E0));
#2864=CARTESIAN_POINT('',(1.048681371749E0,8.563803336662E-3,
-1.300241146073E0));
#2865=CARTESIAN_POINT('',(1.048580120981E0,2.845906813708E-3,
-1.299998522782E0));
#2866=CARTESIAN_POINT('',(1.048578643763E0,0.E0,-1.3E0));
#2868=CURVE_STYLE('',#47,POSITIVE_LENGTH_MEASURE(2.E-2),#8);
#2869=PRESENTATION_STYLE_ASSIGNMENT((#2868));
#2870=STYLED_ITEM('',(#2869),#2867);
#2871=DIRECTION('',(7.071067811865E-1,0.E0,7.071067811865E-1));
#2872=VECTOR('',#2871,3.567902790863E-1);
#2873=CARTESIAN_POINT('',(1.049192037330E0,1.714623540487E-2,
-1.301480863134E0));
#2874=LINE('',#2873,#2872);
#2875=CURVE_STYLE('',#47,POSITIVE_LENGTH_MEASURE(2.E-2),#8);
#2876=PRESENTATION_STYLE_ASSIGNMENT((#2875));
#2877=STYLED_ITEM('',(#2876),#2874);
#2878=CARTESIAN_POINT('',(1.301480863134E0,1.714623540487E-2,
-1.049192037330E0));
#2879=CARTESIAN_POINT('',(1.300983524306E0,1.429126417396E-2,
-1.048986683810E0));
#2880=CARTESIAN_POINT('',(1.300241146073E0,8.563803336662E-3,
-1.048681371749E0));
#2881=CARTESIAN_POINT('',(1.299998522782E0,2.845906813708E-3,
-1.048580120981E0));
#2882=CARTESIAN_POINT('',(1.3E0,0.E0,-1.048578643763E0));
#2884=CURVE_STYLE('',#47,POSITIVE_LENGTH_MEASURE(2.E-2),#8);
#2885=PRESENTATION_STYLE_ASSIGNMENT((#2884));
#2886=STYLED_ITEM('',(#2885),#2883);
#2887=CARTESIAN_POINT('',(-1.301477178967E0,1.714623540487E-2,
-1.301477177475E0));
#2888=CARTESIAN_POINT('',(-1.300978029215E0,1.425781571729E-2,
-1.300974477588E0));
#2889=CARTESIAN_POINT('',(-1.300222672875E0,8.496021605914E-3,
-1.300239210030E0));
#2890=CARTESIAN_POINT('',(-1.299990740713E0,2.811955561829E-3,-1.3E0));
#2891=CARTESIAN_POINT('',(-1.3E0,0.E0,-1.3E0));
#2893=CURVE_STYLE('',#47,POSITIVE_LENGTH_MEASURE(2.E-2),#8);
#2894=PRESENTATION_STYLE_ASSIGNMENT((#2893));
#2895=STYLED_ITEM('',(#2894),#2892);
#2896=DIRECTION('',(9.999999999988E-1,0.E0,-1.567919132052E-6));
#2897=VECTOR('',#2896,2.350669216301E0);
#2898=CARTESIAN_POINT('',(-1.301477178967E0,1.714623540487E-2,
-1.301477177475E0));
#2899=LINE('',#2898,#2897);
#2900=CURVE_STYLE('',#47,POSITIVE_LENGTH_MEASURE(2.E-2),#8);
#2901=PRESENTATION_STYLE_ASSIGNMENT((#2900));
#2902=STYLED_ITEM('',(#2901),#2899);
#2903=CARTESIAN_POINT('',(-1.301477177475E0,1.714623540487E-2,
1.301477178967E0));
#2904=CARTESIAN_POINT('',(-1.300974477588E0,1.425781571729E-2,
1.300978029215E0));
#2905=CARTESIAN_POINT('',(-1.300239210030E0,8.496021605914E-3,
1.300222672875E0));
#2906=CARTESIAN_POINT('',(-1.3E0,2.811955561829E-3,1.299990740713E0));
#2907=CARTESIAN_POINT('',(-1.3E0,0.E0,1.3E0));
#2909=CURVE_STYLE('',#47,POSITIVE_LENGTH_MEASURE(2.E-2),#8);
#2910=PRESENTATION_STYLE_ASSIGNMENT((#2909));
#2911=STYLED_ITEM('',(#2910),#2908);
#2912=DIRECTION('',(-5.734766299976E-10,0.E0,-1.E0));
#2913=VECTOR('',#2912,2.602954356442E0);
#2914=CARTESIAN_POINT('',(-1.301477177475E0,1.714623540487E-2,
1.301477178967E0));
#2915=LINE('',#2914,#2913);
#2916=CURVE_STYLE('',#47,POSITIVE_LENGTH_MEASURE(2.E-2),#8);
#2917=PRESENTATION_STYLE_ASSIGNMENT((#2916));
#2918=STYLED_ITEM('',(#2917),#2915);
#2919=CARTESIAN_POINT('',(1.301477178967E0,1.714623540487E-2,1.301477177475E0));
#2920=CARTESIAN_POINT('',(1.300978029215E0,1.425781571729E-2,1.300974477588E0));
#2921=CARTESIAN_POINT('',(1.300222672875E0,8.496021605914E-3,1.300239210030E0));
#2922=CARTESIAN_POINT('',(1.299990740713E0,2.811955561829E-3,1.3E0));
#2923=CARTESIAN_POINT('',(1.3E0,0.E0,1.3E0));
#2925=CURVE_STYLE('',#47,POSITIVE_LENGTH_MEASURE(2.E-2),#8);
#2926=PRESENTATION_STYLE_ASSIGNMENT((#2925));
#2927=STYLED_ITEM('',(#2926),#2924);
#2928=DIRECTION('',(-1.E0,0.E0,5.734766299976E-10));
#2929=VECTOR('',#2928,2.602954356442E0);
#2930=CARTESIAN_POINT('',(1.301477178967E0,1.714623540487E-2,1.301477177475E0));
#2931=LINE('',#2930,#2929);
#2932=CURVE_STYLE('',#47,POSITIVE_LENGTH_MEASURE(2.E-2),#8);
#2933=PRESENTATION_STYLE_ASSIGNMENT((#2932));
#2934=STYLED_ITEM('',(#2933),#2931);
#2935=DIRECTION('',(0.E0,0.E0,1.E0));
#2936=VECTOR('',#2935,4.E0);
#2937=CARTESIAN_POINT('',(-2.E0,8.E-1,-2.E0));
#2938=LINE('',#2937,#2936);
#2939=CURVE_STYLE('',#47,POSITIVE_LENGTH_MEASURE(2.E-2),#8);
#2940=PRESENTATION_STYLE_ASSIGNMENT((#2939));
#2941=STYLED_ITEM('',(#2940),#2938);
#2942=DIRECTION('',(-1.E0,0.E0,0.E0));
#2943=VECTOR('',#2942,4.E0);
#2944=CARTESIAN_POINT('',(2.E0,8.E-1,-2.E0));
#2945=LINE('',#2944,#2943);
#2946=CURVE_STYLE('',#47,POSITIVE_LENGTH_MEASURE(2.E-2),#8);
#2947=PRESENTATION_STYLE_ASSIGNMENT((#2946));
#2948=STYLED_ITEM('',(#2947),#2945);
#2949=DIRECTION('',(0.E0,0.E0,-1.E0));
#2950=VECTOR('',#2949,4.E0);
#2951=CARTESIAN_POINT('',(2.E0,8.E-1,2.E0));
#2952=LINE('',#2951,#2950);
#2953=CURVE_STYLE('',#47,POSITIVE_LENGTH_MEASURE(2.E-2),#8);
#2954=PRESENTATION_STYLE_ASSIGNMENT((#2953));
#2955=STYLED_ITEM('',(#2954),#2952);
#2956=DIRECTION('',(1.E0,0.E0,0.E0));
#2957=VECTOR('',#2956,4.E0);
#2958=CARTESIAN_POINT('',(-2.E0,8.E-1,2.E0));
#2959=LINE('',#2958,#2957);
#2960=CURVE_STYLE('',#47,POSITIVE_LENGTH_MEASURE(2.E-2),#8);
#2961=PRESENTATION_STYLE_ASSIGNMENT((#2960));
#2962=STYLED_ITEM('',(#2961),#2959);
#2963=CARTESIAN_POINT('',(-2.E0,8.E-1,-2.E0));
#2964=CARTESIAN_POINT('',(-2.E0,8.E-1,2.E0));
#2965=VERTEX_POINT('',#2963);
#2966=VERTEX_POINT('',#2964);
#2967=CARTESIAN_POINT('',(2.E0,8.E-1,2.E0));
#2968=VERTEX_POINT('',#2967);
#2969=CARTESIAN_POINT('',(2.E0,8.E-1,-2.E0));
#2970=VERTEX_POINT('',#2969);
#2971=CARTESIAN_POINT('',(-2.E0,0.E0,-2.E0));
#2972=VERTEX_POINT('',#2971);
#2973=CARTESIAN_POINT('',(-2.E0,0.E0,2.E0));
#2974=VERTEX_POINT('',#2973);
#2975=CARTESIAN_POINT('',(2.E0,0.E0,2.E0));
#2976=VERTEX_POINT('',#2975);
#2977=CARTESIAN_POINT('',(2.E0,0.E0,-2.E0));
#2978=VERTEX_POINT('',#2977);
#2979=CARTESIAN_POINT('',(8.25E-1,0.E0,-1.6E0));
#2980=CARTESIAN_POINT('',(1.125E0,0.E0,-1.6E0));
#2981=VERTEX_POINT('',#2979);
#2982=VERTEX_POINT('',#2980);
#2983=CARTESIAN_POINT('',(8.25E-1,0.E0,-2.E0));
#2984=VERTEX_POINT('',#2983);
#2985=CARTESIAN_POINT('',(1.125E0,0.E0,-2.E0));
#2986=VERTEX_POINT('',#2985);
#2987=CARTESIAN_POINT('',(1.75E-1,0.E0,-1.6E0));
#2988=CARTESIAN_POINT('',(4.75E-1,0.E0,-1.6E0));
#2989=VERTEX_POINT('',#2987);
#2990=VERTEX_POINT('',#2988);
#2991=CARTESIAN_POINT('',(1.75E-1,0.E0,-2.E0));
#2992=VERTEX_POINT('',#2991);
#2993=CARTESIAN_POINT('',(4.75E-1,0.E0,-2.E0));
#2994=VERTEX_POINT('',#2993);
#2995=CARTESIAN_POINT('',(-4.75E-1,0.E0,-1.6E0));
#2996=CARTESIAN_POINT('',(-1.75E-1,0.E0,-1.6E0));
#2997=VERTEX_POINT('',#2995);
#2998=VERTEX_POINT('',#2996);
#2999=CARTESIAN_POINT('',(-4.75E-1,0.E0,-2.E0));
#3000=VERTEX_POINT('',#2999);
#3001=CARTESIAN_POINT('',(-1.75E-1,0.E0,-2.E0));
#3002=VERTEX_POINT('',#3001);
#3003=CARTESIAN_POINT('',(-1.125E0,0.E0,-1.6E0));
#3004=CARTESIAN_POINT('',(-8.25E-1,0.E0,-1.6E0));
#3005=VERTEX_POINT('',#3003);
#3006=VERTEX_POINT('',#3004);
#3007=CARTESIAN_POINT('',(-1.125E0,0.E0,-2.E0));
#3008=VERTEX_POINT('',#3007);
#3009=CARTESIAN_POINT('',(-8.25E-1,0.E0,-2.E0));
#3010=VERTEX_POINT('',#3009);
#3011=CARTESIAN_POINT('',(1.6E0,0.E0,-1.125E0));
#3012=CARTESIAN_POINT('',(1.6E0,0.E0,-8.25E-1));
#3013=VERTEX_POINT('',#3011);
#3014=VERTEX_POINT('',#3012);
#3015=CARTESIAN_POINT('',(2.E0,0.E0,-1.125E0));
#3016=VERTEX_POINT('',#3015);
#3017=CARTESIAN_POINT('',(2.E0,0.E0,-8.25E-1));
#3018=VERTEX_POINT('',#3017);
#3019=CARTESIAN_POINT('',(1.6E0,0.E0,-4.75E-1));
#3020=CARTESIAN_POINT('',(1.6E0,0.E0,-1.75E-1));
#3021=VERTEX_POINT('',#3019);
#3022=VERTEX_POINT('',#3020);
#3023=CARTESIAN_POINT('',(2.E0,0.E0,-4.75E-1));
#3024=VERTEX_POINT('',#3023);
#3025=CARTESIAN_POINT('',(2.E0,0.E0,-1.75E-1));
#3026=VERTEX_POINT('',#3025);
#3027=CARTESIAN_POINT('',(1.6E0,0.E0,1.75E-1));
#3028=CARTESIAN_POINT('',(1.6E0,0.E0,4.75E-1));
#3029=VERTEX_POINT('',#3027);
#3030=VERTEX_POINT('',#3028);
#3031=CARTESIAN_POINT('',(2.E0,0.E0,1.75E-1));
#3032=VERTEX_POINT('',#3031);
#3033=CARTESIAN_POINT('',(2.E0,0.E0,4.75E-1));
#3034=VERTEX_POINT('',#3033);
#3035=CARTESIAN_POINT('',(1.6E0,0.E0,8.25E-1));
#3036=CARTESIAN_POINT('',(1.6E0,0.E0,1.125E0));
#3037=VERTEX_POINT('',#3035);
#3038=VERTEX_POINT('',#3036);
#3039=CARTESIAN_POINT('',(2.E0,0.E0,8.25E-1));
#3040=VERTEX_POINT('',#3039);
#3041=CARTESIAN_POINT('',(2.E0,0.E0,1.125E0));
#3042=VERTEX_POINT('',#3041);
#3043=CARTESIAN_POINT('',(8.25E-1,0.E0,1.6E0));
#3044=CARTESIAN_POINT('',(1.125E0,0.E0,1.6E0));
#3045=VERTEX_POINT('',#3043);
#3046=VERTEX_POINT('',#3044);
#3047=CARTESIAN_POINT('',(8.25E-1,0.E0,2.E0));
#3048=VERTEX_POINT('',#3047);
#3049=CARTESIAN_POINT('',(1.125E0,0.E0,2.E0));
#3050=VERTEX_POINT('',#3049);
#3051=CARTESIAN_POINT('',(1.75E-1,0.E0,1.6E0));
#3052=CARTESIAN_POINT('',(4.75E-1,0.E0,1.6E0));
#3053=VERTEX_POINT('',#3051);
#3054=VERTEX_POINT('',#3052);
#3055=CARTESIAN_POINT('',(1.75E-1,0.E0,2.E0));
#3056=VERTEX_POINT('',#3055);
#3057=CARTESIAN_POINT('',(4.75E-1,0.E0,2.E0));
#3058=VERTEX_POINT('',#3057);
#3059=CARTESIAN_POINT('',(-4.75E-1,0.E0,1.6E0));
#3060=CARTESIAN_POINT('',(-1.75E-1,0.E0,1.6E0));
#3061=VERTEX_POINT('',#3059);
#3062=VERTEX_POINT('',#3060);
#3063=CARTESIAN_POINT('',(-4.75E-1,0.E0,2.E0));
#3064=VERTEX_POINT('',#3063);
#3065=CARTESIAN_POINT('',(-1.75E-1,0.E0,2.E0));
#3066=VERTEX_POINT('',#3065);
#3067=CARTESIAN_POINT('',(-1.125E0,0.E0,1.6E0));
#3068=CARTESIAN_POINT('',(-8.25E-1,0.E0,1.6E0));
#3069=VERTEX_POINT('',#3067);
#3070=VERTEX_POINT('',#3068);
#3071=CARTESIAN_POINT('',(-1.125E0,0.E0,2.E0));
#3072=VERTEX_POINT('',#3071);
#3073=CARTESIAN_POINT('',(-8.25E-1,0.E0,2.E0));
#3074=VERTEX_POINT('',#3073);
#3075=CARTESIAN_POINT('',(-1.6E0,0.E0,-1.125E0));
#3076=CARTESIAN_POINT('',(-1.6E0,0.E0,-8.25E-1));
#3077=VERTEX_POINT('',#3075);
#3078=VERTEX_POINT('',#3076);
#3079=CARTESIAN_POINT('',(-2.E0,0.E0,-1.125E0));
#3080=VERTEX_POINT('',#3079);
#3081=CARTESIAN_POINT('',(-2.E0,0.E0,-8.25E-1));
#3082=VERTEX_POINT('',#3081);
#3083=CARTESIAN_POINT('',(-1.6E0,0.E0,-4.75E-1));
#3084=CARTESIAN_POINT('',(-1.6E0,0.E0,-1.75E-1));
#3085=VERTEX_POINT('',#3083);
#3086=VERTEX_POINT('',#3084);
#3087=CARTESIAN_POINT('',(-2.E0,0.E0,-4.75E-1));
#3088=VERTEX_POINT('',#3087);
#3089=CARTESIAN_POINT('',(-2.E0,0.E0,-1.75E-1));
#3090=VERTEX_POINT('',#3089);
#3091=CARTESIAN_POINT('',(-1.6E0,0.E0,1.75E-1));
#3092=CARTESIAN_POINT('',(-1.6E0,0.E0,4.75E-1));
#3093=VERTEX_POINT('',#3091);
#3094=VERTEX_POINT('',#3092);
#3095=CARTESIAN_POINT('',(-2.E0,0.E0,1.75E-1));
#3096=VERTEX_POINT('',#3095);
#3097=CARTESIAN_POINT('',(-2.E0,0.E0,4.75E-1));
#3098=VERTEX_POINT('',#3097);
#3099=CARTESIAN_POINT('',(-1.6E0,0.E0,8.25E-1));
#3100=CARTESIAN_POINT('',(-1.6E0,0.E0,1.125E0));
#3101=VERTEX_POINT('',#3099);
#3102=VERTEX_POINT('',#3100);
#3103=CARTESIAN_POINT('',(-2.E0,0.E0,8.25E-1));
#3104=VERTEX_POINT('',#3103);
#3105=CARTESIAN_POINT('',(-2.E0,0.E0,1.125E0));
#3106=VERTEX_POINT('',#3105);
#3107=CARTESIAN_POINT('',(1.3E0,0.E0,-1.048578643763E0));
#3108=CARTESIAN_POINT('',(1.3E0,0.E0,1.3E0));
#3109=VERTEX_POINT('',#3107);
#3110=VERTEX_POINT('',#3108);
#3111=CARTESIAN_POINT('',(-1.3E0,0.E0,1.3E0));
#3112=VERTEX_POINT('',#3111);
#3113=CARTESIAN_POINT('',(-1.3E0,0.E0,-1.3E0));
#3114=VERTEX_POINT('',#3113);
#3115=CARTESIAN_POINT('',(1.048578643763E0,0.E0,-1.3E0));
#3116=VERTEX_POINT('',#3115);
#3117=CARTESIAN_POINT('',(-2.E0,2.E-1,-1.55E0));
#3118=CARTESIAN_POINT('',(-2.E0,2.E-1,-1.4E0));
#3119=VERTEX_POINT('',#3117);
#3120=VERTEX_POINT('',#3118);
#3121=CARTESIAN_POINT('',(-2.E0,2.E-1,1.4E0));
#3122=CARTESIAN_POINT('',(-2.E0,2.E-1,1.55E0));
#3123=VERTEX_POINT('',#3121);
#3124=VERTEX_POINT('',#3122);
#3125=CARTESIAN_POINT('',(-2.E0,1.102277442495E-1,-1.147045548850E0));
#3126=VERTEX_POINT('',#3125);
#3127=CARTESIAN_POINT('',(-2.E0,1.102277442495E-1,-8.029544511501E-1));
#3128=VERTEX_POINT('',#3127);
#3129=CARTESIAN_POINT('',(-2.E0,1.102277442495E-1,-4.970455488499E-1));
#3130=VERTEX_POINT('',#3129);
#3131=CARTESIAN_POINT('',(-2.E0,1.102277442495E-1,-1.529544511501E-1));
#3132=VERTEX_POINT('',#3131);
#3133=CARTESIAN_POINT('',(-2.E0,1.102277442495E-1,1.529544511501E-1));
#3134=VERTEX_POINT('',#3133);
#3135=CARTESIAN_POINT('',(-2.E0,1.102277442495E-1,4.970455488499E-1));
#3136=VERTEX_POINT('',#3135);
#3137=CARTESIAN_POINT('',(-2.E0,1.102277442495E-1,8.029544511501E-1));
#3138=VERTEX_POINT('',#3137);
#3139=CARTESIAN_POINT('',(-2.E0,1.102277442495E-1,1.147045548850E0));
#3140=VERTEX_POINT('',#3139);
#3141=CARTESIAN_POINT('',(-2.E0,1.E-1,-1.55E0));
#3142=CARTESIAN_POINT('',(-2.E0,1.E-1,-1.4E0));
#3143=VERTEX_POINT('',#3141);
#3144=VERTEX_POINT('',#3142);
#3145=CARTESIAN_POINT('',(-2.E0,1.E-1,1.55E0));
#3146=CARTESIAN_POINT('',(-2.E0,1.E-1,1.4E0));
#3147=VERTEX_POINT('',#3145);
#3148=VERTEX_POINT('',#3146);
#3149=CARTESIAN_POINT('',(-1.55E0,2.E-1,2.E0));
#3150=CARTESIAN_POINT('',(-1.4E0,2.E-1,2.E0));
#3151=VERTEX_POINT('',#3149);
#3152=VERTEX_POINT('',#3150);
#3153=CARTESIAN_POINT('',(1.4E0,2.E-1,2.E0));
#3154=CARTESIAN_POINT('',(1.55E0,2.E-1,2.E0));
#3155=VERTEX_POINT('',#3153);
#3156=VERTEX_POINT('',#3154);
#3157=CARTESIAN_POINT('',(8.029544511501E-1,1.102277442495E-1,2.E0));
#3158=VERTEX_POINT('',#3157);
#3159=CARTESIAN_POINT('',(1.147045548850E0,1.102277442495E-1,2.E0));
#3160=VERTEX_POINT('',#3159);
#3161=CARTESIAN_POINT('',(1.529544511501E-1,1.102277442495E-1,2.E0));
#3162=VERTEX_POINT('',#3161);
#3163=CARTESIAN_POINT('',(4.970455488499E-1,1.102277442495E-1,2.E0));
#3164=VERTEX_POINT('',#3163);
#3165=CARTESIAN_POINT('',(-4.970455488499E-1,1.102277442495E-1,2.E0));
#3166=VERTEX_POINT('',#3165);
#3167=CARTESIAN_POINT('',(-1.529544511501E-1,1.102277442495E-1,2.E0));
#3168=VERTEX_POINT('',#3167);
#3169=CARTESIAN_POINT('',(-1.147045548850E0,1.102277442495E-1,2.E0));
#3170=VERTEX_POINT('',#3169);
#3171=CARTESIAN_POINT('',(-8.029544511501E-1,1.102277442495E-1,2.E0));
#3172=VERTEX_POINT('',#3171);
#3173=CARTESIAN_POINT('',(-1.55E0,1.E-1,2.E0));
#3174=CARTESIAN_POINT('',(-1.4E0,1.E-1,2.E0));
#3175=VERTEX_POINT('',#3173);
#3176=VERTEX_POINT('',#3174);
#3177=CARTESIAN_POINT('',(1.55E0,1.E-1,2.E0));
#3178=CARTESIAN_POINT('',(1.4E0,1.E-1,2.E0));
#3179=VERTEX_POINT('',#3177);
#3180=VERTEX_POINT('',#3178);
#3181=CARTESIAN_POINT('',(2.E0,2.E-1,1.55E0));
#3182=CARTESIAN_POINT('',(2.E0,2.E-1,1.4E0));
#3183=VERTEX_POINT('',#3181);
#3184=VERTEX_POINT('',#3182);
#3185=CARTESIAN_POINT('',(2.E0,2.E-1,-1.4E0));
#3186=CARTESIAN_POINT('',(2.E0,2.E-1,-1.55E0));
#3187=VERTEX_POINT('',#3185);
#3188=VERTEX_POINT('',#3186);
#3189=CARTESIAN_POINT('',(2.E0,1.102277442495E-1,-1.147045548850E0));
#3190=VERTEX_POINT('',#3189);
#3191=CARTESIAN_POINT('',(2.E0,1.102277442495E-1,-8.029544511501E-1));
#3192=VERTEX_POINT('',#3191);
#3193=CARTESIAN_POINT('',(2.E0,1.102277442495E-1,-4.970455488499E-1));
#3194=VERTEX_POINT('',#3193);
#3195=CARTESIAN_POINT('',(2.E0,1.102277442495E-1,-1.529544511501E-1));
#3196=VERTEX_POINT('',#3195);
#3197=CARTESIAN_POINT('',(2.E0,1.102277442495E-1,1.529544511501E-1));
#3198=VERTEX_POINT('',#3197);
#3199=CARTESIAN_POINT('',(2.E0,1.102277442495E-1,4.970455488499E-1));
#3200=VERTEX_POINT('',#3199);
#3201=CARTESIAN_POINT('',(2.E0,1.102277442495E-1,8.029544511501E-1));
#3202=VERTEX_POINT('',#3201);
#3203=CARTESIAN_POINT('',(2.E0,1.102277442495E-1,1.147045548850E0));
#3204=VERTEX_POINT('',#3203);
#3205=CARTESIAN_POINT('',(2.E0,1.E-1,-1.55E0));
#3206=CARTESIAN_POINT('',(2.E0,1.E-1,-1.4E0));
#3207=VERTEX_POINT('',#3205);
#3208=VERTEX_POINT('',#3206);
#3209=CARTESIAN_POINT('',(2.E0,1.E-1,1.55E0));
#3210=CARTESIAN_POINT('',(2.E0,1.E-1,1.4E0));
#3211=VERTEX_POINT('',#3209);
#3212=VERTEX_POINT('',#3210);
#3213=CARTESIAN_POINT('',(1.55E0,2.E-1,-2.E0));
#3214=CARTESIAN_POINT('',(1.4E0,2.E-1,-2.E0));
#3215=VERTEX_POINT('',#3213);
#3216=VERTEX_POINT('',#3214);
#3217=CARTESIAN_POINT('',(-1.4E0,2.E-1,-2.E0));
#3218=CARTESIAN_POINT('',(-1.55E0,2.E-1,-2.E0));
#3219=VERTEX_POINT('',#3217);
#3220=VERTEX_POINT('',#3218);
#3221=CARTESIAN_POINT('',(8.029544511501E-1,1.102277442495E-1,-2.E0));
#3222=VERTEX_POINT('',#3221);
#3223=CARTESIAN_POINT('',(1.147045548850E0,1.102277442495E-1,-2.E0));
#3224=VERTEX_POINT('',#3223);
#3225=CARTESIAN_POINT('',(1.529544511501E-1,1.102277442495E-1,-2.E0));
#3226=VERTEX_POINT('',#3225);
#3227=CARTESIAN_POINT('',(4.970455488499E-1,1.102277442495E-1,-2.E0));
#3228=VERTEX_POINT('',#3227);
#3229=CARTESIAN_POINT('',(-4.970455488499E-1,1.102277442495E-1,-2.E0));
#3230=VERTEX_POINT('',#3229);
#3231=CARTESIAN_POINT('',(-1.529544511501E-1,1.102277442495E-1,-2.E0));
#3232=VERTEX_POINT('',#3231);
#3233=CARTESIAN_POINT('',(-1.147045548850E0,1.102277442495E-1,-2.E0));
#3234=VERTEX_POINT('',#3233);
#3235=CARTESIAN_POINT('',(-8.029544511501E-1,1.102277442495E-1,-2.E0));
#3236=VERTEX_POINT('',#3235);
#3237=CARTESIAN_POINT('',(-1.55E0,1.E-1,-2.E0));
#3238=CARTESIAN_POINT('',(-1.4E0,1.E-1,-2.E0));
#3239=VERTEX_POINT('',#3237);
#3240=VERTEX_POINT('',#3238);
#3241=CARTESIAN_POINT('',(1.55E0,1.E-1,-2.E0));
#3242=CARTESIAN_POINT('',(1.4E0,1.E-1,-2.E0));
#3243=VERTEX_POINT('',#3241);
#3244=VERTEX_POINT('',#3242);
#3245=CARTESIAN_POINT('',(-1.99E0,2.E-1,1.55E0));
#3246=CARTESIAN_POINT('',(-1.99E0,2.E-1,1.4E0));
#3247=VERTEX_POINT('',#3245);
#3248=VERTEX_POINT('',#3246);
#3249=CARTESIAN_POINT('',(-1.99E0,2.E-1,-1.4E0));
#3250=CARTESIAN_POINT('',(-1.99E0,2.E-1,-1.55E0));
#3251=VERTEX_POINT('',#3249);
#3252=VERTEX_POINT('',#3250);
#3253=CARTESIAN_POINT('',(1.99E0,2.E-1,1.55E0));
#3254=CARTESIAN_POINT('',(1.99E0,2.E-1,1.4E0));
#3255=VERTEX_POINT('',#3253);
#3256=VERTEX_POINT('',#3254);
#3257=CARTESIAN_POINT('',(1.99E0,2.E-1,-1.4E0));
#3258=CARTESIAN_POINT('',(1.99E0,2.E-1,-1.55E0));
#3259=VERTEX_POINT('',#3257);
#3260=VERTEX_POINT('',#3258);
#3261=CARTESIAN_POINT('',(-1.55E0,2.E-1,-1.979802971626E0));
#3262=CARTESIAN_POINT('',(-1.4E0,2.E-1,-1.979802971626E0));
#3263=VERTEX_POINT('',#3261);
#3264=VERTEX_POINT('',#3262);
#3265=CARTESIAN_POINT('',(1.4E0,2.E-1,-1.979802971626E0));
#3266=CARTESIAN_POINT('',(1.55E0,2.E-1,-1.979802971626E0));
#3267=VERTEX_POINT('',#3265);
#3268=VERTEX_POINT('',#3266);
#3269=CARTESIAN_POINT('',(-1.55E0,2.E-1,1.981526119019E0));
#3270=CARTESIAN_POINT('',(-1.4E0,2.E-1,1.981526119019E0));
#3271=VERTEX_POINT('',#3269);
#3272=VERTEX_POINT('',#3270);
#3273=CARTESIAN_POINT('',(1.4E0,2.E-1,1.981526119019E0));
#3274=CARTESIAN_POINT('',(1.55E0,2.E-1,1.981526119019E0));
#3275=VERTEX_POINT('',#3273);
#3276=VERTEX_POINT('',#3274);
#3277=CARTESIAN_POINT('',(8.215707529190E-1,1.714623540487E-2,-1.6E0));
#3278=CARTESIAN_POINT('',(1.128429247081E0,1.714623540487E-2,-1.6E0));
#3279=VERTEX_POINT('',#3277);
#3280=VERTEX_POINT('',#3278);
#3281=CARTESIAN_POINT('',(8.215707529190E-1,1.714623540487E-2,
-1.979802971626E0));
#3282=VERTEX_POINT('',#3281);
#3283=CARTESIAN_POINT('',(8.046583917321E-1,1.017080413397E-1,
-1.979802971626E0));
#3284=VERTEX_POINT('',#3283);
#3285=CARTESIAN_POINT('',(1.128429247081E0,1.714623540487E-2,
-1.979802971626E0));
#3286=VERTEX_POINT('',#3285);
#3287=CARTESIAN_POINT('',(1.145341608268E0,1.017080413397E-1,
-1.979802971626E0));
#3288=VERTEX_POINT('',#3287);
#3289=CARTESIAN_POINT('',(1.6E0,1.714623540487E-2,-1.128429247081E0));
#3290=CARTESIAN_POINT('',(1.6E0,1.714623540487E-2,-8.215707529190E-1));
#3291=VERTEX_POINT('',#3289);
#3292=VERTEX_POINT('',#3290);
#3293=CARTESIAN_POINT('',(1.99E0,1.05E-1,-1.146E0));
#3294=CARTESIAN_POINT('',(1.99E0,1.714623540487E-2,-1.128429247081E0));
#3295=VERTEX_POINT('',#3293);
#3296=VERTEX_POINT('',#3294);
#3297=CARTESIAN_POINT('',(1.99E0,1.05E-1,-8.04E-1));
#3298=CARTESIAN_POINT('',(1.99E0,1.714623540487E-2,-8.215707529190E-1));
#3299=VERTEX_POINT('',#3297);
#3300=VERTEX_POINT('',#3298);
#3301=CARTESIAN_POINT('',(1.715707529190E-1,1.714623540487E-2,-1.6E0));
#3302=CARTESIAN_POINT('',(4.784292470810E-1,1.714623540487E-2,-1.6E0));
#3303=VERTEX_POINT('',#3301);
#3304=VERTEX_POINT('',#3302);
#3305=CARTESIAN_POINT('',(1.715707529190E-1,1.714623540487E-2,
-1.979802971626E0));
#3306=VERTEX_POINT('',#3305);
#3307=CARTESIAN_POINT('',(1.546583917321E-1,1.017080413397E-1,
-1.979802971626E0));
#3308=VERTEX_POINT('',#3307);
#3309=CARTESIAN_POINT('',(4.784292470810E-1,1.714623540487E-2,
-1.979802971626E0));
#3310=VERTEX_POINT('',#3309);
#3311=CARTESIAN_POINT('',(4.953416082679E-1,1.017080413397E-1,
-1.979802971626E0));
#3312=VERTEX_POINT('',#3311);
#3313=CARTESIAN_POINT('',(-4.784292470810E-1,1.714623540487E-2,-1.6E0));
#3314=CARTESIAN_POINT('',(-1.715707529190E-1,1.714623540487E-2,-1.6E0));
#3315=VERTEX_POINT('',#3313);
#3316=VERTEX_POINT('',#3314);
#3317=CARTESIAN_POINT('',(-4.784292470810E-1,1.714623540487E-2,
-1.979802971626E0));
#3318=VERTEX_POINT('',#3317);
#3319=CARTESIAN_POINT('',(-4.953416082679E-1,1.017080413397E-1,
-1.979802971626E0));
#3320=VERTEX_POINT('',#3319);
#3321=CARTESIAN_POINT('',(-1.715707529190E-1,1.714623540487E-2,
-1.979802971626E0));
#3322=VERTEX_POINT('',#3321);
#3323=CARTESIAN_POINT('',(-1.546583917321E-1,1.017080413397E-1,
-1.979802971626E0));
#3324=VERTEX_POINT('',#3323);
#3325=CARTESIAN_POINT('',(-1.128429247081E0,1.714623540487E-2,-1.6E0));
#3326=CARTESIAN_POINT('',(-8.215707529190E-1,1.714623540487E-2,-1.6E0));
#3327=VERTEX_POINT('',#3325);
#3328=VERTEX_POINT('',#3326);
#3329=CARTESIAN_POINT('',(-1.128429247081E0,1.714623540487E-2,
-1.979802971626E0));
#3330=VERTEX_POINT('',#3329);
#3331=CARTESIAN_POINT('',(-1.145341608268E0,1.017080413397E-1,
-1.979802971626E0));
#3332=VERTEX_POINT('',#3331);
#3333=CARTESIAN_POINT('',(-8.215707529190E-1,1.714623540487E-2,
-1.979802971626E0));
#3334=VERTEX_POINT('',#3333);
#3335=CARTESIAN_POINT('',(-8.046583917321E-1,1.017080413397E-1,
-1.979802971626E0));
#3336=VERTEX_POINT('',#3335);
#3337=CARTESIAN_POINT('',(1.6E0,1.714623540487E-2,-4.784292470810E-1));
#3338=CARTESIAN_POINT('',(1.6E0,1.714623540487E-2,-1.715707529190E-1));
#3339=VERTEX_POINT('',#3337);
#3340=VERTEX_POINT('',#3338);
#3341=CARTESIAN_POINT('',(1.99E0,1.05E-1,-4.96E-1));
#3342=CARTESIAN_POINT('',(1.99E0,1.714623540487E-2,-4.784292470810E-1));
#3343=VERTEX_POINT('',#3341);
#3344=VERTEX_POINT('',#3342);
#3345=CARTESIAN_POINT('',(1.99E0,1.05E-1,-1.54E-1));
#3346=CARTESIAN_POINT('',(1.99E0,1.714623540487E-2,-1.715707529190E-1));
#3347=VERTEX_POINT('',#3345);
#3348=VERTEX_POINT('',#3346);
#3349=CARTESIAN_POINT('',(1.6E0,1.714623540487E-2,1.715707529190E-1));
#3350=CARTESIAN_POINT('',(1.6E0,1.714623540487E-2,4.784292470810E-1));
#3351=VERTEX_POINT('',#3349);
#3352=VERTEX_POINT('',#3350);
#3353=CARTESIAN_POINT('',(1.99E0,1.05E-1,1.54E-1));
#3354=CARTESIAN_POINT('',(1.99E0,1.714623540487E-2,1.715707529190E-1));
#3355=VERTEX_POINT('',#3353);
#3356=VERTEX_POINT('',#3354);
#3357=CARTESIAN_POINT('',(1.99E0,1.05E-1,4.96E-1));
#3358=CARTESIAN_POINT('',(1.99E0,1.714623540487E-2,4.784292470810E-1));
#3359=VERTEX_POINT('',#3357);
#3360=VERTEX_POINT('',#3358);
#3361=CARTESIAN_POINT('',(8.215707529190E-1,1.714623540487E-2,1.6E0));
#3362=CARTESIAN_POINT('',(1.128429247081E0,1.714623540487E-2,1.6E0));
#3363=VERTEX_POINT('',#3361);
#3364=VERTEX_POINT('',#3362);
#3365=CARTESIAN_POINT('',(8.215707529190E-1,1.714623540487E-2,
1.981526119019E0));
#3366=VERTEX_POINT('',#3365);
#3367=CARTESIAN_POINT('',(8.045728077853E-1,1.021359610735E-1,
1.981526119019E0));
#3368=VERTEX_POINT('',#3367);
#3369=CARTESIAN_POINT('',(1.128429247081E0,1.714623540487E-2,1.981526119019E0));
#3370=VERTEX_POINT('',#3369);
#3371=CARTESIAN_POINT('',(1.145427192215E0,1.021359610735E-1,1.981526119019E0));
#3372=VERTEX_POINT('',#3371);
#3373=CARTESIAN_POINT('',(1.715707529190E-1,1.714623540487E-2,1.6E0));
#3374=CARTESIAN_POINT('',(4.784292470810E-1,1.714623540487E-2,1.6E0));
#3375=VERTEX_POINT('',#3373);
#3376=VERTEX_POINT('',#3374);
#3377=CARTESIAN_POINT('',(1.715707529190E-1,1.714623540487E-2,
1.981526119019E0));
#3378=VERTEX_POINT('',#3377);
#3379=CARTESIAN_POINT('',(1.545728077853E-1,1.021359610735E-1,
1.981526119019E0));
#3380=VERTEX_POINT('',#3379);
#3381=CARTESIAN_POINT('',(4.784292470810E-1,1.714623540487E-2,
1.981526119019E0));
#3382=VERTEX_POINT('',#3381);
#3383=CARTESIAN_POINT('',(4.954271922147E-1,1.021359610735E-1,
1.981526119019E0));
#3384=VERTEX_POINT('',#3383);
#3385=CARTESIAN_POINT('',(-4.784292470810E-1,1.714623540487E-2,1.6E0));
#3386=CARTESIAN_POINT('',(-1.715707529190E-1,1.714623540487E-2,1.6E0));
#3387=VERTEX_POINT('',#3385);
#3388=VERTEX_POINT('',#3386);
#3389=CARTESIAN_POINT('',(-4.784292470810E-1,1.714623540487E-2,
1.981526119019E0));
#3390=VERTEX_POINT('',#3389);
#3391=CARTESIAN_POINT('',(-4.954271922147E-1,1.021359610735E-1,
1.981526119019E0));
#3392=VERTEX_POINT('',#3391);
#3393=CARTESIAN_POINT('',(-1.715707529190E-1,1.714623540487E-2,
1.981526119019E0));
#3394=VERTEX_POINT('',#3393);
#3395=CARTESIAN_POINT('',(-1.545728077853E-1,1.021359610735E-1,
1.981526119019E0));
#3396=VERTEX_POINT('',#3395);
#3397=CARTESIAN_POINT('',(-1.128429247081E0,1.714623540487E-2,1.6E0));
#3398=CARTESIAN_POINT('',(-8.215707529190E-1,1.714623540487E-2,1.6E0));
#3399=VERTEX_POINT('',#3397);
#3400=VERTEX_POINT('',#3398);
#3401=CARTESIAN_POINT('',(-1.128429247081E0,1.714623540487E-2,
1.981526119019E0));
#3402=VERTEX_POINT('',#3401);
#3403=CARTESIAN_POINT('',(-1.145427192215E0,1.021359610735E-1,
1.981526119019E0));
#3404=VERTEX_POINT('',#3403);
#3405=CARTESIAN_POINT('',(-8.215707529190E-1,1.714623540487E-2,
1.981526119019E0));
#3406=VERTEX_POINT('',#3405);
#3407=CARTESIAN_POINT('',(-8.045728077853E-1,1.021359610735E-1,
1.981526119019E0));
#3408=VERTEX_POINT('',#3407);
#3409=CARTESIAN_POINT('',(-1.6E0,1.714623540487E-2,-1.128429247081E0));
#3410=CARTESIAN_POINT('',(-1.6E0,1.714623540487E-2,-8.215707529190E-1));
#3411=VERTEX_POINT('',#3409);
#3412=VERTEX_POINT('',#3410);
#3413=CARTESIAN_POINT('',(-1.99E0,1.05E-1,-1.146E0));
#3414=CARTESIAN_POINT('',(-1.99E0,1.714623540487E-2,-1.128429247081E0));
#3415=VERTEX_POINT('',#3413);
#3416=VERTEX_POINT('',#3414);
#3417=CARTESIAN_POINT('',(-1.99E0,1.05E-1,-8.04E-1));
#3418=CARTESIAN_POINT('',(-1.99E0,1.714623540487E-2,-8.215707529190E-1));
#3419=VERTEX_POINT('',#3417);
#3420=VERTEX_POINT('',#3418);
#3421=CARTESIAN_POINT('',(-1.6E0,1.714623540487E-2,-4.784292470810E-1));
#3422=CARTESIAN_POINT('',(-1.6E0,1.714623540487E-2,-1.715707529190E-1));
#3423=VERTEX_POINT('',#3421);
#3424=VERTEX_POINT('',#3422);
#3425=CARTESIAN_POINT('',(-1.99E0,1.05E-1,-4.96E-1));
#3426=CARTESIAN_POINT('',(-1.99E0,1.714623540487E-2,-4.784292470810E-1));
#3427=VERTEX_POINT('',#3425);
#3428=VERTEX_POINT('',#3426);
#3429=CARTESIAN_POINT('',(-1.99E0,1.05E-1,-1.54E-1));
#3430=CARTESIAN_POINT('',(-1.99E0,1.714623540487E-2,-1.715707529190E-1));
#3431=VERTEX_POINT('',#3429);
#3432=VERTEX_POINT('',#3430);
#3433=CARTESIAN_POINT('',(-1.6E0,1.714623540487E-2,1.715707529190E-1));
#3434=CARTESIAN_POINT('',(-1.6E0,1.714623540487E-2,4.784292470810E-1));
#3435=VERTEX_POINT('',#3433);
#3436=VERTEX_POINT('',#3434);
#3437=CARTESIAN_POINT('',(-1.99E0,1.05E-1,1.54E-1));
#3438=CARTESIAN_POINT('',(-1.99E0,1.714623540487E-2,1.715707529190E-1));
#3439=VERTEX_POINT('',#3437);
#3440=VERTEX_POINT('',#3438);
#3441=CARTESIAN_POINT('',(-1.99E0,1.05E-1,4.96E-1));
#3442=CARTESIAN_POINT('',(-1.99E0,1.714623540487E-2,4.784292470810E-1));
#3443=VERTEX_POINT('',#3441);
#3444=VERTEX_POINT('',#3442);
#3445=CARTESIAN_POINT('',(1.6E0,1.714623540487E-2,8.215707529190E-1));
#3446=CARTESIAN_POINT('',(1.6E0,1.714623540487E-2,1.128429247081E0));
#3447=VERTEX_POINT('',#3445);
#3448=VERTEX_POINT('',#3446);
#3449=CARTESIAN_POINT('',(1.99E0,1.05E-1,8.04E-1));
#3450=CARTESIAN_POINT('',(1.99E0,1.714623540487E-2,8.215707529190E-1));
#3451=VERTEX_POINT('',#3449);
#3452=VERTEX_POINT('',#3450);
#3453=CARTESIAN_POINT('',(1.99E0,1.05E-1,1.146E0));
#3454=CARTESIAN_POINT('',(1.99E0,1.714623540487E-2,1.128429247081E0));
#3455=VERTEX_POINT('',#3453);
#3456=VERTEX_POINT('',#3454);
#3457=CARTESIAN_POINT('',(-1.6E0,1.714623540487E-2,8.215707529190E-1));
#3458=CARTESIAN_POINT('',(-1.6E0,1.714623540487E-2,1.128429247081E0));
#3459=VERTEX_POINT('',#3457);
#3460=VERTEX_POINT('',#3458);
#3461=CARTESIAN_POINT('',(-1.99E0,1.05E-1,8.04E-1));
#3462=CARTESIAN_POINT('',(-1.99E0,1.714623540487E-2,8.215707529190E-1));
#3463=VERTEX_POINT('',#3461);
#3464=VERTEX_POINT('',#3462);
#3465=CARTESIAN_POINT('',(-1.99E0,1.05E-1,1.146E0));
#3466=CARTESIAN_POINT('',(-1.99E0,1.714623540487E-2,1.128429247081E0));
#3467=VERTEX_POINT('',#3465);
#3468=VERTEX_POINT('',#3466);
#3469=CARTESIAN_POINT('',(-1.99E0,1.E-1,-1.4E0));
#3470=CARTESIAN_POINT('',(-1.99E0,1.E-1,-1.55E0));
#3471=VERTEX_POINT('',#3469);
#3472=VERTEX_POINT('',#3470);
#3473=CARTESIAN_POINT('',(-1.4E0,1.E-1,-1.979802971626E0));
#3474=CARTESIAN_POINT('',(-1.55E0,1.E-1,-1.979802971626E0));
#3475=VERTEX_POINT('',#3473);
#3476=VERTEX_POINT('',#3474);
#3477=CARTESIAN_POINT('',(1.99E0,1.E-1,-1.4E0));
#3478=CARTESIAN_POINT('',(1.99E0,1.E-1,-1.55E0));
#3479=VERTEX_POINT('',#3477);
#3480=VERTEX_POINT('',#3478);
#3481=CARTESIAN_POINT('',(1.4E0,1.E-1,-1.979802971626E0));
#3482=CARTESIAN_POINT('',(1.55E0,1.E-1,-1.979802971626E0));
#3483=VERTEX_POINT('',#3481);
#3484=VERTEX_POINT('',#3482);
#3485=CARTESIAN_POINT('',(-1.99E0,1.E-1,1.4E0));
#3486=CARTESIAN_POINT('',(-1.99E0,1.E-1,1.55E0));
#3487=VERTEX_POINT('',#3485);
#3488=VERTEX_POINT('',#3486);
#3489=CARTESIAN_POINT('',(-1.4E0,1.E-1,1.981526119019E0));
#3490=CARTESIAN_POINT('',(-1.55E0,1.E-1,1.981526119019E0));
#3491=VERTEX_POINT('',#3489);
#3492=VERTEX_POINT('',#3490);
#3493=CARTESIAN_POINT('',(1.99E0,1.E-1,1.4E0));
#3494=CARTESIAN_POINT('',(1.99E0,1.E-1,1.55E0));
#3495=VERTEX_POINT('',#3493);
#3496=VERTEX_POINT('',#3494);
#3497=CARTESIAN_POINT('',(1.4E0,1.E-1,1.981526119019E0));
#3498=CARTESIAN_POINT('',(1.55E0,1.E-1,1.981526119019E0));
#3499=VERTEX_POINT('',#3497);
#3500=VERTEX_POINT('',#3498);
#3501=CARTESIAN_POINT('',(1.301480863134E0,1.714623540487E-2,
-1.049192037330E0));
#3502=CARTESIAN_POINT('',(1.301477178967E0,1.714623540487E-2,1.301477177475E0));
#3503=VERTEX_POINT('',#3501);
#3504=VERTEX_POINT('',#3502);
#3505=CARTESIAN_POINT('',(-1.301477177475E0,1.714623540487E-2,
1.301477178967E0));
#3506=VERTEX_POINT('',#3505);
#3507=CARTESIAN_POINT('',(-1.301477178967E0,1.714623540487E-2,
-1.301477177475E0));
#3508=VERTEX_POINT('',#3507);
#3509=CARTESIAN_POINT('',(1.049192037330E0,1.714623540487E-2,
-1.301480863134E0));
#3510=VERTEX_POINT('',#3509);
#3511=CARTESIAN_POINT('',(0.E0,0.E0,0.E0));
#3512=DIRECTION('',(0.E0,1.E0,0.E0));
#3513=DIRECTION('',(1.E0,0.E0,0.E0));
#3514=AXIS2_PLACEMENT_3D('',#3511,#3512,#3513);
#3515=PLANE('',#3514);
#3517=ORIENTED_EDGE('',*,*,#3516,.F.);
#3519=ORIENTED_EDGE('',*,*,#3518,.F.);
#3521=ORIENTED_EDGE('',*,*,#3520,.T.);
#3523=ORIENTED_EDGE('',*,*,#3522,.T.);
#3525=ORIENTED_EDGE('',*,*,#3524,.F.);
#3527=ORIENTED_EDGE('',*,*,#3526,.F.);
#3529=ORIENTED_EDGE('',*,*,#3528,.T.);
#3531=ORIENTED_EDGE('',*,*,#3530,.T.);
#3533=ORIENTED_EDGE('',*,*,#3532,.F.);
#3535=ORIENTED_EDGE('',*,*,#3534,.F.);
#3537=ORIENTED_EDGE('',*,*,#3536,.T.);
#3539=ORIENTED_EDGE('',*,*,#3538,.T.);
#3541=ORIENTED_EDGE('',*,*,#3540,.F.);
#3543=ORIENTED_EDGE('',*,*,#3542,.F.);
#3545=ORIENTED_EDGE('',*,*,#3544,.T.);
#3547=ORIENTED_EDGE('',*,*,#3546,.T.);
#3549=ORIENTED_EDGE('',*,*,#3548,.T.);
#3551=ORIENTED_EDGE('',*,*,#3550,.T.);
#3553=ORIENTED_EDGE('',*,*,#3552,.F.);
#3555=ORIENTED_EDGE('',*,*,#3554,.T.);
#3557=ORIENTED_EDGE('',*,*,#3556,.T.);
#3559=ORIENTED_EDGE('',*,*,#3558,.T.);
#3561=ORIENTED_EDGE('',*,*,#3560,.F.);
#3563=ORIENTED_EDGE('',*,*,#3562,.T.);
#3565=ORIENTED_EDGE('',*,*,#3564,.T.);
#3567=ORIENTED_EDGE('',*,*,#3566,.T.);
#3569=ORIENTED_EDGE('',*,*,#3568,.F.);
#3571=ORIENTED_EDGE('',*,*,#3570,.T.);
#3573=ORIENTED_EDGE('',*,*,#3572,.T.);
#3575=ORIENTED_EDGE('',*,*,#3574,.T.);
#3577=ORIENTED_EDGE('',*,*,#3576,.F.);
#3579=ORIENTED_EDGE('',*,*,#3578,.T.);
#3581=ORIENTED_EDGE('',*,*,#3580,.T.);
#3583=ORIENTED_EDGE('',*,*,#3582,.T.);
#3585=ORIENTED_EDGE('',*,*,#3584,.T.);
#3587=ORIENTED_EDGE('',*,*,#3586,.F.);
#3589=ORIENTED_EDGE('',*,*,#3588,.T.);
#3591=ORIENTED_EDGE('',*,*,#3590,.T.);
#3593=ORIENTED_EDGE('',*,*,#3592,.T.);
#3595=ORIENTED_EDGE('',*,*,#3594,.F.);
#3597=ORIENTED_EDGE('',*,*,#3596,.T.);
#3599=ORIENTED_EDGE('',*,*,#3598,.T.);
#3601=ORIENTED_EDGE('',*,*,#3600,.T.);
#3603=ORIENTED_EDGE('',*,*,#3602,.F.);
#3605=ORIENTED_EDGE('',*,*,#3604,.T.);
#3607=ORIENTED_EDGE('',*,*,#3606,.T.);
#3609=ORIENTED_EDGE('',*,*,#3608,.T.);
#3611=ORIENTED_EDGE('',*,*,#3610,.F.);
#3613=ORIENTED_EDGE('',*,*,#3612,.T.);
#3615=ORIENTED_EDGE('',*,*,#3614,.T.);
#3617=ORIENTED_EDGE('',*,*,#3616,.T.);
#3619=ORIENTED_EDGE('',*,*,#3618,.F.);
#3621=ORIENTED_EDGE('',*,*,#3620,.F.);
#3623=ORIENTED_EDGE('',*,*,#3622,.T.);
#3625=ORIENTED_EDGE('',*,*,#3624,.T.);
#3627=ORIENTED_EDGE('',*,*,#3626,.F.);
#3629=ORIENTED_EDGE('',*,*,#3628,.F.);
#3631=ORIENTED_EDGE('',*,*,#3630,.T.);
#3633=ORIENTED_EDGE('',*,*,#3632,.T.);
#3635=ORIENTED_EDGE('',*,*,#3634,.F.);
#3637=ORIENTED_EDGE('',*,*,#3636,.F.);
#3639=ORIENTED_EDGE('',*,*,#3638,.T.);
#3641=ORIENTED_EDGE('',*,*,#3640,.T.);
#3643=ORIENTED_EDGE('',*,*,#3642,.F.);
#3645=ORIENTED_EDGE('',*,*,#3644,.F.);
#3647=ORIENTED_EDGE('',*,*,#3646,.T.);
#3649=ORIENTED_EDGE('',*,*,#3648,.T.);
#3651=ORIENTED_EDGE('',*,*,#3650,.T.);
#3652=EDGE_LOOP('',(#3517,#3519,#3521,#3523,#3525,#3527,#3529,#3531,#3533,#3535,
#3537,#3539,#3541,#3543,#3545,#3547,#3549,#3551,#3553,#3555,#3557,#3559,#3561,
#3563,#3565,#3567,#3569,#3571,#3573,#3575,#3577,#3579,#3581,#3583,#3585,#3587,
#3589,#3591,#3593,#3595,#3597,#3599,#3601,#3603,#3605,#3607,#3609,#3611,#3613,
#3615,#3617,#3619,#3621,#3623,#3625,#3627,#3629,#3631,#3633,#3635,#3637,#3639,
#3641,#3643,#3645,#3647,#3649,#3651));
#3653=FACE_OUTER_BOUND('',#3652,.F.);
#3655=ORIENTED_EDGE('',*,*,#3654,.T.);
#3657=ORIENTED_EDGE('',*,*,#3656,.T.);
#3659=ORIENTED_EDGE('',*,*,#3658,.T.);
#3661=ORIENTED_EDGE('',*,*,#3660,.T.);
#3663=ORIENTED_EDGE('',*,*,#3662,.T.);
#3664=EDGE_LOOP('',(#3655,#3657,#3659,#3661,#3663));
#3665=FACE_BOUND('',#3664,.F.);
#3666=ADVANCED_FACE('',(#3653,#3665),#3515,.F.);
#3667=CARTESIAN_POINT('',(0.E0,2.E-1,-1.6E0));
#3668=DIRECTION('',(0.E0,0.E0,1.E0));
#3669=DIRECTION('',(1.E0,0.E0,0.E0));
#3670=AXIS2_PLACEMENT_3D('',#3667,#3668,#3669);
#3671=PLANE('',#3670);
#3672=ORIENTED_EDGE('',*,*,#3516,.T.);
#3674=ORIENTED_EDGE('',*,*,#3673,.T.);
#3676=ORIENTED_EDGE('',*,*,#3675,.F.);
#3678=ORIENTED_EDGE('',*,*,#3677,.T.);
#3679=EDGE_LOOP('',(#3672,#3674,#3676,#3678));
#3680=FACE_OUTER_BOUND('',#3679,.F.);
#3681=ADVANCED_FACE('',(#3680),#3671,.F.);
#3682=CARTESIAN_POINT('',(1.125E0,0.E0,-2.05E0));
#3683=DIRECTION('',(9.805806756909E-1,-1.961161351382E-1,0.E0));
#3684=DIRECTION('',(1.961161351382E-1,9.805806756909E-1,0.E0));
#3685=AXIS2_PLACEMENT_3D('',#3682,#3683,#3684);
#3686=PLANE('',#3685);
#3687=ORIENTED_EDGE('',*,*,#3650,.F.);
#3689=ORIENTED_EDGE('',*,*,#3688,.T.);
#3691=ORIENTED_EDGE('',*,*,#3690,.T.);
#3693=ORIENTED_EDGE('',*,*,#3692,.T.);
#3695=ORIENTED_EDGE('',*,*,#3694,.F.);
#3696=ORIENTED_EDGE('',*,*,#3673,.F.);
#3697=EDGE_LOOP('',(#3687,#3689,#3691,#3693,#3695,#3696));
#3698=FACE_OUTER_BOUND('',#3697,.F.);
#3699=ADVANCED_FACE('',(#3698),#3686,.F.);
#3700=CARTESIAN_POINT('',(2.E0,0.E0,-2.E0));
#3701=DIRECTION('',(0.E0,0.E0,-1.E0));
#3702=DIRECTION('',(-1.E0,0.E0,0.E0));
#3703=AXIS2_PLACEMENT_3D('',#3700,#3701,#3702);
#3704=PLANE('',#3703);
#3706=ORIENTED_EDGE('',*,*,#3705,.F.);
#3708=ORIENTED_EDGE('',*,*,#3707,.F.);
#3709=ORIENTED_EDGE('',*,*,#3688,.F.);
#3710=ORIENTED_EDGE('',*,*,#3648,.F.);
#3712=ORIENTED_EDGE('',*,*,#3711,.T.);
#3714=ORIENTED_EDGE('',*,*,#3713,.T.);
#3716=ORIENTED_EDGE('',*,*,#3715,.F.);
#3717=ORIENTED_EDGE('',*,*,#3544,.F.);
#3719=ORIENTED_EDGE('',*,*,#3718,.F.);
#3721=ORIENTED_EDGE('',*,*,#3720,.F.);
#3723=ORIENTED_EDGE('',*,*,#3722,.F.);
#3724=ORIENTED_EDGE('',*,*,#3536,.F.);
#3726=ORIENTED_EDGE('',*,*,#3725,.F.);
#3728=ORIENTED_EDGE('',*,*,#3727,.F.);
#3730=ORIENTED_EDGE('',*,*,#3729,.F.);
#3731=ORIENTED_EDGE('',*,*,#3528,.F.);
#3733=ORIENTED_EDGE('',*,*,#3732,.F.);
#3735=ORIENTED_EDGE('',*,*,#3734,.F.);
#3737=ORIENTED_EDGE('',*,*,#3736,.F.);
#3738=ORIENTED_EDGE('',*,*,#3520,.F.);
#3739=EDGE_LOOP('',(#3706,#3708,#3709,#3710,#3712,#3714,#3716,#3717,#3719,#3721,
#3723,#3724,#3726,#3728,#3730,#3731,#3733,#3735,#3737,#3738));
#3740=FACE_OUTER_BOUND('',#3739,.F.);
#3742=ORIENTED_EDGE('',*,*,#3741,.F.);
#3744=ORIENTED_EDGE('',*,*,#3743,.T.);
#3746=ORIENTED_EDGE('',*,*,#3745,.T.);
#3748=ORIENTED_EDGE('',*,*,#3747,.F.);
#3749=EDGE_LOOP('',(#3742,#3744,#3746,#3748));
#3750=FACE_BOUND('',#3749,.F.);
#3752=ORIENTED_EDGE('',*,*,#3751,.F.);
#3754=ORIENTED_EDGE('',*,*,#3753,.T.);
#3756=ORIENTED_EDGE('',*,*,#3755,.F.);
#3758=ORIENTED_EDGE('',*,*,#3757,.F.);
#3759=EDGE_LOOP('',(#3752,#3754,#3756,#3758));
#3760=FACE_BOUND('',#3759,.F.);
#3761=ADVANCED_FACE('',(#3740,#3750,#3760),#3704,.T.);
#3762=CARTESIAN_POINT('',(0.E0,2.E-1,0.E0));
#3763=DIRECTION('',(0.E0,1.E0,0.E0));
#3764=DIRECTION('',(1.E0,0.E0,0.E0));
#3765=AXIS2_PLACEMENT_3D('',#3762,#3763,#3764);
#3766=PLANE('',#3765);
#3768=ORIENTED_EDGE('',*,*,#3767,.T.);
#3770=ORIENTED_EDGE('',*,*,#3769,.F.);
#3772=ORIENTED_EDGE('',*,*,#3771,.T.);
#3774=ORIENTED_EDGE('',*,*,#3773,.T.);
#3775=EDGE_LOOP('',(#3768,#3770,#3772,#3774));
#3776=FACE_OUTER_BOUND('',#3775,.F.);
#3777=ADVANCED_FACE('',(#3776),#3766,.F.);
#3778=CARTESIAN_POINT('',(0.E0,2.E-1,0.E0));
#3779=DIRECTION('',(0.E0,1.E0,0.E0));
#3780=DIRECTION('',(1.E0,0.E0,0.E0));
#3781=AXIS2_PLACEMENT_3D('',#3778,#3779,#3780);
#3782=PLANE('',#3781);
#3784=ORIENTED_EDGE('',*,*,#3783,.T.);
#3786=ORIENTED_EDGE('',*,*,#3785,.T.);
#3788=ORIENTED_EDGE('',*,*,#3787,.T.);
#3790=ORIENTED_EDGE('',*,*,#3789,.T.);
#3791=EDGE_LOOP('',(#3784,#3786,#3788,#3790));
#3792=FACE_OUTER_BOUND('',#3791,.F.);
#3793=ADVANCED_FACE('',(#3792),#3782,.F.);
#3794=CARTESIAN_POINT('',(0.E0,2.E-1,0.E0));
#3795=DIRECTION('',(0.E0,1.E0,0.E0));
#3796=DIRECTION('',(1.E0,0.E0,0.E0));
#3797=AXIS2_PLACEMENT_3D('',#3794,#3795,#3796);
#3798=PLANE('',#3797);
#3800=ORIENTED_EDGE('',*,*,#3799,.T.);
#3802=ORIENTED_EDGE('',*,*,#3801,.T.);
#3804=ORIENTED_EDGE('',*,*,#3803,.F.);
#3806=ORIENTED_EDGE('',*,*,#3805,.T.);
#3807=EDGE_LOOP('',(#3800,#3802,#3804,#3806));
#3808=FACE_OUTER_BOUND('',#3807,.F.);
#3809=ADVANCED_FACE('',(#3808),#3798,.F.);
#3810=CARTESIAN_POINT('',(0.E0,2.E-1,0.E0));
#3811=DIRECTION('',(0.E0,1.E0,0.E0));
#3812=DIRECTION('',(1.E0,0.E0,0.E0));
#3813=AXIS2_PLACEMENT_3D('',#3810,#3811,#3812);
#3814=PLANE('',#3813);
#3816=ORIENTED_EDGE('',*,*,#3815,.T.);
#3818=ORIENTED_EDGE('',*,*,#3817,.T.);
#3820=ORIENTED_EDGE('',*,*,#3819,.F.);
#3822=ORIENTED_EDGE('',*,*,#3821,.F.);
#3823=EDGE_LOOP('',(#3816,#3818,#3820,#3822));
#3824=FACE_OUTER_BOUND('',#3823,.F.);
#3825=ADVANCED_FACE('',(#3824),#3814,.F.);
#3826=CARTESIAN_POINT('',(0.E0,2.E-1,0.E0));
#3827=DIRECTION('',(0.E0,1.E0,0.E0));
#3828=DIRECTION('',(1.E0,0.E0,0.E0));
#3829=AXIS2_PLACEMENT_3D('',#3826,#3827,#3828);
#3830=PLANE('',#3829);
#3832=ORIENTED_EDGE('',*,*,#3831,.T.);
#3834=ORIENTED_EDGE('',*,*,#3833,.F.);
#3836=ORIENTED_EDGE('',*,*,#3835,.F.);
#3838=ORIENTED_EDGE('',*,*,#3837,.T.);
#3839=EDGE_LOOP('',(#3832,#3834,#3836,#3838));
#3840=FACE_OUTER_BOUND('',#3839,.F.);
#3841=ADVANCED_FACE('',(#3840),#3830,.F.);
#3842=CARTESIAN_POINT('',(0.E0,2.E-1,0.E0));
#3843=DIRECTION('',(0.E0,1.E0,0.E0));
#3844=DIRECTION('',(1.E0,0.E0,0.E0));
#3845=AXIS2_PLACEMENT_3D('',#3842,#3843,#3844);
#3846=PLANE('',#3845);
#3848=ORIENTED_EDGE('',*,*,#3847,.T.);
#3850=ORIENTED_EDGE('',*,*,#3849,.T.);
#3852=ORIENTED_EDGE('',*,*,#3851,.F.);
#3854=ORIENTED_EDGE('',*,*,#3853,.T.);
#3855=EDGE_LOOP('',(#3848,#3850,#3852,#3854));
#3856=FACE_OUTER_BOUND('',#3855,.F.);
#3857=ADVANCED_FACE('',(#3856),#3846,.F.);
#3858=CARTESIAN_POINT('',(0.E0,2.E-1,0.E0));
#3859=DIRECTION('',(0.E0,1.E0,0.E0));
#3860=DIRECTION('',(1.E0,0.E0,0.E0));
#3861=AXIS2_PLACEMENT_3D('',#3858,#3859,#3860);
#3862=PLANE('',#3861);
#3863=ORIENTED_EDGE('',*,*,#3741,.T.);
#3865=ORIENTED_EDGE('',*,*,#3864,.T.);
#3867=ORIENTED_EDGE('',*,*,#3866,.T.);
#3869=ORIENTED_EDGE('',*,*,#3868,.T.);
#3870=EDGE_LOOP('',(#3863,#3865,#3867,#3869));
#3871=FACE_OUTER_BOUND('',#3870,.F.);
#3872=ADVANCED_FACE('',(#3871),#3862,.F.);
#3873=CARTESIAN_POINT('',(0.E0,2.E-1,0.E0));
#3874=DIRECTION('',(0.E0,1.E0,0.E0));
#3875=DIRECTION('',(1.E0,0.E0,0.E0));
#3876=AXIS2_PLACEMENT_3D('',#3873,#3874,#3875);
#3877=PLANE('',#3876);
#3878=ORIENTED_EDGE('',*,*,#3751,.T.);
#3880=ORIENTED_EDGE('',*,*,#3879,.T.);
#3882=ORIENTED_EDGE('',*,*,#3881,.T.);
#3884=ORIENTED_EDGE('',*,*,#3883,.F.);
#3885=EDGE_LOOP('',(#3878,#3880,#3882,#3884));
#3886=FACE_OUTER_BOUND('',#3885,.F.);
#3887=ADVANCED_FACE('',(#3886),#3877,.F.);
#3888=CARTESIAN_POINT('',(-2.E0,0.E0,-2.E0));
#3889=DIRECTION('',(-1.E0,0.E0,0.E0));
#3890=DIRECTION('',(0.E0,0.E0,1.E0));
#3891=AXIS2_PLACEMENT_3D('',#3888,#3889,#3890);
#3892=PLANE('',#3891);
#3894=ORIENTED_EDGE('',*,*,#3893,.T.);
#3895=ORIENTED_EDGE('',*,*,#3546,.F.);
#3896=ORIENTED_EDGE('',*,*,#3715,.T.);
#3898=ORIENTED_EDGE('',*,*,#3897,.T.);
#3900=ORIENTED_EDGE('',*,*,#3899,.F.);
#3901=ORIENTED_EDGE('',*,*,#3578,.F.);
#3903=ORIENTED_EDGE('',*,*,#3902,.T.);
#3905=ORIENTED_EDGE('',*,*,#3904,.F.);
#3907=ORIENTED_EDGE('',*,*,#3906,.T.);
#3908=ORIENTED_EDGE('',*,*,#3570,.F.);
#3910=ORIENTED_EDGE('',*,*,#3909,.T.);
#3912=ORIENTED_EDGE('',*,*,#3911,.F.);
#3914=ORIENTED_EDGE('',*,*,#3913,.T.);
#3915=ORIENTED_EDGE('',*,*,#3562,.F.);
#3917=ORIENTED_EDGE('',*,*,#3916,.T.);
#3919=ORIENTED_EDGE('',*,*,#3918,.F.);
#3921=ORIENTED_EDGE('',*,*,#3920,.T.);
#3922=ORIENTED_EDGE('',*,*,#3554,.F.);
#3924=ORIENTED_EDGE('',*,*,#3923,.T.);
#3926=ORIENTED_EDGE('',*,*,#3925,.F.);
#3927=EDGE_LOOP('',(#3894,#3895,#3896,#3898,#3900,#3901,#3903,#3905,#3907,#3908,
#3910,#3912,#3914,#3915,#3917,#3919,#3921,#3922,#3924,#3926));
#3928=FACE_OUTER_BOUND('',#3927,.F.);
#3929=ORIENTED_EDGE('',*,*,#3767,.F.);
#3931=ORIENTED_EDGE('',*,*,#3930,.T.);
#3933=ORIENTED_EDGE('',*,*,#3932,.T.);
#3935=ORIENTED_EDGE('',*,*,#3934,.F.);
#3936=EDGE_LOOP('',(#3929,#3931,#3933,#3935));
#3937=FACE_BOUND('',#3936,.F.);
#3938=ORIENTED_EDGE('',*,*,#3783,.F.);
#3940=ORIENTED_EDGE('',*,*,#3939,.T.);
#3942=ORIENTED_EDGE('',*,*,#3941,.F.);
#3944=ORIENTED_EDGE('',*,*,#3943,.F.);
#3945=EDGE_LOOP('',(#3938,#3940,#3942,#3944));
#3946=FACE_BOUND('',#3945,.F.);
#3947=ADVANCED_FACE('',(#3928,#3937,#3946),#3892,.T.);
#3948=CARTESIAN_POINT('',(-2.05E0,2.E-1,-1.55E0));
#3949=DIRECTION('',(0.E0,0.E0,-1.E0));
#3950=DIRECTION('',(1.E0,0.E0,0.E0));
#3951=AXIS2_PLACEMENT_3D('',#3948,#3949,#3950);
#3952=PLANE('',#3951);
#3953=ORIENTED_EDGE('',*,*,#3930,.F.);
#3954=ORIENTED_EDGE('',*,*,#3773,.F.);
#3956=ORIENTED_EDGE('',*,*,#3955,.T.);
#3958=ORIENTED_EDGE('',*,*,#3957,.F.);
#3959=EDGE_LOOP('',(#3953,#3954,#3956,#3958));
#3960=FACE_OUTER_BOUND('',#3959,.F.);
#3961=ADVANCED_FACE('',(#3960),#3952,.F.);
#3962=CARTESIAN_POINT('',(-1.99E0,0.E0,0.E0));
#3963=DIRECTION('',(1.E0,0.E0,0.E0));
#3964=DIRECTION('',(0.E0,0.E0,-1.E0));
#3965=AXIS2_PLACEMENT_3D('',#3962,#3963,#3964);
#3966=PLANE('',#3965);
#3967=ORIENTED_EDGE('',*,*,#3787,.F.);
#3969=ORIENTED_EDGE('',*,*,#3968,.T.);
#3971=ORIENTED_EDGE('',*,*,#3970,.F.);
#3973=ORIENTED_EDGE('',*,*,#3972,.F.);
#3974=EDGE_LOOP('',(#3967,#3969,#3971,#3973));
#3975=FACE_OUTER_BOUND('',#3974,.F.);
#3976=ADVANCED_FACE('',(#3975),#3966,.F.);
#3977=CARTESIAN_POINT('',(-1.99E0,0.E0,0.E0));
#3978=DIRECTION('',(1.E0,0.E0,0.E0));
#3979=DIRECTION('',(0.E0,0.E0,-1.E0));
#3980=AXIS2_PLACEMENT_3D('',#3977,#3978,#3979);
#3981=PLANE('',#3980);
#3982=ORIENTED_EDGE('',*,*,#3771,.F.);
#3984=ORIENTED_EDGE('',*,*,#3983,.T.);
#3986=ORIENTED_EDGE('',*,*,#3985,.T.);
#3987=ORIENTED_EDGE('',*,*,#3955,.F.);
#3988=EDGE_LOOP('',(#3982,#3984,#3986,#3987));
#3989=FACE_OUTER_BOUND('',#3988,.F.);
#3990=ADVANCED_FACE('',(#3989),#3981,.F.);
#3991=CARTESIAN_POINT('',(-1.99E0,0.E0,0.E0));
#3992=DIRECTION('',(1.E0,0.E0,0.E0));
#3993=DIRECTION('',(0.E0,0.E0,-1.E0));
#3994=AXIS2_PLACEMENT_3D('',#3991,#3992,#3993);
#3995=PLANE('',#3994);
#3997=ORIENTED_EDGE('',*,*,#3996,.F.);
#3999=ORIENTED_EDGE('',*,*,#3998,.T.);
#4001=ORIENTED_EDGE('',*,*,#4000,.T.);
#4003=ORIENTED_EDGE('',*,*,#4002,.T.);
#4004=EDGE_LOOP('',(#3997,#3999,#4001,#4003));
#4005=FACE_OUTER_BOUND('',#4004,.F.);
#4006=ADVANCED_FACE('',(#4005),#3995,.F.);
#4007=CARTESIAN_POINT('',(-1.99E0,0.E0,0.E0));
#4008=DIRECTION('',(1.E0,0.E0,0.E0));
#4009=DIRECTION('',(0.E0,0.E0,-1.E0));
#4010=AXIS2_PLACEMENT_3D('',#4007,#4008,#4009);
#4011=PLANE('',#4010);
#4013=ORIENTED_EDGE('',*,*,#4012,.F.);
#4015=ORIENTED_EDGE('',*,*,#4014,.T.);
#4017=ORIENTED_EDGE('',*,*,#4016,.T.);
#4019=ORIENTED_EDGE('',*,*,#4018,.T.);
#4020=EDGE_LOOP('',(#4013,#4015,#4017,#4019));
#4021=FACE_OUTER_BOUND('',#4020,.F.);
#4022=ADVANCED_FACE('',(#4021),#4011,.F.);
#4023=CARTESIAN_POINT('',(-1.99E0,0.E0,0.E0));
#4024=DIRECTION('',(1.E0,0.E0,0.E0));
#4025=DIRECTION('',(0.E0,0.E0,-1.E0));
#4026=AXIS2_PLACEMENT_3D('',#4023,#4024,#4025);
#4027=PLANE('',#4026);
#4029=ORIENTED_EDGE('',*,*,#4028,.F.);
#4031=ORIENTED_EDGE('',*,*,#4030,.T.);
#4033=ORIENTED_EDGE('',*,*,#4032,.T.);
#4035=ORIENTED_EDGE('',*,*,#4034,.T.);
#4036=EDGE_LOOP('',(#4029,#4031,#4033,#4035));
#4037=FACE_OUTER_BOUND('',#4036,.F.);
#4038=ADVANCED_FACE('',(#4037),#4027,.F.);
#4039=CARTESIAN_POINT('',(-1.99E0,0.E0,0.E0));
#4040=DIRECTION('',(1.E0,0.E0,0.E0));
#4041=DIRECTION('',(0.E0,0.E0,-1.E0));
#4042=AXIS2_PLACEMENT_3D('',#4039,#4040,#4041);
#4043=PLANE('',#4042);
#4045=ORIENTED_EDGE('',*,*,#4044,.F.);
#4047=ORIENTED_EDGE('',*,*,#4046,.T.);
#4049=ORIENTED_EDGE('',*,*,#4048,.T.);
#4051=ORIENTED_EDGE('',*,*,#4050,.T.);
#4052=EDGE_LOOP('',(#4045,#4047,#4049,#4051));
#4053=FACE_OUTER_BOUND('',#4052,.F.);
#4054=ADVANCED_FACE('',(#4053),#4043,.F.);
#4055=CARTESIAN_POINT('',(-2.05E0,2.E-1,1.55E0));
#4056=DIRECTION('',(0.E0,0.E0,-1.E0));
#4057=DIRECTION('',(1.E0,0.E0,0.E0));
#4058=AXIS2_PLACEMENT_3D('',#4055,#4056,#4057);
#4059=PLANE('',#4058);
#4060=ORIENTED_EDGE('',*,*,#3943,.T.);
#4062=ORIENTED_EDGE('',*,*,#4061,.T.);
#4063=ORIENTED_EDGE('',*,*,#3968,.F.);
#4064=ORIENTED_EDGE('',*,*,#3785,.F.);
#4065=EDGE_LOOP('',(#4060,#4062,#4063,#4064));
#4066=FACE_OUTER_BOUND('',#4065,.F.);
#4067=ADVANCED_FACE('',(#4066),#4059,.T.);
#4068=CARTESIAN_POINT('',(0.E0,1.E-1,0.E0));
#4069=DIRECTION('',(0.E0,1.E0,0.E0));
#4070=DIRECTION('',(-1.E0,0.E0,0.E0));
#4071=AXIS2_PLACEMENT_3D('',#4068,#4069,#4070);
#4072=PLANE('',#4071);
#4073=ORIENTED_EDGE('',*,*,#3941,.T.);
#4075=ORIENTED_EDGE('',*,*,#4074,.F.);
#4076=ORIENTED_EDGE('',*,*,#3970,.T.);
#4077=ORIENTED_EDGE('',*,*,#4061,.F.);
#4078=EDGE_LOOP('',(#4073,#4075,#4076,#4077));
#4079=FACE_OUTER_BOUND('',#4078,.F.);
#4080=ADVANCED_FACE('',(#4079),#4072,.T.);
#4081=CARTESIAN_POINT('',(0.E0,1.E-1,0.E0));
#4082=DIRECTION('',(0.E0,1.E0,0.E0));
#4083=DIRECTION('',(-1.E0,0.E0,0.E0));
#4084=AXIS2_PLACEMENT_3D('',#4081,#4082,#4083);
#4085=PLANE('',#4084);
#4087=ORIENTED_EDGE('',*,*,#4086,.F.);
#4089=ORIENTED_EDGE('',*,*,#4088,.F.);
#4091=ORIENTED_EDGE('',*,*,#4090,.F.);
#4093=ORIENTED_EDGE('',*,*,#4092,.F.);
#4094=EDGE_LOOP('',(#4087,#4089,#4091,#4093));
#4095=FACE_OUTER_BOUND('',#4094,.F.);
#4096=ADVANCED_FACE('',(#4095),#4085,.T.);
#4097=CARTESIAN_POINT('',(-1.506066017178E0,2.E-1,1.4E0));
#4098=DIRECTION('',(0.E0,0.E0,1.E0));
#4099=DIRECTION('',(-1.E0,0.E0,0.E0));
#4100=AXIS2_PLACEMENT_3D('',#4097,#4098,#4099);
#4101=PLANE('',#4100);
#4102=ORIENTED_EDGE('',*,*,#3939,.F.);
#4103=ORIENTED_EDGE('',*,*,#3789,.F.);
#4104=ORIENTED_EDGE('',*,*,#3972,.T.);
#4105=ORIENTED_EDGE('',*,*,#4074,.T.);
#4106=EDGE_LOOP('',(#4102,#4103,#4104,#4105));
#4107=FACE_OUTER_BOUND('',#4106,.F.);
#4108=ADVANCED_FACE('',(#4107),#4101,.T.);
#4109=CARTESIAN_POINT('',(-2.E0,0.E0,2.E0));
#4110=DIRECTION('',(0.E0,0.E0,1.E0));
#4111=DIRECTION('',(1.E0,0.E0,0.E0));
#4112=AXIS2_PLACEMENT_3D('',#4109,#4110,#4111);
#4113=PLANE('',#4112);
#4115=ORIENTED_EDGE('',*,*,#4114,.T.);
#4116=ORIENTED_EDGE('',*,*,#3604,.F.);
#4118=ORIENTED_EDGE('',*,*,#4117,.T.);
#4120=ORIENTED_EDGE('',*,*,#4119,.F.);
#4122=ORIENTED_EDGE('',*,*,#4121,.T.);
#4123=ORIENTED_EDGE('',*,*,#3596,.F.);
#4125=ORIENTED_EDGE('',*,*,#4124,.T.);
#4127=ORIENTED_EDGE('',*,*,#4126,.F.);
#4129=ORIENTED_EDGE('',*,*,#4128,.T.);
#4130=ORIENTED_EDGE('',*,*,#3588,.F.);
#4132=ORIENTED_EDGE('',*,*,#4131,.T.);
#4134=ORIENTED_EDGE('',*,*,#4133,.F.);
#4136=ORIENTED_EDGE('',*,*,#4135,.T.);
#4137=ORIENTED_EDGE('',*,*,#3580,.F.);
#4138=ORIENTED_EDGE('',*,*,#3899,.T.);
#4140=ORIENTED_EDGE('',*,*,#4139,.T.);
#4142=ORIENTED_EDGE('',*,*,#4141,.F.);
#4143=ORIENTED_EDGE('',*,*,#3612,.F.);
#4145=ORIENTED_EDGE('',*,*,#4144,.T.);
#4147=ORIENTED_EDGE('',*,*,#4146,.F.);
#4148=EDGE_LOOP('',(#4115,#4116,#4118,#4120,#4122,#4123,#4125,#4127,#4129,#4130,
#4132,#4134,#4136,#4137,#4138,#4140,#4142,#4143,#4145,#4147));
#4149=FACE_OUTER_BOUND('',#4148,.F.);
#4150=ORIENTED_EDGE('',*,*,#3799,.F.);
#4152=ORIENTED_EDGE('',*,*,#4151,.T.);
#4153=ORIENTED_EDGE('',*,*,#4086,.T.);
#4155=ORIENTED_EDGE('',*,*,#4154,.F.);
#4156=EDGE_LOOP('',(#4150,#4152,#4153,#4155));
#4157=FACE_BOUND('',#4156,.F.);
#4158=ORIENTED_EDGE('',*,*,#3815,.F.);
#4160=ORIENTED_EDGE('',*,*,#4159,.T.);
#4162=ORIENTED_EDGE('',*,*,#4161,.F.);
#4164=ORIENTED_EDGE('',*,*,#4163,.F.);
#4165=EDGE_LOOP('',(#4158,#4160,#4162,#4164));
#4166=FACE_BOUND('',#4165,.F.);
#4167=ADVANCED_FACE('',(#4149,#4157,#4166),#4113,.T.);
#4168=CARTESIAN_POINT('',(-1.55E0,2.E-1,1.55E0));
#4169=DIRECTION('',(1.E0,0.E0,0.E0));
#4170=DIRECTION('',(0.E0,0.E0,1.E0));
#4171=AXIS2_PLACEMENT_3D('',#4168,#4169,#4170);
#4172=PLANE('',#4171);
#4173=ORIENTED_EDGE('',*,*,#4151,.F.);
#4174=ORIENTED_EDGE('',*,*,#3805,.F.);
#4176=ORIENTED_EDGE('',*,*,#4175,.T.);
#4177=ORIENTED_EDGE('',*,*,#4088,.T.);
#4178=EDGE_LOOP('',(#4173,#4174,#4176,#4177));
#4179=FACE_OUTER_BOUND('',#4178,.F.);
#4180=ADVANCED_FACE('',(#4179),#4172,.T.);
#4181=CARTESIAN_POINT('',(-1.99E0,2.345462236214E-1,1.981526119019E0));
#4182=DIRECTION('',(0.E0,0.E0,1.E0));
#4183=DIRECTION('',(0.E0,-1.E0,0.E0));
#4184=AXIS2_PLACEMENT_3D('',#4181,#4182,#4183);
#4185=PLANE('',#4184);
#4186=ORIENTED_EDGE('',*,*,#3803,.T.);
#4188=ORIENTED_EDGE('',*,*,#4187,.T.);
#4189=ORIENTED_EDGE('',*,*,#4090,.T.);
#4190=ORIENTED_EDGE('',*,*,#4175,.F.);
#4191=EDGE_LOOP('',(#4186,#4188,#4189,#4190));
#4192=FACE_OUTER_BOUND('',#4191,.F.);
#4193=ADVANCED_FACE('',(#4192),#4185,.T.);
#4194=CARTESIAN_POINT('',(-1.99E0,2.345462236214E-1,1.981526119019E0));
#4195=DIRECTION('',(0.E0,0.E0,1.E0));
#4196=DIRECTION('',(0.E0,-1.E0,0.E0));
#4197=AXIS2_PLACEMENT_3D('',#4194,#4195,#4196);
#4198=PLANE('',#4197);
#4199=ORIENTED_EDGE('',*,*,#3819,.T.);
#4201=ORIENTED_EDGE('',*,*,#4200,.T.);
#4203=ORIENTED_EDGE('',*,*,#4202,.F.);
#4205=ORIENTED_EDGE('',*,*,#4204,.F.);
#4206=EDGE_LOOP('',(#4199,#4201,#4203,#4205));
#4207=FACE_OUTER_BOUND('',#4206,.F.);
#4208=ADVANCED_FACE('',(#4207),#4198,.T.);
#4209=CARTESIAN_POINT('',(-1.99E0,2.345462236214E-1,1.981526119019E0));
#4210=DIRECTION('',(0.E0,0.E0,1.E0));
#4211=DIRECTION('',(0.E0,-1.E0,0.E0));
#4212=AXIS2_PLACEMENT_3D('',#4209,#4210,#4211);
#4213=PLANE('',#4212);
#4215=ORIENTED_EDGE('',*,*,#4214,.F.);
#4217=ORIENTED_EDGE('',*,*,#4216,.T.);
#4219=ORIENTED_EDGE('',*,*,#4218,.T.);
#4221=ORIENTED_EDGE('',*,*,#4220,.F.);
#4222=EDGE_LOOP('',(#4215,#4217,#4219,#4221));
#4223=FACE_OUTER_BOUND('',#4222,.F.);
#4224=ADVANCED_FACE('',(#4223),#4213,.T.);
#4225=CARTESIAN_POINT('',(-1.99E0,2.345462236214E-1,1.981526119019E0));
#4226=DIRECTION('',(0.E0,0.E0,1.E0));
#4227=DIRECTION('',(0.E0,-1.E0,0.E0));
#4228=AXIS2_PLACEMENT_3D('',#4225,#4226,#4227);
#4229=PLANE('',#4228);
#4231=ORIENTED_EDGE('',*,*,#4230,.F.);
#4233=ORIENTED_EDGE('',*,*,#4232,.T.);
#4235=ORIENTED_EDGE('',*,*,#4234,.T.);
#4237=ORIENTED_EDGE('',*,*,#4236,.F.);
#4238=EDGE_LOOP('',(#4231,#4233,#4235,#4237));
#4239=FACE_OUTER_BOUND('',#4238,.F.);
#4240=ADVANCED_FACE('',(#4239),#4229,.T.);
#4241=CARTESIAN_POINT('',(-1.99E0,2.345462236214E-1,1.981526119019E0));
#4242=DIRECTION('',(0.E0,0.E0,1.E0));
#4243=DIRECTION('',(0.E0,-1.E0,0.E0));
#4244=AXIS2_PLACEMENT_3D('',#4241,#4242,#4243);
#4245=PLANE('',#4244);
#4247=ORIENTED_EDGE('',*,*,#4246,.F.);
#4249=ORIENTED_EDGE('',*,*,#4248,.T.);
#4251=ORIENTED_EDGE('',*,*,#4250,.T.);
#4253=ORIENTED_EDGE('',*,*,#4252,.F.);
#4254=EDGE_LOOP('',(#4247,#4249,#4251,#4253));
#4255=FACE_OUTER_BOUND('',#4254,.F.);
#4256=ADVANCED_FACE('',(#4255),#4245,.T.);
#4257=CARTESIAN_POINT('',(-1.99E0,2.345462236214E-1,1.981526119019E0));
#4258=DIRECTION('',(0.E0,0.E0,1.E0));
#4259=DIRECTION('',(0.E0,-1.E0,0.E0));
#4260=AXIS2_PLACEMENT_3D('',#4257,#4258,#4259);
#4261=PLANE('',#4260);
#4263=ORIENTED_EDGE('',*,*,#4262,.F.);
#4265=ORIENTED_EDGE('',*,*,#4264,.T.);
#4267=ORIENTED_EDGE('',*,*,#4266,.T.);
#4269=ORIENTED_EDGE('',*,*,#4268,.F.);
#4270=EDGE_LOOP('',(#4263,#4265,#4267,#4269));
#4271=FACE_OUTER_BOUND('',#4270,.F.);
#4272=ADVANCED_FACE('',(#4271),#4261,.T.);
#4273=CARTESIAN_POINT('',(-1.4E0,2.E-1,2.05E0));
#4274=DIRECTION('',(-1.E0,0.E0,0.E0));
#4275=DIRECTION('',(0.E0,0.E0,-1.E0));
#4276=AXIS2_PLACEMENT_3D('',#4273,#4274,#4275);
#4277=PLANE('',#4276);
#4278=ORIENTED_EDGE('',*,*,#4154,.T.);
#4279=ORIENTED_EDGE('',*,*,#4092,.T.);
#4280=ORIENTED_EDGE('',*,*,#4187,.F.);
#4281=ORIENTED_EDGE('',*,*,#3801,.F.);
#4282=EDGE_LOOP('',(#4278,#4279,#4280,#4281));
#4283=FACE_OUTER_BOUND('',#4282,.F.);
#4284=ADVANCED_FACE('',(#4283),#4277,.T.);
#4285=CARTESIAN_POINT('',(1.55E0,2.E-1,1.55E0));
#4286=DIRECTION('',(1.E0,0.E0,0.E0));
#4287=DIRECTION('',(0.E0,0.E0,1.E0));
#4288=AXIS2_PLACEMENT_3D('',#4285,#4286,#4287);
#4289=PLANE('',#4288);
#4290=ORIENTED_EDGE('',*,*,#4163,.T.);
#4292=ORIENTED_EDGE('',*,*,#4291,.F.);
#4293=ORIENTED_EDGE('',*,*,#4200,.F.);
#4294=ORIENTED_EDGE('',*,*,#3817,.F.);
#4295=EDGE_LOOP('',(#4290,#4292,#4293,#4294));
#4296=FACE_OUTER_BOUND('',#4295,.F.);
#4297=ADVANCED_FACE('',(#4296),#4289,.F.);
#4298=CARTESIAN_POINT('',(0.E0,1.E-1,0.E0));
#4299=DIRECTION('',(0.E0,-1.E0,0.E0));
#4300=DIRECTION('',(1.E0,0.E0,0.E0));
#4301=AXIS2_PLACEMENT_3D('',#4298,#4299,#4300);
#4302=PLANE('',#4301);
#4303=ORIENTED_EDGE('',*,*,#4161,.T.);
#4305=ORIENTED_EDGE('',*,*,#4304,.T.);
#4306=ORIENTED_EDGE('',*,*,#4202,.T.);
#4307=ORIENTED_EDGE('',*,*,#4291,.T.);
#4308=EDGE_LOOP('',(#4303,#4305,#4306,#4307));
#4309=FACE_OUTER_BOUND('',#4308,.F.);
#4310=ADVANCED_FACE('',(#4309),#4302,.F.);
#4311=CARTESIAN_POINT('',(0.E0,1.E-1,0.E0));
#4312=DIRECTION('',(0.E0,-1.E0,0.E0));
#4313=DIRECTION('',(1.E0,0.E0,0.E0));
#4314=AXIS2_PLACEMENT_3D('',#4311,#4312,#4313);
#4315=PLANE('',#4314);
#4317=ORIENTED_EDGE('',*,*,#4316,.F.);
#4319=ORIENTED_EDGE('',*,*,#4318,.T.);
#4321=ORIENTED_EDGE('',*,*,#4320,.F.);
#4323=ORIENTED_EDGE('',*,*,#4322,.T.);
#4324=EDGE_LOOP('',(#4317,#4319,#4321,#4323));
#4325=FACE_OUTER_BOUND('',#4324,.F.);
#4326=ADVANCED_FACE('',(#4325),#4315,.F.);
#4327=CARTESIAN_POINT('',(1.4E0,2.E-1,2.05E0));
#4328=DIRECTION('',(-1.E0,0.E0,0.E0));
#4329=DIRECTION('',(0.E0,0.E0,-1.E0));
#4330=AXIS2_PLACEMENT_3D('',#4327,#4328,#4329);
#4331=PLANE('',#4330);
#4332=ORIENTED_EDGE('',*,*,#4159,.F.);
#4333=ORIENTED_EDGE('',*,*,#3821,.T.);
#4334=ORIENTED_EDGE('',*,*,#4204,.T.);
#4335=ORIENTED_EDGE('',*,*,#4304,.F.);
#4336=EDGE_LOOP('',(#4332,#4333,#4334,#4335));
#4337=FACE_OUTER_BOUND('',#4336,.F.);
#4338=ADVANCED_FACE('',(#4337),#4331,.F.);
#4339=CARTESIAN_POINT('',(2.E0,0.E0,2.E0));
#4340=DIRECTION('',(1.E0,0.E0,0.E0));
#4341=DIRECTION('',(0.E0,0.E0,-1.E0));
#4342=AXIS2_PLACEMENT_3D('',#4339,#4340,#4341);
#4343=PLANE('',#4342);
#4345=ORIENTED_EDGE('',*,*,#4344,.F.);
#4347=ORIENTED_EDGE('',*,*,#4346,.F.);
#4349=ORIENTED_EDGE('',*,*,#4348,.F.);
#4350=ORIENTED_EDGE('',*,*,#3638,.F.);
#4352=ORIENTED_EDGE('',*,*,#4351,.F.);
#4354=ORIENTED_EDGE('',*,*,#4353,.F.);
#4356=ORIENTED_EDGE('',*,*,#4355,.F.);
#4357=ORIENTED_EDGE('',*,*,#3630,.F.);
#4359=ORIENTED_EDGE('',*,*,#4358,.F.);
#4361=ORIENTED_EDGE('',*,*,#4360,.F.);
#4363=ORIENTED_EDGE('',*,*,#4362,.F.);
#4364=ORIENTED_EDGE('',*,*,#3622,.F.);
#4366=ORIENTED_EDGE('',*,*,#4365,.F.);
#4368=ORIENTED_EDGE('',*,*,#4367,.F.);
#4370=ORIENTED_EDGE('',*,*,#4369,.F.);
#4371=ORIENTED_EDGE('',*,*,#3614,.F.);
#4372=ORIENTED_EDGE('',*,*,#4141,.T.);
#4374=ORIENTED_EDGE('',*,*,#4373,.T.);
#4375=ORIENTED_EDGE('',*,*,#3711,.F.);
#4376=ORIENTED_EDGE('',*,*,#3646,.F.);
#4377=EDGE_LOOP('',(#4345,#4347,#4349,#4350,#4352,#4354,#4356,#4357,#4359,#4361,
#4363,#4364,#4366,#4368,#4370,#4371,#4372,#4374,#4375,#4376));
#4378=FACE_OUTER_BOUND('',#4377,.F.);
#4379=ORIENTED_EDGE('',*,*,#3831,.F.);
#4381=ORIENTED_EDGE('',*,*,#4380,.T.);
#4382=ORIENTED_EDGE('',*,*,#4316,.T.);
#4384=ORIENTED_EDGE('',*,*,#4383,.F.);
#4385=EDGE_LOOP('',(#4379,#4381,#4382,#4384));
#4386=FACE_BOUND('',#4385,.F.);
#4387=ORIENTED_EDGE('',*,*,#3847,.F.);
#4389=ORIENTED_EDGE('',*,*,#4388,.T.);
#4391=ORIENTED_EDGE('',*,*,#4390,.F.);
#4393=ORIENTED_EDGE('',*,*,#4392,.F.);
#4394=EDGE_LOOP('',(#4387,#4389,#4391,#4393));
#4395=FACE_BOUND('',#4394,.F.);
#4396=ADVANCED_FACE('',(#4378,#4386,#4395),#4343,.T.);
#4397=CARTESIAN_POINT('',(2.05E0,2.E-1,1.55E0));
#4398=DIRECTION('',(0.E0,0.E0,1.E0));
#4399=DIRECTION('',(-1.E0,0.E0,0.E0));
#4400=AXIS2_PLACEMENT_3D('',#4397,#4398,#4399);
#4401=PLANE('',#4400);
#4402=ORIENTED_EDGE('',*,*,#4380,.F.);
#4403=ORIENTED_EDGE('',*,*,#3837,.F.);
#4405=ORIENTED_EDGE('',*,*,#4404,.T.);
#4406=ORIENTED_EDGE('',*,*,#4318,.F.);
#4407=EDGE_LOOP('',(#4402,#4403,#4405,#4406));
#4408=FACE_OUTER_BOUND('',#4407,.F.);
#4409=ADVANCED_FACE('',(#4408),#4401,.F.);
#4410=CARTESIAN_POINT('',(1.99E0,0.E0,0.E0));
#4411=DIRECTION('',(1.E0,0.E0,0.E0));
#4412=DIRECTION('',(0.E0,0.E0,-1.E0));
#4413=AXIS2_PLACEMENT_3D('',#4410,#4411,#4412);
#4414=PLANE('',#4413);
#4415=ORIENTED_EDGE('',*,*,#3835,.T.);
#4417=ORIENTED_EDGE('',*,*,#4416,.T.);
#4418=ORIENTED_EDGE('',*,*,#4320,.T.);
#4419=ORIENTED_EDGE('',*,*,#4404,.F.);
#4420=EDGE_LOOP('',(#4415,#4417,#4418,#4419));
#4421=FACE_OUTER_BOUND('',#4420,.F.);
#4422=ADVANCED_FACE('',(#4421),#4414,.T.);
#4423=CARTESIAN_POINT('',(1.99E0,0.E0,0.E0));
#4424=DIRECTION('',(1.E0,0.E0,0.E0));
#4425=DIRECTION('',(0.E0,0.E0,-1.E0));
#4426=AXIS2_PLACEMENT_3D('',#4423,#4424,#4425);
#4427=PLANE('',#4426);
#4428=ORIENTED_EDGE('',*,*,#3851,.T.);
#4430=ORIENTED_EDGE('',*,*,#4429,.T.);
#4432=ORIENTED_EDGE('',*,*,#4431,.F.);
#4434=ORIENTED_EDGE('',*,*,#4433,.F.);
#4435=EDGE_LOOP('',(#4428,#4430,#4432,#4434));
#4436=FACE_OUTER_BOUND('',#4435,.F.);
#4437=ADVANCED_FACE('',(#4436),#4427,.T.);
#4438=CARTESIAN_POINT('',(1.99E0,0.E0,0.E0));
#4439=DIRECTION('',(1.E0,0.E0,0.E0));
#4440=DIRECTION('',(0.E0,0.E0,-1.E0));
#4441=AXIS2_PLACEMENT_3D('',#4438,#4439,#4440);
#4442=PLANE('',#4441);
#4444=ORIENTED_EDGE('',*,*,#4443,.T.);
#4446=ORIENTED_EDGE('',*,*,#4445,.F.);
#4448=ORIENTED_EDGE('',*,*,#4447,.F.);
#4450=ORIENTED_EDGE('',*,*,#4449,.T.);
#4451=EDGE_LOOP('',(#4444,#4446,#4448,#4450));
#4452=FACE_OUTER_BOUND('',#4451,.F.);
#4453=ADVANCED_FACE('',(#4452),#4442,.T.);
#4454=CARTESIAN_POINT('',(1.99E0,0.E0,0.E0));
#4455=DIRECTION('',(1.E0,0.E0,0.E0));
#4456=DIRECTION('',(0.E0,0.E0,-1.E0));
#4457=AXIS2_PLACEMENT_3D('',#4454,#4455,#4456);
#4458=PLANE('',#4457);
#4460=ORIENTED_EDGE('',*,*,#4459,.T.);
#4462=ORIENTED_EDGE('',*,*,#4461,.F.);
#4464=ORIENTED_EDGE('',*,*,#4463,.F.);
#4466=ORIENTED_EDGE('',*,*,#4465,.T.);
#4467=EDGE_LOOP('',(#4460,#4462,#4464,#4466));
#4468=FACE_OUTER_BOUND('',#4467,.F.);
#4469=ADVANCED_FACE('',(#4468),#4458,.T.);
#4470=CARTESIAN_POINT('',(1.99E0,0.E0,0.E0));
#4471=DIRECTION('',(1.E0,0.E0,0.E0));
#4472=DIRECTION('',(0.E0,0.E0,-1.E0));
#4473=AXIS2_PLACEMENT_3D('',#4470,#4471,#4472);
#4474=PLANE('',#4473);
#4476=ORIENTED_EDGE('',*,*,#4475,.T.);
#4478=ORIENTED_EDGE('',*,*,#4477,.F.);
#4480=ORIENTED_EDGE('',*,*,#4479,.F.);
#4482=ORIENTED_EDGE('',*,*,#4481,.T.);
#4483=EDGE_LOOP('',(#4476,#4478,#4480,#4482));
#4484=FACE_OUTER_BOUND('',#4483,.F.);
#4485=ADVANCED_FACE('',(#4484),#4474,.T.);
#4486=CARTESIAN_POINT('',(1.99E0,0.E0,0.E0));
#4487=DIRECTION('',(1.E0,0.E0,0.E0));
#4488=DIRECTION('',(0.E0,0.E0,-1.E0));
#4489=AXIS2_PLACEMENT_3D('',#4486,#4487,#4488);
#4490=PLANE('',#4489);
#4492=ORIENTED_EDGE('',*,*,#4491,.T.);
#4494=ORIENTED_EDGE('',*,*,#4493,.F.);
#4496=ORIENTED_EDGE('',*,*,#4495,.F.);
#4498=ORIENTED_EDGE('',*,*,#4497,.T.);
#4499=EDGE_LOOP('',(#4492,#4494,#4496,#4498));
#4500=FACE_OUTER_BOUND('',#4499,.F.);
#4501=ADVANCED_FACE('',(#4500),#4490,.T.);
#4502=CARTESIAN_POINT('',(1.506066017178E0,2.E-1,1.4E0));
#4503=DIRECTION('',(0.E0,0.E0,-1.E0));
#4504=DIRECTION('',(1.E0,0.E0,0.E0));
#4505=AXIS2_PLACEMENT_3D('',#4502,#4503,#4504);
#4506=PLANE('',#4505);
#4507=ORIENTED_EDGE('',*,*,#4383,.T.);
#4508=ORIENTED_EDGE('',*,*,#4322,.F.);
#4509=ORIENTED_EDGE('',*,*,#4416,.F.);
#4510=ORIENTED_EDGE('',*,*,#3833,.T.);
#4511=EDGE_LOOP('',(#4507,#4508,#4509,#4510));
#4512=FACE_OUTER_BOUND('',#4511,.F.);
#4513=ADVANCED_FACE('',(#4512),#4506,.F.);
#4514=CARTESIAN_POINT('',(2.05E0,2.E-1,-1.55E0));
#4515=DIRECTION('',(0.E0,0.E0,1.E0));
#4516=DIRECTION('',(-1.E0,0.E0,0.E0));
#4517=AXIS2_PLACEMENT_3D('',#4514,#4515,#4516);
#4518=PLANE('',#4517);
#4519=ORIENTED_EDGE('',*,*,#4392,.T.);
#4521=ORIENTED_EDGE('',*,*,#4520,.T.);
#4522=ORIENTED_EDGE('',*,*,#4429,.F.);
#4523=ORIENTED_EDGE('',*,*,#3849,.F.);
#4524=EDGE_LOOP('',(#4519,#4521,#4522,#4523));
#4525=FACE_OUTER_BOUND('',#4524,.F.);
#4526=ADVANCED_FACE('',(#4525),#4518,.T.);
#4527=CARTESIAN_POINT('',(0.E0,1.E-1,0.E0));
#4528=DIRECTION('',(0.E0,1.E0,0.E0));
#4529=DIRECTION('',(1.E0,0.E0,0.E0));
#4530=AXIS2_PLACEMENT_3D('',#4527,#4528,#4529);
#4531=PLANE('',#4530);
#4532=ORIENTED_EDGE('',*,*,#4390,.T.);
#4534=ORIENTED_EDGE('',*,*,#4533,.F.);
#4535=ORIENTED_EDGE('',*,*,#4431,.T.);
#4536=ORIENTED_EDGE('',*,*,#4520,.F.);
#4537=EDGE_LOOP('',(#4532,#4534,#4535,#4536));
#4538=FACE_OUTER_BOUND('',#4537,.F.);
#4539=ADVANCED_FACE('',(#4538),#4531,.T.);
#4540=CARTESIAN_POINT('',(0.E0,1.E-1,0.E0));
#4541=DIRECTION('',(0.E0,1.E0,0.E0));
#4542=DIRECTION('',(1.E0,0.E0,0.E0));
#4543=AXIS2_PLACEMENT_3D('',#4540,#4541,#4542);
#4544=PLANE('',#4543);
#4545=ORIENTED_EDGE('',*,*,#3745,.F.);
#4547=ORIENTED_EDGE('',*,*,#4546,.F.);
#4549=ORIENTED_EDGE('',*,*,#4548,.F.);
#4551=ORIENTED_EDGE('',*,*,#4550,.F.);
#4552=EDGE_LOOP('',(#4545,#4547,#4549,#4551));
#4553=FACE_OUTER_BOUND('',#4552,.F.);
#4554=ADVANCED_FACE('',(#4553),#4544,.T.);
#4555=CARTESIAN_POINT('',(1.506066017178E0,2.E-1,-1.4E0));
#4556=DIRECTION('',(0.E0,0.E0,-1.E0));
#4557=DIRECTION('',(1.E0,0.E0,0.E0));
#4558=AXIS2_PLACEMENT_3D('',#4555,#4556,#4557);
#4559=PLANE('',#4558);
#4560=ORIENTED_EDGE('',*,*,#4388,.F.);
#4561=ORIENTED_EDGE('',*,*,#3853,.F.);
#4562=ORIENTED_EDGE('',*,*,#4433,.T.);
#4563=ORIENTED_EDGE('',*,*,#4533,.T.);
#4564=EDGE_LOOP('',(#4560,#4561,#4562,#4563));
#4565=FACE_OUTER_BOUND('',#4564,.F.);
#4566=ADVANCED_FACE('',(#4565),#4559,.T.);
#4567=CARTESIAN_POINT('',(1.55E0,2.E-1,-1.55E0));
#4568=DIRECTION('',(-1.E0,0.E0,0.E0));
#4569=DIRECTION('',(0.E0,0.E0,-1.E0));
#4570=AXIS2_PLACEMENT_3D('',#4567,#4568,#4569);
#4571=PLANE('',#4570);
#4572=ORIENTED_EDGE('',*,*,#3743,.F.);
#4573=ORIENTED_EDGE('',*,*,#3868,.F.);
#4575=ORIENTED_EDGE('',*,*,#4574,.T.);
#4576=ORIENTED_EDGE('',*,*,#4546,.T.);
#4577=EDGE_LOOP('',(#4572,#4573,#4575,#4576));
#4578=FACE_OUTER_BOUND('',#4577,.F.);
#4579=ADVANCED_FACE('',(#4578),#4571,.T.);
#4580=CARTESIAN_POINT('',(-1.99E0,1.714623540487E-2,-1.979802971626E0));
#4581=DIRECTION('',(0.E0,0.E0,-1.E0));
#4582=DIRECTION('',(0.E0,1.E0,0.E0));
#4583=AXIS2_PLACEMENT_3D('',#4580,#4581,#4582);
#4584=PLANE('',#4583);
#4585=ORIENTED_EDGE('',*,*,#3881,.F.);
#4587=ORIENTED_EDGE('',*,*,#4586,.T.);
#4589=ORIENTED_EDGE('',*,*,#4588,.F.);
#4591=ORIENTED_EDGE('',*,*,#4590,.F.);
#4592=EDGE_LOOP('',(#4585,#4587,#4589,#4591));
#4593=FACE_OUTER_BOUND('',#4592,.F.);
#4594=ADVANCED_FACE('',(#4593),#4584,.T.);
#4595=CARTESIAN_POINT('',(-1.99E0,1.714623540487E-2,-1.979802971626E0));
#4596=DIRECTION('',(0.E0,0.E0,-1.E0));
#4597=DIRECTION('',(0.E0,1.E0,0.E0));
#4598=AXIS2_PLACEMENT_3D('',#4595,#4596,#4597);
#4599=PLANE('',#4598);
#4600=ORIENTED_EDGE('',*,*,#3866,.F.);
#4602=ORIENTED_EDGE('',*,*,#4601,.T.);
#4603=ORIENTED_EDGE('',*,*,#4548,.T.);
#4604=ORIENTED_EDGE('',*,*,#4574,.F.);
#4605=EDGE_LOOP('',(#4600,#4602,#4603,#4604));
#4606=FACE_OUTER_BOUND('',#4605,.F.);
#4607=ADVANCED_FACE('',(#4606),#4599,.T.);
#4608=CARTESIAN_POINT('',(-1.99E0,1.714623540487E-2,-1.979802971626E0));
#4609=DIRECTION('',(0.E0,0.E0,-1.E0));
#4610=DIRECTION('',(0.E0,1.E0,0.E0));
#4611=AXIS2_PLACEMENT_3D('',#4608,#4609,#4610);
#4612=PLANE('',#4611);
#4614=ORIENTED_EDGE('',*,*,#4613,.T.);
#4616=ORIENTED_EDGE('',*,*,#4615,.T.);
#4617=ORIENTED_EDGE('',*,*,#3692,.F.);
#4619=ORIENTED_EDGE('',*,*,#4618,.T.);
#4620=EDGE_LOOP('',(#4614,#4616,#4617,#4619));
#4621=FACE_OUTER_BOUND('',#4620,.F.);
#4622=ADVANCED_FACE('',(#4621),#4612,.T.);
#4623=CARTESIAN_POINT('',(-1.99E0,1.714623540487E-2,-1.979802971626E0));
#4624=DIRECTION('',(0.E0,0.E0,-1.E0));
#4625=DIRECTION('',(0.E0,1.E0,0.E0));
#4626=AXIS2_PLACEMENT_3D('',#4623,#4624,#4625);
#4627=PLANE('',#4626);
#4629=ORIENTED_EDGE('',*,*,#4628,.T.);
#4631=ORIENTED_EDGE('',*,*,#4630,.T.);
#4633=ORIENTED_EDGE('',*,*,#4632,.F.);
#4635=ORIENTED_EDGE('',*,*,#4634,.T.);
#4636=EDGE_LOOP('',(#4629,#4631,#4633,#4635));
#4637=FACE_OUTER_BOUND('',#4636,.F.);
#4638=ADVANCED_FACE('',(#4637),#4627,.T.);
#4639=CARTESIAN_POINT('',(-1.99E0,1.714623540487E-2,-1.979802971626E0));
#4640=DIRECTION('',(0.E0,0.E0,-1.E0));
#4641=DIRECTION('',(0.E0,1.E0,0.E0));
#4642=AXIS2_PLACEMENT_3D('',#4639,#4640,#4641);
#4643=PLANE('',#4642);
#4645=ORIENTED_EDGE('',*,*,#4644,.T.);
#4647=ORIENTED_EDGE('',*,*,#4646,.T.);
#4649=ORIENTED_EDGE('',*,*,#4648,.F.);
#4651=ORIENTED_EDGE('',*,*,#4650,.T.);
#4652=EDGE_LOOP('',(#4645,#4647,#4649,#4651));
#4653=FACE_OUTER_BOUND('',#4652,.F.);
#4654=ADVANCED_FACE('',(#4653),#4643,.T.);
#4655=CARTESIAN_POINT('',(-1.99E0,1.714623540487E-2,-1.979802971626E0));
#4656=DIRECTION('',(0.E0,0.E0,-1.E0));
#4657=DIRECTION('',(0.E0,1.E0,0.E0));
#4658=AXIS2_PLACEMENT_3D('',#4655,#4656,#4657);
#4659=PLANE('',#4658);
#4661=ORIENTED_EDGE('',*,*,#4660,.T.);
#4663=ORIENTED_EDGE('',*,*,#4662,.T.);
#4665=ORIENTED_EDGE('',*,*,#4664,.F.);
#4667=ORIENTED_EDGE('',*,*,#4666,.T.);
#4668=EDGE_LOOP('',(#4661,#4663,#4665,#4667));
#4669=FACE_OUTER_BOUND('',#4668,.F.);
#4670=ADVANCED_FACE('',(#4669),#4659,.T.);
#4671=CARTESIAN_POINT('',(-1.55E0,2.E-1,-1.55E0));
#4672=DIRECTION('',(-1.E0,0.E0,0.E0));
#4673=DIRECTION('',(0.E0,0.E0,-1.E0));
#4674=AXIS2_PLACEMENT_3D('',#4671,#4672,#4673);
#4675=PLANE('',#4674);
#4676=ORIENTED_EDGE('',*,*,#3757,.T.);
#4678=ORIENTED_EDGE('',*,*,#4677,.F.);
#4679=ORIENTED_EDGE('',*,*,#4586,.F.);
#4680=ORIENTED_EDGE('',*,*,#3879,.F.);
#4681=EDGE_LOOP('',(#4676,#4678,#4679,#4680));
#4682=FACE_OUTER_BOUND('',#4681,.F.);
#4683=ADVANCED_FACE('',(#4682),#4675,.F.);
#4684=CARTESIAN_POINT('',(0.E0,1.E-1,0.E0));
#4685=DIRECTION('',(0.E0,-1.E0,0.E0));
#4686=DIRECTION('',(-1.E0,0.E0,0.E0));
#4687=AXIS2_PLACEMENT_3D('',#4684,#4685,#4686);
#4688=PLANE('',#4687);
#4689=ORIENTED_EDGE('',*,*,#3932,.F.);
#4690=ORIENTED_EDGE('',*,*,#3957,.T.);
#4691=ORIENTED_EDGE('',*,*,#3985,.F.);
#4693=ORIENTED_EDGE('',*,*,#4692,.T.);
#4694=EDGE_LOOP('',(#4689,#4690,#4691,#4693));
#4695=FACE_OUTER_BOUND('',#4694,.F.);
#4696=ADVANCED_FACE('',(#4695),#4688,.F.);
#4697=CARTESIAN_POINT('',(0.E0,1.E-1,0.E0));
#4698=DIRECTION('',(0.E0,-1.E0,0.E0));
#4699=DIRECTION('',(-1.E0,0.E0,0.E0));
#4700=AXIS2_PLACEMENT_3D('',#4697,#4698,#4699);
#4701=PLANE('',#4700);
#4702=ORIENTED_EDGE('',*,*,#3755,.T.);
#4704=ORIENTED_EDGE('',*,*,#4703,.T.);
#4705=ORIENTED_EDGE('',*,*,#4588,.T.);
#4706=ORIENTED_EDGE('',*,*,#4677,.T.);
#4707=EDGE_LOOP('',(#4702,#4704,#4705,#4706));
#4708=FACE_OUTER_BOUND('',#4707,.F.);
#4709=ADVANCED_FACE('',(#4708),#4701,.F.);
#4710=CARTESIAN_POINT('',(-1.506066017178E0,2.E-1,-1.4E0));
#4711=DIRECTION('',(0.E0,0.E0,1.E0));
#4712=DIRECTION('',(-1.E0,0.E0,0.E0));
#4713=AXIS2_PLACEMENT_3D('',#4710,#4711,#4712);
#4714=PLANE('',#4713);
#4715=ORIENTED_EDGE('',*,*,#3934,.T.);
#4716=ORIENTED_EDGE('',*,*,#4692,.F.);
#4717=ORIENTED_EDGE('',*,*,#3983,.F.);
#4718=ORIENTED_EDGE('',*,*,#3769,.T.);
#4719=EDGE_LOOP('',(#4715,#4716,#4717,#4718));
#4720=FACE_OUTER_BOUND('',#4719,.F.);
#4721=ADVANCED_FACE('',(#4720),#4714,.F.);
#4722=CARTESIAN_POINT('',(-1.4E0,2.E-1,-2.05E0));
#4723=DIRECTION('',(1.E0,0.E0,0.E0));
#4724=DIRECTION('',(0.E0,0.E0,1.E0));
#4725=AXIS2_PLACEMENT_3D('',#4722,#4723,#4724);
#4726=PLANE('',#4725);
#4727=ORIENTED_EDGE('',*,*,#3753,.F.);
#4728=ORIENTED_EDGE('',*,*,#3883,.T.);
#4729=ORIENTED_EDGE('',*,*,#4590,.T.);
#4730=ORIENTED_EDGE('',*,*,#4703,.F.);
#4731=EDGE_LOOP('',(#4727,#4728,#4729,#4730));
#4732=FACE_OUTER_BOUND('',#4731,.F.);
#4733=ADVANCED_FACE('',(#4732),#4726,.F.);
#4734=CARTESIAN_POINT('',(1.4E0,2.E-1,-2.05E0));
#4735=DIRECTION('',(1.E0,0.E0,0.E0));
#4736=DIRECTION('',(0.E0,0.E0,1.E0));
#4737=AXIS2_PLACEMENT_3D('',#4734,#4735,#4736);
#4738=PLANE('',#4737);
#4739=ORIENTED_EDGE('',*,*,#3747,.T.);
#4740=ORIENTED_EDGE('',*,*,#4550,.T.);
#4741=ORIENTED_EDGE('',*,*,#4601,.F.);
#4742=ORIENTED_EDGE('',*,*,#3864,.F.);
#4743=EDGE_LOOP('',(#4739,#4740,#4741,#4742));
#4744=FACE_OUTER_BOUND('',#4743,.F.);
#4745=ADVANCED_FACE('',(#4744),#4738,.T.);
#4746=CARTESIAN_POINT('',(7.85E-1,2.E-1,-2.05E0));
#4747=DIRECTION('',(-9.805806756909E-1,-1.961161351382E-1,0.E0));
#4748=DIRECTION('',(1.961161351382E-1,-9.805806756909E-1,0.E0));
#4749=AXIS2_PLACEMENT_3D('',#4746,#4747,#4748);
#4750=PLANE('',#4749);
#4751=ORIENTED_EDGE('',*,*,#3518,.T.);
#4752=ORIENTED_EDGE('',*,*,#3677,.F.);
#4754=ORIENTED_EDGE('',*,*,#4753,.T.);
#4755=ORIENTED_EDGE('',*,*,#4613,.F.);
#4757=ORIENTED_EDGE('',*,*,#4756,.F.);
#4758=ORIENTED_EDGE('',*,*,#3705,.T.);
#4759=EDGE_LOOP('',(#4751,#4752,#4754,#4755,#4757,#4758));
#4760=FACE_OUTER_BOUND('',#4759,.F.);
#4761=ADVANCED_FACE('',(#4760),#4750,.F.);
#4762=CARTESIAN_POINT('',(-1.99E0,1.714623540487E-2,1.981526119019E0));
#4763=DIRECTION('',(0.E0,-1.E0,0.E0));
#4764=DIRECTION('',(0.E0,0.E0,-1.E0));
#4765=AXIS2_PLACEMENT_3D('',#4762,#4763,#4764);
#4766=PLANE('',#4765);
#4767=ORIENTED_EDGE('',*,*,#3675,.T.);
#4768=ORIENTED_EDGE('',*,*,#3694,.T.);
#4769=ORIENTED_EDGE('',*,*,#4615,.F.);
#4770=ORIENTED_EDGE('',*,*,#4753,.F.);
#4771=EDGE_LOOP('',(#4767,#4768,#4769,#4770));
#4772=FACE_OUTER_BOUND('',#4771,.F.);
#4773=ADVANCED_FACE('',(#4772),#4766,.T.);
#4774=CARTESIAN_POINT('',(-1.99E0,1.714623540487E-2,1.981526119019E0));
#4775=DIRECTION('',(0.E0,-1.E0,0.E0));
#4776=DIRECTION('',(0.E0,0.E0,-1.E0));
#4777=AXIS2_PLACEMENT_3D('',#4774,#4775,#4776);
#4778=PLANE('',#4777);
#4780=ORIENTED_EDGE('',*,*,#4779,.T.);
#4782=ORIENTED_EDGE('',*,*,#4781,.T.);
#4783=ORIENTED_EDGE('',*,*,#4445,.T.);
#4785=ORIENTED_EDGE('',*,*,#4784,.F.);
#4786=EDGE_LOOP('',(#4780,#4782,#4783,#4785));
#4787=FACE_OUTER_BOUND('',#4786,.F.);
#4788=ADVANCED_FACE('',(#4787),#4778,.T.);
#4789=CARTESIAN_POINT('',(-1.99E0,1.714623540487E-2,1.981526119019E0));
#4790=DIRECTION('',(0.E0,-1.E0,0.E0));
#4791=DIRECTION('',(0.E0,0.E0,-1.E0));
#4792=AXIS2_PLACEMENT_3D('',#4789,#4790,#4791);
#4793=PLANE('',#4792);
#4795=ORIENTED_EDGE('',*,*,#4794,.T.);
#4797=ORIENTED_EDGE('',*,*,#4796,.T.);
#4798=ORIENTED_EDGE('',*,*,#4630,.F.);
#4800=ORIENTED_EDGE('',*,*,#4799,.F.);
#4801=EDGE_LOOP('',(#4795,#4797,#4798,#4800));
#4802=FACE_OUTER_BOUND('',#4801,.F.);
#4803=ADVANCED_FACE('',(#4802),#4793,.T.);
#4804=CARTESIAN_POINT('',(-1.99E0,1.714623540487E-2,1.981526119019E0));
#4805=DIRECTION('',(0.E0,-1.E0,0.E0));
#4806=DIRECTION('',(0.E0,0.E0,-1.E0));
#4807=AXIS2_PLACEMENT_3D('',#4804,#4805,#4806);
#4808=PLANE('',#4807);
#4810=ORIENTED_EDGE('',*,*,#4809,.T.);
#4812=ORIENTED_EDGE('',*,*,#4811,.T.);
#4813=ORIENTED_EDGE('',*,*,#4646,.F.);
#4815=ORIENTED_EDGE('',*,*,#4814,.F.);
#4816=EDGE_LOOP('',(#4810,#4812,#4813,#4815));
#4817=FACE_OUTER_BOUND('',#4816,.F.);
#4818=ADVANCED_FACE('',(#4817),#4808,.T.);
#4819=CARTESIAN_POINT('',(-1.99E0,1.714623540487E-2,1.981526119019E0));
#4820=DIRECTION('',(0.E0,-1.E0,0.E0));
#4821=DIRECTION('',(0.E0,0.E0,-1.E0));
#4822=AXIS2_PLACEMENT_3D('',#4819,#4820,#4821);
#4823=PLANE('',#4822);
#4825=ORIENTED_EDGE('',*,*,#4824,.T.);
#4827=ORIENTED_EDGE('',*,*,#4826,.T.);
#4828=ORIENTED_EDGE('',*,*,#4662,.F.);
#4830=ORIENTED_EDGE('',*,*,#4829,.F.);
#4831=EDGE_LOOP('',(#4825,#4827,#4828,#4830));
#4832=FACE_OUTER_BOUND('',#4831,.F.);
#4833=ADVANCED_FACE('',(#4832),#4823,.T.);
#4834=CARTESIAN_POINT('',(-1.99E0,1.714623540487E-2,1.981526119019E0));
#4835=DIRECTION('',(0.E0,-1.E0,0.E0));
#4836=DIRECTION('',(0.E0,0.E0,-1.E0));
#4837=AXIS2_PLACEMENT_3D('',#4834,#4835,#4836);
#4838=PLANE('',#4837);
#4840=ORIENTED_EDGE('',*,*,#4839,.T.);
#4842=ORIENTED_EDGE('',*,*,#4841,.T.);
#4843=ORIENTED_EDGE('',*,*,#4461,.T.);
#4845=ORIENTED_EDGE('',*,*,#4844,.F.);
#4846=EDGE_LOOP('',(#4840,#4842,#4843,#4845));
#4847=FACE_OUTER_BOUND('',#4846,.F.);
#4848=ADVANCED_FACE('',(#4847),#4838,.T.);
#4849=CARTESIAN_POINT('',(-1.99E0,1.714623540487E-2,1.981526119019E0));
#4850=DIRECTION('',(0.E0,-1.E0,0.E0));
#4851=DIRECTION('',(0.E0,0.E0,-1.E0));
#4852=AXIS2_PLACEMENT_3D('',#4849,#4850,#4851);
#4853=PLANE('',#4852);
#4855=ORIENTED_EDGE('',*,*,#4854,.T.);
#4857=ORIENTED_EDGE('',*,*,#4856,.T.);
#4858=ORIENTED_EDGE('',*,*,#4477,.T.);
#4860=ORIENTED_EDGE('',*,*,#4859,.F.);
#4861=EDGE_LOOP('',(#4855,#4857,#4858,#4860));
#4862=FACE_OUTER_BOUND('',#4861,.F.);
#4863=ADVANCED_FACE('',(#4862),#4853,.T.);
#4864=CARTESIAN_POINT('',(-1.99E0,1.714623540487E-2,1.981526119019E0));
#4865=DIRECTION('',(0.E0,-1.E0,0.E0));
#4866=DIRECTION('',(0.E0,0.E0,-1.E0));
#4867=AXIS2_PLACEMENT_3D('',#4864,#4865,#4866);
#4868=PLANE('',#4867);
#4870=ORIENTED_EDGE('',*,*,#4869,.F.);
#4872=ORIENTED_EDGE('',*,*,#4871,.T.);
#4873=ORIENTED_EDGE('',*,*,#4220,.T.);
#4875=ORIENTED_EDGE('',*,*,#4874,.F.);
#4876=EDGE_LOOP('',(#4870,#4872,#4873,#4875));
#4877=FACE_OUTER_BOUND('',#4876,.F.);
#4878=ADVANCED_FACE('',(#4877),#4868,.T.);
#4879=CARTESIAN_POINT('',(-1.99E0,1.714623540487E-2,1.981526119019E0));
#4880=DIRECTION('',(0.E0,-1.E0,0.E0));
#4881=DIRECTION('',(0.E0,0.E0,-1.E0));
#4882=AXIS2_PLACEMENT_3D('',#4879,#4880,#4881);
#4883=PLANE('',#4882);
#4885=ORIENTED_EDGE('',*,*,#4884,.F.);
#4887=ORIENTED_EDGE('',*,*,#4886,.T.);
#4888=ORIENTED_EDGE('',*,*,#4236,.T.);
#4890=ORIENTED_EDGE('',*,*,#4889,.F.);
#4891=EDGE_LOOP('',(#4885,#4887,#4888,#4890));
#4892=FACE_OUTER_BOUND('',#4891,.F.);
#4893=ADVANCED_FACE('',(#4892),#4883,.T.);
#4894=CARTESIAN_POINT('',(-1.99E0,1.714623540487E-2,1.981526119019E0));
#4895=DIRECTION('',(0.E0,-1.E0,0.E0));
#4896=DIRECTION('',(0.E0,0.E0,-1.E0));
#4897=AXIS2_PLACEMENT_3D('',#4894,#4895,#4896);
#4898=PLANE('',#4897);
#4900=ORIENTED_EDGE('',*,*,#4899,.F.);
#4902=ORIENTED_EDGE('',*,*,#4901,.T.);
#4903=ORIENTED_EDGE('',*,*,#4252,.T.);
#4905=ORIENTED_EDGE('',*,*,#4904,.F.);
#4906=EDGE_LOOP('',(#4900,#4902,#4903,#4905));
#4907=FACE_OUTER_BOUND('',#4906,.F.);
#4908=ADVANCED_FACE('',(#4907),#4898,.T.);
#4909=CARTESIAN_POINT('',(-1.99E0,1.714623540487E-2,1.981526119019E0));
#4910=DIRECTION('',(0.E0,-1.E0,0.E0));
#4911=DIRECTION('',(0.E0,0.E0,-1.E0));
#4912=AXIS2_PLACEMENT_3D('',#4909,#4910,#4911);
#4913=PLANE('',#4912);
#4915=ORIENTED_EDGE('',*,*,#4914,.F.);
#4917=ORIENTED_EDGE('',*,*,#4916,.T.);
#4918=ORIENTED_EDGE('',*,*,#4268,.T.);
#4920=ORIENTED_EDGE('',*,*,#4919,.F.);
#4921=EDGE_LOOP('',(#4915,#4917,#4918,#4920));
#4922=FACE_OUTER_BOUND('',#4921,.F.);
#4923=ADVANCED_FACE('',(#4922),#4913,.T.);
#4924=CARTESIAN_POINT('',(-1.99E0,1.714623540487E-2,1.981526119019E0));
#4925=DIRECTION('',(0.E0,-1.E0,0.E0));
#4926=DIRECTION('',(0.E0,0.E0,-1.E0));
#4927=AXIS2_PLACEMENT_3D('',#4924,#4925,#4926);
#4928=PLANE('',#4927);
#4930=ORIENTED_EDGE('',*,*,#4929,.F.);
#4932=ORIENTED_EDGE('',*,*,#4931,.T.);
#4933=ORIENTED_EDGE('',*,*,#4002,.F.);
#4935=ORIENTED_EDGE('',*,*,#4934,.F.);
#4936=EDGE_LOOP('',(#4930,#4932,#4933,#4935));
#4937=FACE_OUTER_BOUND('',#4936,.F.);
#4938=ADVANCED_FACE('',(#4937),#4928,.T.);
#4939=CARTESIAN_POINT('',(-1.99E0,1.714623540487E-2,1.981526119019E0));
#4940=DIRECTION('',(0.E0,-1.E0,0.E0));
#4941=DIRECTION('',(0.E0,0.E0,-1.E0));
#4942=AXIS2_PLACEMENT_3D('',#4939,#4940,#4941);
#4943=PLANE('',#4942);
#4945=ORIENTED_EDGE('',*,*,#4944,.F.);
#4947=ORIENTED_EDGE('',*,*,#4946,.T.);
#4948=ORIENTED_EDGE('',*,*,#4018,.F.);
#4950=ORIENTED_EDGE('',*,*,#4949,.F.);
#4951=EDGE_LOOP('',(#4945,#4947,#4948,#4950));
#4952=FACE_OUTER_BOUND('',#4951,.F.);
#4953=ADVANCED_FACE('',(#4952),#4943,.T.);
#4954=CARTESIAN_POINT('',(-1.99E0,1.714623540487E-2,1.981526119019E0));
#4955=DIRECTION('',(0.E0,-1.E0,0.E0));
#4956=DIRECTION('',(0.E0,0.E0,-1.E0));
#4957=AXIS2_PLACEMENT_3D('',#4954,#4955,#4956);
#4958=PLANE('',#4957);
#4960=ORIENTED_EDGE('',*,*,#4959,.F.);
#4962=ORIENTED_EDGE('',*,*,#4961,.T.);
#4963=ORIENTED_EDGE('',*,*,#4034,.F.);
#4965=ORIENTED_EDGE('',*,*,#4964,.F.);
#4966=EDGE_LOOP('',(#4960,#4962,#4963,#4965));
#4967=FACE_OUTER_BOUND('',#4966,.F.);
#4968=ADVANCED_FACE('',(#4967),#4958,.T.);
#4969=CARTESIAN_POINT('',(-1.99E0,1.714623540487E-2,1.981526119019E0));
#4970=DIRECTION('',(0.E0,-1.E0,0.E0));
#4971=DIRECTION('',(0.E0,0.E0,-1.E0));
#4972=AXIS2_PLACEMENT_3D('',#4969,#4970,#4971);
#4973=PLANE('',#4972);
#4975=ORIENTED_EDGE('',*,*,#4974,.T.);
#4977=ORIENTED_EDGE('',*,*,#4976,.T.);
#4978=ORIENTED_EDGE('',*,*,#4493,.T.);
#4980=ORIENTED_EDGE('',*,*,#4979,.F.);
#4981=EDGE_LOOP('',(#4975,#4977,#4978,#4980));
#4982=FACE_OUTER_BOUND('',#4981,.F.);
#4983=ADVANCED_FACE('',(#4982),#4973,.T.);
#4984=CARTESIAN_POINT('',(-1.99E0,1.714623540487E-2,1.981526119019E0));
#4985=DIRECTION('',(0.E0,-1.E0,0.E0));
#4986=DIRECTION('',(0.E0,0.E0,-1.E0));
#4987=AXIS2_PLACEMENT_3D('',#4984,#4985,#4986);
#4988=PLANE('',#4987);
#4990=ORIENTED_EDGE('',*,*,#4989,.F.);
#4992=ORIENTED_EDGE('',*,*,#4991,.T.);
#4993=ORIENTED_EDGE('',*,*,#4050,.F.);
#4995=ORIENTED_EDGE('',*,*,#4994,.F.);
#4996=EDGE_LOOP('',(#4990,#4992,#4993,#4995));
#4997=FACE_OUTER_BOUND('',#4996,.F.);
#4998=ADVANCED_FACE('',(#4997),#4988,.T.);
#4999=CARTESIAN_POINT('',(-1.99E0,1.714623540487E-2,1.981526119019E0));
#5000=DIRECTION('',(0.E0,-1.E0,0.E0));
#5001=DIRECTION('',(0.E0,0.E0,-1.E0));
#5002=AXIS2_PLACEMENT_3D('',#4999,#5000,#5001);
#5003=PLANE('',#5002);
#5005=ORIENTED_EDGE('',*,*,#5004,.F.);
#5007=ORIENTED_EDGE('',*,*,#5006,.F.);
#5009=ORIENTED_EDGE('',*,*,#5008,.F.);
#5011=ORIENTED_EDGE('',*,*,#5010,.F.);
#5013=ORIENTED_EDGE('',*,*,#5012,.F.);
#5014=EDGE_LOOP('',(#5005,#5007,#5009,#5011,#5013));
#5015=FACE_OUTER_BOUND('',#5014,.F.);
#5016=ADVANCED_FACE('',(#5015),#5003,.T.);
#5017=CARTESIAN_POINT('',(1.6E0,2.E-1,0.E0));
#5018=DIRECTION('',(-1.E0,0.E0,0.E0));
#5019=DIRECTION('',(0.E0,0.E0,1.E0));
#5020=AXIS2_PLACEMENT_3D('',#5017,#5018,#5019);
#5021=PLANE('',#5020);
#5022=ORIENTED_EDGE('',*,*,#3642,.T.);
#5024=ORIENTED_EDGE('',*,*,#5023,.T.);
#5025=ORIENTED_EDGE('',*,*,#4779,.F.);
#5027=ORIENTED_EDGE('',*,*,#5026,.T.);
#5028=EDGE_LOOP('',(#5022,#5024,#5025,#5027));
#5029=FACE_OUTER_BOUND('',#5028,.F.);
#5030=ADVANCED_FACE('',(#5029),#5021,.F.);
#5031=CARTESIAN_POINT('',(2.05E0,0.E0,-8.25E-1));
#5032=DIRECTION('',(0.E0,-1.961161351382E-1,9.805806756909E-1));
#5033=DIRECTION('',(0.E0,9.805806756909E-1,1.961161351382E-1));
#5034=AXIS2_PLACEMENT_3D('',#5031,#5032,#5033);
#5035=PLANE('',#5034);
#5036=ORIENTED_EDGE('',*,*,#3640,.F.);
#5037=ORIENTED_EDGE('',*,*,#4348,.T.);
#5039=ORIENTED_EDGE('',*,*,#5038,.T.);
#5040=ORIENTED_EDGE('',*,*,#4447,.T.);
#5041=ORIENTED_EDGE('',*,*,#4781,.F.);
#5042=ORIENTED_EDGE('',*,*,#5023,.F.);
#5043=EDGE_LOOP('',(#5036,#5037,#5039,#5040,#5041,#5042));
#5044=FACE_OUTER_BOUND('',#5043,.F.);
#5045=ADVANCED_FACE('',(#5044),#5035,.F.);
#5046=CARTESIAN_POINT('',(1.965E0,1.65E-1,1.25E0));
#5047=DIRECTION('',(0.E0,0.E0,-1.E0));
#5048=DIRECTION('',(-1.E0,0.E0,0.E0));
#5049=AXIS2_PLACEMENT_3D('',#5046,#5047,#5048);
#5050=CYLINDRICAL_SURFACE('',#5049,6.5E-2);
#5051=ORIENTED_EDGE('',*,*,#4367,.T.);
#5053=ORIENTED_EDGE('',*,*,#5052,.T.);
#5054=ORIENTED_EDGE('',*,*,#4497,.F.);
#5056=ORIENTED_EDGE('',*,*,#5055,.F.);
#5057=EDGE_LOOP('',(#5051,#5053,#5054,#5056));
#5058=FACE_OUTER_BOUND('',#5057,.F.);
#5059=ADVANCED_FACE('',(#5058),#5050,.T.);
#5060=CARTESIAN_POINT('',(1.965E0,1.65E-1,1.25E0));
#5061=DIRECTION('',(0.E0,0.E0,-1.E0));
#5062=DIRECTION('',(-1.E0,0.E0,0.E0));
#5063=AXIS2_PLACEMENT_3D('',#5060,#5061,#5062);
#5064=CYLINDRICAL_SURFACE('',#5063,6.5E-2);
#5065=ORIENTED_EDGE('',*,*,#4360,.T.);
#5067=ORIENTED_EDGE('',*,*,#5066,.T.);
#5068=ORIENTED_EDGE('',*,*,#4481,.F.);
#5070=ORIENTED_EDGE('',*,*,#5069,.F.);
#5071=EDGE_LOOP('',(#5065,#5067,#5068,#5070));
#5072=FACE_OUTER_BOUND('',#5071,.F.);
#5073=ADVANCED_FACE('',(#5072),#5064,.T.);
#5074=CARTESIAN_POINT('',(1.965E0,1.65E-1,1.25E0));
#5075=DIRECTION('',(0.E0,0.E0,-1.E0));
#5076=DIRECTION('',(-1.E0,0.E0,0.E0));
#5077=AXIS2_PLACEMENT_3D('',#5074,#5075,#5076);
#5078=CYLINDRICAL_SURFACE('',#5077,6.5E-2);
#5079=ORIENTED_EDGE('',*,*,#4353,.T.);
#5081=ORIENTED_EDGE('',*,*,#5080,.T.);
#5082=ORIENTED_EDGE('',*,*,#4465,.F.);
#5084=ORIENTED_EDGE('',*,*,#5083,.F.);
#5085=EDGE_LOOP('',(#5079,#5081,#5082,#5084));
#5086=FACE_OUTER_BOUND('',#5085,.F.);
#5087=ADVANCED_FACE('',(#5086),#5078,.T.);
#5088=CARTESIAN_POINT('',(1.965E0,1.65E-1,1.25E0));
#5089=DIRECTION('',(0.E0,0.E0,-1.E0));
#5090=DIRECTION('',(-1.E0,0.E0,0.E0));
#5091=AXIS2_PLACEMENT_3D('',#5088,#5089,#5090);
#5092=CYLINDRICAL_SURFACE('',#5091,6.5E-2);
#5093=ORIENTED_EDGE('',*,*,#4346,.T.);
#5095=ORIENTED_EDGE('',*,*,#5094,.T.);
#5096=ORIENTED_EDGE('',*,*,#4449,.F.);
#5097=ORIENTED_EDGE('',*,*,#5038,.F.);
#5098=EDGE_LOOP('',(#5093,#5095,#5096,#5097));
#5099=FACE_OUTER_BOUND('',#5098,.F.);
#5100=ADVANCED_FACE('',(#5099),#5092,.T.);
#5101=CARTESIAN_POINT('',(2.05E0,2.E-1,7.85E-1));
#5102=DIRECTION('',(0.E0,-1.961161351382E-1,-9.805806756909E-1));
#5103=DIRECTION('',(0.E0,-9.805806756909E-1,1.961161351382E-1));
#5104=AXIS2_PLACEMENT_3D('',#5101,#5102,#5103);
#5105=PLANE('',#5104);
#5106=ORIENTED_EDGE('',*,*,#3620,.T.);
#5108=ORIENTED_EDGE('',*,*,#5107,.F.);
#5109=ORIENTED_EDGE('',*,*,#4979,.T.);
#5110=ORIENTED_EDGE('',*,*,#4491,.F.);
#5111=ORIENTED_EDGE('',*,*,#5052,.F.);
#5112=ORIENTED_EDGE('',*,*,#4365,.T.);
#5113=EDGE_LOOP('',(#5106,#5108,#5109,#5110,#5111,#5112));
#5114=FACE_OUTER_BOUND('',#5113,.F.);
#5115=ADVANCED_FACE('',(#5114),#5105,.F.);
#5116=CARTESIAN_POINT('',(1.6E0,2.E-1,0.E0));
#5117=DIRECTION('',(-1.E0,0.E0,0.E0));
#5118=DIRECTION('',(0.E0,0.E0,1.E0));
#5119=AXIS2_PLACEMENT_3D('',#5116,#5117,#5118);
#5120=PLANE('',#5119);
#5121=ORIENTED_EDGE('',*,*,#3618,.T.);
#5123=ORIENTED_EDGE('',*,*,#5122,.T.);
#5124=ORIENTED_EDGE('',*,*,#4974,.F.);
#5125=ORIENTED_EDGE('',*,*,#5107,.T.);
#5126=EDGE_LOOP('',(#5121,#5123,#5124,#5125));
#5127=FACE_OUTER_BOUND('',#5126,.F.);
#5128=ADVANCED_FACE('',(#5127),#5120,.F.);
#5129=CARTESIAN_POINT('',(2.05E0,0.E0,1.125E0));
#5130=DIRECTION('',(0.E0,-1.961161351382E-1,9.805806756909E-1));
#5131=DIRECTION('',(0.E0,9.805806756909E-1,1.961161351382E-1));
#5132=AXIS2_PLACEMENT_3D('',#5129,#5130,#5131);
#5133=PLANE('',#5132);
#5134=ORIENTED_EDGE('',*,*,#3616,.F.);
#5135=ORIENTED_EDGE('',*,*,#4369,.T.);
#5136=ORIENTED_EDGE('',*,*,#5055,.T.);
#5137=ORIENTED_EDGE('',*,*,#4495,.T.);
#5138=ORIENTED_EDGE('',*,*,#4976,.F.);
#5139=ORIENTED_EDGE('',*,*,#5122,.F.);
#5140=EDGE_LOOP('',(#5134,#5135,#5136,#5137,#5138,#5139));
#5141=FACE_OUTER_BOUND('',#5140,.F.);
#5142=ADVANCED_FACE('',(#5141),#5133,.F.);
#5143=CARTESIAN_POINT('',(2.05E0,2.E-1,1.35E-1));
#5144=DIRECTION('',(0.E0,-1.961161351382E-1,-9.805806756909E-1));
#5145=DIRECTION('',(0.E0,-9.805806756909E-1,1.961161351382E-1));
#5146=AXIS2_PLACEMENT_3D('',#5143,#5144,#5145);
#5147=PLANE('',#5146);
#5148=ORIENTED_EDGE('',*,*,#3628,.T.);
#5150=ORIENTED_EDGE('',*,*,#5149,.F.);
#5151=ORIENTED_EDGE('',*,*,#4859,.T.);
#5152=ORIENTED_EDGE('',*,*,#4475,.F.);
#5153=ORIENTED_EDGE('',*,*,#5066,.F.);
#5154=ORIENTED_EDGE('',*,*,#4358,.T.);
#5155=EDGE_LOOP('',(#5148,#5150,#5151,#5152,#5153,#5154));
#5156=FACE_OUTER_BOUND('',#5155,.F.);
#5157=ADVANCED_FACE('',(#5156),#5147,.F.);
#5158=CARTESIAN_POINT('',(1.6E0,2.E-1,0.E0));
#5159=DIRECTION('',(-1.E0,0.E0,0.E0));
#5160=DIRECTION('',(0.E0,0.E0,1.E0));
#5161=AXIS2_PLACEMENT_3D('',#5158,#5159,#5160);
#5162=PLANE('',#5161);
#5163=ORIENTED_EDGE('',*,*,#3626,.T.);
#5165=ORIENTED_EDGE('',*,*,#5164,.T.);
#5166=ORIENTED_EDGE('',*,*,#4854,.F.);
#5167=ORIENTED_EDGE('',*,*,#5149,.T.);
#5168=EDGE_LOOP('',(#5163,#5165,#5166,#5167));
#5169=FACE_OUTER_BOUND('',#5168,.F.);
#5170=ADVANCED_FACE('',(#5169),#5162,.F.);
#5171=CARTESIAN_POINT('',(2.05E0,0.E0,4.75E-1));
#5172=DIRECTION('',(0.E0,-1.961161351382E-1,9.805806756909E-1));
#5173=DIRECTION('',(0.E0,9.805806756909E-1,1.961161351382E-1));
#5174=AXIS2_PLACEMENT_3D('',#5171,#5172,#5173);
#5175=PLANE('',#5174);
#5176=ORIENTED_EDGE('',*,*,#3624,.F.);
#5177=ORIENTED_EDGE('',*,*,#4362,.T.);
#5178=ORIENTED_EDGE('',*,*,#5069,.T.);
#5179=ORIENTED_EDGE('',*,*,#4479,.T.);
#5180=ORIENTED_EDGE('',*,*,#4856,.F.);
#5181=ORIENTED_EDGE('',*,*,#5164,.F.);
#5182=EDGE_LOOP('',(#5176,#5177,#5178,#5179,#5180,#5181));
#5183=FACE_OUTER_BOUND('',#5182,.F.);
#5184=ADVANCED_FACE('',(#5183),#5175,.F.);
#5185=CARTESIAN_POINT('',(2.05E0,2.E-1,-5.15E-1));
#5186=DIRECTION('',(0.E0,-1.961161351382E-1,-9.805806756909E-1));
#5187=DIRECTION('',(0.E0,-9.805806756909E-1,1.961161351382E-1));
#5188=AXIS2_PLACEMENT_3D('',#5185,#5186,#5187);
#5189=PLANE('',#5188);
#5190=ORIENTED_EDGE('',*,*,#3636,.T.);
#5192=ORIENTED_EDGE('',*,*,#5191,.F.);
#5193=ORIENTED_EDGE('',*,*,#4844,.T.);
#5194=ORIENTED_EDGE('',*,*,#4459,.F.);
#5195=ORIENTED_EDGE('',*,*,#5080,.F.);
#5196=ORIENTED_EDGE('',*,*,#4351,.T.);
#5197=EDGE_LOOP('',(#5190,#5192,#5193,#5194,#5195,#5196));
#5198=FACE_OUTER_BOUND('',#5197,.F.);
#5199=ADVANCED_FACE('',(#5198),#5189,.F.);
#5200=CARTESIAN_POINT('',(1.6E0,2.E-1,0.E0));
#5201=DIRECTION('',(-1.E0,0.E0,0.E0));
#5202=DIRECTION('',(0.E0,0.E0,1.E0));
#5203=AXIS2_PLACEMENT_3D('',#5200,#5201,#5202);
#5204=PLANE('',#5203);
#5205=ORIENTED_EDGE('',*,*,#3634,.T.);
#5207=ORIENTED_EDGE('',*,*,#5206,.T.);
#5208=ORIENTED_EDGE('',*,*,#4839,.F.);
#5209=ORIENTED_EDGE('',*,*,#5191,.T.);
#5210=EDGE_LOOP('',(#5205,#5207,#5208,#5209));
#5211=FACE_OUTER_BOUND('',#5210,.F.);
#5212=ADVANCED_FACE('',(#5211),#5204,.F.);
#5213=CARTESIAN_POINT('',(2.05E0,0.E0,-1.75E-1));
#5214=DIRECTION('',(0.E0,-1.961161351382E-1,9.805806756909E-1));
#5215=DIRECTION('',(0.E0,9.805806756909E-1,1.961161351382E-1));
#5216=AXIS2_PLACEMENT_3D('',#5213,#5214,#5215);
#5217=PLANE('',#5216);
#5218=ORIENTED_EDGE('',*,*,#3632,.F.);
#5219=ORIENTED_EDGE('',*,*,#4355,.T.);
#5220=ORIENTED_EDGE('',*,*,#5083,.T.);
#5221=ORIENTED_EDGE('',*,*,#4463,.T.);
#5222=ORIENTED_EDGE('',*,*,#4841,.F.);
#5223=ORIENTED_EDGE('',*,*,#5206,.F.);
#5224=EDGE_LOOP('',(#5218,#5219,#5220,#5221,#5222,#5223));
#5225=FACE_OUTER_BOUND('',#5224,.F.);
#5226=ADVANCED_FACE('',(#5225),#5217,.F.);
#5227=CARTESIAN_POINT('',(2.05E0,2.E-1,-1.165E0));
#5228=DIRECTION('',(0.E0,-1.961161351382E-1,-9.805806756909E-1));
#5229=DIRECTION('',(0.E0,-9.805806756909E-1,1.961161351382E-1));
#5230=AXIS2_PLACEMENT_3D('',#5227,#5228,#5229);
#5231=PLANE('',#5230);
#5232=ORIENTED_EDGE('',*,*,#3644,.T.);
#5233=ORIENTED_EDGE('',*,*,#5026,.F.);
#5234=ORIENTED_EDGE('',*,*,#4784,.T.);
#5235=ORIENTED_EDGE('',*,*,#4443,.F.);
#5236=ORIENTED_EDGE('',*,*,#5094,.F.);
#5237=ORIENTED_EDGE('',*,*,#4344,.T.);
#5238=EDGE_LOOP('',(#5232,#5233,#5234,#5235,#5236,#5237));
#5239=FACE_OUTER_BOUND('',#5238,.F.);
#5240=ADVANCED_FACE('',(#5239),#5231,.F.);
#5241=CARTESIAN_POINT('',(0.E0,2.E-1,-1.6E0));
#5242=DIRECTION('',(0.E0,0.E0,1.E0));
#5243=DIRECTION('',(1.E0,0.E0,0.E0));
#5244=AXIS2_PLACEMENT_3D('',#5241,#5242,#5243);
#5245=PLANE('',#5244);
#5246=ORIENTED_EDGE('',*,*,#3524,.T.);
#5248=ORIENTED_EDGE('',*,*,#5247,.T.);
#5249=ORIENTED_EDGE('',*,*,#4794,.F.);
#5251=ORIENTED_EDGE('',*,*,#5250,.T.);
#5252=EDGE_LOOP('',(#5246,#5248,#5249,#5251));
#5253=FACE_OUTER_BOUND('',#5252,.F.);
#5254=ADVANCED_FACE('',(#5253),#5245,.F.);
#5255=CARTESIAN_POINT('',(4.75E-1,0.E0,-2.05E0));
#5256=DIRECTION('',(9.805806756909E-1,-1.961161351382E-1,0.E0));
#5257=DIRECTION('',(1.961161351382E-1,9.805806756909E-1,0.E0));
#5258=AXIS2_PLACEMENT_3D('',#5255,#5256,#5257);
#5259=PLANE('',#5258);
#5260=ORIENTED_EDGE('',*,*,#3522,.F.);
#5261=ORIENTED_EDGE('',*,*,#3736,.T.);
#5263=ORIENTED_EDGE('',*,*,#5262,.T.);
#5264=ORIENTED_EDGE('',*,*,#4632,.T.);
#5265=ORIENTED_EDGE('',*,*,#4796,.F.);
#5266=ORIENTED_EDGE('',*,*,#5247,.F.);
#5267=EDGE_LOOP('',(#5260,#5261,#5263,#5264,#5265,#5266));
#5268=FACE_OUTER_BOUND('',#5267,.F.);
#5269=ADVANCED_FACE('',(#5268),#5259,.F.);
#5270=CARTESIAN_POINT('',(1.25E0,1.65E-1,-1.965E0));
#5271=DIRECTION('',(-1.E0,0.E0,0.E0));
#5272=DIRECTION('',(0.E0,0.E0,1.E0));
#5273=AXIS2_PLACEMENT_3D('',#5270,#5271,#5272);
#5274=CYLINDRICAL_SURFACE('',#5273,6.5E-2);
#5275=ORIENTED_EDGE('',*,*,#3707,.T.);
#5276=ORIENTED_EDGE('',*,*,#4756,.T.);
#5277=ORIENTED_EDGE('',*,*,#4618,.F.);
#5278=ORIENTED_EDGE('',*,*,#3690,.F.);
#5279=EDGE_LOOP('',(#5275,#5276,#5277,#5278));
#5280=FACE_OUTER_BOUND('',#5279,.F.);
#5281=ADVANCED_FACE('',(#5280),#5274,.T.);
#5282=CARTESIAN_POINT('',(1.25E0,1.65E-1,-1.965E0));
#5283=DIRECTION('',(-1.E0,0.E0,0.E0));
#5284=DIRECTION('',(0.E0,0.E0,1.E0));
#5285=AXIS2_PLACEMENT_3D('',#5282,#5283,#5284);
#5286=CYLINDRICAL_SURFACE('',#5285,6.5E-2);
#5287=ORIENTED_EDGE('',*,*,#3734,.T.);
#5289=ORIENTED_EDGE('',*,*,#5288,.T.);
#5290=ORIENTED_EDGE('',*,*,#4634,.F.);
#5291=ORIENTED_EDGE('',*,*,#5262,.F.);
#5292=EDGE_LOOP('',(#5287,#5289,#5290,#5291));
#5293=FACE_OUTER_BOUND('',#5292,.F.);
#5294=ADVANCED_FACE('',(#5293),#5286,.T.);
#5295=CARTESIAN_POINT('',(1.25E0,1.65E-1,-1.965E0));
#5296=DIRECTION('',(-1.E0,0.E0,0.E0));
#5297=DIRECTION('',(0.E0,0.E0,1.E0));
#5298=AXIS2_PLACEMENT_3D('',#5295,#5296,#5297);
#5299=CYLINDRICAL_SURFACE('',#5298,6.5E-2);
#5300=ORIENTED_EDGE('',*,*,#3727,.T.);
#5302=ORIENTED_EDGE('',*,*,#5301,.T.);
#5303=ORIENTED_EDGE('',*,*,#4650,.F.);
#5305=ORIENTED_EDGE('',*,*,#5304,.F.);
#5306=EDGE_LOOP('',(#5300,#5302,#5303,#5305));
#5307=FACE_OUTER_BOUND('',#5306,.F.);
#5308=ADVANCED_FACE('',(#5307),#5299,.T.);
#5309=CARTESIAN_POINT('',(1.25E0,1.65E-1,-1.965E0));
#5310=DIRECTION('',(-1.E0,0.E0,0.E0));
#5311=DIRECTION('',(0.E0,0.E0,1.E0));
#5312=AXIS2_PLACEMENT_3D('',#5309,#5310,#5311);
#5313=CYLINDRICAL_SURFACE('',#5312,6.5E-2);
#5314=ORIENTED_EDGE('',*,*,#3720,.T.);
#5316=ORIENTED_EDGE('',*,*,#5315,.T.);
#5317=ORIENTED_EDGE('',*,*,#4666,.F.);
#5319=ORIENTED_EDGE('',*,*,#5318,.F.);
#5320=EDGE_LOOP('',(#5314,#5316,#5317,#5319));
#5321=FACE_OUTER_BOUND('',#5320,.F.);
#5322=ADVANCED_FACE('',(#5321),#5313,.T.);
#5323=CARTESIAN_POINT('',(1.35E-1,2.E-1,-2.05E0));
#5324=DIRECTION('',(-9.805806756909E-1,-1.961161351382E-1,0.E0));
#5325=DIRECTION('',(1.961161351382E-1,-9.805806756909E-1,0.E0));
#5326=AXIS2_PLACEMENT_3D('',#5323,#5324,#5325);
#5327=PLANE('',#5326);
#5328=ORIENTED_EDGE('',*,*,#3526,.T.);
#5329=ORIENTED_EDGE('',*,*,#5250,.F.);
#5330=ORIENTED_EDGE('',*,*,#4799,.T.);
#5331=ORIENTED_EDGE('',*,*,#4628,.F.);
#5332=ORIENTED_EDGE('',*,*,#5288,.F.);
#5333=ORIENTED_EDGE('',*,*,#3732,.T.);
#5334=EDGE_LOOP('',(#5328,#5329,#5330,#5331,#5332,#5333));
#5335=FACE_OUTER_BOUND('',#5334,.F.);
#5336=ADVANCED_FACE('',(#5335),#5327,.F.);
#5337=CARTESIAN_POINT('',(-5.15E-1,2.E-1,-2.05E0));
#5338=DIRECTION('',(-9.805806756909E-1,-1.961161351382E-1,0.E0));
#5339=DIRECTION('',(1.961161351382E-1,-9.805806756909E-1,0.E0));
#5340=AXIS2_PLACEMENT_3D('',#5337,#5338,#5339);
#5341=PLANE('',#5340);
#5342=ORIENTED_EDGE('',*,*,#3534,.T.);
#5344=ORIENTED_EDGE('',*,*,#5343,.F.);
#5345=ORIENTED_EDGE('',*,*,#4814,.T.);
#5346=ORIENTED_EDGE('',*,*,#4644,.F.);
#5347=ORIENTED_EDGE('',*,*,#5301,.F.);
#5348=ORIENTED_EDGE('',*,*,#3725,.T.);
#5349=EDGE_LOOP('',(#5342,#5344,#5345,#5346,#5347,#5348));
#5350=FACE_OUTER_BOUND('',#5349,.F.);
#5351=ADVANCED_FACE('',(#5350),#5341,.F.);
#5352=CARTESIAN_POINT('',(0.E0,2.E-1,-1.6E0));
#5353=DIRECTION('',(0.E0,0.E0,1.E0));
#5354=DIRECTION('',(1.E0,0.E0,0.E0));
#5355=AXIS2_PLACEMENT_3D('',#5352,#5353,#5354);
#5356=PLANE('',#5355);
#5357=ORIENTED_EDGE('',*,*,#3532,.T.);
#5359=ORIENTED_EDGE('',*,*,#5358,.T.);
#5360=ORIENTED_EDGE('',*,*,#4809,.F.);
#5361=ORIENTED_EDGE('',*,*,#5343,.T.);
#5362=EDGE_LOOP('',(#5357,#5359,#5360,#5361));
#5363=FACE_OUTER_BOUND('',#5362,.F.);
#5364=ADVANCED_FACE('',(#5363),#5356,.F.);
#5365=CARTESIAN_POINT('',(-1.75E-1,0.E0,-2.05E0));
#5366=DIRECTION('',(9.805806756909E-1,-1.961161351382E-1,0.E0));
#5367=DIRECTION('',(1.961161351382E-1,9.805806756909E-1,0.E0));
#5368=AXIS2_PLACEMENT_3D('',#5365,#5366,#5367);
#5369=PLANE('',#5368);
#5370=ORIENTED_EDGE('',*,*,#3530,.F.);
#5371=ORIENTED_EDGE('',*,*,#3729,.T.);
#5372=ORIENTED_EDGE('',*,*,#5304,.T.);
#5373=ORIENTED_EDGE('',*,*,#4648,.T.);
#5374=ORIENTED_EDGE('',*,*,#4811,.F.);
#5375=ORIENTED_EDGE('',*,*,#5358,.F.);
#5376=EDGE_LOOP('',(#5370,#5371,#5372,#5373,#5374,#5375));
#5377=FACE_OUTER_BOUND('',#5376,.F.);
#5378=ADVANCED_FACE('',(#5377),#5369,.F.);
#5379=CARTESIAN_POINT('',(-1.165E0,2.E-1,-2.05E0));
#5380=DIRECTION('',(-9.805806756909E-1,-1.961161351382E-1,0.E0));
#5381=DIRECTION('',(1.961161351382E-1,-9.805806756909E-1,0.E0));
#5382=AXIS2_PLACEMENT_3D('',#5379,#5380,#5381);
#5383=PLANE('',#5382);
#5384=ORIENTED_EDGE('',*,*,#3542,.T.);
#5386=ORIENTED_EDGE('',*,*,#5385,.F.);
#5387=ORIENTED_EDGE('',*,*,#4829,.T.);
#5388=ORIENTED_EDGE('',*,*,#4660,.F.);
#5389=ORIENTED_EDGE('',*,*,#5315,.F.);
#5390=ORIENTED_EDGE('',*,*,#3718,.T.);
#5391=EDGE_LOOP('',(#5384,#5386,#5387,#5388,#5389,#5390));
#5392=FACE_OUTER_BOUND('',#5391,.F.);
#5393=ADVANCED_FACE('',(#5392),#5383,.F.);
#5394=CARTESIAN_POINT('',(0.E0,2.E-1,-1.6E0));
#5395=DIRECTION('',(0.E0,0.E0,1.E0));
#5396=DIRECTION('',(1.E0,0.E0,0.E0));
#5397=AXIS2_PLACEMENT_3D('',#5394,#5395,#5396);
#5398=PLANE('',#5397);
#5399=ORIENTED_EDGE('',*,*,#3540,.T.);
#5401=ORIENTED_EDGE('',*,*,#5400,.T.);
#5402=ORIENTED_EDGE('',*,*,#4824,.F.);
#5403=ORIENTED_EDGE('',*,*,#5385,.T.);
#5404=EDGE_LOOP('',(#5399,#5401,#5402,#5403));
#5405=FACE_OUTER_BOUND('',#5404,.F.);
#5406=ADVANCED_FACE('',(#5405),#5398,.F.);
#5407=CARTESIAN_POINT('',(-8.25E-1,0.E0,-2.05E0));
#5408=DIRECTION('',(9.805806756909E-1,-1.961161351382E-1,0.E0));
#5409=DIRECTION('',(1.961161351382E-1,9.805806756909E-1,0.E0));
#5410=AXIS2_PLACEMENT_3D('',#5407,#5408,#5409);
#5411=PLANE('',#5410);
#5412=ORIENTED_EDGE('',*,*,#3538,.F.);
#5413=ORIENTED_EDGE('',*,*,#3722,.T.);
#5414=ORIENTED_EDGE('',*,*,#5318,.T.);
#5415=ORIENTED_EDGE('',*,*,#4664,.T.);
#5416=ORIENTED_EDGE('',*,*,#4826,.F.);
#5417=ORIENTED_EDGE('',*,*,#5400,.F.);
#5418=EDGE_LOOP('',(#5412,#5413,#5414,#5415,#5416,#5417));
#5419=FACE_OUTER_BOUND('',#5418,.F.);
#5420=ADVANCED_FACE('',(#5419),#5411,.F.);
#5421=CARTESIAN_POINT('',(0.E0,2.E-1,1.6E0));
#5422=DIRECTION('',(0.E0,0.E0,1.E0));
#5423=DIRECTION('',(1.E0,0.E0,0.E0));
#5424=AXIS2_PLACEMENT_3D('',#5421,#5422,#5423);
#5425=PLANE('',#5424);
#5426=ORIENTED_EDGE('',*,*,#3608,.F.);
#5428=ORIENTED_EDGE('',*,*,#5427,.F.);
#5429=ORIENTED_EDGE('',*,*,#4869,.T.);
#5431=ORIENTED_EDGE('',*,*,#5430,.F.);
#5432=EDGE_LOOP('',(#5426,#5428,#5429,#5431));
#5433=FACE_OUTER_BOUND('',#5432,.F.);
#5434=ADVANCED_FACE('',(#5433),#5425,.T.);
#5435=CARTESIAN_POINT('',(7.85E-1,2.E-1,2.05E0));
#5436=DIRECTION('',(9.805806756909E-1,1.961161351382E-1,0.E0));
#5437=DIRECTION('',(1.961161351382E-1,-9.805806756909E-1,0.E0));
#5438=AXIS2_PLACEMENT_3D('',#5435,#5436,#5437);
#5439=PLANE('',#5438);
#5440=ORIENTED_EDGE('',*,*,#3606,.F.);
#5441=ORIENTED_EDGE('',*,*,#4114,.F.);
#5443=ORIENTED_EDGE('',*,*,#5442,.T.);
#5444=ORIENTED_EDGE('',*,*,#4214,.T.);
#5445=ORIENTED_EDGE('',*,*,#4871,.F.);
#5446=ORIENTED_EDGE('',*,*,#5427,.T.);
#5447=EDGE_LOOP('',(#5440,#5441,#5443,#5444,#5445,#5446));
#5448=FACE_OUTER_BOUND('',#5447,.F.);
#5449=ADVANCED_FACE('',(#5448),#5439,.T.);
#5450=CARTESIAN_POINT('',(1.25E0,1.65E-1,1.965E0));
#5451=DIRECTION('',(1.E0,0.E0,0.E0));
#5452=DIRECTION('',(0.E0,0.E0,-1.E0));
#5453=AXIS2_PLACEMENT_3D('',#5450,#5451,#5452);
#5454=CYLINDRICAL_SURFACE('',#5453,6.5E-2);
#5455=ORIENTED_EDGE('',*,*,#4133,.T.);
#5457=ORIENTED_EDGE('',*,*,#5456,.T.);
#5458=ORIENTED_EDGE('',*,*,#4264,.F.);
#5460=ORIENTED_EDGE('',*,*,#5459,.F.);
#5461=EDGE_LOOP('',(#5455,#5457,#5458,#5460));
#5462=FACE_OUTER_BOUND('',#5461,.F.);
#5463=ADVANCED_FACE('',(#5462),#5454,.T.);
#5464=CARTESIAN_POINT('',(1.25E0,1.65E-1,1.965E0));
#5465=DIRECTION('',(1.E0,0.E0,0.E0));
#5466=DIRECTION('',(0.E0,0.E0,-1.E0));
#5467=AXIS2_PLACEMENT_3D('',#5464,#5465,#5466);
#5468=CYLINDRICAL_SURFACE('',#5467,6.5E-2);
#5469=ORIENTED_EDGE('',*,*,#4126,.T.);
#5471=ORIENTED_EDGE('',*,*,#5470,.T.);
#5472=ORIENTED_EDGE('',*,*,#4248,.F.);
#5474=ORIENTED_EDGE('',*,*,#5473,.F.);
#5475=EDGE_LOOP('',(#5469,#5471,#5472,#5474));
#5476=FACE_OUTER_BOUND('',#5475,.F.);
#5477=ADVANCED_FACE('',(#5476),#5468,.T.);
#5478=CARTESIAN_POINT('',(1.25E0,1.65E-1,1.965E0));
#5479=DIRECTION('',(1.E0,0.E0,0.E0));
#5480=DIRECTION('',(0.E0,0.E0,-1.E0));
#5481=AXIS2_PLACEMENT_3D('',#5478,#5479,#5480);
#5482=CYLINDRICAL_SURFACE('',#5481,6.5E-2);
#5483=ORIENTED_EDGE('',*,*,#4119,.T.);
#5485=ORIENTED_EDGE('',*,*,#5484,.T.);
#5486=ORIENTED_EDGE('',*,*,#4232,.F.);
#5488=ORIENTED_EDGE('',*,*,#5487,.F.);
#5489=EDGE_LOOP('',(#5483,#5485,#5486,#5488));
#5490=FACE_OUTER_BOUND('',#5489,.F.);
#5491=ADVANCED_FACE('',(#5490),#5482,.T.);
#5492=CARTESIAN_POINT('',(1.25E0,1.65E-1,1.965E0));
#5493=DIRECTION('',(1.E0,0.E0,0.E0));
#5494=DIRECTION('',(0.E0,0.E0,-1.E0));
#5495=AXIS2_PLACEMENT_3D('',#5492,#5493,#5494);
#5496=CYLINDRICAL_SURFACE('',#5495,6.5E-2);
#5497=ORIENTED_EDGE('',*,*,#4146,.T.);
#5499=ORIENTED_EDGE('',*,*,#5498,.T.);
#5500=ORIENTED_EDGE('',*,*,#4216,.F.);
#5501=ORIENTED_EDGE('',*,*,#5442,.F.);
#5502=EDGE_LOOP('',(#5497,#5499,#5500,#5501));
#5503=FACE_OUTER_BOUND('',#5502,.F.);
#5504=ADVANCED_FACE('',(#5503),#5496,.T.);
#5505=CARTESIAN_POINT('',(-8.25E-1,0.E0,2.05E0));
#5506=DIRECTION('',(-9.805806756909E-1,1.961161351382E-1,0.E0));
#5507=DIRECTION('',(1.961161351382E-1,9.805806756909E-1,0.E0));
#5508=AXIS2_PLACEMENT_3D('',#5505,#5506,#5507);
#5509=PLANE('',#5508);
#5510=ORIENTED_EDGE('',*,*,#3586,.T.);
#5512=ORIENTED_EDGE('',*,*,#5511,.T.);
#5513=ORIENTED_EDGE('',*,*,#4919,.T.);
#5514=ORIENTED_EDGE('',*,*,#4266,.F.);
#5515=ORIENTED_EDGE('',*,*,#5456,.F.);
#5516=ORIENTED_EDGE('',*,*,#4131,.F.);
#5517=EDGE_LOOP('',(#5510,#5512,#5513,#5514,#5515,#5516));
#5518=FACE_OUTER_BOUND('',#5517,.F.);
#5519=ADVANCED_FACE('',(#5518),#5509,.T.);
#5520=CARTESIAN_POINT('',(0.E0,2.E-1,1.6E0));
#5521=DIRECTION('',(0.E0,0.E0,1.E0));
#5522=DIRECTION('',(1.E0,0.E0,0.E0));
#5523=AXIS2_PLACEMENT_3D('',#5520,#5521,#5522);
#5524=PLANE('',#5523);
#5525=ORIENTED_EDGE('',*,*,#3584,.F.);
#5527=ORIENTED_EDGE('',*,*,#5526,.F.);
#5528=ORIENTED_EDGE('',*,*,#4914,.T.);
#5529=ORIENTED_EDGE('',*,*,#5511,.F.);
#5530=EDGE_LOOP('',(#5525,#5527,#5528,#5529));
#5531=FACE_OUTER_BOUND('',#5530,.F.);
#5532=ADVANCED_FACE('',(#5531),#5524,.T.);
#5533=CARTESIAN_POINT('',(-1.165E0,2.E-1,2.05E0));
#5534=DIRECTION('',(9.805806756909E-1,1.961161351382E-1,0.E0));
#5535=DIRECTION('',(1.961161351382E-1,-9.805806756909E-1,0.E0));
#5536=AXIS2_PLACEMENT_3D('',#5533,#5534,#5535);
#5537=PLANE('',#5536);
#5538=ORIENTED_EDGE('',*,*,#3582,.F.);
#5539=ORIENTED_EDGE('',*,*,#4135,.F.);
#5540=ORIENTED_EDGE('',*,*,#5459,.T.);
#5541=ORIENTED_EDGE('',*,*,#4262,.T.);
#5542=ORIENTED_EDGE('',*,*,#4916,.F.);
#5543=ORIENTED_EDGE('',*,*,#5526,.T.);
#5544=EDGE_LOOP('',(#5538,#5539,#5540,#5541,#5542,#5543));
#5545=FACE_OUTER_BOUND('',#5544,.F.);
#5546=ADVANCED_FACE('',(#5545),#5537,.T.);
#5547=CARTESIAN_POINT('',(-1.75E-1,0.E0,2.05E0));
#5548=DIRECTION('',(-9.805806756909E-1,1.961161351382E-1,0.E0));
#5549=DIRECTION('',(1.961161351382E-1,9.805806756909E-1,0.E0));
#5550=AXIS2_PLACEMENT_3D('',#5547,#5548,#5549);
#5551=PLANE('',#5550);
#5552=ORIENTED_EDGE('',*,*,#3594,.T.);
#5554=ORIENTED_EDGE('',*,*,#5553,.T.);
#5555=ORIENTED_EDGE('',*,*,#4904,.T.);
#5556=ORIENTED_EDGE('',*,*,#4250,.F.);
#5557=ORIENTED_EDGE('',*,*,#5470,.F.);
#5558=ORIENTED_EDGE('',*,*,#4124,.F.);
#5559=EDGE_LOOP('',(#5552,#5554,#5555,#5556,#5557,#5558));
#5560=FACE_OUTER_BOUND('',#5559,.F.);
#5561=ADVANCED_FACE('',(#5560),#5551,.T.);
#5562=CARTESIAN_POINT('',(0.E0,2.E-1,1.6E0));
#5563=DIRECTION('',(0.E0,0.E0,1.E0));
#5564=DIRECTION('',(1.E0,0.E0,0.E0));
#5565=AXIS2_PLACEMENT_3D('',#5562,#5563,#5564);
#5566=PLANE('',#5565);
#5567=ORIENTED_EDGE('',*,*,#3592,.F.);
#5569=ORIENTED_EDGE('',*,*,#5568,.F.);
#5570=ORIENTED_EDGE('',*,*,#4899,.T.);
#5571=ORIENTED_EDGE('',*,*,#5553,.F.);
#5572=EDGE_LOOP('',(#5567,#5569,#5570,#5571));
#5573=FACE_OUTER_BOUND('',#5572,.F.);
#5574=ADVANCED_FACE('',(#5573),#5566,.T.);
#5575=CARTESIAN_POINT('',(-5.15E-1,2.E-1,2.05E0));
#5576=DIRECTION('',(9.805806756909E-1,1.961161351382E-1,0.E0));
#5577=DIRECTION('',(1.961161351382E-1,-9.805806756909E-1,0.E0));
#5578=AXIS2_PLACEMENT_3D('',#5575,#5576,#5577);
#5579=PLANE('',#5578);
#5580=ORIENTED_EDGE('',*,*,#3590,.F.);
#5581=ORIENTED_EDGE('',*,*,#4128,.F.);
#5582=ORIENTED_EDGE('',*,*,#5473,.T.);
#5583=ORIENTED_EDGE('',*,*,#4246,.T.);
#5584=ORIENTED_EDGE('',*,*,#4901,.F.);
#5585=ORIENTED_EDGE('',*,*,#5568,.T.);
#5586=EDGE_LOOP('',(#5580,#5581,#5582,#5583,#5584,#5585));
#5587=FACE_OUTER_BOUND('',#5586,.F.);
#5588=ADVANCED_FACE('',(#5587),#5579,.T.);
#5589=CARTESIAN_POINT('',(4.75E-1,0.E0,2.05E0));
#5590=DIRECTION('',(-9.805806756909E-1,1.961161351382E-1,0.E0));
#5591=DIRECTION('',(1.961161351382E-1,9.805806756909E-1,0.E0));
#5592=AXIS2_PLACEMENT_3D('',#5589,#5590,#5591);
#5593=PLANE('',#5592);
#5594=ORIENTED_EDGE('',*,*,#3602,.T.);
#5596=ORIENTED_EDGE('',*,*,#5595,.T.);
#5597=ORIENTED_EDGE('',*,*,#4889,.T.);
#5598=ORIENTED_EDGE('',*,*,#4234,.F.);
#5599=ORIENTED_EDGE('',*,*,#5484,.F.);
#5600=ORIENTED_EDGE('',*,*,#4117,.F.);
#5601=EDGE_LOOP('',(#5594,#5596,#5597,#5598,#5599,#5600));
#5602=FACE_OUTER_BOUND('',#5601,.F.);
#5603=ADVANCED_FACE('',(#5602),#5593,.T.);
#5604=CARTESIAN_POINT('',(0.E0,2.E-1,1.6E0));
#5605=DIRECTION('',(0.E0,0.E0,1.E0));
#5606=DIRECTION('',(1.E0,0.E0,0.E0));
#5607=AXIS2_PLACEMENT_3D('',#5604,#5605,#5606);
#5608=PLANE('',#5607);
#5609=ORIENTED_EDGE('',*,*,#3600,.F.);
#5611=ORIENTED_EDGE('',*,*,#5610,.F.);
#5612=ORIENTED_EDGE('',*,*,#4884,.T.);
#5613=ORIENTED_EDGE('',*,*,#5595,.F.);
#5614=EDGE_LOOP('',(#5609,#5611,#5612,#5613));
#5615=FACE_OUTER_BOUND('',#5614,.F.);
#5616=ADVANCED_FACE('',(#5615),#5608,.T.);
#5617=CARTESIAN_POINT('',(1.35E-1,2.E-1,2.05E0));
#5618=DIRECTION('',(9.805806756909E-1,1.961161351382E-1,0.E0));
#5619=DIRECTION('',(1.961161351382E-1,-9.805806756909E-1,0.E0));
#5620=AXIS2_PLACEMENT_3D('',#5617,#5618,#5619);
#5621=PLANE('',#5620);
#5622=ORIENTED_EDGE('',*,*,#3598,.F.);
#5623=ORIENTED_EDGE('',*,*,#4121,.F.);
#5624=ORIENTED_EDGE('',*,*,#5487,.T.);
#5625=ORIENTED_EDGE('',*,*,#4230,.T.);
#5626=ORIENTED_EDGE('',*,*,#4886,.F.);
#5627=ORIENTED_EDGE('',*,*,#5610,.T.);
#5628=EDGE_LOOP('',(#5622,#5623,#5624,#5625,#5626,#5627));
#5629=FACE_OUTER_BOUND('',#5628,.F.);
#5630=ADVANCED_FACE('',(#5629),#5621,.T.);
#5631=CARTESIAN_POINT('',(1.125E0,0.E0,2.05E0));
#5632=DIRECTION('',(-9.805806756909E-1,1.961161351382E-1,0.E0));
#5633=DIRECTION('',(1.961161351382E-1,9.805806756909E-1,0.E0));
#5634=AXIS2_PLACEMENT_3D('',#5631,#5632,#5633);
#5635=PLANE('',#5634);
#5636=ORIENTED_EDGE('',*,*,#3610,.T.);
#5637=ORIENTED_EDGE('',*,*,#5430,.T.);
#5638=ORIENTED_EDGE('',*,*,#4874,.T.);
#5639=ORIENTED_EDGE('',*,*,#4218,.F.);
#5640=ORIENTED_EDGE('',*,*,#5498,.F.);
#5641=ORIENTED_EDGE('',*,*,#4144,.F.);
#5642=EDGE_LOOP('',(#5636,#5637,#5638,#5639,#5640,#5641));
#5643=FACE_OUTER_BOUND('',#5642,.F.);
#5644=ADVANCED_FACE('',(#5643),#5635,.T.);
#5645=CARTESIAN_POINT('',(-1.6E0,2.E-1,0.E0));
#5646=DIRECTION('',(-1.E0,0.E0,0.E0));
#5647=DIRECTION('',(0.E0,0.E0,1.E0));
#5648=AXIS2_PLACEMENT_3D('',#5645,#5646,#5647);
#5649=PLANE('',#5648);
#5650=ORIENTED_EDGE('',*,*,#3550,.F.);
#5652=ORIENTED_EDGE('',*,*,#5651,.F.);
#5653=ORIENTED_EDGE('',*,*,#4929,.T.);
#5655=ORIENTED_EDGE('',*,*,#5654,.F.);
#5656=EDGE_LOOP('',(#5650,#5652,#5653,#5655));
#5657=FACE_OUTER_BOUND('',#5656,.F.);
#5658=ADVANCED_FACE('',(#5657),#5649,.T.);
#5659=CARTESIAN_POINT('',(-2.05E0,2.E-1,-1.165E0));
#5660=DIRECTION('',(0.E0,1.961161351382E-1,9.805806756909E-1));
#5661=DIRECTION('',(0.E0,-9.805806756909E-1,1.961161351382E-1));
#5662=AXIS2_PLACEMENT_3D('',#5659,#5660,#5661);
#5663=PLANE('',#5662);
#5664=ORIENTED_EDGE('',*,*,#3548,.F.);
#5665=ORIENTED_EDGE('',*,*,#3893,.F.);
#5667=ORIENTED_EDGE('',*,*,#5666,.T.);
#5668=ORIENTED_EDGE('',*,*,#3996,.T.);
#5669=ORIENTED_EDGE('',*,*,#4931,.F.);
#5670=ORIENTED_EDGE('',*,*,#5651,.T.);
#5671=EDGE_LOOP('',(#5664,#5665,#5667,#5668,#5669,#5670));
#5672=FACE_OUTER_BOUND('',#5671,.F.);
#5673=ADVANCED_FACE('',(#5672),#5663,.T.);
#5674=CARTESIAN_POINT('',(-1.965E0,1.65E-1,1.25E0));
#5675=DIRECTION('',(0.E0,0.E0,1.E0));
#5676=DIRECTION('',(1.E0,0.E0,0.E0));
#5677=AXIS2_PLACEMENT_3D('',#5674,#5675,#5676);
#5678=CYLINDRICAL_SURFACE('',#5677,6.5E-2);
#5679=ORIENTED_EDGE('',*,*,#3925,.T.);
#5681=ORIENTED_EDGE('',*,*,#5680,.T.);
#5682=ORIENTED_EDGE('',*,*,#3998,.F.);
#5683=ORIENTED_EDGE('',*,*,#5666,.F.);
#5684=EDGE_LOOP('',(#5679,#5681,#5682,#5683));
#5685=FACE_OUTER_BOUND('',#5684,.F.);
#5686=ADVANCED_FACE('',(#5685),#5678,.T.);
#5687=CARTESIAN_POINT('',(-1.965E0,1.65E-1,1.25E0));
#5688=DIRECTION('',(0.E0,0.E0,1.E0));
#5689=DIRECTION('',(1.E0,0.E0,0.E0));
#5690=AXIS2_PLACEMENT_3D('',#5687,#5688,#5689);
#5691=CYLINDRICAL_SURFACE('',#5690,6.5E-2);
#5692=ORIENTED_EDGE('',*,*,#3918,.T.);
#5694=ORIENTED_EDGE('',*,*,#5693,.T.);
#5695=ORIENTED_EDGE('',*,*,#4014,.F.);
#5697=ORIENTED_EDGE('',*,*,#5696,.F.);
#5698=EDGE_LOOP('',(#5692,#5694,#5695,#5697));
#5699=FACE_OUTER_BOUND('',#5698,.F.);
#5700=ADVANCED_FACE('',(#5699),#5691,.T.);
#5701=CARTESIAN_POINT('',(-1.965E0,1.65E-1,1.25E0));
#5702=DIRECTION('',(0.E0,0.E0,1.E0));
#5703=DIRECTION('',(1.E0,0.E0,0.E0));
#5704=AXIS2_PLACEMENT_3D('',#5701,#5702,#5703);
#5705=CYLINDRICAL_SURFACE('',#5704,6.5E-2);
#5706=ORIENTED_EDGE('',*,*,#3911,.T.);
#5708=ORIENTED_EDGE('',*,*,#5707,.T.);
#5709=ORIENTED_EDGE('',*,*,#4030,.F.);
#5711=ORIENTED_EDGE('',*,*,#5710,.F.);
#5712=EDGE_LOOP('',(#5706,#5708,#5709,#5711));
#5713=FACE_OUTER_BOUND('',#5712,.F.);
#5714=ADVANCED_FACE('',(#5713),#5705,.T.);
#5715=CARTESIAN_POINT('',(-1.965E0,1.65E-1,1.25E0));
#5716=DIRECTION('',(0.E0,0.E0,1.E0));
#5717=DIRECTION('',(1.E0,0.E0,0.E0));
#5718=AXIS2_PLACEMENT_3D('',#5715,#5716,#5717);
#5719=CYLINDRICAL_SURFACE('',#5718,6.5E-2);
#5720=ORIENTED_EDGE('',*,*,#3904,.T.);
#5722=ORIENTED_EDGE('',*,*,#5721,.T.);
#5723=ORIENTED_EDGE('',*,*,#4046,.F.);
#5725=ORIENTED_EDGE('',*,*,#5724,.F.);
#5726=EDGE_LOOP('',(#5720,#5722,#5723,#5725));
#5727=FACE_OUTER_BOUND('',#5726,.F.);
#5728=ADVANCED_FACE('',(#5727),#5719,.T.);
#5729=CARTESIAN_POINT('',(-2.05E0,0.E0,-8.25E-1));
#5730=DIRECTION('',(0.E0,1.961161351382E-1,-9.805806756909E-1));
#5731=DIRECTION('',(0.E0,9.805806756909E-1,1.961161351382E-1));
#5732=AXIS2_PLACEMENT_3D('',#5729,#5730,#5731);
#5733=PLANE('',#5732);
#5734=ORIENTED_EDGE('',*,*,#3552,.T.);
#5735=ORIENTED_EDGE('',*,*,#5654,.T.);
#5736=ORIENTED_EDGE('',*,*,#4934,.T.);
#5737=ORIENTED_EDGE('',*,*,#4000,.F.);
#5738=ORIENTED_EDGE('',*,*,#5680,.F.);
#5739=ORIENTED_EDGE('',*,*,#3923,.F.);
#5740=EDGE_LOOP('',(#5734,#5735,#5736,#5737,#5738,#5739));
#5741=FACE_OUTER_BOUND('',#5740,.F.);
#5742=ADVANCED_FACE('',(#5741),#5733,.T.);
#5743=CARTESIAN_POINT('',(-2.05E0,0.E0,-1.75E-1));
#5744=DIRECTION('',(0.E0,1.961161351382E-1,-9.805806756909E-1));
#5745=DIRECTION('',(0.E0,9.805806756909E-1,1.961161351382E-1));
#5746=AXIS2_PLACEMENT_3D('',#5743,#5744,#5745);
#5747=PLANE('',#5746);
#5748=ORIENTED_EDGE('',*,*,#3560,.T.);
#5750=ORIENTED_EDGE('',*,*,#5749,.T.);
#5751=ORIENTED_EDGE('',*,*,#4949,.T.);
#5752=ORIENTED_EDGE('',*,*,#4016,.F.);
#5753=ORIENTED_EDGE('',*,*,#5693,.F.);
#5754=ORIENTED_EDGE('',*,*,#3916,.F.);
#5755=EDGE_LOOP('',(#5748,#5750,#5751,#5752,#5753,#5754));
#5756=FACE_OUTER_BOUND('',#5755,.F.);
#5757=ADVANCED_FACE('',(#5756),#5747,.T.);
#5758=CARTESIAN_POINT('',(-1.6E0,2.E-1,0.E0));
#5759=DIRECTION('',(-1.E0,0.E0,0.E0));
#5760=DIRECTION('',(0.E0,0.E0,1.E0));
#5761=AXIS2_PLACEMENT_3D('',#5758,#5759,#5760);
#5762=PLANE('',#5761);
#5763=ORIENTED_EDGE('',*,*,#3558,.F.);
#5765=ORIENTED_EDGE('',*,*,#5764,.F.);
#5766=ORIENTED_EDGE('',*,*,#4944,.T.);
#5767=ORIENTED_EDGE('',*,*,#5749,.F.);
#5768=EDGE_LOOP('',(#5763,#5765,#5766,#5767));
#5769=FACE_OUTER_BOUND('',#5768,.F.);
#5770=ADVANCED_FACE('',(#5769),#5762,.T.);
#5771=CARTESIAN_POINT('',(-2.05E0,2.E-1,-5.15E-1));
#5772=DIRECTION('',(0.E0,1.961161351382E-1,9.805806756909E-1));
#5773=DIRECTION('',(0.E0,-9.805806756909E-1,1.961161351382E-1));
#5774=AXIS2_PLACEMENT_3D('',#5771,#5772,#5773);
#5775=PLANE('',#5774);
#5776=ORIENTED_EDGE('',*,*,#3556,.F.);
#5777=ORIENTED_EDGE('',*,*,#3920,.F.);
#5778=ORIENTED_EDGE('',*,*,#5696,.T.);
#5779=ORIENTED_EDGE('',*,*,#4012,.T.);
#5780=ORIENTED_EDGE('',*,*,#4946,.F.);
#5781=ORIENTED_EDGE('',*,*,#5764,.T.);
#5782=EDGE_LOOP('',(#5776,#5777,#5778,#5779,#5780,#5781));
#5783=FACE_OUTER_BOUND('',#5782,.F.);
#5784=ADVANCED_FACE('',(#5783),#5775,.T.);
#5785=CARTESIAN_POINT('',(-2.05E0,0.E0,4.75E-1));
#5786=DIRECTION('',(0.E0,1.961161351382E-1,-9.805806756909E-1));
#5787=DIRECTION('',(0.E0,9.805806756909E-1,1.961161351382E-1));
#5788=AXIS2_PLACEMENT_3D('',#5785,#5786,#5787);
#5789=PLANE('',#5788);
#5790=ORIENTED_EDGE('',*,*,#3568,.T.);
#5792=ORIENTED_EDGE('',*,*,#5791,.T.);
#5793=ORIENTED_EDGE('',*,*,#4964,.T.);
#5794=ORIENTED_EDGE('',*,*,#4032,.F.);
#5795=ORIENTED_EDGE('',*,*,#5707,.F.);
#5796=ORIENTED_EDGE('',*,*,#3909,.F.);
#5797=EDGE_LOOP('',(#5790,#5792,#5793,#5794,#5795,#5796));
#5798=FACE_OUTER_BOUND('',#5797,.F.);
#5799=ADVANCED_FACE('',(#5798),#5789,.T.);
#5800=CARTESIAN_POINT('',(-1.6E0,2.E-1,0.E0));
#5801=DIRECTION('',(-1.E0,0.E0,0.E0));
#5802=DIRECTION('',(0.E0,0.E0,1.E0));
#5803=AXIS2_PLACEMENT_3D('',#5800,#5801,#5802);
#5804=PLANE('',#5803);
#5805=ORIENTED_EDGE('',*,*,#3566,.F.);
#5807=ORIENTED_EDGE('',*,*,#5806,.F.);
#5808=ORIENTED_EDGE('',*,*,#4959,.T.);
#5809=ORIENTED_EDGE('',*,*,#5791,.F.);
#5810=EDGE_LOOP('',(#5805,#5807,#5808,#5809));
#5811=FACE_OUTER_BOUND('',#5810,.F.);
#5812=ADVANCED_FACE('',(#5811),#5804,.T.);
#5813=CARTESIAN_POINT('',(-2.05E0,2.E-1,1.35E-1));
#5814=DIRECTION('',(0.E0,1.961161351382E-1,9.805806756909E-1));
#5815=DIRECTION('',(0.E0,-9.805806756909E-1,1.961161351382E-1));
#5816=AXIS2_PLACEMENT_3D('',#5813,#5814,#5815);
#5817=PLANE('',#5816);
#5818=ORIENTED_EDGE('',*,*,#3564,.F.);
#5819=ORIENTED_EDGE('',*,*,#3913,.F.);
#5820=ORIENTED_EDGE('',*,*,#5710,.T.);
#5821=ORIENTED_EDGE('',*,*,#4028,.T.);
#5822=ORIENTED_EDGE('',*,*,#4961,.F.);
#5823=ORIENTED_EDGE('',*,*,#5806,.T.);
#5824=EDGE_LOOP('',(#5818,#5819,#5820,#5821,#5822,#5823));
#5825=FACE_OUTER_BOUND('',#5824,.F.);
#5826=ADVANCED_FACE('',(#5825),#5817,.T.);
#5827=CARTESIAN_POINT('',(-2.05E0,0.E0,1.125E0));
#5828=DIRECTION('',(0.E0,1.961161351382E-1,-9.805806756909E-1));
#5829=DIRECTION('',(0.E0,9.805806756909E-1,1.961161351382E-1));
#5830=AXIS2_PLACEMENT_3D('',#5827,#5828,#5829);
#5831=PLANE('',#5830);
#5832=ORIENTED_EDGE('',*,*,#3576,.T.);
#5834=ORIENTED_EDGE('',*,*,#5833,.T.);
#5835=ORIENTED_EDGE('',*,*,#4994,.T.);
#5836=ORIENTED_EDGE('',*,*,#4048,.F.);
#5837=ORIENTED_EDGE('',*,*,#5721,.F.);
#5838=ORIENTED_EDGE('',*,*,#3902,.F.);
#5839=EDGE_LOOP('',(#5832,#5834,#5835,#5836,#5837,#5838));
#5840=FACE_OUTER_BOUND('',#5839,.F.);
#5841=ADVANCED_FACE('',(#5840),#5831,.T.);
#5842=CARTESIAN_POINT('',(-1.6E0,2.E-1,0.E0));
#5843=DIRECTION('',(-1.E0,0.E0,0.E0));
#5844=DIRECTION('',(0.E0,0.E0,1.E0));
#5845=AXIS2_PLACEMENT_3D('',#5842,#5843,#5844);
#5846=PLANE('',#5845);
#5847=ORIENTED_EDGE('',*,*,#3574,.F.);
#5849=ORIENTED_EDGE('',*,*,#5848,.F.);
#5850=ORIENTED_EDGE('',*,*,#4989,.T.);
#5851=ORIENTED_EDGE('',*,*,#5833,.F.);
#5852=EDGE_LOOP('',(#5847,#5849,#5850,#5851));
#5853=FACE_OUTER_BOUND('',#5852,.F.);
#5854=ADVANCED_FACE('',(#5853),#5846,.T.);
#5855=CARTESIAN_POINT('',(-2.05E0,2.E-1,7.85E-1));
#5856=DIRECTION('',(0.E0,1.961161351382E-1,9.805806756909E-1));
#5857=DIRECTION('',(0.E0,-9.805806756909E-1,1.961161351382E-1));
#5858=AXIS2_PLACEMENT_3D('',#5855,#5856,#5857);
#5859=PLANE('',#5858);
#5860=ORIENTED_EDGE('',*,*,#3572,.F.);
#5861=ORIENTED_EDGE('',*,*,#3906,.F.);
#5862=ORIENTED_EDGE('',*,*,#5724,.T.);
#5863=ORIENTED_EDGE('',*,*,#4044,.T.);
#5864=ORIENTED_EDGE('',*,*,#4991,.F.);
#5865=ORIENTED_EDGE('',*,*,#5848,.T.);
#5866=EDGE_LOOP('',(#5860,#5861,#5862,#5863,#5864,#5865));
#5867=FACE_OUTER_BOUND('',#5866,.F.);
#5868=ADVANCED_FACE('',(#5867),#5859,.T.);
#5869=CARTESIAN_POINT('',(1.4E0,0.E0,-1.09E0));
#5870=DIRECTION('',(0.E0,0.E0,1.E0));
#5871=DIRECTION('',(-1.E0,0.E0,0.E0));
#5872=AXIS2_PLACEMENT_3D('',#5869,#5870,#5871);
#5873=CYLINDRICAL_SURFACE('',#5872,1.E-1);
#5874=ORIENTED_EDGE('',*,*,#3654,.F.);
#5876=ORIENTED_EDGE('',*,*,#5875,.F.);
#5877=ORIENTED_EDGE('',*,*,#5004,.T.);
#5879=ORIENTED_EDGE('',*,*,#5878,.T.);
#5880=EDGE_LOOP('',(#5874,#5876,#5877,#5879));
#5881=FACE_OUTER_BOUND('',#5880,.F.);
#5882=ADVANCED_FACE('',(#5881),#5873,.T.);
#5883=CARTESIAN_POINT('',(1.09E0,0.E0,-1.4E0));
#5884=DIRECTION('',(7.071067811865E-1,0.E0,7.071067811865E-1));
#5885=DIRECTION('',(-7.071067811865E-1,0.E0,7.071067811865E-1));
#5886=AXIS2_PLACEMENT_3D('',#5883,#5884,#5885);
#5887=CYLINDRICAL_SURFACE('',#5886,1.E-1);
#5888=ORIENTED_EDGE('',*,*,#3662,.F.);
#5890=ORIENTED_EDGE('',*,*,#5889,.F.);
#5891=ORIENTED_EDGE('',*,*,#5006,.T.);
#5892=ORIENTED_EDGE('',*,*,#5875,.T.);
#5893=EDGE_LOOP('',(#5888,#5890,#5891,#5892));
#5894=FACE_OUTER_BOUND('',#5893,.F.);
#5895=ADVANCED_FACE('',(#5894),#5887,.T.);
#5896=CARTESIAN_POINT('',(-1.4E0,0.E0,-1.4E0));
#5897=DIRECTION('',(1.E0,0.E0,0.E0));
#5898=DIRECTION('',(0.E0,0.E0,1.E0));
#5899=AXIS2_PLACEMENT_3D('',#5896,#5897,#5898);
#5900=CYLINDRICAL_SURFACE('',#5899,1.E-1);
#5901=ORIENTED_EDGE('',*,*,#3660,.F.);
#5903=ORIENTED_EDGE('',*,*,#5902,.F.);
#5904=ORIENTED_EDGE('',*,*,#5008,.T.);
#5905=ORIENTED_EDGE('',*,*,#5889,.T.);
#5906=EDGE_LOOP('',(#5901,#5903,#5904,#5905));
#5907=FACE_OUTER_BOUND('',#5906,.F.);
#5908=ADVANCED_FACE('',(#5907),#5900,.T.);
#5909=CARTESIAN_POINT('',(-1.4E0,0.E0,1.4E0));
#5910=DIRECTION('',(0.E0,0.E0,-1.E0));
#5911=DIRECTION('',(1.E0,0.E0,0.E0));
#5912=AXIS2_PLACEMENT_3D('',#5909,#5910,#5911);
#5913=CYLINDRICAL_SURFACE('',#5912,1.E-1);
#5914=ORIENTED_EDGE('',*,*,#3658,.F.);
#5916=ORIENTED_EDGE('',*,*,#5915,.F.);
#5917=ORIENTED_EDGE('',*,*,#5010,.T.);
#5918=ORIENTED_EDGE('',*,*,#5902,.T.);
#5919=EDGE_LOOP('',(#5914,#5916,#5917,#5918));
#5920=FACE_OUTER_BOUND('',#5919,.F.);
#5921=ADVANCED_FACE('',(#5920),#5913,.T.);
#5922=CARTESIAN_POINT('',(1.4E0,0.E0,1.4E0));
#5923=DIRECTION('',(-1.E0,0.E0,0.E0));
#5924=DIRECTION('',(0.E0,0.E0,-1.E0));
#5925=AXIS2_PLACEMENT_3D('',#5922,#5923,#5924);
#5926=CYLINDRICAL_SURFACE('',#5925,1.E-1);
#5927=ORIENTED_EDGE('',*,*,#3656,.F.);
#5928=ORIENTED_EDGE('',*,*,#5878,.F.);
#5929=ORIENTED_EDGE('',*,*,#5012,.T.);
#5930=ORIENTED_EDGE('',*,*,#5915,.T.);
#5931=EDGE_LOOP('',(#5927,#5928,#5929,#5930));
#5932=FACE_OUTER_BOUND('',#5931,.F.);
#5933=ADVANCED_FACE('',(#5932),#5926,.T.);
#5934=CARTESIAN_POINT('',(0.E0,8.E-1,0.E0));
#5935=DIRECTION('',(0.E0,1.E0,0.E0));
#5936=DIRECTION('',(1.E0,0.E0,0.E0));
#5937=AXIS2_PLACEMENT_3D('',#5934,#5935,#5936);
#5938=PLANE('',#5937);
#5939=ORIENTED_EDGE('',*,*,#3897,.F.);
#5940=ORIENTED_EDGE('',*,*,#3713,.F.);
#5941=ORIENTED_EDGE('',*,*,#4373,.F.);
#5942=ORIENTED_EDGE('',*,*,#4139,.F.);
#5943=EDGE_LOOP('',(#5939,#5940,#5941,#5942));
#5944=FACE_OUTER_BOUND('',#5943,.F.);
#5945=ADVANCED_FACE('',(#5944),#5938,.T.);
#5946=CLOSED_SHELL('',(#3666,#3681,#3699,#3761,#3777,#3793,#3809,#3825,#3841,
#3857,#3872,#3887,#3947,#3961,#3976,#3990,#4006,#4022,#4038,#4054,#4067,#4080,
#4096,#4108,#4167,#4180,#4193,#4208,#4224,#4240,#4256,#4272,#4284,#4297,#4310,
#4326,#4338,#4396,#4409,#4422,#4437,#4453,#4469,#4485,#4501,#4513,#4526,#4539,
#4554,#4566,#4579,#4594,#4607,#4622,#4638,#4654,#4670,#4683,#4696,#4709,#4721,
#4733,#4745,#4761,#4773,#4788,#4803,#4818,#4833,#4848,#4863,#4878,#4893,#4908,
#4923,#4938,#4953,#4968,#4983,#4998,#5016,#5030,#5045,#5059,#5073,#5087,#5100,
#5115,#5128,#5142,#5157,#5170,#5184,#5199,#5212,#5226,#5240,#5254,#5269,#5281,
#5294,#5308,#5322,#5336,#5351,#5364,#5378,#5393,#5406,#5420,#5434,#5449,#5463,
#5477,#5491,#5504,#5519,#5532,#5546,#5561,#5574,#5588,#5603,#5616,#5630,#5644,
#5658,#5673,#5686,#5700,#5714,#5728,#5742,#5757,#5770,#5784,#5799,#5812,#5826,
#5841,#5854,#5868,#5882,#5895,#5908,#5921,#5933,#5945));
#5947=MANIFOLD_SOLID_BREP('',#5946);
#5948=FILL_AREA_STYLE_COLOUR('',#8);
#5949=FILL_AREA_STYLE('',(#5948));
#5950=SURFACE_STYLE_FILL_AREA(#5949);
#5951=SURFACE_SIDE_STYLE('',(#5950));
#5952=SURFACE_STYLE_USAGE(.BOTH.,#5951);
#5953=PRESENTATION_STYLE_ASSIGNMENT((#5952));
#42=STYLED_ITEM('',(#5953),#5947);
#5955=DIMENSIONAL_EXPONENTS(0.E0,0.E0,0.E0,0.E0,0.E0,0.E0,0.E0);
#5957=PLANE_ANGLE_MEASURE_WITH_UNIT(PLANE_ANGLE_MEASURE(1.745329251994E-2),
#5956);
#5958=(CONVERSION_BASED_UNIT('DEGREE',#5957)NAMED_UNIT(#5955)PLANE_ANGLE_UNIT(
));
#5960=UNCERTAINTY_MEASURE_WITH_UNIT(LENGTH_MEASURE(6.222290772855E-4),#5954,
'distance_accuracy_value',
'Maximum model space distance between geometric entities at asserted connectivities');
#5961=(GEOMETRIC_REPRESENTATION_CONTEXT(3)GLOBAL_UNCERTAINTY_ASSIGNED_CONTEXT((
#5960))GLOBAL_UNIT_ASSIGNED_CONTEXT((#5954,#5958,#5959))REPRESENTATION_CONTEXT(
'ID1','3'));
#5962=CARTESIAN_POINT('',(0.E0,0.E0,0.E0));
#5963=DIRECTION('',(0.E0,0.E0,1.E0));
#5964=DIRECTION('',(1.E0,0.E0,0.E0));
#5967=APPLICATION_CONTEXT('automotive_design');
#5968=APPLICATION_PROTOCOL_DEFINITION('draft international standard',
'automotive_design',1998,#5967);
#5969=PRODUCT_DEFINITION_CONTEXT('part definition',#5967,'design');
#5970=PRODUCT_CONTEXT('',#5967,'mechanical');
#5971=PRODUCT('BODY_SQB16A','BODY_SQB16A','NOT SPECIFIED',(#5970));
#5972=PRODUCT_DEFINITION_FORMATION_WITH_SPECIFIED_SOURCE('37','LAST_VERSION',
#5971,.MADE.);
#5981=CARTESIAN_POINT('',(0.E0,0.E0,0.E0));
#5982=DIRECTION('',(0.E0,0.E0,1.E0));
#5983=DIRECTION('',(1.E0,0.E0,0.E0));
#5984=AXIS2_PLACEMENT_3D('',#5981,#5982,#5983);
#5985=ITEM_DEFINED_TRANSFORMATION('','',#5965,#5984);
#5986=(REPRESENTATION_RELATIONSHIP('','',#5966,#5978)REPRESENTATION_RELATIONSHIP_WITH_TRANSFORMATION(#5985)SHAPE_REPRESENTATION_RELATIONSHIP());
#5987=CONTEXT_DEPENDENT_SHAPE_REPRESENTATION(#5986,#5980);
#5989=DIRECTION('',(1.E0,0.E0,0.E0));
#5990=VECTOR('',#5989,3.E-1);
#5991=CARTESIAN_POINT('',(8.25E-1,0.E0,-2.E0));
#5992=LINE('',#5991,#5990);
#5993=CURVE_STYLE('',#47,POSITIVE_LENGTH_MEASURE(2.E-2),#28);
#5994=PRESENTATION_STYLE_ASSIGNMENT((#5993));
#5995=STYLED_ITEM('',(#5994),#5992);
#5996=DIRECTION('',(0.E0,0.E0,1.E0));
#5997=VECTOR('',#5996,4.E-1);
#5998=CARTESIAN_POINT('',(8.25E-1,0.E0,-2.E0));
#5999=LINE('',#5998,#5997);
#6000=CURVE_STYLE('',#47,POSITIVE_LENGTH_MEASURE(2.E-2),#28);
#6001=PRESENTATION_STYLE_ASSIGNMENT((#6000));
#6002=STYLED_ITEM('',(#6001),#5999);
#6003=DIRECTION('',(-1.E0,0.E0,0.E0));
#6004=VECTOR('',#6003,3.440910976998E-1);
#6005=CARTESIAN_POINT('',(1.147045548850E0,1.102277442495E-1,-2.E0));
#6006=LINE('',#6005,#6004);
#6007=CURVE_STYLE('',#47,POSITIVE_LENGTH_MEASURE(2.E-2),#28);
#6008=PRESENTATION_STYLE_ASSIGNMENT((#6007));
#6009=STYLED_ITEM('',(#6008),#6006);
#6010=DIRECTION('',(0.E0,0.E0,-1.E0));
#6011=VECTOR('',#6010,3.798029716256E-1);
#6012=CARTESIAN_POINT('',(1.128429247081E0,1.714623540487E-2,-1.6E0));
#6013=LINE('',#6012,#6011);
#6014=CURVE_STYLE('',#47,POSITIVE_LENGTH_MEASURE(2.E-2),#28);
#6015=PRESENTATION_STYLE_ASSIGNMENT((#6014));
#6016=STYLED_ITEM('',(#6015),#6013);
#6017=DIRECTION('',(-1.961161351382E-1,-9.805806756909E-1,0.E0));
#6018=VECTOR('',#6017,8.623645971331E-2);
#6019=CARTESIAN_POINT('',(1.145341608268E0,1.017080413397E-1,
-1.979802971626E0));
#6020=LINE('',#6019,#6018);
#6021=CURVE_STYLE('',#47,POSITIVE_LENGTH_MEASURE(2.E-2),#28);
#6022=PRESENTATION_STYLE_ASSIGNMENT((#6021));
#6023=STYLED_ITEM('',(#6022),#6020);
#6024=CARTESIAN_POINT('',(1.147045548850E0,1.102277442495E-1,-2.E0));
#6025=CARTESIAN_POINT('',(1.146249114010E0,1.062455700519E-1,
-1.993768209612E0));
#6026=CARTESIAN_POINT('',(1.145680050843E0,1.034002542148E-1,
-1.987038239654E0));
#6027=CARTESIAN_POINT('',(1.145341608268E0,1.017080413397E-1,
-1.979802971626E0));
#6029=CURVE_STYLE('',#47,POSITIVE_LENGTH_MEASURE(2.E-2),#28);
#6030=PRESENTATION_STYLE_ASSIGNMENT((#6029));
#6031=STYLED_ITEM('',(#6030),#6028);
#6032=DIRECTION('',(1.961161351382E-1,9.805806756909E-1,0.E0));
#6033=VECTOR('',#6032,1.124106837735E-1);
#6034=CARTESIAN_POINT('',(1.125E0,0.E0,-2.E0));
#6035=LINE('',#6034,#6033);
#6036=CURVE_STYLE('',#47,POSITIVE_LENGTH_MEASURE(2.E-2),#28);
#6037=PRESENTATION_STYLE_ASSIGNMENT((#6036));
#6038=STYLED_ITEM('',(#6037),#6035);
#6039=DIRECTION('',(0.E0,0.E0,1.E0));
#6040=VECTOR('',#6039,4.E-1);
#6041=CARTESIAN_POINT('',(1.125E0,0.E0,-2.E0));
#6042=LINE('',#6041,#6040);
#6043=CURVE_STYLE('',#47,POSITIVE_LENGTH_MEASURE(2.E-2),#28);
#6044=PRESENTATION_STYLE_ASSIGNMENT((#6043));
#6045=STYLED_ITEM('',(#6044),#6042);
#6046=DIRECTION('',(1.E0,0.E0,0.E0));
#6047=VECTOR('',#6046,3.068584941619E-1);
#6048=CARTESIAN_POINT('',(8.215707529190E-1,1.714623540487E-2,-1.6E0));
#6049=LINE('',#6048,#6047);
#6050=CURVE_STYLE('',#47,POSITIVE_LENGTH_MEASURE(2.E-2),#28);
#6051=PRESENTATION_STYLE_ASSIGNMENT((#6050));
#6052=STYLED_ITEM('',(#6051),#6049);
#6053=DIRECTION('',(1.961161351382E-1,9.805806756909E-1,0.E0));
#6054=VECTOR('',#6053,1.748579778282E-2);
#6055=CARTESIAN_POINT('',(1.125E0,0.E0,-1.6E0));
#6056=LINE('',#6055,#6054);
#6057=CURVE_STYLE('',#47,POSITIVE_LENGTH_MEASURE(2.E-2),#28);
#6058=PRESENTATION_STYLE_ASSIGNMENT((#6057));
#6059=STYLED_ITEM('',(#6058),#6056);
#6060=DIRECTION('',(1.E0,0.E0,0.E0));
#6061=VECTOR('',#6060,3.E-1);
#6062=CARTESIAN_POINT('',(8.25E-1,0.E0,-1.6E0));
#6063=LINE('',#6062,#6061);
#6064=CURVE_STYLE('',#47,POSITIVE_LENGTH_MEASURE(2.E-2),#28);
#6065=PRESENTATION_STYLE_ASSIGNMENT((#6064));
#6066=STYLED_ITEM('',(#6065),#6063);
#6067=DIRECTION('',(1.961161351382E-1,-9.805806756909E-1,0.E0));
#6068=VECTOR('',#6067,1.748579778282E-2);
#6069=CARTESIAN_POINT('',(8.215707529190E-1,1.714623540487E-2,-1.6E0));
#6070=LINE('',#6069,#6068);
#6071=CURVE_STYLE('',#47,POSITIVE_LENGTH_MEASURE(2.E-2),#28);
#6072=PRESENTATION_STYLE_ASSIGNMENT((#6071));
#6073=STYLED_ITEM('',(#6072),#6070);
#6074=DIRECTION('',(0.E0,0.E0,-1.E0));
#6075=VECTOR('',#6074,3.798029716256E-1);
#6076=CARTESIAN_POINT('',(8.215707529190E-1,1.714623540487E-2,-1.6E0));
#6077=LINE('',#6076,#6075);
#6078=CURVE_STYLE('',#47,POSITIVE_LENGTH_MEASURE(2.E-2),#28);
#6079=PRESENTATION_STYLE_ASSIGNMENT((#6078));
#6080=STYLED_ITEM('',(#6079),#6077);
#6081=DIRECTION('',(1.961161351382E-1,-9.805806756909E-1,0.E0));
#6082=VECTOR('',#6081,1.124106837735E-1);
#6083=CARTESIAN_POINT('',(8.029544511501E-1,1.102277442495E-1,-2.E0));
#6084=LINE('',#6083,#6082);
#6085=CURVE_STYLE('',#47,POSITIVE_LENGTH_MEASURE(2.E-2),#28);
#6086=PRESENTATION_STYLE_ASSIGNMENT((#6085));
#6087=STYLED_ITEM('',(#6086),#6084);
#6088=CARTESIAN_POINT('',(8.029544511501E-1,1.102277442495E-1,-2.E0));
#6089=CARTESIAN_POINT('',(8.037508859896E-1,1.062455700519E-1,
-1.993768209612E0));
#6090=CARTESIAN_POINT('',(8.043199491570E-1,1.034002542148E-1,
-1.987038239654E0));
#6091=CARTESIAN_POINT('',(8.046583917321E-1,1.017080413397E-1,
-1.979802971626E0));
#6093=CURVE_STYLE('',#47,POSITIVE_LENGTH_MEASURE(2.E-2),#28);
#6094=PRESENTATION_STYLE_ASSIGNMENT((#6093));
#6095=STYLED_ITEM('',(#6094),#6092);
#6096=DIRECTION('',(1.961161351382E-1,-9.805806756909E-1,0.E0));
#6097=VECTOR('',#6096,8.623645971331E-2);
#6098=CARTESIAN_POINT('',(8.046583917321E-1,1.017080413397E-1,
-1.979802971626E0));
#6099=LINE('',#6098,#6097);
#6100=CURVE_STYLE('',#47,POSITIVE_LENGTH_MEASURE(2.E-2),#28);
#6101=PRESENTATION_STYLE_ASSIGNMENT((#6100));
#6102=STYLED_ITEM('',(#6101),#6099);
#6103=DIRECTION('',(-1.E0,0.E0,0.E0));
#6104=VECTOR('',#6103,3.406832165359E-1);
#6105=CARTESIAN_POINT('',(1.145341608268E0,1.017080413397E-1,
-1.979802971626E0));
#6106=LINE('',#6105,#6104);
#6107=CURVE_STYLE('',#47,POSITIVE_LENGTH_MEASURE(2.E-2),#28);
#6108=PRESENTATION_STYLE_ASSIGNMENT((#6107));
#6109=STYLED_ITEM('',(#6108),#6106);
#6110=DIRECTION('',(1.E0,0.E0,0.E0));
#6111=VECTOR('',#6110,3.068584941619E-1);
#6112=CARTESIAN_POINT('',(8.215707529190E-1,1.714623540487E-2,
-1.979802971626E0));
#6113=LINE('',#6112,#6111);
#6114=CURVE_STYLE('',#47,POSITIVE_LENGTH_MEASURE(2.E-2),#28);
#6115=PRESENTATION_STYLE_ASSIGNMENT((#6114));
#6116=STYLED_ITEM('',(#6115),#6113);
#6117=CARTESIAN_POINT('',(8.25E-1,0.E0,-1.6E0));
#6118=CARTESIAN_POINT('',(1.125E0,0.E0,-1.6E0));
#6119=VERTEX_POINT('',#6117);
#6120=VERTEX_POINT('',#6118);
#6121=CARTESIAN_POINT('',(8.25E-1,0.E0,-2.E0));
#6122=CARTESIAN_POINT('',(1.125E0,0.E0,-2.E0));
#6123=VERTEX_POINT('',#6121);
#6124=VERTEX_POINT('',#6122);
#6125=CARTESIAN_POINT('',(8.029544511501E-1,1.102277442495E-1,-2.E0));
#6126=VERTEX_POINT('',#6125);
#6127=CARTESIAN_POINT('',(1.147045548850E0,1.102277442495E-1,-2.E0));
#6128=VERTEX_POINT('',#6127);
#6129=CARTESIAN_POINT('',(8.215707529190E-1,1.714623540487E-2,-1.6E0));
#6130=CARTESIAN_POINT('',(1.128429247081E0,1.714623540487E-2,-1.6E0));
#6131=VERTEX_POINT('',#6129);
#6132=VERTEX_POINT('',#6130);
#6133=CARTESIAN_POINT('',(8.215707529190E-1,1.714623540487E-2,
-1.979802971626E0));
#6134=VERTEX_POINT('',#6133);
#6135=CARTESIAN_POINT('',(8.046583917321E-1,1.017080413397E-1,
-1.979802971626E0));
#6136=VERTEX_POINT('',#6135);
#6137=CARTESIAN_POINT('',(1.128429247081E0,1.714623540487E-2,
-1.979802971626E0));
#6138=VERTEX_POINT('',#6137);
#6139=CARTESIAN_POINT('',(1.145341608268E0,1.017080413397E-1,
-1.979802971626E0));
#6140=VERTEX_POINT('',#6139);
#6141=CARTESIAN_POINT('',(0.E0,0.E0,0.E0));
#6142=DIRECTION('',(0.E0,1.E0,0.E0));
#6143=DIRECTION('',(1.E0,0.E0,0.E0));
#6144=AXIS2_PLACEMENT_3D('',#6141,#6142,#6143);
#6145=PLANE('',#6144);
#6147=ORIENTED_EDGE('',*,*,#6146,.F.);
#6149=ORIENTED_EDGE('',*,*,#6148,.T.);
#6151=ORIENTED_EDGE('',*,*,#6150,.T.);
#6153=ORIENTED_EDGE('',*,*,#6152,.F.);
#6154=EDGE_LOOP('',(#6147,#6149,#6151,#6153));
#6155=FACE_OUTER_BOUND('',#6154,.F.);
#6156=ADVANCED_FACE('',(#6155),#6145,.F.);
#6157=FILL_AREA_STYLE_COLOUR('',#28);
#6158=FILL_AREA_STYLE('',(#6157));
#6159=SURFACE_STYLE_FILL_AREA(#6158);
#6160=SURFACE_SIDE_STYLE('',(#6159));
#6161=SURFACE_STYLE_USAGE(.POSITIVE.,#6160);
#6162=FILL_AREA_STYLE_COLOUR('',#34);
#6163=FILL_AREA_STYLE('',(#6162));
#6164=SURFACE_STYLE_FILL_AREA(#6163);
#6165=SURFACE_SIDE_STYLE('',(#6164));
#6166=SURFACE_STYLE_USAGE(.NEGATIVE.,#6165);
#6167=PRESENTATION_STYLE_ASSIGNMENT((#6161,#6166));
#6168=OVER_RIDING_STYLED_ITEM('',(#6167),#6156,#5988);
#6169=CARTESIAN_POINT('',(-2.E0,2.E-1,-2.E0));
#6170=DIRECTION('',(0.E0,0.E0,1.E0));
#6171=DIRECTION('',(1.E0,0.E0,0.E0));
#6172=AXIS2_PLACEMENT_3D('',#6169,#6170,#6171);
#6173=PLANE('',#6172);
#6174=ORIENTED_EDGE('',*,*,#6146,.T.);
#6176=ORIENTED_EDGE('',*,*,#6175,.T.);
#6178=ORIENTED_EDGE('',*,*,#6177,.T.);
#6180=ORIENTED_EDGE('',*,*,#6179,.T.);
#6181=EDGE_LOOP('',(#6174,#6176,#6178,#6180));
#6182=FACE_OUTER_BOUND('',#6181,.F.);
#6183=ADVANCED_FACE('',(#6182),#6173,.F.);
#6184=CARTESIAN_POINT('',(1.125E0,0.E0,-2.05E0));
#6185=DIRECTION('',(9.805806756909E-1,-1.961161351382E-1,0.E0));
#6186=DIRECTION('',(1.961161351382E-1,9.805806756909E-1,0.E0));
#6187=AXIS2_PLACEMENT_3D('',#6184,#6185,#6186);
#6188=PLANE('',#6187);
#6190=ORIENTED_EDGE('',*,*,#6189,.T.);
#6192=ORIENTED_EDGE('',*,*,#6191,.F.);
#6194=ORIENTED_EDGE('',*,*,#6193,.F.);
#6195=ORIENTED_EDGE('',*,*,#6175,.F.);
#6196=ORIENTED_EDGE('',*,*,#6152,.T.);
#6198=ORIENTED_EDGE('',*,*,#6197,.T.);
#6199=EDGE_LOOP('',(#6190,#6192,#6194,#6195,#6196,#6198));
#6200=FACE_OUTER_BOUND('',#6199,.F.);
#6201=ADVANCED_FACE('',(#6200),#6188,.T.);
#6202=CARTESIAN_POINT('',(-1.99E0,1.714623540487E-2,1.981526119019E0));
#6203=DIRECTION('',(0.E0,-1.E0,0.E0));
#6204=DIRECTION('',(0.E0,0.E0,-1.E0));
#6205=AXIS2_PLACEMENT_3D('',#6202,#6203,#6204);
#6206=PLANE('',#6205);
#6208=ORIENTED_EDGE('',*,*,#6207,.F.);
#6210=ORIENTED_EDGE('',*,*,#6209,.T.);
#6212=ORIENTED_EDGE('',*,*,#6211,.T.);
#6213=ORIENTED_EDGE('',*,*,#6189,.F.);
#6214=EDGE_LOOP('',(#6208,#6210,#6212,#6213));
#6215=FACE_OUTER_BOUND('',#6214,.F.);
#6216=ADVANCED_FACE('',(#6215),#6206,.F.);
#6217=CARTESIAN_POINT('',(0.E0,2.E-1,-1.6E0));
#6218=DIRECTION('',(0.E0,0.E0,1.E0));
#6219=DIRECTION('',(1.E0,0.E0,0.E0));
#6220=AXIS2_PLACEMENT_3D('',#6217,#6218,#6219);
#6221=PLANE('',#6220);
#6222=ORIENTED_EDGE('',*,*,#6207,.T.);
#6223=ORIENTED_EDGE('',*,*,#6197,.F.);
#6224=ORIENTED_EDGE('',*,*,#6150,.F.);
#6226=ORIENTED_EDGE('',*,*,#6225,.F.);
#6227=EDGE_LOOP('',(#6222,#6223,#6224,#6226));
#6228=FACE_OUTER_BOUND('',#6227,.F.);
#6229=ADVANCED_FACE('',(#6228),#6221,.T.);
#6230=CARTESIAN_POINT('',(7.85E-1,2.E-1,-2.05E0));
#6231=DIRECTION('',(-9.805806756909E-1,-1.961161351382E-1,0.E0));
#6232=DIRECTION('',(1.961161351382E-1,-9.805806756909E-1,0.E0));
#6233=AXIS2_PLACEMENT_3D('',#6230,#6231,#6232);
#6234=PLANE('',#6233);
#6235=ORIENTED_EDGE('',*,*,#6209,.F.);
#6236=ORIENTED_EDGE('',*,*,#6225,.T.);
#6237=ORIENTED_EDGE('',*,*,#6148,.F.);
#6238=ORIENTED_EDGE('',*,*,#6179,.F.);
#6240=ORIENTED_EDGE('',*,*,#6239,.T.);
#6242=ORIENTED_EDGE('',*,*,#6241,.T.);
#6243=EDGE_LOOP('',(#6235,#6236,#6237,#6238,#6240,#6242));
#6244=FACE_OUTER_BOUND('',#6243,.F.);
#6245=ADVANCED_FACE('',(#6244),#6234,.T.);
#6246=CARTESIAN_POINT('',(1.25E0,1.65E-1,-1.965E0));
#6247=DIRECTION('',(-1.E0,0.E0,0.E0));
#6248=DIRECTION('',(0.E0,0.E0,1.E0));
#6249=AXIS2_PLACEMENT_3D('',#6246,#6247,#6248);
#6250=CYLINDRICAL_SURFACE('',#6249,6.5E-2);
#6252=ORIENTED_EDGE('',*,*,#6251,.T.);
#6253=ORIENTED_EDGE('',*,*,#6239,.F.);
#6254=ORIENTED_EDGE('',*,*,#6177,.F.);
#6255=ORIENTED_EDGE('',*,*,#6193,.T.);
#6256=EDGE_LOOP('',(#6252,#6253,#6254,#6255));
#6257=FACE_OUTER_BOUND('',#6256,.F.);
#6258=ADVANCED_FACE('',(#6257),#6250,.F.);
#6259=CARTESIAN_POINT('',(-1.99E0,1.714623540487E-2,-1.979802971626E0));
#6260=DIRECTION('',(0.E0,0.E0,-1.E0));
#6261=DIRECTION('',(0.E0,1.E0,0.E0));
#6262=AXIS2_PLACEMENT_3D('',#6259,#6260,#6261);
#6263=PLANE('',#6262);
#6264=ORIENTED_EDGE('',*,*,#6241,.F.);
#6265=ORIENTED_EDGE('',*,*,#6251,.F.);
#6266=ORIENTED_EDGE('',*,*,#6191,.T.);
#6267=ORIENTED_EDGE('',*,*,#6211,.F.);
#6268=EDGE_LOOP('',(#6264,#6265,#6266,#6267));
#6269=FACE_OUTER_BOUND('',#6268,.F.);
#6270=ADVANCED_FACE('',(#6269),#6263,.F.);
#6271=CLOSED_SHELL('',(#6156,#6183,#6201,#6216,#6229,#6245,#6258,#6270));
#6272=MANIFOLD_SOLID_BREP('',#6271);
#6273=FILL_AREA_STYLE_COLOUR('',#28);
#6274=FILL_AREA_STYLE('',(#6273));
#6275=SURFACE_STYLE_FILL_AREA(#6274);
#6276=SURFACE_SIDE_STYLE('',(#6275));
#6277=SURFACE_STYLE_USAGE(.BOTH.,#6276);
#6278=PRESENTATION_STYLE_ASSIGNMENT((#6277));
#5988=STYLED_ITEM('',(#6278),#6272);
#6280=DIRECTION('',(0.E0,0.E0,1.E0));
#6281=VECTOR('',#6280,3.E-1);
#6282=CARTESIAN_POINT('',(2.E0,0.E0,-1.125E0));
#6283=LINE('',#6282,#6281);
#6284=CURVE_STYLE('',#47,POSITIVE_LENGTH_MEASURE(2.E-2),#28);
#6285=PRESENTATION_STYLE_ASSIGNMENT((#6284));
#6286=STYLED_ITEM('',(#6285),#6283);
#6287=DIRECTION('',(-1.E0,0.E0,0.E0));
#6288=VECTOR('',#6287,4.E-1);
#6289=CARTESIAN_POINT('',(2.E0,0.E0,-1.125E0));
#6290=LINE('',#6289,#6288);
#6291=CURVE_STYLE('',#47,POSITIVE_LENGTH_MEASURE(2.E-2),#28);
#6292=PRESENTATION_STYLE_ASSIGNMENT((#6291));
#6293=STYLED_ITEM('',(#6292),#6290);
#6294=DIRECTION('',(0.E0,0.E0,-1.E0));
#6295=VECTOR('',#6294,3.440910976998E-1);
#6296=CARTESIAN_POINT('',(2.E0,1.102277442495E-1,-8.029544511501E-1));
#6297=LINE('',#6296,#6295);
#6298=CURVE_STYLE('',#47,POSITIVE_LENGTH_MEASURE(2.E-2),#28);
#6299=PRESENTATION_STYLE_ASSIGNMENT((#6298));
#6300=STYLED_ITEM('',(#6299),#6297);
#6301=DIRECTION('',(0.E0,-9.805806756909E-1,-1.961161351382E-1));
#6302=VECTOR('',#6301,8.959361200263E-2);
#6303=CARTESIAN_POINT('',(1.99E0,1.05E-1,-8.04E-1));
#6304=LINE('',#6303,#6302);
#6305=CURVE_STYLE('',#47,POSITIVE_LENGTH_MEASURE(2.E-2),#28);
#6306=PRESENTATION_STYLE_ASSIGNMENT((#6305));
#6307=STYLED_ITEM('',(#6306),#6304);
#6308=CARTESIAN_POINT('',(2.E0,1.102277442495E-1,-8.029544511501E-1));
#6309=CARTESIAN_POINT('',(1.996822968767E0,1.081975906321E-1,
-8.033604818736E-1));
#6310=CARTESIAN_POINT('',(1.993490076136E0,1.064541983901E-1,
-8.037091603220E-1));
#6311=CARTESIAN_POINT('',(1.99E0,1.05E-1,-8.04E-1));
#6313=CURVE_STYLE('',#47,POSITIVE_LENGTH_MEASURE(2.E-2),#28);
#6314=PRESENTATION_STYLE_ASSIGNMENT((#6313));
#6315=STYLED_ITEM('',(#6314),#6312);
#6316=DIRECTION('',(0.E0,9.805806756909E-1,1.961161351382E-1));
#6317=VECTOR('',#6316,1.124106837735E-1);
#6318=CARTESIAN_POINT('',(2.E0,0.E0,-8.25E-1));
#6319=LINE('',#6318,#6317);
#6320=CURVE_STYLE('',#47,POSITIVE_LENGTH_MEASURE(2.E-2),#28);
#6321=PRESENTATION_STYLE_ASSIGNMENT((#6320));
#6322=STYLED_ITEM('',(#6321),#6319);
#6323=DIRECTION('',(-1.E0,0.E0,0.E0));
#6324=VECTOR('',#6323,4.E-1);
#6325=CARTESIAN_POINT('',(2.E0,0.E0,-8.25E-1));
#6326=LINE('',#6325,#6324);
#6327=CURVE_STYLE('',#47,POSITIVE_LENGTH_MEASURE(2.E-2),#28);
#6328=PRESENTATION_STYLE_ASSIGNMENT((#6327));
#6329=STYLED_ITEM('',(#6328),#6326);
#6330=DIRECTION('',(1.E0,0.E0,0.E0));
#6331=VECTOR('',#6330,3.9E-1);
#6332=CARTESIAN_POINT('',(1.6E0,1.714623540487E-2,-8.215707529190E-1));
#6333=LINE('',#6332,#6331);
#6334=CURVE_STYLE('',#47,POSITIVE_LENGTH_MEASURE(2.E-2),#28);
#6335=PRESENTATION_STYLE_ASSIGNMENT((#6334));
#6336=STYLED_ITEM('',(#6335),#6333);
#6337=DIRECTION('',(0.E0,0.E0,-1.E0));
#6338=VECTOR('',#6337,3.068584941619E-1);
#6339=CARTESIAN_POINT('',(1.99E0,1.714623540487E-2,-8.215707529190E-1));
#6340=LINE('',#6339,#6338);
#6341=CURVE_STYLE('',#47,POSITIVE_LENGTH_MEASURE(2.E-2),#28);
#6342=PRESENTATION_STYLE_ASSIGNMENT((#6341));
#6343=STYLED_ITEM('',(#6342),#6340);
#6344=DIRECTION('',(0.E0,-9.805806756909E-1,1.961161351382E-1));
#6345=VECTOR('',#6344,8.959361200263E-2);
#6346=CARTESIAN_POINT('',(1.99E0,1.05E-1,-1.146E0));
#6347=LINE('',#6346,#6345);
#6348=CURVE_STYLE('',#47,POSITIVE_LENGTH_MEASURE(2.E-2),#28);
#6349=PRESENTATION_STYLE_ASSIGNMENT((#6348));
#6350=STYLED_ITEM('',(#6349),#6347);
#6351=DIRECTION('',(1.E0,0.E0,0.E0));
#6352=VECTOR('',#6351,3.9E-1);
#6353=CARTESIAN_POINT('',(1.6E0,1.714623540487E-2,-1.128429247081E0));
#6354=LINE('',#6353,#6352);
#6355=CURVE_STYLE('',#47,POSITIVE_LENGTH_MEASURE(2.E-2),#28);
#6356=PRESENTATION_STYLE_ASSIGNMENT((#6355));
#6357=STYLED_ITEM('',(#6356),#6354);
#6358=DIRECTION('',(0.E0,-9.805806756909E-1,1.961161351382E-1));
#6359=VECTOR('',#6358,1.124106837735E-1);
#6360=CARTESIAN_POINT('',(2.E0,1.102277442495E-1,-1.147045548850E0));
#6361=LINE('',#6360,#6359);
#6362=CURVE_STYLE('',#47,POSITIVE_LENGTH_MEASURE(2.E-2),#28);
#6363=PRESENTATION_STYLE_ASSIGNMENT((#6362));
#6364=STYLED_ITEM('',(#6363),#6361);
#6365=CARTESIAN_POINT('',(2.E0,1.102277442495E-1,-1.147045548850E0));
#6366=CARTESIAN_POINT('',(1.996822968767E0,1.081975906321E-1,
-1.146639518126E0));
#6367=CARTESIAN_POINT('',(1.993490076136E0,1.064541983901E-1,
-1.146290839678E0));
#6368=CARTESIAN_POINT('',(1.99E0,1.05E-1,-1.146E0));
#6370=CURVE_STYLE('',#47,POSITIVE_LENGTH_MEASURE(2.E-2),#28);
#6371=PRESENTATION_STYLE_ASSIGNMENT((#6370));
#6372=STYLED_ITEM('',(#6371),#6369);
#6373=DIRECTION('',(0.E0,0.E0,1.E0));
#6374=VECTOR('',#6373,3.068584941619E-1);
#6375=CARTESIAN_POINT('',(1.6E0,1.714623540487E-2,-1.128429247081E0));
#6376=LINE('',#6375,#6374);
#6377=CURVE_STYLE('',#47,POSITIVE_LENGTH_MEASURE(2.E-2),#28);
#6378=PRESENTATION_STYLE_ASSIGNMENT((#6377));
#6379=STYLED_ITEM('',(#6378),#6376);
#6380=DIRECTION('',(0.E0,9.805806756909E-1,1.961161351382E-1));
#6381=VECTOR('',#6380,1.748579778282E-2);
#6382=CARTESIAN_POINT('',(1.6E0,0.E0,-8.25E-1));
#6383=LINE('',#6382,#6381);
#6384=CURVE_STYLE('',#47,POSITIVE_LENGTH_MEASURE(2.E-2),#28);
#6385=PRESENTATION_STYLE_ASSIGNMENT((#6384));
#6386=STYLED_ITEM('',(#6385),#6383);
#6387=DIRECTION('',(0.E0,0.E0,1.E0));
#6388=VECTOR('',#6387,3.E-1);
#6389=CARTESIAN_POINT('',(1.6E0,0.E0,-1.125E0));
#6390=LINE('',#6389,#6388);
#6391=CURVE_STYLE('',#47,POSITIVE_LENGTH_MEASURE(2.E-2),#28);
#6392=PRESENTATION_STYLE_ASSIGNMENT((#6391));
#6393=STYLED_ITEM('',(#6392),#6390);
#6394=DIRECTION('',(0.E0,-9.805806756909E-1,1.961161351382E-1));
#6395=VECTOR('',#6394,1.748579778282E-2);
#6396=CARTESIAN_POINT('',(1.6E0,1.714623540487E-2,-1.128429247081E0));
#6397=LINE('',#6396,#6395);
#6398=CURVE_STYLE('',#47,POSITIVE_LENGTH_MEASURE(2.E-2),#28);
#6399=PRESENTATION_STYLE_ASSIGNMENT((#6398));
#6400=STYLED_ITEM('',(#6399),#6397);
#6401=DIRECTION('',(0.E0,0.E0,-1.E0));
#6402=VECTOR('',#6401,3.42E-1);
#6403=CARTESIAN_POINT('',(1.99E0,1.05E-1,-8.04E-1));
#6404=LINE('',#6403,#6402);
#6405=CURVE_STYLE('',#47,POSITIVE_LENGTH_MEASURE(2.E-2),#28);
#6406=PRESENTATION_STYLE_ASSIGNMENT((#6405));
#6407=STYLED_ITEM('',(#6406),#6404);
#6408=CARTESIAN_POINT('',(1.6E0,0.E0,-1.125E0));
#6409=CARTESIAN_POINT('',(1.6E0,0.E0,-8.25E-1));
#6410=VERTEX_POINT('',#6408);
#6411=VERTEX_POINT('',#6409);
#6412=CARTESIAN_POINT('',(2.E0,0.E0,-1.125E0));
#6413=CARTESIAN_POINT('',(2.E0,0.E0,-8.25E-1));
#6414=VERTEX_POINT('',#6412);
#6415=VERTEX_POINT('',#6413);
#6416=CARTESIAN_POINT('',(2.E0,1.102277442495E-1,-1.147045548850E0));
#6417=VERTEX_POINT('',#6416);
#6418=CARTESIAN_POINT('',(2.E0,1.102277442495E-1,-8.029544511501E-1));
#6419=VERTEX_POINT('',#6418);
#6420=CARTESIAN_POINT('',(1.6E0,1.714623540487E-2,-1.128429247081E0));
#6421=CARTESIAN_POINT('',(1.6E0,1.714623540487E-2,-8.215707529190E-1));
#6422=VERTEX_POINT('',#6420);
#6423=VERTEX_POINT('',#6421);
#6424=CARTESIAN_POINT('',(1.99E0,1.05E-1,-1.146E0));
#6425=CARTESIAN_POINT('',(1.99E0,1.714623540487E-2,-1.128429247081E0));
#6426=VERTEX_POINT('',#6424);
#6427=VERTEX_POINT('',#6425);
#6428=CARTESIAN_POINT('',(1.99E0,1.05E-1,-8.04E-1));
#6429=CARTESIAN_POINT('',(1.99E0,1.714623540487E-2,-8.215707529190E-1));
#6430=VERTEX_POINT('',#6428);
#6431=VERTEX_POINT('',#6429);
#6432=CARTESIAN_POINT('',(0.E0,0.E0,0.E0));
#6433=DIRECTION('',(0.E0,1.E0,0.E0));
#6434=DIRECTION('',(1.E0,0.E0,0.E0));
#6435=AXIS2_PLACEMENT_3D('',#6432,#6433,#6434);
#6436=PLANE('',#6435);
#6438=ORIENTED_EDGE('',*,*,#6437,.F.);
#6440=ORIENTED_EDGE('',*,*,#6439,.T.);
#6442=ORIENTED_EDGE('',*,*,#6441,.T.);
#6444=ORIENTED_EDGE('',*,*,#6443,.F.);
#6445=EDGE_LOOP('',(#6438,#6440,#6442,#6444));
#6446=FACE_OUTER_BOUND('',#6445,.F.);
#6447=ADVANCED_FACE('',(#6446),#6436,.F.);
#6448=FILL_AREA_STYLE_COLOUR('',#34);
#6449=FILL_AREA_STYLE('',(#6448));
#6450=SURFACE_STYLE_FILL_AREA(#6449);
#6451=SURFACE_SIDE_STYLE('',(#6450));
#6452=SURFACE_STYLE_USAGE(.NEGATIVE.,#6451);
#6453=PRESENTATION_STYLE_ASSIGNMENT((#6452));
#6454=OVER_RIDING_STYLED_ITEM('',(#6453),#6447,#6279);
#6455=CARTESIAN_POINT('',(2.E0,2.E-1,-2.E0));
#6456=DIRECTION('',(-1.E0,0.E0,0.E0));
#6457=DIRECTION('',(0.E0,0.E0,1.E0));
#6458=AXIS2_PLACEMENT_3D('',#6455,#6456,#6457);
#6459=PLANE('',#6458);
#6460=ORIENTED_EDGE('',*,*,#6437,.T.);
#6462=ORIENTED_EDGE('',*,*,#6461,.T.);
#6464=ORIENTED_EDGE('',*,*,#6463,.T.);
#6466=ORIENTED_EDGE('',*,*,#6465,.T.);
#6467=EDGE_LOOP('',(#6460,#6462,#6464,#6466));
#6468=FACE_OUTER_BOUND('',#6467,.F.);
#6469=ADVANCED_FACE('',(#6468),#6459,.F.);
#6470=CARTESIAN_POINT('',(2.05E0,0.E0,-8.25E-1));
#6471=DIRECTION('',(0.E0,-1.961161351382E-1,9.805806756909E-1));
#6472=DIRECTION('',(0.E0,9.805806756909E-1,1.961161351382E-1));
#6473=AXIS2_PLACEMENT_3D('',#6470,#6471,#6472);
#6474=PLANE('',#6473);
#6476=ORIENTED_EDGE('',*,*,#6475,.F.);
#6478=ORIENTED_EDGE('',*,*,#6477,.F.);
#6479=ORIENTED_EDGE('',*,*,#6461,.F.);
#6480=ORIENTED_EDGE('',*,*,#6443,.T.);
#6482=ORIENTED_EDGE('',*,*,#6481,.T.);
#6484=ORIENTED_EDGE('',*,*,#6483,.T.);
#6485=EDGE_LOOP('',(#6476,#6478,#6479,#6480,#6482,#6484));
#6486=FACE_OUTER_BOUND('',#6485,.F.);
#6487=ADVANCED_FACE('',(#6486),#6474,.T.);
#6488=CARTESIAN_POINT('',(1.99E0,0.E0,0.E0));
#6489=DIRECTION('',(1.E0,0.E0,0.E0));
#6490=DIRECTION('',(0.E0,0.E0,-1.E0));
#6491=AXIS2_PLACEMENT_3D('',#6488,#6489,#6490);
#6492=PLANE('',#6491);
#6494=ORIENTED_EDGE('',*,*,#6493,.F.);
#6496=ORIENTED_EDGE('',*,*,#6495,.F.);
#6497=ORIENTED_EDGE('',*,*,#6475,.T.);
#6499=ORIENTED_EDGE('',*,*,#6498,.T.);
#6500=EDGE_LOOP('',(#6494,#6496,#6497,#6499));
#6501=FACE_OUTER_BOUND('',#6500,.F.);
#6502=ADVANCED_FACE('',(#6501),#6492,.F.);
#6503=CARTESIAN_POINT('',(2.05E0,2.E-1,-1.165E0));
#6504=DIRECTION('',(0.E0,-1.961161351382E-1,-9.805806756909E-1));
#6505=DIRECTION('',(0.E0,-9.805806756909E-1,1.961161351382E-1));
#6506=AXIS2_PLACEMENT_3D('',#6503,#6504,#6505);
#6507=PLANE('',#6506);
#6508=ORIENTED_EDGE('',*,*,#6493,.T.);
#6510=ORIENTED_EDGE('',*,*,#6509,.F.);
#6512=ORIENTED_EDGE('',*,*,#6511,.T.);
#6513=ORIENTED_EDGE('',*,*,#6439,.F.);
#6514=ORIENTED_EDGE('',*,*,#6465,.F.);
#6516=ORIENTED_EDGE('',*,*,#6515,.T.);
#6517=EDGE_LOOP('',(#6508,#6510,#6512,#6513,#6514,#6516));
#6518=FACE_OUTER_BOUND('',#6517,.F.);
#6519=ADVANCED_FACE('',(#6518),#6507,.T.);
#6520=CARTESIAN_POINT('',(-1.99E0,1.714623540487E-2,1.981526119019E0));
#6521=DIRECTION('',(0.E0,-1.E0,0.E0));
#6522=DIRECTION('',(0.E0,0.E0,-1.E0));
#6523=AXIS2_PLACEMENT_3D('',#6520,#6521,#6522);
#6524=PLANE('',#6523);
#6526=ORIENTED_EDGE('',*,*,#6525,.F.);
#6527=ORIENTED_EDGE('',*,*,#6509,.T.);
#6528=ORIENTED_EDGE('',*,*,#6498,.F.);
#6529=ORIENTED_EDGE('',*,*,#6483,.F.);
#6530=EDGE_LOOP('',(#6526,#6527,#6528,#6529));
#6531=FACE_OUTER_BOUND('',#6530,.F.);
#6532=ADVANCED_FACE('',(#6531),#6524,.F.);
#6533=CARTESIAN_POINT('',(1.6E0,2.E-1,0.E0));
#6534=DIRECTION('',(-1.E0,0.E0,0.E0));
#6535=DIRECTION('',(0.E0,0.E0,1.E0));
#6536=AXIS2_PLACEMENT_3D('',#6533,#6534,#6535);
#6537=PLANE('',#6536);
#6538=ORIENTED_EDGE('',*,*,#6525,.T.);
#6539=ORIENTED_EDGE('',*,*,#6481,.F.);
#6540=ORIENTED_EDGE('',*,*,#6441,.F.);
#6541=ORIENTED_EDGE('',*,*,#6511,.F.);
#6542=EDGE_LOOP('',(#6538,#6539,#6540,#6541));
#6543=FACE_OUTER_BOUND('',#6542,.F.);
#6544=ADVANCED_FACE('',(#6543),#6537,.T.);
#6545=CARTESIAN_POINT('',(1.965E0,1.65E-1,1.25E0));
#6546=DIRECTION('',(0.E0,0.E0,-1.E0));
#6547=DIRECTION('',(-1.E0,0.E0,0.E0));
#6548=AXIS2_PLACEMENT_3D('',#6545,#6546,#6547);
#6549=CYLINDRICAL_SURFACE('',#6548,6.5E-2);
#6550=ORIENTED_EDGE('',*,*,#6495,.T.);
#6551=ORIENTED_EDGE('',*,*,#6515,.F.);
#6552=ORIENTED_EDGE('',*,*,#6463,.F.);
#6553=ORIENTED_EDGE('',*,*,#6477,.T.);
#6554=EDGE_LOOP('',(#6550,#6551,#6552,#6553));
#6555=FACE_OUTER_BOUND('',#6554,.F.);
#6556=ADVANCED_FACE('',(#6555),#6549,.F.);
#6557=CLOSED_SHELL('',(#6447,#6469,#6487,#6502,#6519,#6532,#6544,#6556));
#6558=MANIFOLD_SOLID_BREP('',#6557);
#6559=FILL_AREA_STYLE_COLOUR('',#28);
#6560=FILL_AREA_STYLE('',(#6559));
#6561=SURFACE_STYLE_FILL_AREA(#6560);
#6562=SURFACE_SIDE_STYLE('',(#6561));
#6563=SURFACE_STYLE_USAGE(.POSITIVE.,#6562);
#6564=PRESENTATION_STYLE_ASSIGNMENT((#6563));
#6279=STYLED_ITEM('',(#6564),#6558);
#6566=DIRECTION('',(1.E0,0.E0,0.E0));
#6567=VECTOR('',#6566,3.E-1);
#6568=CARTESIAN_POINT('',(1.75E-1,0.E0,-2.E0));
#6569=LINE('',#6568,#6567);
#6570=CURVE_STYLE('',#47,POSITIVE_LENGTH_MEASURE(2.E-2),#28);
#6571=PRESENTATION_STYLE_ASSIGNMENT((#6570));
#6572=STYLED_ITEM('',(#6571),#6569);
#6573=DIRECTION('',(0.E0,0.E0,1.E0));
#6574=VECTOR('',#6573,4.E-1);
#6575=CARTESIAN_POINT('',(1.75E-1,0.E0,-2.E0));
#6576=LINE('',#6575,#6574);
#6577=CURVE_STYLE('',#47,POSITIVE_LENGTH_MEASURE(2.E-2),#28);
#6578=PRESENTATION_STYLE_ASSIGNMENT((#6577));
#6579=STYLED_ITEM('',(#6578),#6576);
#6580=DIRECTION('',(-1.E0,0.E0,0.E0));
#6581=VECTOR('',#6580,3.440910976998E-1);
#6582=CARTESIAN_POINT('',(4.970455488499E-1,1.102277442495E-1,-2.E0));
#6583=LINE('',#6582,#6581);
#6584=CURVE_STYLE('',#47,POSITIVE_LENGTH_MEASURE(2.E-2),#28);
#6585=PRESENTATION_STYLE_ASSIGNMENT((#6584));
#6586=STYLED_ITEM('',(#6585),#6583);
#6587=DIRECTION('',(0.E0,0.E0,-1.E0));
#6588=VECTOR('',#6587,3.798029716256E-1);
#6589=CARTESIAN_POINT('',(4.784292470810E-1,1.714623540487E-2,-1.6E0));
#6590=LINE('',#6589,#6588);
#6591=CURVE_STYLE('',#47,POSITIVE_LENGTH_MEASURE(2.E-2),#28);
#6592=PRESENTATION_STYLE_ASSIGNMENT((#6591));
#6593=STYLED_ITEM('',(#6592),#6590);
#6594=DIRECTION('',(-1.961161351382E-1,-9.805806756909E-1,0.E0));
#6595=VECTOR('',#6594,8.623645971331E-2);
#6596=CARTESIAN_POINT('',(4.953416082679E-1,1.017080413397E-1,
-1.979802971626E0));
#6597=LINE('',#6596,#6595);
#6598=CURVE_STYLE('',#47,POSITIVE_LENGTH_MEASURE(2.E-2),#28);
#6599=PRESENTATION_STYLE_ASSIGNMENT((#6598));
#6600=STYLED_ITEM('',(#6599),#6597);
#6601=CARTESIAN_POINT('',(4.970455488499E-1,1.102277442495E-1,-2.E0));
#6602=CARTESIAN_POINT('',(4.962491140104E-1,1.062455700519E-1,
-1.993768209612E0));
#6603=CARTESIAN_POINT('',(4.956800508430E-1,1.034002542148E-1,
-1.987038239654E0));
#6604=CARTESIAN_POINT('',(4.953416082679E-1,1.017080413397E-1,
-1.979802971626E0));
#6606=CURVE_STYLE('',#47,POSITIVE_LENGTH_MEASURE(2.E-2),#28);
#6607=PRESENTATION_STYLE_ASSIGNMENT((#6606));
#6608=STYLED_ITEM('',(#6607),#6605);
#6609=DIRECTION('',(1.961161351382E-1,9.805806756909E-1,0.E0));
#6610=VECTOR('',#6609,1.124106837735E-1);
#6611=CARTESIAN_POINT('',(4.75E-1,0.E0,-2.E0));
#6612=LINE('',#6611,#6610);
#6613=CURVE_STYLE('',#47,POSITIVE_LENGTH_MEASURE(2.E-2),#28);
#6614=PRESENTATION_STYLE_ASSIGNMENT((#6613));
#6615=STYLED_ITEM('',(#6614),#6612);
#6616=DIRECTION('',(0.E0,0.E0,1.E0));
#6617=VECTOR('',#6616,4.E-1);
#6618=CARTESIAN_POINT('',(4.75E-1,0.E0,-2.E0));
#6619=LINE('',#6618,#6617);
#6620=CURVE_STYLE('',#47,POSITIVE_LENGTH_MEASURE(2.E-2),#28);
#6621=PRESENTATION_STYLE_ASSIGNMENT((#6620));
#6622=STYLED_ITEM('',(#6621),#6619);
#6623=DIRECTION('',(1.E0,0.E0,0.E0));
#6624=VECTOR('',#6623,3.068584941619E-1);
#6625=CARTESIAN_POINT('',(1.715707529190E-1,1.714623540487E-2,-1.6E0));
#6626=LINE('',#6625,#6624);
#6627=CURVE_STYLE('',#47,POSITIVE_LENGTH_MEASURE(2.E-2),#28);
#6628=PRESENTATION_STYLE_ASSIGNMENT((#6627));
#6629=STYLED_ITEM('',(#6628),#6626);
#6630=DIRECTION('',(1.961161351382E-1,9.805806756909E-1,0.E0));
#6631=VECTOR('',#6630,1.748579778282E-2);
#6632=CARTESIAN_POINT('',(4.75E-1,0.E0,-1.6E0));
#6633=LINE('',#6632,#6631);
#6634=CURVE_STYLE('',#47,POSITIVE_LENGTH_MEASURE(2.E-2),#28);
#6635=PRESENTATION_STYLE_ASSIGNMENT((#6634));
#6636=STYLED_ITEM('',(#6635),#6633);
#6637=DIRECTION('',(1.E0,0.E0,0.E0));
#6638=VECTOR('',#6637,3.E-1);
#6639=CARTESIAN_POINT('',(1.75E-1,0.E0,-1.6E0));
#6640=LINE('',#6639,#6638);
#6641=CURVE_STYLE('',#47,POSITIVE_LENGTH_MEASURE(2.E-2),#28);
#6642=PRESENTATION_STYLE_ASSIGNMENT((#6641));
#6643=STYLED_ITEM('',(#6642),#6640);
#6644=DIRECTION('',(1.961161351382E-1,-9.805806756909E-1,0.E0));
#6645=VECTOR('',#6644,1.748579778282E-2);
#6646=CARTESIAN_POINT('',(1.715707529190E-1,1.714623540487E-2,-1.6E0));
#6647=LINE('',#6646,#6645);
#6648=CURVE_STYLE('',#47,POSITIVE_LENGTH_MEASURE(2.E-2),#28);
#6649=PRESENTATION_STYLE_ASSIGNMENT((#6648));
#6650=STYLED_ITEM('',(#6649),#6647);
#6651=DIRECTION('',(0.E0,0.E0,-1.E0));
#6652=VECTOR('',#6651,3.798029716256E-1);
#6653=CARTESIAN_POINT('',(1.715707529190E-1,1.714623540487E-2,-1.6E0));
#6654=LINE('',#6653,#6652);
#6655=CURVE_STYLE('',#47,POSITIVE_LENGTH_MEASURE(2.E-2),#28);
#6656=PRESENTATION_STYLE_ASSIGNMENT((#6655));
#6657=STYLED_ITEM('',(#6656),#6654);
#6658=DIRECTION('',(1.961161351382E-1,-9.805806756909E-1,0.E0));
#6659=VECTOR('',#6658,1.124106837735E-1);
#6660=CARTESIAN_POINT('',(1.529544511501E-1,1.102277442495E-1,-2.E0));
#6661=LINE('',#6660,#6659);
#6662=CURVE_STYLE('',#47,POSITIVE_LENGTH_MEASURE(2.E-2),#28);
#6663=PRESENTATION_STYLE_ASSIGNMENT((#6662));
#6664=STYLED_ITEM('',(#6663),#6661);
#6665=CARTESIAN_POINT('',(1.529544511501E-1,1.102277442495E-1,-2.E0));
#6666=CARTESIAN_POINT('',(1.537508859896E-1,1.062455700519E-1,
-1.993768209612E0));
#6667=CARTESIAN_POINT('',(1.543199491570E-1,1.034002542148E-1,
-1.987038239654E0));
#6668=CARTESIAN_POINT('',(1.546583917321E-1,1.017080413397E-1,
-1.979802971626E0));
#6670=CURVE_STYLE('',#47,POSITIVE_LENGTH_MEASURE(2.E-2),#28);
#6671=PRESENTATION_STYLE_ASSIGNMENT((#6670));
#6672=STYLED_ITEM('',(#6671),#6669);
#6673=DIRECTION('',(1.961161351382E-1,-9.805806756909E-1,0.E0));
#6674=VECTOR('',#6673,8.623645971331E-2);
#6675=CARTESIAN_POINT('',(1.546583917321E-1,1.017080413397E-1,
-1.979802971626E0));
#6676=LINE('',#6675,#6674);
#6677=CURVE_STYLE('',#47,POSITIVE_LENGTH_MEASURE(2.E-2),#28);
#6678=PRESENTATION_STYLE_ASSIGNMENT((#6677));
#6679=STYLED_ITEM('',(#6678),#6676);
#6680=DIRECTION('',(-1.E0,0.E0,0.E0));
#6681=VECTOR('',#6680,3.406832165359E-1);
#6682=CARTESIAN_POINT('',(4.953416082679E-1,1.017080413397E-1,
-1.979802971626E0));
#6683=LINE('',#6682,#6681);
#6684=CURVE_STYLE('',#47,POSITIVE_LENGTH_MEASURE(2.E-2),#28);
#6685=PRESENTATION_STYLE_ASSIGNMENT((#6684));
#6686=STYLED_ITEM('',(#6685),#6683);
#6687=DIRECTION('',(1.E0,0.E0,0.E0));
#6688=VECTOR('',#6687,3.068584941619E-1);
#6689=CARTESIAN_POINT('',(1.715707529190E-1,1.714623540487E-2,
-1.979802971626E0));
#6690=LINE('',#6689,#6688);
#6691=CURVE_STYLE('',#47,POSITIVE_LENGTH_MEASURE(2.E-2),#28);
#6692=PRESENTATION_STYLE_ASSIGNMENT((#6691));
#6693=STYLED_ITEM('',(#6692),#6690);
#6694=CARTESIAN_POINT('',(1.75E-1,0.E0,-1.6E0));
#6695=CARTESIAN_POINT('',(4.75E-1,0.E0,-1.6E0));
#6696=VERTEX_POINT('',#6694);
#6697=VERTEX_POINT('',#6695);
#6698=CARTESIAN_POINT('',(1.75E-1,0.E0,-2.E0));
#6699=CARTESIAN_POINT('',(4.75E-1,0.E0,-2.E0));
#6700=VERTEX_POINT('',#6698);
#6701=VERTEX_POINT('',#6699);
#6702=CARTESIAN_POINT('',(1.529544511501E-1,1.102277442495E-1,-2.E0));
#6703=VERTEX_POINT('',#6702);
#6704=CARTESIAN_POINT('',(4.970455488499E-1,1.102277442495E-1,-2.E0));
#6705=VERTEX_POINT('',#6704);
#6706=CARTESIAN_POINT('',(1.715707529190E-1,1.714623540487E-2,-1.6E0));
#6707=CARTESIAN_POINT('',(4.784292470810E-1,1.714623540487E-2,-1.6E0));
#6708=VERTEX_POINT('',#6706);
#6709=VERTEX_POINT('',#6707);
#6710=CARTESIAN_POINT('',(1.715707529190E-1,1.714623540487E-2,
-1.979802971626E0));
#6711=VERTEX_POINT('',#6710);
#6712=CARTESIAN_POINT('',(1.546583917321E-1,1.017080413397E-1,
-1.979802971626E0));
#6713=VERTEX_POINT('',#6712);
#6714=CARTESIAN_POINT('',(4.784292470810E-1,1.714623540487E-2,
-1.979802971626E0));
#6715=VERTEX_POINT('',#6714);
#6716=CARTESIAN_POINT('',(4.953416082679E-1,1.017080413397E-1,
-1.979802971626E0));
#6717=VERTEX_POINT('',#6716);
#6718=CARTESIAN_POINT('',(0.E0,0.E0,0.E0));
#6719=DIRECTION('',(0.E0,1.E0,0.E0));
#6720=DIRECTION('',(1.E0,0.E0,0.E0));
#6721=AXIS2_PLACEMENT_3D('',#6718,#6719,#6720);
#6722=PLANE('',#6721);
#6724=ORIENTED_EDGE('',*,*,#6723,.F.);
#6726=ORIENTED_EDGE('',*,*,#6725,.T.);
#6728=ORIENTED_EDGE('',*,*,#6727,.T.);
#6730=ORIENTED_EDGE('',*,*,#6729,.F.);
#6731=EDGE_LOOP('',(#6724,#6726,#6728,#6730));
#6732=FACE_OUTER_BOUND('',#6731,.F.);
#6733=ADVANCED_FACE('',(#6732),#6722,.F.);
#6734=FILL_AREA_STYLE_COLOUR('',#34);
#6735=FILL_AREA_STYLE('',(#6734));
#6736=SURFACE_STYLE_FILL_AREA(#6735);
#6737=SURFACE_SIDE_STYLE('',(#6736));
#6738=SURFACE_STYLE_USAGE(.NEGATIVE.,#6737);
#6739=PRESENTATION_STYLE_ASSIGNMENT((#6738));
#6740=OVER_RIDING_STYLED_ITEM('',(#6739),#6733,#6565);
#6741=CARTESIAN_POINT('',(-2.E0,2.E-1,-2.E0));
#6742=DIRECTION('',(0.E0,0.E0,1.E0));
#6743=DIRECTION('',(1.E0,0.E0,0.E0));
#6744=AXIS2_PLACEMENT_3D('',#6741,#6742,#6743);
#6745=PLANE('',#6744);
#6746=ORIENTED_EDGE('',*,*,#6723,.T.);
#6748=ORIENTED_EDGE('',*,*,#6747,.T.);
#6750=ORIENTED_EDGE('',*,*,#6749,.T.);
#6752=ORIENTED_EDGE('',*,*,#6751,.T.);
#6753=EDGE_LOOP('',(#6746,#6748,#6750,#6752));
#6754=FACE_OUTER_BOUND('',#6753,.F.);
#6755=ADVANCED_FACE('',(#6754),#6745,.F.);
#6756=CARTESIAN_POINT('',(4.75E-1,0.E0,-2.05E0));
#6757=DIRECTION('',(9.805806756909E-1,-1.961161351382E-1,0.E0));
#6758=DIRECTION('',(1.961161351382E-1,9.805806756909E-1,0.E0));
#6759=AXIS2_PLACEMENT_3D('',#6756,#6757,#6758);
#6760=PLANE('',#6759);
#6762=ORIENTED_EDGE('',*,*,#6761,.T.);
#6764=ORIENTED_EDGE('',*,*,#6763,.F.);
#6766=ORIENTED_EDGE('',*,*,#6765,.F.);
#6767=ORIENTED_EDGE('',*,*,#6747,.F.);
#6768=ORIENTED_EDGE('',*,*,#6729,.T.);
#6770=ORIENTED_EDGE('',*,*,#6769,.T.);
#6771=EDGE_LOOP('',(#6762,#6764,#6766,#6767,#6768,#6770));
#6772=FACE_OUTER_BOUND('',#6771,.F.);
#6773=ADVANCED_FACE('',(#6772),#6760,.T.);
#6774=CARTESIAN_POINT('',(-1.99E0,1.714623540487E-2,1.981526119019E0));
#6775=DIRECTION('',(0.E0,-1.E0,0.E0));
#6776=DIRECTION('',(0.E0,0.E0,-1.E0));
#6777=AXIS2_PLACEMENT_3D('',#6774,#6775,#6776);
#6778=PLANE('',#6777);
#6780=ORIENTED_EDGE('',*,*,#6779,.F.);
#6782=ORIENTED_EDGE('',*,*,#6781,.T.);
#6784=ORIENTED_EDGE('',*,*,#6783,.T.);
#6785=ORIENTED_EDGE('',*,*,#6761,.F.);
#6786=EDGE_LOOP('',(#6780,#6782,#6784,#6785));
#6787=FACE_OUTER_BOUND('',#6786,.F.);
#6788=ADVANCED_FACE('',(#6787),#6778,.F.);
#6789=CARTESIAN_POINT('',(0.E0,2.E-1,-1.6E0));
#6790=DIRECTION('',(0.E0,0.E0,1.E0));
#6791=DIRECTION('',(1.E0,0.E0,0.E0));
#6792=AXIS2_PLACEMENT_3D('',#6789,#6790,#6791);
#6793=PLANE('',#6792);
#6794=ORIENTED_EDGE('',*,*,#6779,.T.);
#6795=ORIENTED_EDGE('',*,*,#6769,.F.);
#6796=ORIENTED_EDGE('',*,*,#6727,.F.);
#6798=ORIENTED_EDGE('',*,*,#6797,.F.);
#6799=EDGE_LOOP('',(#6794,#6795,#6796,#6798));
#6800=FACE_OUTER_BOUND('',#6799,.F.);
#6801=ADVANCED_FACE('',(#6800),#6793,.T.);
#6802=CARTESIAN_POINT('',(1.35E-1,2.E-1,-2.05E0));
#6803=DIRECTION('',(-9.805806756909E-1,-1.961161351382E-1,0.E0));
#6804=DIRECTION('',(1.961161351382E-1,-9.805806756909E-1,0.E0));
#6805=AXIS2_PLACEMENT_3D('',#6802,#6803,#6804);
#6806=PLANE('',#6805);
#6807=ORIENTED_EDGE('',*,*,#6781,.F.);
#6808=ORIENTED_EDGE('',*,*,#6797,.T.);
#6809=ORIENTED_EDGE('',*,*,#6725,.F.);
#6810=ORIENTED_EDGE('',*,*,#6751,.F.);
#6812=ORIENTED_EDGE('',*,*,#6811,.T.);
#6814=ORIENTED_EDGE('',*,*,#6813,.T.);
#6815=EDGE_LOOP('',(#6807,#6808,#6809,#6810,#6812,#6814));
#6816=FACE_OUTER_BOUND('',#6815,.F.);
#6817=ADVANCED_FACE('',(#6816),#6806,.T.);
#6818=CARTESIAN_POINT('',(1.25E0,1.65E-1,-1.965E0));
#6819=DIRECTION('',(-1.E0,0.E0,0.E0));
#6820=DIRECTION('',(0.E0,0.E0,1.E0));
#6821=AXIS2_PLACEMENT_3D('',#6818,#6819,#6820);
#6822=CYLINDRICAL_SURFACE('',#6821,6.5E-2);
#6824=ORIENTED_EDGE('',*,*,#6823,.T.);
#6825=ORIENTED_EDGE('',*,*,#6811,.F.);
#6826=ORIENTED_EDGE('',*,*,#6749,.F.);
#6827=ORIENTED_EDGE('',*,*,#6765,.T.);
#6828=EDGE_LOOP('',(#6824,#6825,#6826,#6827));
#6829=FACE_OUTER_BOUND('',#6828,.F.);
#6830=ADVANCED_FACE('',(#6829),#6822,.F.);
#6831=CARTESIAN_POINT('',(-1.99E0,1.714623540487E-2,-1.979802971626E0));
#6832=DIRECTION('',(0.E0,0.E0,-1.E0));
#6833=DIRECTION('',(0.E0,1.E0,0.E0));
#6834=AXIS2_PLACEMENT_3D('',#6831,#6832,#6833);
#6835=PLANE('',#6834);
#6836=ORIENTED_EDGE('',*,*,#6813,.F.);
#6837=ORIENTED_EDGE('',*,*,#6823,.F.);
#6838=ORIENTED_EDGE('',*,*,#6763,.T.);
#6839=ORIENTED_EDGE('',*,*,#6783,.F.);
#6840=EDGE_LOOP('',(#6836,#6837,#6838,#6839));
#6841=FACE_OUTER_BOUND('',#6840,.F.);
#6842=ADVANCED_FACE('',(#6841),#6835,.F.);
#6843=CLOSED_SHELL('',(#6733,#6755,#6773,#6788,#6801,#6817,#6830,#6842));
#6844=MANIFOLD_SOLID_BREP('',#6843);
#6845=FILL_AREA_STYLE_COLOUR('',#28);
#6846=FILL_AREA_STYLE('',(#6845));
#6847=SURFACE_STYLE_FILL_AREA(#6846);
#6848=SURFACE_SIDE_STYLE('',(#6847));
#6849=SURFACE_STYLE_USAGE(.POSITIVE.,#6848);
#6850=PRESENTATION_STYLE_ASSIGNMENT((#6849));
#6565=STYLED_ITEM('',(#6850),#6844);
#6852=DIRECTION('',(1.E0,0.E0,0.E0));
#6853=VECTOR('',#6852,3.E-1);
#6854=CARTESIAN_POINT('',(-4.75E-1,0.E0,-2.E0));
#6855=LINE('',#6854,#6853);
#6856=CURVE_STYLE('',#47,POSITIVE_LENGTH_MEASURE(2.E-2),#28);
#6857=PRESENTATION_STYLE_ASSIGNMENT((#6856));
#6858=STYLED_ITEM('',(#6857),#6855);
#6859=DIRECTION('',(0.E0,0.E0,1.E0));
#6860=VECTOR('',#6859,4.E-1);
#6861=CARTESIAN_POINT('',(-4.75E-1,0.E0,-2.E0));
#6862=LINE('',#6861,#6860);
#6863=CURVE_STYLE('',#47,POSITIVE_LENGTH_MEASURE(2.E-2),#28);
#6864=PRESENTATION_STYLE_ASSIGNMENT((#6863));
#6865=STYLED_ITEM('',(#6864),#6862);
#6866=DIRECTION('',(-1.E0,0.E0,0.E0));
#6867=VECTOR('',#6866,3.440910976998E-1);
#6868=CARTESIAN_POINT('',(-1.529544511501E-1,1.102277442495E-1,-2.E0));
#6869=LINE('',#6868,#6867);
#6870=CURVE_STYLE('',#47,POSITIVE_LENGTH_MEASURE(2.E-2),#28);
#6871=PRESENTATION_STYLE_ASSIGNMENT((#6870));
#6872=STYLED_ITEM('',(#6871),#6869);
#6873=DIRECTION('',(0.E0,0.E0,-1.E0));
#6874=VECTOR('',#6873,3.798029716256E-1);
#6875=CARTESIAN_POINT('',(-1.715707529190E-1,1.714623540487E-2,-1.6E0));
#6876=LINE('',#6875,#6874);
#6877=CURVE_STYLE('',#47,POSITIVE_LENGTH_MEASURE(2.E-2),#28);
#6878=PRESENTATION_STYLE_ASSIGNMENT((#6877));
#6879=STYLED_ITEM('',(#6878),#6876);
#6880=DIRECTION('',(-1.961161351382E-1,-9.805806756909E-1,0.E0));
#6881=VECTOR('',#6880,8.623645971331E-2);
#6882=CARTESIAN_POINT('',(-1.546583917321E-1,1.017080413397E-1,
-1.979802971626E0));
#6883=LINE('',#6882,#6881);
#6884=CURVE_STYLE('',#47,POSITIVE_LENGTH_MEASURE(2.E-2),#28);
#6885=PRESENTATION_STYLE_ASSIGNMENT((#6884));
#6886=STYLED_ITEM('',(#6885),#6883);
#6887=CARTESIAN_POINT('',(-1.529544511501E-1,1.102277442495E-1,-2.E0));
#6888=CARTESIAN_POINT('',(-1.537508859896E-1,1.062455700519E-1,
-1.993768209612E0));
#6889=CARTESIAN_POINT('',(-1.543199491570E-1,1.034002542148E-1,
-1.987038239654E0));
#6890=CARTESIAN_POINT('',(-1.546583917321E-1,1.017080413397E-1,
-1.979802971626E0));
#6892=CURVE_STYLE('',#47,POSITIVE_LENGTH_MEASURE(2.E-2),#28);
#6893=PRESENTATION_STYLE_ASSIGNMENT((#6892));
#6894=STYLED_ITEM('',(#6893),#6891);
#6895=DIRECTION('',(1.961161351382E-1,9.805806756909E-1,0.E0));
#6896=VECTOR('',#6895,1.124106837735E-1);
#6897=CARTESIAN_POINT('',(-1.75E-1,0.E0,-2.E0));
#6898=LINE('',#6897,#6896);
#6899=CURVE_STYLE('',#47,POSITIVE_LENGTH_MEASURE(2.E-2),#28);
#6900=PRESENTATION_STYLE_ASSIGNMENT((#6899));
#6901=STYLED_ITEM('',(#6900),#6898);
#6902=DIRECTION('',(0.E0,0.E0,1.E0));
#6903=VECTOR('',#6902,4.E-1);
#6904=CARTESIAN_POINT('',(-1.75E-1,0.E0,-2.E0));
#6905=LINE('',#6904,#6903);
#6906=CURVE_STYLE('',#47,POSITIVE_LENGTH_MEASURE(2.E-2),#28);
#6907=PRESENTATION_STYLE_ASSIGNMENT((#6906));
#6908=STYLED_ITEM('',(#6907),#6905);
#6909=DIRECTION('',(1.E0,0.E0,0.E0));
#6910=VECTOR('',#6909,3.068584941619E-1);
#6911=CARTESIAN_POINT('',(-4.784292470810E-1,1.714623540487E-2,-1.6E0));
#6912=LINE('',#6911,#6910);
#6913=CURVE_STYLE('',#47,POSITIVE_LENGTH_MEASURE(2.E-2),#28);
#6914=PRESENTATION_STYLE_ASSIGNMENT((#6913));
#6915=STYLED_ITEM('',(#6914),#6912);
#6916=DIRECTION('',(1.961161351382E-1,9.805806756909E-1,0.E0));
#6917=VECTOR('',#6916,1.748579778282E-2);
#6918=CARTESIAN_POINT('',(-1.75E-1,0.E0,-1.6E0));
#6919=LINE('',#6918,#6917);
#6920=CURVE_STYLE('',#47,POSITIVE_LENGTH_MEASURE(2.E-2),#28);
#6921=PRESENTATION_STYLE_ASSIGNMENT((#6920));
#6922=STYLED_ITEM('',(#6921),#6919);
#6923=DIRECTION('',(1.E0,0.E0,0.E0));
#6924=VECTOR('',#6923,3.E-1);
#6925=CARTESIAN_POINT('',(-4.75E-1,0.E0,-1.6E0));
#6926=LINE('',#6925,#6924);
#6927=CURVE_STYLE('',#47,POSITIVE_LENGTH_MEASURE(2.E-2),#28);
#6928=PRESENTATION_STYLE_ASSIGNMENT((#6927));
#6929=STYLED_ITEM('',(#6928),#6926);
#6930=DIRECTION('',(1.961161351382E-1,-9.805806756909E-1,0.E0));
#6931=VECTOR('',#6930,1.748579778282E-2);
#6932=CARTESIAN_POINT('',(-4.784292470810E-1,1.714623540487E-2,-1.6E0));
#6933=LINE('',#6932,#6931);
#6934=CURVE_STYLE('',#47,POSITIVE_LENGTH_MEASURE(2.E-2),#28);
#6935=PRESENTATION_STYLE_ASSIGNMENT((#6934));
#6936=STYLED_ITEM('',(#6935),#6933);
#6937=DIRECTION('',(0.E0,0.E0,-1.E0));
#6938=VECTOR('',#6937,3.798029716256E-1);
#6939=CARTESIAN_POINT('',(-4.784292470810E-1,1.714623540487E-2,-1.6E0));
#6940=LINE('',#6939,#6938);
#6941=CURVE_STYLE('',#47,POSITIVE_LENGTH_MEASURE(2.E-2),#28);
#6942=PRESENTATION_STYLE_ASSIGNMENT((#6941));
#6943=STYLED_ITEM('',(#6942),#6940);
#6944=DIRECTION('',(1.961161351382E-1,-9.805806756909E-1,0.E0));
#6945=VECTOR('',#6944,1.124106837735E-1);
#6946=CARTESIAN_POINT('',(-4.970455488499E-1,1.102277442495E-1,-2.E0));
#6947=LINE('',#6946,#6945);
#6948=CURVE_STYLE('',#47,POSITIVE_LENGTH_MEASURE(2.E-2),#28);
#6949=PRESENTATION_STYLE_ASSIGNMENT((#6948));
#6950=STYLED_ITEM('',(#6949),#6947);
#6951=CARTESIAN_POINT('',(-4.970455488499E-1,1.102277442495E-1,-2.E0));
#6952=CARTESIAN_POINT('',(-4.962491140104E-1,1.062455700519E-1,
-1.993768209612E0));
#6953=CARTESIAN_POINT('',(-4.956800508430E-1,1.034002542148E-1,
-1.987038239654E0));
#6954=CARTESIAN_POINT('',(-4.953416082679E-1,1.017080413397E-1,
-1.979802971626E0));
#6956=CURVE_STYLE('',#47,POSITIVE_LENGTH_MEASURE(2.E-2),#28);
#6957=PRESENTATION_STYLE_ASSIGNMENT((#6956));
#6958=STYLED_ITEM('',(#6957),#6955);
#6959=DIRECTION('',(1.961161351382E-1,-9.805806756909E-1,0.E0));
#6960=VECTOR('',#6959,8.623645971331E-2);
#6961=CARTESIAN_POINT('',(-4.953416082679E-1,1.017080413397E-1,
-1.979802971626E0));
#6962=LINE('',#6961,#6960);
#6963=CURVE_STYLE('',#47,POSITIVE_LENGTH_MEASURE(2.E-2),#28);
#6964=PRESENTATION_STYLE_ASSIGNMENT((#6963));
#6965=STYLED_ITEM('',(#6964),#6962);
#6966=DIRECTION('',(-1.E0,0.E0,0.E0));
#6967=VECTOR('',#6966,3.406832165359E-1);
#6968=CARTESIAN_POINT('',(-1.546583917321E-1,1.017080413397E-1,
-1.979802971626E0));
#6969=LINE('',#6968,#6967);
#6970=CURVE_STYLE('',#47,POSITIVE_LENGTH_MEASURE(2.E-2),#28);
#6971=PRESENTATION_STYLE_ASSIGNMENT((#6970));
#6972=STYLED_ITEM('',(#6971),#6969);
#6973=DIRECTION('',(1.E0,0.E0,0.E0));
#6974=VECTOR('',#6973,3.068584941619E-1);
#6975=CARTESIAN_POINT('',(-4.784292470810E-1,1.714623540487E-2,
-1.979802971626E0));
#6976=LINE('',#6975,#6974);
#6977=CURVE_STYLE('',#47,POSITIVE_LENGTH_MEASURE(2.E-2),#28);
#6978=PRESENTATION_STYLE_ASSIGNMENT((#6977));
#6979=STYLED_ITEM('',(#6978),#6976);
#6980=CARTESIAN_POINT('',(-4.75E-1,0.E0,-1.6E0));
#6981=CARTESIAN_POINT('',(-1.75E-1,0.E0,-1.6E0));
#6982=VERTEX_POINT('',#6980);
#6983=VERTEX_POINT('',#6981);
#6984=CARTESIAN_POINT('',(-4.75E-1,0.E0,-2.E0));
#6985=CARTESIAN_POINT('',(-1.75E-1,0.E0,-2.E0));
#6986=VERTEX_POINT('',#6984);
#6987=VERTEX_POINT('',#6985);
#6988=CARTESIAN_POINT('',(-4.970455488499E-1,1.102277442495E-1,-2.E0));
#6989=VERTEX_POINT('',#6988);
#6990=CARTESIAN_POINT('',(-1.529544511501E-1,1.102277442495E-1,-2.E0));
#6991=VERTEX_POINT('',#6990);
#6992=CARTESIAN_POINT('',(-4.784292470810E-1,1.714623540487E-2,-1.6E0));
#6993=CARTESIAN_POINT('',(-1.715707529190E-1,1.714623540487E-2,-1.6E0));
#6994=VERTEX_POINT('',#6992);
#6995=VERTEX_POINT('',#6993);
#6996=CARTESIAN_POINT('',(-4.784292470810E-1,1.714623540487E-2,
-1.979802971626E0));
#6997=VERTEX_POINT('',#6996);
#6998=CARTESIAN_POINT('',(-4.953416082679E-1,1.017080413397E-1,
-1.979802971626E0));
#6999=VERTEX_POINT('',#6998);
#7000=CARTESIAN_POINT('',(-1.715707529190E-1,1.714623540487E-2,
-1.979802971626E0));
#7001=VERTEX_POINT('',#7000);
#7002=CARTESIAN_POINT('',(-1.546583917321E-1,1.017080413397E-1,
-1.979802971626E0));
#7003=VERTEX_POINT('',#7002);
#7004=CARTESIAN_POINT('',(0.E0,0.E0,0.E0));
#7005=DIRECTION('',(0.E0,1.E0,0.E0));
#7006=DIRECTION('',(1.E0,0.E0,0.E0));
#7007=AXIS2_PLACEMENT_3D('',#7004,#7005,#7006);
#7008=PLANE('',#7007);
#7010=ORIENTED_EDGE('',*,*,#7009,.F.);
#7012=ORIENTED_EDGE('',*,*,#7011,.T.);
#7014=ORIENTED_EDGE('',*,*,#7013,.T.);
#7016=ORIENTED_EDGE('',*,*,#7015,.F.);
#7017=EDGE_LOOP('',(#7010,#7012,#7014,#7016));
#7018=FACE_OUTER_BOUND('',#7017,.F.);
#7019=ADVANCED_FACE('',(#7018),#7008,.F.);
#7020=FILL_AREA_STYLE_COLOUR('',#34);
#7021=FILL_AREA_STYLE('',(#7020));
#7022=SURFACE_STYLE_FILL_AREA(#7021);
#7023=SURFACE_SIDE_STYLE('',(#7022));
#7024=SURFACE_STYLE_USAGE(.NEGATIVE.,#7023);
#7025=PRESENTATION_STYLE_ASSIGNMENT((#7024));
#7026=OVER_RIDING_STYLED_ITEM('',(#7025),#7019,#6851);
#7027=CARTESIAN_POINT('',(-2.E0,2.E-1,-2.E0));
#7028=DIRECTION('',(0.E0,0.E0,1.E0));
#7029=DIRECTION('',(1.E0,0.E0,0.E0));
#7030=AXIS2_PLACEMENT_3D('',#7027,#7028,#7029);
#7031=PLANE('',#7030);
#7032=ORIENTED_EDGE('',*,*,#7009,.T.);
#7034=ORIENTED_EDGE('',*,*,#7033,.T.);
#7036=ORIENTED_EDGE('',*,*,#7035,.T.);
#7038=ORIENTED_EDGE('',*,*,#7037,.T.);
#7039=EDGE_LOOP('',(#7032,#7034,#7036,#7038));
#7040=FACE_OUTER_BOUND('',#7039,.F.);
#7041=ADVANCED_FACE('',(#7040),#7031,.F.);
#7042=CARTESIAN_POINT('',(-1.75E-1,0.E0,-2.05E0));
#7043=DIRECTION('',(9.805806756909E-1,-1.961161351382E-1,0.E0));
#7044=DIRECTION('',(1.961161351382E-1,9.805806756909E-1,0.E0));
#7045=AXIS2_PLACEMENT_3D('',#7042,#7043,#7044);
#7046=PLANE('',#7045);
#7048=ORIENTED_EDGE('',*,*,#7047,.T.);
#7050=ORIENTED_EDGE('',*,*,#7049,.F.);
#7052=ORIENTED_EDGE('',*,*,#7051,.F.);
#7053=ORIENTED_EDGE('',*,*,#7033,.F.);
#7054=ORIENTED_EDGE('',*,*,#7015,.T.);
#7056=ORIENTED_EDGE('',*,*,#7055,.T.);
#7057=EDGE_LOOP('',(#7048,#7050,#7052,#7053,#7054,#7056));
#7058=FACE_OUTER_BOUND('',#7057,.F.);
#7059=ADVANCED_FACE('',(#7058),#7046,.T.);
#7060=CARTESIAN_POINT('',(-1.99E0,1.714623540487E-2,1.981526119019E0));
#7061=DIRECTION('',(0.E0,-1.E0,0.E0));
#7062=DIRECTION('',(0.E0,0.E0,-1.E0));
#7063=AXIS2_PLACEMENT_3D('',#7060,#7061,#7062);
#7064=PLANE('',#7063);
#7066=ORIENTED_EDGE('',*,*,#7065,.F.);
#7068=ORIENTED_EDGE('',*,*,#7067,.T.);
#7070=ORIENTED_EDGE('',*,*,#7069,.T.);
#7071=ORIENTED_EDGE('',*,*,#7047,.F.);
#7072=EDGE_LOOP('',(#7066,#7068,#7070,#7071));
#7073=FACE_OUTER_BOUND('',#7072,.F.);
#7074=ADVANCED_FACE('',(#7073),#7064,.F.);
#7075=CARTESIAN_POINT('',(0.E0,2.E-1,-1.6E0));
#7076=DIRECTION('',(0.E0,0.E0,1.E0));
#7077=DIRECTION('',(1.E0,0.E0,0.E0));
#7078=AXIS2_PLACEMENT_3D('',#7075,#7076,#7077);
#7079=PLANE('',#7078);
#7080=ORIENTED_EDGE('',*,*,#7065,.T.);
#7081=ORIENTED_EDGE('',*,*,#7055,.F.);
#7082=ORIENTED_EDGE('',*,*,#7013,.F.);
#7084=ORIENTED_EDGE('',*,*,#7083,.F.);
#7085=EDGE_LOOP('',(#7080,#7081,#7082,#7084));
#7086=FACE_OUTER_BOUND('',#7085,.F.);
#7087=ADVANCED_FACE('',(#7086),#7079,.T.);
#7088=CARTESIAN_POINT('',(-5.15E-1,2.E-1,-2.05E0));
#7089=DIRECTION('',(-9.805806756909E-1,-1.961161351382E-1,0.E0));
#7090=DIRECTION('',(1.961161351382E-1,-9.805806756909E-1,0.E0));
#7091=AXIS2_PLACEMENT_3D('',#7088,#7089,#7090);
#7092=PLANE('',#7091);
#7093=ORIENTED_EDGE('',*,*,#7067,.F.);
#7094=ORIENTED_EDGE('',*,*,#7083,.T.);
#7095=ORIENTED_EDGE('',*,*,#7011,.F.);
#7096=ORIENTED_EDGE('',*,*,#7037,.F.);
#7098=ORIENTED_EDGE('',*,*,#7097,.T.);
#7100=ORIENTED_EDGE('',*,*,#7099,.T.);
#7101=EDGE_LOOP('',(#7093,#7094,#7095,#7096,#7098,#7100));
#7102=FACE_OUTER_BOUND('',#7101,.F.);
#7103=ADVANCED_FACE('',(#7102),#7092,.T.);
#7104=CARTESIAN_POINT('',(1.25E0,1.65E-1,-1.965E0));
#7105=DIRECTION('',(-1.E0,0.E0,0.E0));
#7106=DIRECTION('',(0.E0,0.E0,1.E0));
#7107=AXIS2_PLACEMENT_3D('',#7104,#7105,#7106);
#7108=CYLINDRICAL_SURFACE('',#7107,6.5E-2);
#7110=ORIENTED_EDGE('',*,*,#7109,.T.);
#7111=ORIENTED_EDGE('',*,*,#7097,.F.);
#7112=ORIENTED_EDGE('',*,*,#7035,.F.);
#7113=ORIENTED_EDGE('',*,*,#7051,.T.);
#7114=EDGE_LOOP('',(#7110,#7111,#7112,#7113));
#7115=FACE_OUTER_BOUND('',#7114,.F.);
#7116=ADVANCED_FACE('',(#7115),#7108,.F.);
#7117=CARTESIAN_POINT('',(-1.99E0,1.714623540487E-2,-1.979802971626E0));
#7118=DIRECTION('',(0.E0,0.E0,-1.E0));
#7119=DIRECTION('',(0.E0,1.E0,0.E0));
#7120=AXIS2_PLACEMENT_3D('',#7117,#7118,#7119);
#7121=PLANE('',#7120);
#7122=ORIENTED_EDGE('',*,*,#7099,.F.);
#7123=ORIENTED_EDGE('',*,*,#7109,.F.);
#7124=ORIENTED_EDGE('',*,*,#7049,.T.);
#7125=ORIENTED_EDGE('',*,*,#7069,.F.);
#7126=EDGE_LOOP('',(#7122,#7123,#7124,#7125));
#7127=FACE_OUTER_BOUND('',#7126,.F.);
#7128=ADVANCED_FACE('',(#7127),#7121,.F.);
#7129=CLOSED_SHELL('',(#7019,#7041,#7059,#7074,#7087,#7103,#7116,#7128));
#7130=MANIFOLD_SOLID_BREP('',#7129);
#7131=FILL_AREA_STYLE_COLOUR('',#28);
#7132=FILL_AREA_STYLE('',(#7131));
#7133=SURFACE_STYLE_FILL_AREA(#7132);
#7134=SURFACE_SIDE_STYLE('',(#7133));
#7135=SURFACE_STYLE_USAGE(.POSITIVE.,#7134);
#7136=PRESENTATION_STYLE_ASSIGNMENT((#7135));
#6851=STYLED_ITEM('',(#7136),#7130);
#7138=DIRECTION('',(1.E0,0.E0,0.E0));
#7139=VECTOR('',#7138,3.E-1);
#7140=CARTESIAN_POINT('',(-1.125E0,0.E0,-2.E0));
#7141=LINE('',#7140,#7139);
#7142=CURVE_STYLE('',#47,POSITIVE_LENGTH_MEASURE(2.E-2),#28);
#7143=PRESENTATION_STYLE_ASSIGNMENT((#7142));
#7144=STYLED_ITEM('',(#7143),#7141);
#7145=DIRECTION('',(0.E0,0.E0,1.E0));
#7146=VECTOR('',#7145,4.E-1);
#7147=CARTESIAN_POINT('',(-1.125E0,0.E0,-2.E0));
#7148=LINE('',#7147,#7146);
#7149=CURVE_STYLE('',#47,POSITIVE_LENGTH_MEASURE(2.E-2),#28);
#7150=PRESENTATION_STYLE_ASSIGNMENT((#7149));
#7151=STYLED_ITEM('',(#7150),#7148);
#7152=DIRECTION('',(-1.E0,0.E0,0.E0));
#7153=VECTOR('',#7152,3.440910976998E-1);
#7154=CARTESIAN_POINT('',(-8.029544511501E-1,1.102277442495E-1,-2.E0));
#7155=LINE('',#7154,#7153);
#7156=CURVE_STYLE('',#47,POSITIVE_LENGTH_MEASURE(2.E-2),#28);
#7157=PRESENTATION_STYLE_ASSIGNMENT((#7156));
#7158=STYLED_ITEM('',(#7157),#7155);
#7159=DIRECTION('',(0.E0,0.E0,-1.E0));
#7160=VECTOR('',#7159,3.798029716256E-1);
#7161=CARTESIAN_POINT('',(-8.215707529190E-1,1.714623540487E-2,-1.6E0));
#7162=LINE('',#7161,#7160);
#7163=CURVE_STYLE('',#47,POSITIVE_LENGTH_MEASURE(2.E-2),#28);
#7164=PRESENTATION_STYLE_ASSIGNMENT((#7163));
#7165=STYLED_ITEM('',(#7164),#7162);
#7166=DIRECTION('',(-1.961161351382E-1,-9.805806756909E-1,0.E0));
#7167=VECTOR('',#7166,8.623645971331E-2);
#7168=CARTESIAN_POINT('',(-8.046583917321E-1,1.017080413397E-1,
-1.979802971626E0));
#7169=LINE('',#7168,#7167);
#7170=CURVE_STYLE('',#47,POSITIVE_LENGTH_MEASURE(2.E-2),#28);
#7171=PRESENTATION_STYLE_ASSIGNMENT((#7170));
#7172=STYLED_ITEM('',(#7171),#7169);
#7173=CARTESIAN_POINT('',(-8.029544511501E-1,1.102277442495E-1,-2.E0));
#7174=CARTESIAN_POINT('',(-8.037508859896E-1,1.062455700519E-1,
-1.993768209612E0));
#7175=CARTESIAN_POINT('',(-8.043199491570E-1,1.034002542148E-1,
-1.987038239654E0));
#7176=CARTESIAN_POINT('',(-8.046583917321E-1,1.017080413397E-1,
-1.979802971626E0));
#7178=CURVE_STYLE('',#47,POSITIVE_LENGTH_MEASURE(2.E-2),#28);
#7179=PRESENTATION_STYLE_ASSIGNMENT((#7178));
#7180=STYLED_ITEM('',(#7179),#7177);
#7181=DIRECTION('',(1.961161351382E-1,9.805806756909E-1,0.E0));
#7182=VECTOR('',#7181,1.124106837735E-1);
#7183=CARTESIAN_POINT('',(-8.25E-1,0.E0,-2.E0));
#7184=LINE('',#7183,#7182);
#7185=CURVE_STYLE('',#47,POSITIVE_LENGTH_MEASURE(2.E-2),#28);
#7186=PRESENTATION_STYLE_ASSIGNMENT((#7185));
#7187=STYLED_ITEM('',(#7186),#7184);
#7188=DIRECTION('',(0.E0,0.E0,1.E0));
#7189=VECTOR('',#7188,4.E-1);
#7190=CARTESIAN_POINT('',(-8.25E-1,0.E0,-2.E0));
#7191=LINE('',#7190,#7189);
#7192=CURVE_STYLE('',#47,POSITIVE_LENGTH_MEASURE(2.E-2),#28);
#7193=PRESENTATION_STYLE_ASSIGNMENT((#7192));
#7194=STYLED_ITEM('',(#7193),#7191);
#7195=DIRECTION('',(1.E0,0.E0,0.E0));
#7196=VECTOR('',#7195,3.068584941619E-1);
#7197=CARTESIAN_POINT('',(-1.128429247081E0,1.714623540487E-2,-1.6E0));
#7198=LINE('',#7197,#7196);
#7199=CURVE_STYLE('',#47,POSITIVE_LENGTH_MEASURE(2.E-2),#28);
#7200=PRESENTATION_STYLE_ASSIGNMENT((#7199));
#7201=STYLED_ITEM('',(#7200),#7198);
#7202=DIRECTION('',(1.961161351382E-1,9.805806756909E-1,0.E0));
#7203=VECTOR('',#7202,1.748579778282E-2);
#7204=CARTESIAN_POINT('',(-8.25E-1,0.E0,-1.6E0));
#7205=LINE('',#7204,#7203);
#7206=CURVE_STYLE('',#47,POSITIVE_LENGTH_MEASURE(2.E-2),#28);
#7207=PRESENTATION_STYLE_ASSIGNMENT((#7206));
#7208=STYLED_ITEM('',(#7207),#7205);
#7209=DIRECTION('',(1.E0,0.E0,0.E0));
#7210=VECTOR('',#7209,3.E-1);
#7211=CARTESIAN_POINT('',(-1.125E0,0.E0,-1.6E0));
#7212=LINE('',#7211,#7210);
#7213=CURVE_STYLE('',#47,POSITIVE_LENGTH_MEASURE(2.E-2),#28);
#7214=PRESENTATION_STYLE_ASSIGNMENT((#7213));
#7215=STYLED_ITEM('',(#7214),#7212);
#7216=DIRECTION('',(1.961161351382E-1,-9.805806756909E-1,0.E0));
#7217=VECTOR('',#7216,1.748579778282E-2);
#7218=CARTESIAN_POINT('',(-1.128429247081E0,1.714623540487E-2,-1.6E0));
#7219=LINE('',#7218,#7217);
#7220=CURVE_STYLE('',#47,POSITIVE_LENGTH_MEASURE(2.E-2),#28);
#7221=PRESENTATION_STYLE_ASSIGNMENT((#7220));
#7222=STYLED_ITEM('',(#7221),#7219);
#7223=DIRECTION('',(0.E0,0.E0,-1.E0));
#7224=VECTOR('',#7223,3.798029716256E-1);
#7225=CARTESIAN_POINT('',(-1.128429247081E0,1.714623540487E-2,-1.6E0));
#7226=LINE('',#7225,#7224);
#7227=CURVE_STYLE('',#47,POSITIVE_LENGTH_MEASURE(2.E-2),#28);
#7228=PRESENTATION_STYLE_ASSIGNMENT((#7227));
#7229=STYLED_ITEM('',(#7228),#7226);
#7230=DIRECTION('',(1.961161351382E-1,-9.805806756909E-1,0.E0));
#7231=VECTOR('',#7230,1.124106837735E-1);
#7232=CARTESIAN_POINT('',(-1.147045548850E0,1.102277442495E-1,-2.E0));
#7233=LINE('',#7232,#7231);
#7234=CURVE_STYLE('',#47,POSITIVE_LENGTH_MEASURE(2.E-2),#28);
#7235=PRESENTATION_STYLE_ASSIGNMENT((#7234));
#7236=STYLED_ITEM('',(#7235),#7233);
#7237=CARTESIAN_POINT('',(-1.147045548850E0,1.102277442495E-1,-2.E0));
#7238=CARTESIAN_POINT('',(-1.146249114010E0,1.062455700519E-1,
-1.993768209612E0));
#7239=CARTESIAN_POINT('',(-1.145680050843E0,1.034002542148E-1,
-1.987038239654E0));
#7240=CARTESIAN_POINT('',(-1.145341608268E0,1.017080413397E-1,
-1.979802971626E0));
#7242=CURVE_STYLE('',#47,POSITIVE_LENGTH_MEASURE(2.E-2),#28);
#7243=PRESENTATION_STYLE_ASSIGNMENT((#7242));
#7244=STYLED_ITEM('',(#7243),#7241);
#7245=DIRECTION('',(1.961161351382E-1,-9.805806756909E-1,0.E0));
#7246=VECTOR('',#7245,8.623645971331E-2);
#7247=CARTESIAN_POINT('',(-1.145341608268E0,1.017080413397E-1,
-1.979802971626E0));
#7248=LINE('',#7247,#7246);
#7249=CURVE_STYLE('',#47,POSITIVE_LENGTH_MEASURE(2.E-2),#28);
#7250=PRESENTATION_STYLE_ASSIGNMENT((#7249));
#7251=STYLED_ITEM('',(#7250),#7248);
#7252=DIRECTION('',(-1.E0,0.E0,0.E0));
#7253=VECTOR('',#7252,3.406832165359E-1);
#7254=CARTESIAN_POINT('',(-8.046583917321E-1,1.017080413397E-1,
-1.979802971626E0));
#7255=LINE('',#7254,#7253);
#7256=CURVE_STYLE('',#47,POSITIVE_LENGTH_MEASURE(2.E-2),#28);
#7257=PRESENTATION_STYLE_ASSIGNMENT((#7256));
#7258=STYLED_ITEM('',(#7257),#7255);
#7259=DIRECTION('',(1.E0,0.E0,0.E0));
#7260=VECTOR('',#7259,3.068584941619E-1);
#7261=CARTESIAN_POINT('',(-1.128429247081E0,1.714623540487E-2,
-1.979802971626E0));
#7262=LINE('',#7261,#7260);
#7263=CURVE_STYLE('',#47,POSITIVE_LENGTH_MEASURE(2.E-2),#28);
#7264=PRESENTATION_STYLE_ASSIGNMENT((#7263));
#7265=STYLED_ITEM('',(#7264),#7262);
#7266=CARTESIAN_POINT('',(-1.125E0,0.E0,-1.6E0));
#7267=CARTESIAN_POINT('',(-8.25E-1,0.E0,-1.6E0));
#7268=VERTEX_POINT('',#7266);
#7269=VERTEX_POINT('',#7267);
#7270=CARTESIAN_POINT('',(-1.125E0,0.E0,-2.E0));
#7271=CARTESIAN_POINT('',(-8.25E-1,0.E0,-2.E0));
#7272=VERTEX_POINT('',#7270);
#7273=VERTEX_POINT('',#7271);
#7274=CARTESIAN_POINT('',(-1.147045548850E0,1.102277442495E-1,-2.E0));
#7275=VERTEX_POINT('',#7274);
#7276=CARTESIAN_POINT('',(-8.029544511501E-1,1.102277442495E-1,-2.E0));
#7277=VERTEX_POINT('',#7276);
#7278=CARTESIAN_POINT('',(-1.128429247081E0,1.714623540487E-2,-1.6E0));
#7279=CARTESIAN_POINT('',(-8.215707529190E-1,1.714623540487E-2,-1.6E0));
#7280=VERTEX_POINT('',#7278);
#7281=VERTEX_POINT('',#7279);
#7282=CARTESIAN_POINT('',(-1.128429247081E0,1.714623540487E-2,
-1.979802971626E0));
#7283=VERTEX_POINT('',#7282);
#7284=CARTESIAN_POINT('',(-1.145341608268E0,1.017080413397E-1,
-1.979802971626E0));
#7285=VERTEX_POINT('',#7284);
#7286=CARTESIAN_POINT('',(-8.215707529190E-1,1.714623540487E-2,
-1.979802971626E0));
#7287=VERTEX_POINT('',#7286);
#7288=CARTESIAN_POINT('',(-8.046583917321E-1,1.017080413397E-1,
-1.979802971626E0));
#7289=VERTEX_POINT('',#7288);
#7290=CARTESIAN_POINT('',(0.E0,0.E0,0.E0));
#7291=DIRECTION('',(0.E0,1.E0,0.E0));
#7292=DIRECTION('',(1.E0,0.E0,0.E0));
#7293=AXIS2_PLACEMENT_3D('',#7290,#7291,#7292);
#7294=PLANE('',#7293);
#7296=ORIENTED_EDGE('',*,*,#7295,.F.);
#7298=ORIENTED_EDGE('',*,*,#7297,.T.);
#7300=ORIENTED_EDGE('',*,*,#7299,.T.);
#7302=ORIENTED_EDGE('',*,*,#7301,.F.);
#7303=EDGE_LOOP('',(#7296,#7298,#7300,#7302));
#7304=FACE_OUTER_BOUND('',#7303,.F.);
#7305=ADVANCED_FACE('',(#7304),#7294,.F.);
#7306=FILL_AREA_STYLE_COLOUR('',#34);
#7307=FILL_AREA_STYLE('',(#7306));
#7308=SURFACE_STYLE_FILL_AREA(#7307);
#7309=SURFACE_SIDE_STYLE('',(#7308));
#7310=SURFACE_STYLE_USAGE(.NEGATIVE.,#7309);
#7311=PRESENTATION_STYLE_ASSIGNMENT((#7310));
#7312=OVER_RIDING_STYLED_ITEM('',(#7311),#7305,#7137);
#7313=CARTESIAN_POINT('',(-2.E0,2.E-1,-2.E0));
#7314=DIRECTION('',(0.E0,0.E0,1.E0));
#7315=DIRECTION('',(1.E0,0.E0,0.E0));
#7316=AXIS2_PLACEMENT_3D('',#7313,#7314,#7315);
#7317=PLANE('',#7316);
#7318=ORIENTED_EDGE('',*,*,#7295,.T.);
#7320=ORIENTED_EDGE('',*,*,#7319,.T.);
#7322=ORIENTED_EDGE('',*,*,#7321,.T.);
#7324=ORIENTED_EDGE('',*,*,#7323,.T.);
#7325=EDGE_LOOP('',(#7318,#7320,#7322,#7324));
#7326=FACE_OUTER_BOUND('',#7325,.F.);
#7327=ADVANCED_FACE('',(#7326),#7317,.F.);
#7328=CARTESIAN_POINT('',(-8.25E-1,0.E0,-2.05E0));
#7329=DIRECTION('',(9.805806756909E-1,-1.961161351382E-1,0.E0));
#7330=DIRECTION('',(1.961161351382E-1,9.805806756909E-1,0.E0));
#7331=AXIS2_PLACEMENT_3D('',#7328,#7329,#7330);
#7332=PLANE('',#7331);
#7334=ORIENTED_EDGE('',*,*,#7333,.T.);
#7336=ORIENTED_EDGE('',*,*,#7335,.F.);
#7338=ORIENTED_EDGE('',*,*,#7337,.F.);
#7339=ORIENTED_EDGE('',*,*,#7319,.F.);
#7340=ORIENTED_EDGE('',*,*,#7301,.T.);
#7342=ORIENTED_EDGE('',*,*,#7341,.T.);
#7343=EDGE_LOOP('',(#7334,#7336,#7338,#7339,#7340,#7342));
#7344=FACE_OUTER_BOUND('',#7343,.F.);
#7345=ADVANCED_FACE('',(#7344),#7332,.T.);
#7346=CARTESIAN_POINT('',(-1.99E0,1.714623540487E-2,1.981526119019E0));
#7347=DIRECTION('',(0.E0,-1.E0,0.E0));
#7348=DIRECTION('',(0.E0,0.E0,-1.E0));
#7349=AXIS2_PLACEMENT_3D('',#7346,#7347,#7348);
#7350=PLANE('',#7349);
#7352=ORIENTED_EDGE('',*,*,#7351,.F.);
#7354=ORIENTED_EDGE('',*,*,#7353,.T.);
#7356=ORIENTED_EDGE('',*,*,#7355,.T.);
#7357=ORIENTED_EDGE('',*,*,#7333,.F.);
#7358=EDGE_LOOP('',(#7352,#7354,#7356,#7357));
#7359=FACE_OUTER_BOUND('',#7358,.F.);
#7360=ADVANCED_FACE('',(#7359),#7350,.F.);
#7361=CARTESIAN_POINT('',(0.E0,2.E-1,-1.6E0));
#7362=DIRECTION('',(0.E0,0.E0,1.E0));
#7363=DIRECTION('',(1.E0,0.E0,0.E0));
#7364=AXIS2_PLACEMENT_3D('',#7361,#7362,#7363);
#7365=PLANE('',#7364);
#7366=ORIENTED_EDGE('',*,*,#7351,.T.);
#7367=ORIENTED_EDGE('',*,*,#7341,.F.);
#7368=ORIENTED_EDGE('',*,*,#7299,.F.);
#7370=ORIENTED_EDGE('',*,*,#7369,.F.);
#7371=EDGE_LOOP('',(#7366,#7367,#7368,#7370));
#7372=FACE_OUTER_BOUND('',#7371,.F.);
#7373=ADVANCED_FACE('',(#7372),#7365,.T.);
#7374=CARTESIAN_POINT('',(-1.165E0,2.E-1,-2.05E0));
#7375=DIRECTION('',(-9.805806756909E-1,-1.961161351382E-1,0.E0));
#7376=DIRECTION('',(1.961161351382E-1,-9.805806756909E-1,0.E0));
#7377=AXIS2_PLACEMENT_3D('',#7374,#7375,#7376);
#7378=PLANE('',#7377);
#7379=ORIENTED_EDGE('',*,*,#7353,.F.);
#7380=ORIENTED_EDGE('',*,*,#7369,.T.);
#7381=ORIENTED_EDGE('',*,*,#7297,.F.);
#7382=ORIENTED_EDGE('',*,*,#7323,.F.);
#7384=ORIENTED_EDGE('',*,*,#7383,.T.);
#7386=ORIENTED_EDGE('',*,*,#7385,.T.);
#7387=EDGE_LOOP('',(#7379,#7380,#7381,#7382,#7384,#7386));
#7388=FACE_OUTER_BOUND('',#7387,.F.);
#7389=ADVANCED_FACE('',(#7388),#7378,.T.);
#7390=CARTESIAN_POINT('',(1.25E0,1.65E-1,-1.965E0));
#7391=DIRECTION('',(-1.E0,0.E0,0.E0));
#7392=DIRECTION('',(0.E0,0.E0,1.E0));
#7393=AXIS2_PLACEMENT_3D('',#7390,#7391,#7392);
#7394=CYLINDRICAL_SURFACE('',#7393,6.5E-2);
#7396=ORIENTED_EDGE('',*,*,#7395,.T.);
#7397=ORIENTED_EDGE('',*,*,#7383,.F.);
#7398=ORIENTED_EDGE('',*,*,#7321,.F.);
#7399=ORIENTED_EDGE('',*,*,#7337,.T.);
#7400=EDGE_LOOP('',(#7396,#7397,#7398,#7399));
#7401=FACE_OUTER_BOUND('',#7400,.F.);
#7402=ADVANCED_FACE('',(#7401),#7394,.F.);
#7403=CARTESIAN_POINT('',(-1.99E0,1.714623540487E-2,-1.979802971626E0));
#7404=DIRECTION('',(0.E0,0.E0,-1.E0));
#7405=DIRECTION('',(0.E0,1.E0,0.E0));
#7406=AXIS2_PLACEMENT_3D('',#7403,#7404,#7405);
#7407=PLANE('',#7406);
#7408=ORIENTED_EDGE('',*,*,#7385,.F.);
#7409=ORIENTED_EDGE('',*,*,#7395,.F.);
#7410=ORIENTED_EDGE('',*,*,#7335,.T.);
#7411=ORIENTED_EDGE('',*,*,#7355,.F.);
#7412=EDGE_LOOP('',(#7408,#7409,#7410,#7411));
#7413=FACE_OUTER_BOUND('',#7412,.F.);
#7414=ADVANCED_FACE('',(#7413),#7407,.F.);
#7415=CLOSED_SHELL('',(#7305,#7327,#7345,#7360,#7373,#7389,#7402,#7414));
#7416=MANIFOLD_SOLID_BREP('',#7415);
#7417=FILL_AREA_STYLE_COLOUR('',#28);
#7418=FILL_AREA_STYLE('',(#7417));
#7419=SURFACE_STYLE_FILL_AREA(#7418);
#7420=SURFACE_SIDE_STYLE('',(#7419));
#7421=SURFACE_STYLE_USAGE(.POSITIVE.,#7420);
#7422=PRESENTATION_STYLE_ASSIGNMENT((#7421));
#7137=STYLED_ITEM('',(#7422),#7416);
#7424=DIRECTION('',(0.E0,0.E0,1.E0));
#7425=VECTOR('',#7424,3.E-1);
#7426=CARTESIAN_POINT('',(2.E0,0.E0,-4.75E-1));
#7427=LINE('',#7426,#7425);
#7428=CURVE_STYLE('',#47,POSITIVE_LENGTH_MEASURE(2.E-2),#28);
#7429=PRESENTATION_STYLE_ASSIGNMENT((#7428));
#7430=STYLED_ITEM('',(#7429),#7427);
#7431=DIRECTION('',(-1.E0,0.E0,0.E0));
#7432=VECTOR('',#7431,4.E-1);
#7433=CARTESIAN_POINT('',(2.E0,0.E0,-4.75E-1));
#7434=LINE('',#7433,#7432);
#7435=CURVE_STYLE('',#47,POSITIVE_LENGTH_MEASURE(2.E-2),#28);
#7436=PRESENTATION_STYLE_ASSIGNMENT((#7435));
#7437=STYLED_ITEM('',(#7436),#7434);
#7438=DIRECTION('',(0.E0,0.E0,-1.E0));
#7439=VECTOR('',#7438,3.440910976998E-1);
#7440=CARTESIAN_POINT('',(2.E0,1.102277442495E-1,-1.529544511501E-1));
#7441=LINE('',#7440,#7439);
#7442=CURVE_STYLE('',#47,POSITIVE_LENGTH_MEASURE(2.E-2),#28);
#7443=PRESENTATION_STYLE_ASSIGNMENT((#7442));
#7444=STYLED_ITEM('',(#7443),#7441);
#7445=DIRECTION('',(0.E0,-9.805806756909E-1,-1.961161351382E-1));
#7446=VECTOR('',#7445,8.959361200263E-2);
#7447=CARTESIAN_POINT('',(1.99E0,1.05E-1,-1.54E-1));
#7448=LINE('',#7447,#7446);
#7449=CURVE_STYLE('',#47,POSITIVE_LENGTH_MEASURE(2.E-2),#28);
#7450=PRESENTATION_STYLE_ASSIGNMENT((#7449));
#7451=STYLED_ITEM('',(#7450),#7448);
#7452=CARTESIAN_POINT('',(2.E0,1.102277442495E-1,-1.529544511501E-1));
#7453=CARTESIAN_POINT('',(1.996822968767E0,1.081975906321E-1,
-1.533604818736E-1));
#7454=CARTESIAN_POINT('',(1.993490076136E0,1.064541983901E-1,
-1.537091603220E-1));
#7455=CARTESIAN_POINT('',(1.99E0,1.05E-1,-1.54E-1));
#7457=CURVE_STYLE('',#47,POSITIVE_LENGTH_MEASURE(2.E-2),#28);
#7458=PRESENTATION_STYLE_ASSIGNMENT((#7457));
#7459=STYLED_ITEM('',(#7458),#7456);
#7460=DIRECTION('',(0.E0,9.805806756909E-1,1.961161351382E-1));
#7461=VECTOR('',#7460,1.124106837735E-1);
#7462=CARTESIAN_POINT('',(2.E0,0.E0,-1.75E-1));
#7463=LINE('',#7462,#7461);
#7464=CURVE_STYLE('',#47,POSITIVE_LENGTH_MEASURE(2.E-2),#28);
#7465=PRESENTATION_STYLE_ASSIGNMENT((#7464));
#7466=STYLED_ITEM('',(#7465),#7463);
#7467=DIRECTION('',(-1.E0,0.E0,0.E0));
#7468=VECTOR('',#7467,4.E-1);
#7469=CARTESIAN_POINT('',(2.E0,0.E0,-1.75E-1));
#7470=LINE('',#7469,#7468);
#7471=CURVE_STYLE('',#47,POSITIVE_LENGTH_MEASURE(2.E-2),#28);
#7472=PRESENTATION_STYLE_ASSIGNMENT((#7471));
#7473=STYLED_ITEM('',(#7472),#7470);
#7474=DIRECTION('',(1.E0,0.E0,0.E0));
#7475=VECTOR('',#7474,3.9E-1);
#7476=CARTESIAN_POINT('',(1.6E0,1.714623540487E-2,-1.715707529190E-1));
#7477=LINE('',#7476,#7475);
#7478=CURVE_STYLE('',#47,POSITIVE_LENGTH_MEASURE(2.E-2),#28);
#7479=PRESENTATION_STYLE_ASSIGNMENT((#7478));
#7480=STYLED_ITEM('',(#7479),#7477);
#7481=DIRECTION('',(0.E0,0.E0,-1.E0));
#7482=VECTOR('',#7481,3.068584941619E-1);
#7483=CARTESIAN_POINT('',(1.99E0,1.714623540487E-2,-1.715707529190E-1));
#7484=LINE('',#7483,#7482);
#7485=CURVE_STYLE('',#47,POSITIVE_LENGTH_MEASURE(2.E-2),#28);
#7486=PRESENTATION_STYLE_ASSIGNMENT((#7485));
#7487=STYLED_ITEM('',(#7486),#7484);
#7488=DIRECTION('',(0.E0,-9.805806756909E-1,1.961161351382E-1));
#7489=VECTOR('',#7488,8.959361200263E-2);
#7490=CARTESIAN_POINT('',(1.99E0,1.05E-1,-4.96E-1));
#7491=LINE('',#7490,#7489);
#7492=CURVE_STYLE('',#47,POSITIVE_LENGTH_MEASURE(2.E-2),#28);
#7493=PRESENTATION_STYLE_ASSIGNMENT((#7492));
#7494=STYLED_ITEM('',(#7493),#7491);
#7495=DIRECTION('',(1.E0,0.E0,0.E0));
#7496=VECTOR('',#7495,3.9E-1);
#7497=CARTESIAN_POINT('',(1.6E0,1.714623540487E-2,-4.784292470810E-1));
#7498=LINE('',#7497,#7496);
#7499=CURVE_STYLE('',#47,POSITIVE_LENGTH_MEASURE(2.E-2),#28);
#7500=PRESENTATION_STYLE_ASSIGNMENT((#7499));
#7501=STYLED_ITEM('',(#7500),#7498);
#7502=DIRECTION('',(0.E0,-9.805806756909E-1,1.961161351382E-1));
#7503=VECTOR('',#7502,1.124106837735E-1);
#7504=CARTESIAN_POINT('',(2.E0,1.102277442495E-1,-4.970455488499E-1));
#7505=LINE('',#7504,#7503);
#7506=CURVE_STYLE('',#47,POSITIVE_LENGTH_MEASURE(2.E-2),#28);
#7507=PRESENTATION_STYLE_ASSIGNMENT((#7506));
#7508=STYLED_ITEM('',(#7507),#7505);
#7509=CARTESIAN_POINT('',(2.E0,1.102277442495E-1,-4.970455488499E-1));
#7510=CARTESIAN_POINT('',(1.996822968767E0,1.081975906321E-1,
-4.966395181264E-1));
#7511=CARTESIAN_POINT('',(1.993490076136E0,1.064541983901E-1,
-4.962908396780E-1));
#7512=CARTESIAN_POINT('',(1.99E0,1.05E-1,-4.96E-1));
#7514=CURVE_STYLE('',#47,POSITIVE_LENGTH_MEASURE(2.E-2),#28);
#7515=PRESENTATION_STYLE_ASSIGNMENT((#7514));
#7516=STYLED_ITEM('',(#7515),#7513);
#7517=DIRECTION('',(0.E0,0.E0,1.E0));
#7518=VECTOR('',#7517,3.068584941619E-1);
#7519=CARTESIAN_POINT('',(1.6E0,1.714623540487E-2,-4.784292470810E-1));
#7520=LINE('',#7519,#7518);
#7521=CURVE_STYLE('',#47,POSITIVE_LENGTH_MEASURE(2.E-2),#28);
#7522=PRESENTATION_STYLE_ASSIGNMENT((#7521));
#7523=STYLED_ITEM('',(#7522),#7520);
#7524=DIRECTION('',(0.E0,9.805806756909E-1,1.961161351382E-1));
#7525=VECTOR('',#7524,1.748579778282E-2);
#7526=CARTESIAN_POINT('',(1.6E0,0.E0,-1.75E-1));
#7527=LINE('',#7526,#7525);
#7528=CURVE_STYLE('',#47,POSITIVE_LENGTH_MEASURE(2.E-2),#28);
#7529=PRESENTATION_STYLE_ASSIGNMENT((#7528));
#7530=STYLED_ITEM('',(#7529),#7527);
#7531=DIRECTION('',(0.E0,0.E0,1.E0));
#7532=VECTOR('',#7531,3.E-1);
#7533=CARTESIAN_POINT('',(1.6E0,0.E0,-4.75E-1));
#7534=LINE('',#7533,#7532);
#7535=CURVE_STYLE('',#47,POSITIVE_LENGTH_MEASURE(2.E-2),#28);
#7536=PRESENTATION_STYLE_ASSIGNMENT((#7535));
#7537=STYLED_ITEM('',(#7536),#7534);
#7538=DIRECTION('',(0.E0,-9.805806756909E-1,1.961161351382E-1));
#7539=VECTOR('',#7538,1.748579778282E-2);
#7540=CARTESIAN_POINT('',(1.6E0,1.714623540487E-2,-4.784292470810E-1));
#7541=LINE('',#7540,#7539);
#7542=CURVE_STYLE('',#47,POSITIVE_LENGTH_MEASURE(2.E-2),#28);
#7543=PRESENTATION_STYLE_ASSIGNMENT((#7542));
#7544=STYLED_ITEM('',(#7543),#7541);
#7545=DIRECTION('',(0.E0,0.E0,-1.E0));
#7546=VECTOR('',#7545,3.42E-1);
#7547=CARTESIAN_POINT('',(1.99E0,1.05E-1,-1.54E-1));
#7548=LINE('',#7547,#7546);
#7549=CURVE_STYLE('',#47,POSITIVE_LENGTH_MEASURE(2.E-2),#28);
#7550=PRESENTATION_STYLE_ASSIGNMENT((#7549));
#7551=STYLED_ITEM('',(#7550),#7548);
#7552=CARTESIAN_POINT('',(1.6E0,0.E0,-4.75E-1));
#7553=CARTESIAN_POINT('',(1.6E0,0.E0,-1.75E-1));
#7554=VERTEX_POINT('',#7552);
#7555=VERTEX_POINT('',#7553);
#7556=CARTESIAN_POINT('',(2.E0,0.E0,-4.75E-1));
#7557=CARTESIAN_POINT('',(2.E0,0.E0,-1.75E-1));
#7558=VERTEX_POINT('',#7556);
#7559=VERTEX_POINT('',#7557);
#7560=CARTESIAN_POINT('',(2.E0,1.102277442495E-1,-4.970455488499E-1));
#7561=VERTEX_POINT('',#7560);
#7562=CARTESIAN_POINT('',(2.E0,1.102277442495E-1,-1.529544511501E-1));
#7563=VERTEX_POINT('',#7562);
#7564=CARTESIAN_POINT('',(1.6E0,1.714623540487E-2,-4.784292470810E-1));
#7565=CARTESIAN_POINT('',(1.6E0,1.714623540487E-2,-1.715707529190E-1));
#7566=VERTEX_POINT('',#7564);
#7567=VERTEX_POINT('',#7565);
#7568=CARTESIAN_POINT('',(1.99E0,1.05E-1,-4.96E-1));
#7569=CARTESIAN_POINT('',(1.99E0,1.714623540487E-2,-4.784292470810E-1));
#7570=VERTEX_POINT('',#7568);
#7571=VERTEX_POINT('',#7569);
#7572=CARTESIAN_POINT('',(1.99E0,1.05E-1,-1.54E-1));
#7573=CARTESIAN_POINT('',(1.99E0,1.714623540487E-2,-1.715707529190E-1));
#7574=VERTEX_POINT('',#7572);
#7575=VERTEX_POINT('',#7573);
#7576=CARTESIAN_POINT('',(0.E0,0.E0,0.E0));
#7577=DIRECTION('',(0.E0,1.E0,0.E0));
#7578=DIRECTION('',(1.E0,0.E0,0.E0));
#7579=AXIS2_PLACEMENT_3D('',#7576,#7577,#7578);
#7580=PLANE('',#7579);
#7582=ORIENTED_EDGE('',*,*,#7581,.F.);
#7584=ORIENTED_EDGE('',*,*,#7583,.T.);
#7586=ORIENTED_EDGE('',*,*,#7585,.T.);
#7588=ORIENTED_EDGE('',*,*,#7587,.F.);
#7589=EDGE_LOOP('',(#7582,#7584,#7586,#7588));
#7590=FACE_OUTER_BOUND('',#7589,.F.);
#7591=ADVANCED_FACE('',(#7590),#7580,.F.);
#7592=FILL_AREA_STYLE_COLOUR('',#34);
#7593=FILL_AREA_STYLE('',(#7592));
#7594=SURFACE_STYLE_FILL_AREA(#7593);
#7595=SURFACE_SIDE_STYLE('',(#7594));
#7596=SURFACE_STYLE_USAGE(.NEGATIVE.,#7595);
#7597=PRESENTATION_STYLE_ASSIGNMENT((#7596));
#7598=OVER_RIDING_STYLED_ITEM('',(#7597),#7591,#7423);
#7599=CARTESIAN_POINT('',(2.E0,2.E-1,-2.E0));
#7600=DIRECTION('',(-1.E0,0.E0,0.E0));
#7601=DIRECTION('',(0.E0,0.E0,1.E0));
#7602=AXIS2_PLACEMENT_3D('',#7599,#7600,#7601);
#7603=PLANE('',#7602);
#7604=ORIENTED_EDGE('',*,*,#7581,.T.);
#7606=ORIENTED_EDGE('',*,*,#7605,.T.);
#7608=ORIENTED_EDGE('',*,*,#7607,.T.);
#7610=ORIENTED_EDGE('',*,*,#7609,.T.);
#7611=EDGE_LOOP('',(#7604,#7606,#7608,#7610));
#7612=FACE_OUTER_BOUND('',#7611,.F.);
#7613=ADVANCED_FACE('',(#7612),#7603,.F.);
#7614=CARTESIAN_POINT('',(2.05E0,0.E0,-1.75E-1));
#7615=DIRECTION('',(0.E0,-1.961161351382E-1,9.805806756909E-1));
#7616=DIRECTION('',(0.E0,9.805806756909E-1,1.961161351382E-1));
#7617=AXIS2_PLACEMENT_3D('',#7614,#7615,#7616);
#7618=PLANE('',#7617);
#7620=ORIENTED_EDGE('',*,*,#7619,.F.);
#7622=ORIENTED_EDGE('',*,*,#7621,.F.);
#7623=ORIENTED_EDGE('',*,*,#7605,.F.);
#7624=ORIENTED_EDGE('',*,*,#7587,.T.);
#7626=ORIENTED_EDGE('',*,*,#7625,.T.);
#7628=ORIENTED_EDGE('',*,*,#7627,.T.);
#7629=EDGE_LOOP('',(#7620,#7622,#7623,#7624,#7626,#7628));
#7630=FACE_OUTER_BOUND('',#7629,.F.);
#7631=ADVANCED_FACE('',(#7630),#7618,.T.);
#7632=CARTESIAN_POINT('',(1.99E0,0.E0,0.E0));
#7633=DIRECTION('',(1.E0,0.E0,0.E0));
#7634=DIRECTION('',(0.E0,0.E0,-1.E0));
#7635=AXIS2_PLACEMENT_3D('',#7632,#7633,#7634);
#7636=PLANE('',#7635);
#7638=ORIENTED_EDGE('',*,*,#7637,.F.);
#7640=ORIENTED_EDGE('',*,*,#7639,.F.);
#7641=ORIENTED_EDGE('',*,*,#7619,.T.);
#7643=ORIENTED_EDGE('',*,*,#7642,.T.);
#7644=EDGE_LOOP('',(#7638,#7640,#7641,#7643));
#7645=FACE_OUTER_BOUND('',#7644,.F.);
#7646=ADVANCED_FACE('',(#7645),#7636,.F.);
#7647=CARTESIAN_POINT('',(2.05E0,2.E-1,-5.15E-1));
#7648=DIRECTION('',(0.E0,-1.961161351382E-1,-9.805806756909E-1));
#7649=DIRECTION('',(0.E0,-9.805806756909E-1,1.961161351382E-1));
#7650=AXIS2_PLACEMENT_3D('',#7647,#7648,#7649);
#7651=PLANE('',#7650);
#7652=ORIENTED_EDGE('',*,*,#7637,.T.);
#7654=ORIENTED_EDGE('',*,*,#7653,.F.);
#7656=ORIENTED_EDGE('',*,*,#7655,.T.);
#7657=ORIENTED_EDGE('',*,*,#7583,.F.);
#7658=ORIENTED_EDGE('',*,*,#7609,.F.);
#7660=ORIENTED_EDGE('',*,*,#7659,.T.);
#7661=EDGE_LOOP('',(#7652,#7654,#7656,#7657,#7658,#7660));
#7662=FACE_OUTER_BOUND('',#7661,.F.);
#7663=ADVANCED_FACE('',(#7662),#7651,.T.);
#7664=CARTESIAN_POINT('',(-1.99E0,1.714623540487E-2,1.981526119019E0));
#7665=DIRECTION('',(0.E0,-1.E0,0.E0));
#7666=DIRECTION('',(0.E0,0.E0,-1.E0));
#7667=AXIS2_PLACEMENT_3D('',#7664,#7665,#7666);
#7668=PLANE('',#7667);
#7670=ORIENTED_EDGE('',*,*,#7669,.F.);
#7671=ORIENTED_EDGE('',*,*,#7653,.T.);
#7672=ORIENTED_EDGE('',*,*,#7642,.F.);
#7673=ORIENTED_EDGE('',*,*,#7627,.F.);
#7674=EDGE_LOOP('',(#7670,#7671,#7672,#7673));
#7675=FACE_OUTER_BOUND('',#7674,.F.);
#7676=ADVANCED_FACE('',(#7675),#7668,.F.);
#7677=CARTESIAN_POINT('',(1.6E0,2.E-1,0.E0));
#7678=DIRECTION('',(-1.E0,0.E0,0.E0));
#7679=DIRECTION('',(0.E0,0.E0,1.E0));
#7680=AXIS2_PLACEMENT_3D('',#7677,#7678,#7679);
#7681=PLANE('',#7680);
#7682=ORIENTED_EDGE('',*,*,#7669,.T.);
#7683=ORIENTED_EDGE('',*,*,#7625,.F.);
#7684=ORIENTED_EDGE('',*,*,#7585,.F.);
#7685=ORIENTED_EDGE('',*,*,#7655,.F.);
#7686=EDGE_LOOP('',(#7682,#7683,#7684,#7685));
#7687=FACE_OUTER_BOUND('',#7686,.F.);
#7688=ADVANCED_FACE('',(#7687),#7681,.T.);
#7689=CARTESIAN_POINT('',(1.965E0,1.65E-1,1.25E0));
#7690=DIRECTION('',(0.E0,0.E0,-1.E0));
#7691=DIRECTION('',(-1.E0,0.E0,0.E0));
#7692=AXIS2_PLACEMENT_3D('',#7689,#7690,#7691);
#7693=CYLINDRICAL_SURFACE('',#7692,6.5E-2);
#7694=ORIENTED_EDGE('',*,*,#7639,.T.);
#7695=ORIENTED_EDGE('',*,*,#7659,.F.);
#7696=ORIENTED_EDGE('',*,*,#7607,.F.);
#7697=ORIENTED_EDGE('',*,*,#7621,.T.);
#7698=EDGE_LOOP('',(#7694,#7695,#7696,#7697));
#7699=FACE_OUTER_BOUND('',#7698,.F.);
#7700=ADVANCED_FACE('',(#7699),#7693,.F.);
#7701=CLOSED_SHELL('',(#7591,#7613,#7631,#7646,#7663,#7676,#7688,#7700));
#7702=MANIFOLD_SOLID_BREP('',#7701);
#7703=FILL_AREA_STYLE_COLOUR('',#28);
#7704=FILL_AREA_STYLE('',(#7703));
#7705=SURFACE_STYLE_FILL_AREA(#7704);
#7706=SURFACE_SIDE_STYLE('',(#7705));
#7707=SURFACE_STYLE_USAGE(.POSITIVE.,#7706);
#7708=PRESENTATION_STYLE_ASSIGNMENT((#7707));
#7423=STYLED_ITEM('',(#7708),#7702);
#7710=DIRECTION('',(0.E0,0.E0,1.E0));
#7711=VECTOR('',#7710,3.E-1);
#7712=CARTESIAN_POINT('',(2.E0,0.E0,1.75E-1));
#7713=LINE('',#7712,#7711);
#7714=CURVE_STYLE('',#47,POSITIVE_LENGTH_MEASURE(2.E-2),#28);
#7715=PRESENTATION_STYLE_ASSIGNMENT((#7714));
#7716=STYLED_ITEM('',(#7715),#7713);
#7717=DIRECTION('',(-1.E0,0.E0,0.E0));
#7718=VECTOR('',#7717,4.E-1);
#7719=CARTESIAN_POINT('',(2.E0,0.E0,1.75E-1));
#7720=LINE('',#7719,#7718);
#7721=CURVE_STYLE('',#47,POSITIVE_LENGTH_MEASURE(2.E-2),#28);
#7722=PRESENTATION_STYLE_ASSIGNMENT((#7721));
#7723=STYLED_ITEM('',(#7722),#7720);
#7724=DIRECTION('',(0.E0,0.E0,-1.E0));
#7725=VECTOR('',#7724,3.440910976998E-1);
#7726=CARTESIAN_POINT('',(2.E0,1.102277442495E-1,4.970455488499E-1));
#7727=LINE('',#7726,#7725);
#7728=CURVE_STYLE('',#47,POSITIVE_LENGTH_MEASURE(2.E-2),#28);
#7729=PRESENTATION_STYLE_ASSIGNMENT((#7728));
#7730=STYLED_ITEM('',(#7729),#7727);
#7731=DIRECTION('',(0.E0,-9.805806756909E-1,-1.961161351382E-1));
#7732=VECTOR('',#7731,8.959361200263E-2);
#7733=CARTESIAN_POINT('',(1.99E0,1.05E-1,4.96E-1));
#7734=LINE('',#7733,#7732);
#7735=CURVE_STYLE('',#47,POSITIVE_LENGTH_MEASURE(2.E-2),#28);
#7736=PRESENTATION_STYLE_ASSIGNMENT((#7735));
#7737=STYLED_ITEM('',(#7736),#7734);
#7738=CARTESIAN_POINT('',(2.E0,1.102277442495E-1,4.970455488499E-1));
#7739=CARTESIAN_POINT('',(1.996822968767E0,1.081975906321E-1,
4.966395181264E-1));
#7740=CARTESIAN_POINT('',(1.993490076136E0,1.064541983901E-1,
4.962908396780E-1));
#7741=CARTESIAN_POINT('',(1.99E0,1.05E-1,4.96E-1));
#7743=CURVE_STYLE('',#47,POSITIVE_LENGTH_MEASURE(2.E-2),#28);
#7744=PRESENTATION_STYLE_ASSIGNMENT((#7743));
#7745=STYLED_ITEM('',(#7744),#7742);
#7746=DIRECTION('',(0.E0,9.805806756909E-1,1.961161351382E-1));
#7747=VECTOR('',#7746,1.124106837735E-1);
#7748=CARTESIAN_POINT('',(2.E0,0.E0,4.75E-1));
#7749=LINE('',#7748,#7747);
#7750=CURVE_STYLE('',#47,POSITIVE_LENGTH_MEASURE(2.E-2),#28);
#7751=PRESENTATION_STYLE_ASSIGNMENT((#7750));
#7752=STYLED_ITEM('',(#7751),#7749);
#7753=DIRECTION('',(-1.E0,0.E0,0.E0));
#7754=VECTOR('',#7753,4.E-1);
#7755=CARTESIAN_POINT('',(2.E0,0.E0,4.75E-1));
#7756=LINE('',#7755,#7754);
#7757=CURVE_STYLE('',#47,POSITIVE_LENGTH_MEASURE(2.E-2),#28);
#7758=PRESENTATION_STYLE_ASSIGNMENT((#7757));
#7759=STYLED_ITEM('',(#7758),#7756);
#7760=DIRECTION('',(1.E0,0.E0,0.E0));
#7761=VECTOR('',#7760,3.9E-1);
#7762=CARTESIAN_POINT('',(1.6E0,1.714623540487E-2,4.784292470810E-1));
#7763=LINE('',#7762,#7761);
#7764=CURVE_STYLE('',#47,POSITIVE_LENGTH_MEASURE(2.E-2),#28);
#7765=PRESENTATION_STYLE_ASSIGNMENT((#7764));
#7766=STYLED_ITEM('',(#7765),#7763);
#7767=DIRECTION('',(0.E0,0.E0,-1.E0));
#7768=VECTOR('',#7767,3.068584941619E-1);
#7769=CARTESIAN_POINT('',(1.99E0,1.714623540487E-2,4.784292470810E-1));
#7770=LINE('',#7769,#7768);
#7771=CURVE_STYLE('',#47,POSITIVE_LENGTH_MEASURE(2.E-2),#28);
#7772=PRESENTATION_STYLE_ASSIGNMENT((#7771));
#7773=STYLED_ITEM('',(#7772),#7770);
#7774=DIRECTION('',(0.E0,-9.805806756909E-1,1.961161351382E-1));
#7775=VECTOR('',#7774,8.959361200263E-2);
#7776=CARTESIAN_POINT('',(1.99E0,1.05E-1,1.54E-1));
#7777=LINE('',#7776,#7775);
#7778=CURVE_STYLE('',#47,POSITIVE_LENGTH_MEASURE(2.E-2),#28);
#7779=PRESENTATION_STYLE_ASSIGNMENT((#7778));
#7780=STYLED_ITEM('',(#7779),#7777);
#7781=DIRECTION('',(1.E0,0.E0,0.E0));
#7782=VECTOR('',#7781,3.9E-1);
#7783=CARTESIAN_POINT('',(1.6E0,1.714623540487E-2,1.715707529190E-1));
#7784=LINE('',#7783,#7782);
#7785=CURVE_STYLE('',#47,POSITIVE_LENGTH_MEASURE(2.E-2),#28);
#7786=PRESENTATION_STYLE_ASSIGNMENT((#7785));
#7787=STYLED_ITEM('',(#7786),#7784);
#7788=DIRECTION('',(0.E0,-9.805806756909E-1,1.961161351382E-1));
#7789=VECTOR('',#7788,1.124106837735E-1);
#7790=CARTESIAN_POINT('',(2.E0,1.102277442495E-1,1.529544511501E-1));
#7791=LINE('',#7790,#7789);
#7792=CURVE_STYLE('',#47,POSITIVE_LENGTH_MEASURE(2.E-2),#28);
#7793=PRESENTATION_STYLE_ASSIGNMENT((#7792));
#7794=STYLED_ITEM('',(#7793),#7791);
#7795=CARTESIAN_POINT('',(2.E0,1.102277442495E-1,1.529544511501E-1));
#7796=CARTESIAN_POINT('',(1.996822968767E0,1.081975906321E-1,
1.533604818736E-1));
#7797=CARTESIAN_POINT('',(1.993490076136E0,1.064541983901E-1,
1.537091603220E-1));
#7798=CARTESIAN_POINT('',(1.99E0,1.05E-1,1.54E-1));
#7800=CURVE_STYLE('',#47,POSITIVE_LENGTH_MEASURE(2.E-2),#28);
#7801=PRESENTATION_STYLE_ASSIGNMENT((#7800));
#7802=STYLED_ITEM('',(#7801),#7799);
#7803=DIRECTION('',(0.E0,0.E0,1.E0));
#7804=VECTOR('',#7803,3.068584941619E-1);
#7805=CARTESIAN_POINT('',(1.6E0,1.714623540487E-2,1.715707529190E-1));
#7806=LINE('',#7805,#7804);
#7807=CURVE_STYLE('',#47,POSITIVE_LENGTH_MEASURE(2.E-2),#28);
#7808=PRESENTATION_STYLE_ASSIGNMENT((#7807));
#7809=STYLED_ITEM('',(#7808),#7806);
#7810=DIRECTION('',(0.E0,9.805806756909E-1,1.961161351382E-1));
#7811=VECTOR('',#7810,1.748579778282E-2);
#7812=CARTESIAN_POINT('',(1.6E0,0.E0,4.75E-1));
#7813=LINE('',#7812,#7811);
#7814=CURVE_STYLE('',#47,POSITIVE_LENGTH_MEASURE(2.E-2),#28);
#7815=PRESENTATION_STYLE_ASSIGNMENT((#7814));
#7816=STYLED_ITEM('',(#7815),#7813);
#7817=DIRECTION('',(0.E0,0.E0,1.E0));
#7818=VECTOR('',#7817,3.E-1);
#7819=CARTESIAN_POINT('',(1.6E0,0.E0,1.75E-1));
#7820=LINE('',#7819,#7818);
#7821=CURVE_STYLE('',#47,POSITIVE_LENGTH_MEASURE(2.E-2),#28);
#7822=PRESENTATION_STYLE_ASSIGNMENT((#7821));
#7823=STYLED_ITEM('',(#7822),#7820);
#7824=DIRECTION('',(0.E0,-9.805806756909E-1,1.961161351382E-1));
#7825=VECTOR('',#7824,1.748579778282E-2);
#7826=CARTESIAN_POINT('',(1.6E0,1.714623540487E-2,1.715707529190E-1));
#7827=LINE('',#7826,#7825);
#7828=CURVE_STYLE('',#47,POSITIVE_LENGTH_MEASURE(2.E-2),#28);
#7829=PRESENTATION_STYLE_ASSIGNMENT((#7828));
#7830=STYLED_ITEM('',(#7829),#7827);
#7831=DIRECTION('',(0.E0,0.E0,-1.E0));
#7832=VECTOR('',#7831,3.42E-1);
#7833=CARTESIAN_POINT('',(1.99E0,1.05E-1,4.96E-1));
#7834=LINE('',#7833,#7832);
#7835=CURVE_STYLE('',#47,POSITIVE_LENGTH_MEASURE(2.E-2),#28);
#7836=PRESENTATION_STYLE_ASSIGNMENT((#7835));
#7837=STYLED_ITEM('',(#7836),#7834);
#7838=CARTESIAN_POINT('',(1.6E0,0.E0,1.75E-1));
#7839=CARTESIAN_POINT('',(1.6E0,0.E0,4.75E-1));
#7840=VERTEX_POINT('',#7838);
#7841=VERTEX_POINT('',#7839);
#7842=CARTESIAN_POINT('',(2.E0,0.E0,1.75E-1));
#7843=CARTESIAN_POINT('',(2.E0,0.E0,4.75E-1));
#7844=VERTEX_POINT('',#7842);
#7845=VERTEX_POINT('',#7843);
#7846=CARTESIAN_POINT('',(2.E0,1.102277442495E-1,1.529544511501E-1));
#7847=VERTEX_POINT('',#7846);
#7848=CARTESIAN_POINT('',(2.E0,1.102277442495E-1,4.970455488499E-1));
#7849=VERTEX_POINT('',#7848);
#7850=CARTESIAN_POINT('',(1.6E0,1.714623540487E-2,1.715707529190E-1));
#7851=CARTESIAN_POINT('',(1.6E0,1.714623540487E-2,4.784292470810E-1));
#7852=VERTEX_POINT('',#7850);
#7853=VERTEX_POINT('',#7851);
#7854=CARTESIAN_POINT('',(1.99E0,1.05E-1,1.54E-1));
#7855=CARTESIAN_POINT('',(1.99E0,1.714623540487E-2,1.715707529190E-1));
#7856=VERTEX_POINT('',#7854);
#7857=VERTEX_POINT('',#7855);
#7858=CARTESIAN_POINT('',(1.99E0,1.05E-1,4.96E-1));
#7859=CARTESIAN_POINT('',(1.99E0,1.714623540487E-2,4.784292470810E-1));
#7860=VERTEX_POINT('',#7858);
#7861=VERTEX_POINT('',#7859);
#7862=CARTESIAN_POINT('',(0.E0,0.E0,0.E0));
#7863=DIRECTION('',(0.E0,1.E0,0.E0));
#7864=DIRECTION('',(1.E0,0.E0,0.E0));
#7865=AXIS2_PLACEMENT_3D('',#7862,#7863,#7864);
#7866=PLANE('',#7865);
#7868=ORIENTED_EDGE('',*,*,#7867,.F.);
#7870=ORIENTED_EDGE('',*,*,#7869,.T.);
#7872=ORIENTED_EDGE('',*,*,#7871,.T.);
#7874=ORIENTED_EDGE('',*,*,#7873,.F.);
#7875=EDGE_LOOP('',(#7868,#7870,#7872,#7874));
#7876=FACE_OUTER_BOUND('',#7875,.F.);
#7877=ADVANCED_FACE('',(#7876),#7866,.F.);
#7878=FILL_AREA_STYLE_COLOUR('',#34);
#7879=FILL_AREA_STYLE('',(#7878));
#7880=SURFACE_STYLE_FILL_AREA(#7879);
#7881=SURFACE_SIDE_STYLE('',(#7880));
#7882=SURFACE_STYLE_USAGE(.NEGATIVE.,#7881);
#7883=PRESENTATION_STYLE_ASSIGNMENT((#7882));
#7884=OVER_RIDING_STYLED_ITEM('',(#7883),#7877,#7709);
#7885=CARTESIAN_POINT('',(2.E0,2.E-1,-2.E0));
#7886=DIRECTION('',(-1.E0,0.E0,0.E0));
#7887=DIRECTION('',(0.E0,0.E0,1.E0));
#7888=AXIS2_PLACEMENT_3D('',#7885,#7886,#7887);
#7889=PLANE('',#7888);
#7890=ORIENTED_EDGE('',*,*,#7867,.T.);
#7892=ORIENTED_EDGE('',*,*,#7891,.T.);
#7894=ORIENTED_EDGE('',*,*,#7893,.T.);
#7896=ORIENTED_EDGE('',*,*,#7895,.T.);
#7897=EDGE_LOOP('',(#7890,#7892,#7894,#7896));
#7898=FACE_OUTER_BOUND('',#7897,.F.);
#7899=ADVANCED_FACE('',(#7898),#7889,.F.);
#7900=CARTESIAN_POINT('',(2.05E0,0.E0,4.75E-1));
#7901=DIRECTION('',(0.E0,-1.961161351382E-1,9.805806756909E-1));
#7902=DIRECTION('',(0.E0,9.805806756909E-1,1.961161351382E-1));
#7903=AXIS2_PLACEMENT_3D('',#7900,#7901,#7902);
#7904=PLANE('',#7903);
#7906=ORIENTED_EDGE('',*,*,#7905,.F.);
#7908=ORIENTED_EDGE('',*,*,#7907,.F.);
#7909=ORIENTED_EDGE('',*,*,#7891,.F.);
#7910=ORIENTED_EDGE('',*,*,#7873,.T.);
#7912=ORIENTED_EDGE('',*,*,#7911,.T.);
#7914=ORIENTED_EDGE('',*,*,#7913,.T.);
#7915=EDGE_LOOP('',(#7906,#7908,#7909,#7910,#7912,#7914));
#7916=FACE_OUTER_BOUND('',#7915,.F.);
#7917=ADVANCED_FACE('',(#7916),#7904,.T.);
#7918=CARTESIAN_POINT('',(1.99E0,0.E0,0.E0));
#7919=DIRECTION('',(1.E0,0.E0,0.E0));
#7920=DIRECTION('',(0.E0,0.E0,-1.E0));
#7921=AXIS2_PLACEMENT_3D('',#7918,#7919,#7920);
#7922=PLANE('',#7921);
#7924=ORIENTED_EDGE('',*,*,#7923,.F.);
#7926=ORIENTED_EDGE('',*,*,#7925,.F.);
#7927=ORIENTED_EDGE('',*,*,#7905,.T.);
#7929=ORIENTED_EDGE('',*,*,#7928,.T.);
#7930=EDGE_LOOP('',(#7924,#7926,#7927,#7929));
#7931=FACE_OUTER_BOUND('',#7930,.F.);
#7932=ADVANCED_FACE('',(#7931),#7922,.F.);
#7933=CARTESIAN_POINT('',(2.05E0,2.E-1,1.35E-1));
#7934=DIRECTION('',(0.E0,-1.961161351382E-1,-9.805806756909E-1));
#7935=DIRECTION('',(0.E0,-9.805806756909E-1,1.961161351382E-1));
#7936=AXIS2_PLACEMENT_3D('',#7933,#7934,#7935);
#7937=PLANE('',#7936);
#7938=ORIENTED_EDGE('',*,*,#7923,.T.);
#7940=ORIENTED_EDGE('',*,*,#7939,.F.);
#7942=ORIENTED_EDGE('',*,*,#7941,.T.);
#7943=ORIENTED_EDGE('',*,*,#7869,.F.);
#7944=ORIENTED_EDGE('',*,*,#7895,.F.);
#7946=ORIENTED_EDGE('',*,*,#7945,.T.);
#7947=EDGE_LOOP('',(#7938,#7940,#7942,#7943,#7944,#7946));
#7948=FACE_OUTER_BOUND('',#7947,.F.);
#7949=ADVANCED_FACE('',(#7948),#7937,.T.);
#7950=CARTESIAN_POINT('',(-1.99E0,1.714623540487E-2,1.981526119019E0));
#7951=DIRECTION('',(0.E0,-1.E0,0.E0));
#7952=DIRECTION('',(0.E0,0.E0,-1.E0));
#7953=AXIS2_PLACEMENT_3D('',#7950,#7951,#7952);
#7954=PLANE('',#7953);
#7956=ORIENTED_EDGE('',*,*,#7955,.F.);
#7957=ORIENTED_EDGE('',*,*,#7939,.T.);
#7958=ORIENTED_EDGE('',*,*,#7928,.F.);
#7959=ORIENTED_EDGE('',*,*,#7913,.F.);
#7960=EDGE_LOOP('',(#7956,#7957,#7958,#7959));
#7961=FACE_OUTER_BOUND('',#7960,.F.);
#7962=ADVANCED_FACE('',(#7961),#7954,.F.);
#7963=CARTESIAN_POINT('',(1.6E0,2.E-1,0.E0));
#7964=DIRECTION('',(-1.E0,0.E0,0.E0));
#7965=DIRECTION('',(0.E0,0.E0,1.E0));
#7966=AXIS2_PLACEMENT_3D('',#7963,#7964,#7965);
#7967=PLANE('',#7966);
#7968=ORIENTED_EDGE('',*,*,#7955,.T.);
#7969=ORIENTED_EDGE('',*,*,#7911,.F.);
#7970=ORIENTED_EDGE('',*,*,#7871,.F.);
#7971=ORIENTED_EDGE('',*,*,#7941,.F.);
#7972=EDGE_LOOP('',(#7968,#7969,#7970,#7971));
#7973=FACE_OUTER_BOUND('',#7972,.F.);
#7974=ADVANCED_FACE('',(#7973),#7967,.T.);
#7975=CARTESIAN_POINT('',(1.965E0,1.65E-1,1.25E0));
#7976=DIRECTION('',(0.E0,0.E0,-1.E0));
#7977=DIRECTION('',(-1.E0,0.E0,0.E0));
#7978=AXIS2_PLACEMENT_3D('',#7975,#7976,#7977);
#7979=CYLINDRICAL_SURFACE('',#7978,6.5E-2);
#7980=ORIENTED_EDGE('',*,*,#7925,.T.);
#7981=ORIENTED_EDGE('',*,*,#7945,.F.);
#7982=ORIENTED_EDGE('',*,*,#7893,.F.);
#7983=ORIENTED_EDGE('',*,*,#7907,.T.);
#7984=EDGE_LOOP('',(#7980,#7981,#7982,#7983));
#7985=FACE_OUTER_BOUND('',#7984,.F.);
#7986=ADVANCED_FACE('',(#7985),#7979,.F.);
#7987=CLOSED_SHELL('',(#7877,#7899,#7917,#7932,#7949,#7962,#7974,#7986));
#7988=MANIFOLD_SOLID_BREP('',#7987);
#7989=FILL_AREA_STYLE_COLOUR('',#28);
#7990=FILL_AREA_STYLE('',(#7989));
#7991=SURFACE_STYLE_FILL_AREA(#7990);
#7992=SURFACE_SIDE_STYLE('',(#7991));
#7993=SURFACE_STYLE_USAGE(.POSITIVE.,#7992);
#7994=PRESENTATION_STYLE_ASSIGNMENT((#7993));
#7709=STYLED_ITEM('',(#7994),#7988);
#7996=DIRECTION('',(-1.E0,0.E0,0.E0));
#7997=VECTOR('',#7996,3.E-1);
#7998=CARTESIAN_POINT('',(1.125E0,0.E0,2.E0));
#7999=LINE('',#7998,#7997);
#8000=CURVE_STYLE('',#47,POSITIVE_LENGTH_MEASURE(2.E-2),#28);
#8001=PRESENTATION_STYLE_ASSIGNMENT((#8000));
#8002=STYLED_ITEM('',(#8001),#7999);
#8003=DIRECTION('',(0.E0,0.E0,-1.E0));
#8004=VECTOR('',#8003,4.E-1);
#8005=CARTESIAN_POINT('',(8.25E-1,0.E0,2.E0));
#8006=LINE('',#8005,#8004);
#8007=CURVE_STYLE('',#47,POSITIVE_LENGTH_MEASURE(2.E-2),#28);
#8008=PRESENTATION_STYLE_ASSIGNMENT((#8007));
#8009=STYLED_ITEM('',(#8008),#8006);
#8010=DIRECTION('',(1.E0,0.E0,0.E0));
#8011=VECTOR('',#8010,3.440910976998E-1);
#8012=CARTESIAN_POINT('',(8.029544511501E-1,1.102277442495E-1,2.E0));
#8013=LINE('',#8012,#8011);
#8014=CURVE_STYLE('',#47,POSITIVE_LENGTH_MEASURE(2.E-2),#28);
#8015=PRESENTATION_STYLE_ASSIGNMENT((#8014));
#8016=STYLED_ITEM('',(#8015),#8013);
#8017=DIRECTION('',(0.E0,0.E0,1.E0));
#8018=VECTOR('',#8017,3.815261190193E-1);
#8019=CARTESIAN_POINT('',(8.215707529190E-1,1.714623540487E-2,1.6E0));
#8020=LINE('',#8019,#8018);
#8021=CURVE_STYLE('',#47,POSITIVE_LENGTH_MEASURE(2.E-2),#28);
#8022=PRESENTATION_STYLE_ASSIGNMENT((#8021));
#8023=STYLED_ITEM('',(#8022),#8020);
#8024=DIRECTION('',(1.961161351382E-1,-9.805806756909E-1,0.E0));
#8025=VECTOR('',#8024,8.667285392780E-2);
#8026=CARTESIAN_POINT('',(8.045728077853E-1,1.021359610735E-1,
1.981526119019E0));
#8027=LINE('',#8026,#8025);
#8028=CURVE_STYLE('',#47,POSITIVE_LENGTH_MEASURE(2.E-2),#28);
#8029=PRESENTATION_STYLE_ASSIGNMENT((#8028));
#8030=STYLED_ITEM('',(#8029),#8027);
#8031=CARTESIAN_POINT('',(8.029544511501E-1,1.102277442495E-1,2.E0));
#8032=CARTESIAN_POINT('',(8.036856796264E-1,1.065716018681E-1,
1.994278423841E0));
#8033=CARTESIAN_POINT('',(8.042259918205E-1,1.038700408976E-1,
1.988122420392E0));
#8034=CARTESIAN_POINT('',(8.045728077853E-1,1.021359610735E-1,
1.981526119019E0));
#8036=CURVE_STYLE('',#47,POSITIVE_LENGTH_MEASURE(2.E-2),#28);
#8037=PRESENTATION_STYLE_ASSIGNMENT((#8036));
#8038=STYLED_ITEM('',(#8037),#8035);
#8039=DIRECTION('',(1.961161351382E-1,-9.805806756909E-1,0.E0));
#8040=VECTOR('',#8039,1.124106837735E-1);
#8041=CARTESIAN_POINT('',(8.029544511501E-1,1.102277442495E-1,2.E0));
#8042=LINE('',#8041,#8040);
#8043=CURVE_STYLE('',#47,POSITIVE_LENGTH_MEASURE(2.E-2),#28);
#8044=PRESENTATION_STYLE_ASSIGNMENT((#8043));
#8045=STYLED_ITEM('',(#8044),#8042);
#8046=DIRECTION('',(1.E0,0.E0,0.E0));
#8047=VECTOR('',#8046,3.068584941619E-1);
#8048=CARTESIAN_POINT('',(8.215707529190E-1,1.714623540487E-2,
1.981526119019E0));
#8049=LINE('',#8048,#8047);
#8050=CURVE_STYLE('',#47,POSITIVE_LENGTH_MEASURE(2.E-2),#28);
#8051=PRESENTATION_STYLE_ASSIGNMENT((#8050));
#8052=STYLED_ITEM('',(#8051),#8049);
#8053=DIRECTION('',(1.E0,0.E0,0.E0));
#8054=VECTOR('',#8053,3.068584941619E-1);
#8055=CARTESIAN_POINT('',(8.215707529190E-1,1.714623540487E-2,1.6E0));
#8056=LINE('',#8055,#8054);
#8057=CURVE_STYLE('',#47,POSITIVE_LENGTH_MEASURE(2.E-2),#28);
#8058=PRESENTATION_STYLE_ASSIGNMENT((#8057));
#8059=STYLED_ITEM('',(#8058),#8056);
#8060=DIRECTION('',(1.961161351382E-1,-9.805806756909E-1,0.E0));
#8061=VECTOR('',#8060,1.748579778282E-2);
#8062=CARTESIAN_POINT('',(8.215707529190E-1,1.714623540487E-2,1.6E0));
#8063=LINE('',#8062,#8061);
#8064=CURVE_STYLE('',#47,POSITIVE_LENGTH_MEASURE(2.E-2),#28);
#8065=PRESENTATION_STYLE_ASSIGNMENT((#8064));
#8066=STYLED_ITEM('',(#8065),#8063);
#8067=DIRECTION('',(1.E0,0.E0,0.E0));
#8068=VECTOR('',#8067,3.E-1);
#8069=CARTESIAN_POINT('',(8.25E-1,0.E0,1.6E0));
#8070=LINE('',#8069,#8068);
#8071=CURVE_STYLE('',#47,POSITIVE_LENGTH_MEASURE(2.E-2),#28);
#8072=PRESENTATION_STYLE_ASSIGNMENT((#8071));
#8073=STYLED_ITEM('',(#8072),#8070);
#8074=DIRECTION('',(1.961161351382E-1,9.805806756909E-1,0.E0));
#8075=VECTOR('',#8074,1.748579778282E-2);
#8076=CARTESIAN_POINT('',(1.125E0,0.E0,1.6E0));
#8077=LINE('',#8076,#8075);
#8078=CURVE_STYLE('',#47,POSITIVE_LENGTH_MEASURE(2.E-2),#28);
#8079=PRESENTATION_STYLE_ASSIGNMENT((#8078));
#8080=STYLED_ITEM('',(#8079),#8077);
#8081=DIRECTION('',(0.E0,0.E0,1.E0));
#8082=VECTOR('',#8081,3.815261190193E-1);
#8083=CARTESIAN_POINT('',(1.128429247081E0,1.714623540487E-2,1.6E0));
#8084=LINE('',#8083,#8082);
#8085=CURVE_STYLE('',#47,POSITIVE_LENGTH_MEASURE(2.E-2),#28);
#8086=PRESENTATION_STYLE_ASSIGNMENT((#8085));
#8087=STYLED_ITEM('',(#8086),#8084);
#8088=DIRECTION('',(0.E0,0.E0,-1.E0));
#8089=VECTOR('',#8088,4.E-1);
#8090=CARTESIAN_POINT('',(1.125E0,0.E0,2.E0));
#8091=LINE('',#8090,#8089);
#8092=CURVE_STYLE('',#47,POSITIVE_LENGTH_MEASURE(2.E-2),#28);
#8093=PRESENTATION_STYLE_ASSIGNMENT((#8092));
#8094=STYLED_ITEM('',(#8093),#8091);
#8095=DIRECTION('',(1.961161351382E-1,9.805806756909E-1,0.E0));
#8096=VECTOR('',#8095,1.124106837735E-1);
#8097=CARTESIAN_POINT('',(1.125E0,0.E0,2.E0));
#8098=LINE('',#8097,#8096);
#8099=CURVE_STYLE('',#47,POSITIVE_LENGTH_MEASURE(2.E-2),#28);
#8100=PRESENTATION_STYLE_ASSIGNMENT((#8099));
#8101=STYLED_ITEM('',(#8100),#8098);
#8102=CARTESIAN_POINT('',(1.147045548850E0,1.102277442495E-1,2.E0));
#8103=CARTESIAN_POINT('',(1.146314320374E0,1.065716018681E-1,1.994278423841E0));
#8104=CARTESIAN_POINT('',(1.145774008180E0,1.038700408976E-1,1.988122420392E0));
#8105=CARTESIAN_POINT('',(1.145427192215E0,1.021359610735E-1,1.981526119019E0));
#8107=CURVE_STYLE('',#47,POSITIVE_LENGTH_MEASURE(2.E-2),#28);
#8108=PRESENTATION_STYLE_ASSIGNMENT((#8107));
#8109=STYLED_ITEM('',(#8108),#8106);
#8110=DIRECTION('',(-1.961161351382E-1,-9.805806756909E-1,0.E0));
#8111=VECTOR('',#8110,8.667285392780E-2);
#8112=CARTESIAN_POINT('',(1.145427192215E0,1.021359610735E-1,1.981526119019E0));
#8113=LINE('',#8112,#8111);
#8114=CURVE_STYLE('',#47,POSITIVE_LENGTH_MEASURE(2.E-2),#28);
#8115=PRESENTATION_STYLE_ASSIGNMENT((#8114));
#8116=STYLED_ITEM('',(#8115),#8113);
#8117=DIRECTION('',(1.E0,0.E0,0.E0));
#8118=VECTOR('',#8117,3.408543844294E-1);
#8119=CARTESIAN_POINT('',(8.045728077853E-1,1.021359610735E-1,
1.981526119019E0));
#8120=LINE('',#8119,#8118);
#8121=CURVE_STYLE('',#47,POSITIVE_LENGTH_MEASURE(2.E-2),#28);
#8122=PRESENTATION_STYLE_ASSIGNMENT((#8121));
#8123=STYLED_ITEM('',(#8122),#8120);
#8124=CARTESIAN_POINT('',(8.25E-1,0.E0,1.6E0));
#8125=CARTESIAN_POINT('',(1.125E0,0.E0,1.6E0));
#8126=VERTEX_POINT('',#8124);
#8127=VERTEX_POINT('',#8125);
#8128=CARTESIAN_POINT('',(1.125E0,0.E0,2.E0));
#8129=CARTESIAN_POINT('',(8.25E-1,0.E0,2.E0));
#8130=VERTEX_POINT('',#8128);
#8131=VERTEX_POINT('',#8129);
#8132=CARTESIAN_POINT('',(8.029544511501E-1,1.102277442495E-1,2.E0));
#8133=VERTEX_POINT('',#8132);
#8134=CARTESIAN_POINT('',(1.147045548850E0,1.102277442495E-1,2.E0));
#8135=VERTEX_POINT('',#8134);
#8136=CARTESIAN_POINT('',(8.215707529190E-1,1.714623540487E-2,1.6E0));
#8137=CARTESIAN_POINT('',(1.128429247081E0,1.714623540487E-2,1.6E0));
#8138=VERTEX_POINT('',#8136);
#8139=VERTEX_POINT('',#8137);
#8140=CARTESIAN_POINT('',(8.215707529190E-1,1.714623540487E-2,
1.981526119019E0));
#8141=VERTEX_POINT('',#8140);
#8142=CARTESIAN_POINT('',(8.045728077853E-1,1.021359610735E-1,
1.981526119019E0));
#8143=VERTEX_POINT('',#8142);
#8144=CARTESIAN_POINT('',(1.128429247081E0,1.714623540487E-2,1.981526119019E0));
#8145=VERTEX_POINT('',#8144);
#8146=CARTESIAN_POINT('',(1.145427192215E0,1.021359610735E-1,1.981526119019E0));
#8147=VERTEX_POINT('',#8146);
#8148=CARTESIAN_POINT('',(0.E0,0.E0,0.E0));
#8149=DIRECTION('',(0.E0,1.E0,0.E0));
#8150=DIRECTION('',(1.E0,0.E0,0.E0));
#8151=AXIS2_PLACEMENT_3D('',#8148,#8149,#8150);
#8152=PLANE('',#8151);
#8154=ORIENTED_EDGE('',*,*,#8153,.F.);
#8156=ORIENTED_EDGE('',*,*,#8155,.T.);
#8158=ORIENTED_EDGE('',*,*,#8157,.F.);
#8160=ORIENTED_EDGE('',*,*,#8159,.F.);
#8161=EDGE_LOOP('',(#8154,#8156,#8158,#8160));
#8162=FACE_OUTER_BOUND('',#8161,.F.);
#8163=ADVANCED_FACE('',(#8162),#8152,.F.);
#8164=FILL_AREA_STYLE_COLOUR('',#34);
#8165=FILL_AREA_STYLE('',(#8164));
#8166=SURFACE_STYLE_FILL_AREA(#8165);
#8167=SURFACE_SIDE_STYLE('',(#8166));
#8168=SURFACE_STYLE_USAGE(.NEGATIVE.,#8167);
#8169=PRESENTATION_STYLE_ASSIGNMENT((#8168));
#8170=OVER_RIDING_STYLED_ITEM('',(#8169),#8163,#7995);
#8171=CARTESIAN_POINT('',(2.E0,2.E-1,2.E0));
#8172=DIRECTION('',(0.E0,0.E0,-1.E0));
#8173=DIRECTION('',(-1.E0,0.E0,0.E0));
#8174=AXIS2_PLACEMENT_3D('',#8171,#8172,#8173);
#8175=PLANE('',#8174);
#8176=ORIENTED_EDGE('',*,*,#8153,.T.);
#8178=ORIENTED_EDGE('',*,*,#8177,.F.);
#8180=ORIENTED_EDGE('',*,*,#8179,.T.);
#8182=ORIENTED_EDGE('',*,*,#8181,.F.);
#8183=EDGE_LOOP('',(#8176,#8178,#8180,#8182));
#8184=FACE_OUTER_BOUND('',#8183,.F.);
#8185=ADVANCED_FACE('',(#8184),#8175,.F.);
#8186=CARTESIAN_POINT('',(7.85E-1,2.E-1,2.05E0));
#8187=DIRECTION('',(9.805806756909E-1,1.961161351382E-1,0.E0));
#8188=DIRECTION('',(1.961161351382E-1,-9.805806756909E-1,0.E0));
#8189=AXIS2_PLACEMENT_3D('',#8186,#8187,#8188);
#8190=PLANE('',#8189);
#8192=ORIENTED_EDGE('',*,*,#8191,.T.);
#8194=ORIENTED_EDGE('',*,*,#8193,.F.);
#8196=ORIENTED_EDGE('',*,*,#8195,.F.);
#8197=ORIENTED_EDGE('',*,*,#8177,.T.);
#8198=ORIENTED_EDGE('',*,*,#8159,.T.);
#8200=ORIENTED_EDGE('',*,*,#8199,.F.);
#8201=EDGE_LOOP('',(#8192,#8194,#8196,#8197,#8198,#8200));
#8202=FACE_OUTER_BOUND('',#8201,.F.);
#8203=ADVANCED_FACE('',(#8202),#8190,.F.);
#8204=CARTESIAN_POINT('',(-1.99E0,1.714623540487E-2,1.981526119019E0));
#8205=DIRECTION('',(0.E0,-1.E0,0.E0));
#8206=DIRECTION('',(0.E0,0.E0,-1.E0));
#8207=AXIS2_PLACEMENT_3D('',#8204,#8205,#8206);
#8208=PLANE('',#8207);
#8210=ORIENTED_EDGE('',*,*,#8209,.T.);
#8212=ORIENTED_EDGE('',*,*,#8211,.T.);
#8214=ORIENTED_EDGE('',*,*,#8213,.F.);
#8215=ORIENTED_EDGE('',*,*,#8191,.F.);
#8216=EDGE_LOOP('',(#8210,#8212,#8214,#8215));
#8217=FACE_OUTER_BOUND('',#8216,.F.);
#8218=ADVANCED_FACE('',(#8217),#8208,.F.);
#8219=CARTESIAN_POINT('',(0.E0,2.E-1,1.6E0));
#8220=DIRECTION('',(0.E0,0.E0,1.E0));
#8221=DIRECTION('',(1.E0,0.E0,0.E0));
#8222=AXIS2_PLACEMENT_3D('',#8219,#8220,#8221);
#8223=PLANE('',#8222);
#8224=ORIENTED_EDGE('',*,*,#8209,.F.);
#8225=ORIENTED_EDGE('',*,*,#8199,.T.);
#8226=ORIENTED_EDGE('',*,*,#8157,.T.);
#8228=ORIENTED_EDGE('',*,*,#8227,.T.);
#8229=EDGE_LOOP('',(#8224,#8225,#8226,#8228));
#8230=FACE_OUTER_BOUND('',#8229,.F.);
#8231=ADVANCED_FACE('',(#8230),#8223,.F.);
#8232=CARTESIAN_POINT('',(1.125E0,0.E0,2.05E0));
#8233=DIRECTION('',(-9.805806756909E-1,1.961161351382E-1,0.E0));
#8234=DIRECTION('',(1.961161351382E-1,9.805806756909E-1,0.E0));
#8235=AXIS2_PLACEMENT_3D('',#8232,#8233,#8234);
#8236=PLANE('',#8235);
#8237=ORIENTED_EDGE('',*,*,#8211,.F.);
#8238=ORIENTED_EDGE('',*,*,#8227,.F.);
#8239=ORIENTED_EDGE('',*,*,#8155,.F.);
#8240=ORIENTED_EDGE('',*,*,#8181,.T.);
#8242=ORIENTED_EDGE('',*,*,#8241,.T.);
#8244=ORIENTED_EDGE('',*,*,#8243,.T.);
#8245=EDGE_LOOP('',(#8237,#8238,#8239,#8240,#8242,#8244));
#8246=FACE_OUTER_BOUND('',#8245,.F.);
#8247=ADVANCED_FACE('',(#8246),#8236,.F.);
#8248=CARTESIAN_POINT('',(1.25E0,1.65E-1,1.965E0));
#8249=DIRECTION('',(1.E0,0.E0,0.E0));
#8250=DIRECTION('',(0.E0,0.E0,-1.E0));
#8251=AXIS2_PLACEMENT_3D('',#8248,#8249,#8250);
#8252=CYLINDRICAL_SURFACE('',#8251,6.5E-2);
#8254=ORIENTED_EDGE('',*,*,#8253,.T.);
#8255=ORIENTED_EDGE('',*,*,#8241,.F.);
#8256=ORIENTED_EDGE('',*,*,#8179,.F.);
#8257=ORIENTED_EDGE('',*,*,#8195,.T.);
#8258=EDGE_LOOP('',(#8254,#8255,#8256,#8257));
#8259=FACE_OUTER_BOUND('',#8258,.F.);
#8260=ADVANCED_FACE('',(#8259),#8252,.F.);
#8261=CARTESIAN_POINT('',(-1.99E0,2.345462236214E-1,1.981526119019E0));
#8262=DIRECTION('',(0.E0,0.E0,1.E0));
#8263=DIRECTION('',(0.E0,-1.E0,0.E0));
#8264=AXIS2_PLACEMENT_3D('',#8261,#8262,#8263);
#8265=PLANE('',#8264);
#8266=ORIENTED_EDGE('',*,*,#8193,.T.);
#8267=ORIENTED_EDGE('',*,*,#8213,.T.);
#8268=ORIENTED_EDGE('',*,*,#8243,.F.);
#8269=ORIENTED_EDGE('',*,*,#8253,.F.);
#8270=EDGE_LOOP('',(#8266,#8267,#8268,#8269));
#8271=FACE_OUTER_BOUND('',#8270,.F.);
#8272=ADVANCED_FACE('',(#8271),#8265,.F.);
#8273=CLOSED_SHELL('',(#8163,#8185,#8203,#8218,#8231,#8247,#8260,#8272));
#8274=MANIFOLD_SOLID_BREP('',#8273);
#8275=FILL_AREA_STYLE_COLOUR('',#28);
#8276=FILL_AREA_STYLE('',(#8275));
#8277=SURFACE_STYLE_FILL_AREA(#8276);
#8278=SURFACE_SIDE_STYLE('',(#8277));
#8279=SURFACE_STYLE_USAGE(.POSITIVE.,#8278);
#8280=PRESENTATION_STYLE_ASSIGNMENT((#8279));
#7995=STYLED_ITEM('',(#8280),#8274);
#8282=DIRECTION('',(-1.E0,0.E0,0.E0));
#8283=VECTOR('',#8282,3.E-1);
#8284=CARTESIAN_POINT('',(4.75E-1,0.E0,2.E0));
#8285=LINE('',#8284,#8283);
#8286=CURVE_STYLE('',#47,POSITIVE_LENGTH_MEASURE(2.E-2),#28);
#8287=PRESENTATION_STYLE_ASSIGNMENT((#8286));
#8288=STYLED_ITEM('',(#8287),#8285);
#8289=DIRECTION('',(0.E0,0.E0,-1.E0));
#8290=VECTOR('',#8289,4.E-1);
#8291=CARTESIAN_POINT('',(1.75E-1,0.E0,2.E0));
#8292=LINE('',#8291,#8290);
#8293=CURVE_STYLE('',#47,POSITIVE_LENGTH_MEASURE(2.E-2),#28);
#8294=PRESENTATION_STYLE_ASSIGNMENT((#8293));
#8295=STYLED_ITEM('',(#8294),#8292);
#8296=DIRECTION('',(1.E0,0.E0,0.E0));
#8297=VECTOR('',#8296,3.440910976998E-1);
#8298=CARTESIAN_POINT('',(1.529544511501E-1,1.102277442495E-1,2.E0));
#8299=LINE('',#8298,#8297);
#8300=CURVE_STYLE('',#47,POSITIVE_LENGTH_MEASURE(2.E-2),#28);
#8301=PRESENTATION_STYLE_ASSIGNMENT((#8300));
#8302=STYLED_ITEM('',(#8301),#8299);
#8303=DIRECTION('',(0.E0,0.E0,1.E0));
#8304=VECTOR('',#8303,3.815261190193E-1);
#8305=CARTESIAN_POINT('',(1.715707529190E-1,1.714623540487E-2,1.6E0));
#8306=LINE('',#8305,#8304);
#8307=CURVE_STYLE('',#47,POSITIVE_LENGTH_MEASURE(2.E-2),#28);
#8308=PRESENTATION_STYLE_ASSIGNMENT((#8307));
#8309=STYLED_ITEM('',(#8308),#8306);
#8310=DIRECTION('',(1.961161351382E-1,-9.805806756909E-1,0.E0));
#8311=VECTOR('',#8310,8.667285392780E-2);
#8312=CARTESIAN_POINT('',(1.545728077853E-1,1.021359610735E-1,
1.981526119019E0));
#8313=LINE('',#8312,#8311);
#8314=CURVE_STYLE('',#47,POSITIVE_LENGTH_MEASURE(2.E-2),#28);
#8315=PRESENTATION_STYLE_ASSIGNMENT((#8314));
#8316=STYLED_ITEM('',(#8315),#8313);
#8317=CARTESIAN_POINT('',(1.529544511501E-1,1.102277442495E-1,2.E0));
#8318=CARTESIAN_POINT('',(1.536856796264E-1,1.065716018681E-1,
1.994278423841E0));
#8319=CARTESIAN_POINT('',(1.542259918205E-1,1.038700408976E-1,
1.988122420392E0));
#8320=CARTESIAN_POINT('',(1.545728077853E-1,1.021359610735E-1,
1.981526119019E0));
#8322=CURVE_STYLE('',#47,POSITIVE_LENGTH_MEASURE(2.E-2),#28);
#8323=PRESENTATION_STYLE_ASSIGNMENT((#8322));
#8324=STYLED_ITEM('',(#8323),#8321);
#8325=DIRECTION('',(1.961161351382E-1,-9.805806756909E-1,0.E0));
#8326=VECTOR('',#8325,1.124106837735E-1);
#8327=CARTESIAN_POINT('',(1.529544511501E-1,1.102277442495E-1,2.E0));
#8328=LINE('',#8327,#8326);
#8329=CURVE_STYLE('',#47,POSITIVE_LENGTH_MEASURE(2.E-2),#28);
#8330=PRESENTATION_STYLE_ASSIGNMENT((#8329));
#8331=STYLED_ITEM('',(#8330),#8328);
#8332=DIRECTION('',(1.E0,0.E0,0.E0));
#8333=VECTOR('',#8332,3.068584941619E-1);
#8334=CARTESIAN_POINT('',(1.715707529190E-1,1.714623540487E-2,
1.981526119019E0));
#8335=LINE('',#8334,#8333);
#8336=CURVE_STYLE('',#47,POSITIVE_LENGTH_MEASURE(2.E-2),#28);
#8337=PRESENTATION_STYLE_ASSIGNMENT((#8336));
#8338=STYLED_ITEM('',(#8337),#8335);
#8339=DIRECTION('',(1.E0,0.E0,0.E0));
#8340=VECTOR('',#8339,3.068584941619E-1);
#8341=CARTESIAN_POINT('',(1.715707529190E-1,1.714623540487E-2,1.6E0));
#8342=LINE('',#8341,#8340);
#8343=CURVE_STYLE('',#47,POSITIVE_LENGTH_MEASURE(2.E-2),#28);
#8344=PRESENTATION_STYLE_ASSIGNMENT((#8343));
#8345=STYLED_ITEM('',(#8344),#8342);
#8346=DIRECTION('',(1.961161351382E-1,-9.805806756909E-1,0.E0));
#8347=VECTOR('',#8346,1.748579778282E-2);
#8348=CARTESIAN_POINT('',(1.715707529190E-1,1.714623540487E-2,1.6E0));
#8349=LINE('',#8348,#8347);
#8350=CURVE_STYLE('',#47,POSITIVE_LENGTH_MEASURE(2.E-2),#28);
#8351=PRESENTATION_STYLE_ASSIGNMENT((#8350));
#8352=STYLED_ITEM('',(#8351),#8349);
#8353=DIRECTION('',(1.E0,0.E0,0.E0));
#8354=VECTOR('',#8353,3.E-1);
#8355=CARTESIAN_POINT('',(1.75E-1,0.E0,1.6E0));
#8356=LINE('',#8355,#8354);
#8357=CURVE_STYLE('',#47,POSITIVE_LENGTH_MEASURE(2.E-2),#28);
#8358=PRESENTATION_STYLE_ASSIGNMENT((#8357));
#8359=STYLED_ITEM('',(#8358),#8356);
#8360=DIRECTION('',(1.961161351382E-1,9.805806756909E-1,0.E0));
#8361=VECTOR('',#8360,1.748579778282E-2);
#8362=CARTESIAN_POINT('',(4.75E-1,0.E0,1.6E0));
#8363=LINE('',#8362,#8361);
#8364=CURVE_STYLE('',#47,POSITIVE_LENGTH_MEASURE(2.E-2),#28);
#8365=PRESENTATION_STYLE_ASSIGNMENT((#8364));
#8366=STYLED_ITEM('',(#8365),#8363);
#8367=DIRECTION('',(0.E0,0.E0,1.E0));
#8368=VECTOR('',#8367,3.815261190193E-1);
#8369=CARTESIAN_POINT('',(4.784292470810E-1,1.714623540487E-2,1.6E0));
#8370=LINE('',#8369,#8368);
#8371=CURVE_STYLE('',#47,POSITIVE_LENGTH_MEASURE(2.E-2),#28);
#8372=PRESENTATION_STYLE_ASSIGNMENT((#8371));
#8373=STYLED_ITEM('',(#8372),#8370);
#8374=DIRECTION('',(0.E0,0.E0,-1.E0));
#8375=VECTOR('',#8374,4.E-1);
#8376=CARTESIAN_POINT('',(4.75E-1,0.E0,2.E0));
#8377=LINE('',#8376,#8375);
#8378=CURVE_STYLE('',#47,POSITIVE_LENGTH_MEASURE(2.E-2),#28);
#8379=PRESENTATION_STYLE_ASSIGNMENT((#8378));
#8380=STYLED_ITEM('',(#8379),#8377);
#8381=DIRECTION('',(1.961161351382E-1,9.805806756909E-1,0.E0));
#8382=VECTOR('',#8381,1.124106837735E-1);
#8383=CARTESIAN_POINT('',(4.75E-1,0.E0,2.E0));
#8384=LINE('',#8383,#8382);
#8385=CURVE_STYLE('',#47,POSITIVE_LENGTH_MEASURE(2.E-2),#28);
#8386=PRESENTATION_STYLE_ASSIGNMENT((#8385));
#8387=STYLED_ITEM('',(#8386),#8384);
#8388=CARTESIAN_POINT('',(4.970455488499E-1,1.102277442495E-1,2.E0));
#8389=CARTESIAN_POINT('',(4.963143203736E-1,1.065716018681E-1,
1.994278423841E0));
#8390=CARTESIAN_POINT('',(4.957740081795E-1,1.038700408976E-1,
1.988122420392E0));
#8391=CARTESIAN_POINT('',(4.954271922147E-1,1.021359610735E-1,
1.981526119019E0));
#8393=CURVE_STYLE('',#47,POSITIVE_LENGTH_MEASURE(2.E-2),#28);
#8394=PRESENTATION_STYLE_ASSIGNMENT((#8393));
#8395=STYLED_ITEM('',(#8394),#8392);
#8396=DIRECTION('',(-1.961161351382E-1,-9.805806756909E-1,0.E0));
#8397=VECTOR('',#8396,8.667285392780E-2);
#8398=CARTESIAN_POINT('',(4.954271922147E-1,1.021359610735E-1,
1.981526119019E0));
#8399=LINE('',#8398,#8397);
#8400=CURVE_STYLE('',#47,POSITIVE_LENGTH_MEASURE(2.E-2),#28);
#8401=PRESENTATION_STYLE_ASSIGNMENT((#8400));
#8402=STYLED_ITEM('',(#8401),#8399);
#8403=DIRECTION('',(1.E0,0.E0,0.E0));
#8404=VECTOR('',#8403,3.408543844294E-1);
#8405=CARTESIAN_POINT('',(1.545728077853E-1,1.021359610735E-1,
1.981526119019E0));
#8406=LINE('',#8405,#8404);
#8407=CURVE_STYLE('',#47,POSITIVE_LENGTH_MEASURE(2.E-2),#28);
#8408=PRESENTATION_STYLE_ASSIGNMENT((#8407));
#8409=STYLED_ITEM('',(#8408),#8406);
#8410=CARTESIAN_POINT('',(1.75E-1,0.E0,1.6E0));
#8411=CARTESIAN_POINT('',(4.75E-1,0.E0,1.6E0));
#8412=VERTEX_POINT('',#8410);
#8413=VERTEX_POINT('',#8411);
#8414=CARTESIAN_POINT('',(4.75E-1,0.E0,2.E0));
#8415=CARTESIAN_POINT('',(1.75E-1,0.E0,2.E0));
#8416=VERTEX_POINT('',#8414);
#8417=VERTEX_POINT('',#8415);
#8418=CARTESIAN_POINT('',(1.529544511501E-1,1.102277442495E-1,2.E0));
#8419=VERTEX_POINT('',#8418);
#8420=CARTESIAN_POINT('',(4.970455488499E-1,1.102277442495E-1,2.E0));
#8421=VERTEX_POINT('',#8420);
#8422=CARTESIAN_POINT('',(1.715707529190E-1,1.714623540487E-2,1.6E0));
#8423=CARTESIAN_POINT('',(4.784292470810E-1,1.714623540487E-2,1.6E0));
#8424=VERTEX_POINT('',#8422);
#8425=VERTEX_POINT('',#8423);
#8426=CARTESIAN_POINT('',(1.715707529190E-1,1.714623540487E-2,
1.981526119019E0));
#8427=VERTEX_POINT('',#8426);
#8428=CARTESIAN_POINT('',(1.545728077853E-1,1.021359610735E-1,
1.981526119019E0));
#8429=VERTEX_POINT('',#8428);
#8430=CARTESIAN_POINT('',(4.784292470810E-1,1.714623540487E-2,
1.981526119019E0));
#8431=VERTEX_POINT('',#8430);
#8432=CARTESIAN_POINT('',(4.954271922147E-1,1.021359610735E-1,
1.981526119019E0));
#8433=VERTEX_POINT('',#8432);
#8434=CARTESIAN_POINT('',(0.E0,0.E0,0.E0));
#8435=DIRECTION('',(0.E0,1.E0,0.E0));
#8436=DIRECTION('',(1.E0,0.E0,0.E0));
#8437=AXIS2_PLACEMENT_3D('',#8434,#8435,#8436);
#8438=PLANE('',#8437);
#8440=ORIENTED_EDGE('',*,*,#8439,.F.);
#8442=ORIENTED_EDGE('',*,*,#8441,.T.);
#8444=ORIENTED_EDGE('',*,*,#8443,.F.);
#8446=ORIENTED_EDGE('',*,*,#8445,.F.);
#8447=EDGE_LOOP('',(#8440,#8442,#8444,#8446));
#8448=FACE_OUTER_BOUND('',#8447,.F.);
#8449=ADVANCED_FACE('',(#8448),#8438,.F.);
#8450=FILL_AREA_STYLE_COLOUR('',#34);
#8451=FILL_AREA_STYLE('',(#8450));
#8452=SURFACE_STYLE_FILL_AREA(#8451);
#8453=SURFACE_SIDE_STYLE('',(#8452));
#8454=SURFACE_STYLE_USAGE(.NEGATIVE.,#8453);
#8455=PRESENTATION_STYLE_ASSIGNMENT((#8454));
#8456=OVER_RIDING_STYLED_ITEM('',(#8455),#8449,#8281);
#8457=CARTESIAN_POINT('',(2.E0,2.E-1,2.E0));
#8458=DIRECTION('',(0.E0,0.E0,-1.E0));
#8459=DIRECTION('',(-1.E0,0.E0,0.E0));
#8460=AXIS2_PLACEMENT_3D('',#8457,#8458,#8459);
#8461=PLANE('',#8460);
#8462=ORIENTED_EDGE('',*,*,#8439,.T.);
#8464=ORIENTED_EDGE('',*,*,#8463,.F.);
#8466=ORIENTED_EDGE('',*,*,#8465,.T.);
#8468=ORIENTED_EDGE('',*,*,#8467,.F.);
#8469=EDGE_LOOP('',(#8462,#8464,#8466,#8468));
#8470=FACE_OUTER_BOUND('',#8469,.F.);
#8471=ADVANCED_FACE('',(#8470),#8461,.F.);
#8472=CARTESIAN_POINT('',(1.35E-1,2.E-1,2.05E0));
#8473=DIRECTION('',(9.805806756909E-1,1.961161351382E-1,0.E0));
#8474=DIRECTION('',(1.961161351382E-1,-9.805806756909E-1,0.E0));
#8475=AXIS2_PLACEMENT_3D('',#8472,#8473,#8474);
#8476=PLANE('',#8475);
#8478=ORIENTED_EDGE('',*,*,#8477,.T.);
#8480=ORIENTED_EDGE('',*,*,#8479,.F.);
#8482=ORIENTED_EDGE('',*,*,#8481,.F.);
#8483=ORIENTED_EDGE('',*,*,#8463,.T.);
#8484=ORIENTED_EDGE('',*,*,#8445,.T.);
#8486=ORIENTED_EDGE('',*,*,#8485,.F.);
#8487=EDGE_LOOP('',(#8478,#8480,#8482,#8483,#8484,#8486));
#8488=FACE_OUTER_BOUND('',#8487,.F.);
#8489=ADVANCED_FACE('',(#8488),#8476,.F.);
#8490=CARTESIAN_POINT('',(-1.99E0,1.714623540487E-2,1.981526119019E0));
#8491=DIRECTION('',(0.E0,-1.E0,0.E0));
#8492=DIRECTION('',(0.E0,0.E0,-1.E0));
#8493=AXIS2_PLACEMENT_3D('',#8490,#8491,#8492);
#8494=PLANE('',#8493);
#8496=ORIENTED_EDGE('',*,*,#8495,.T.);
#8498=ORIENTED_EDGE('',*,*,#8497,.T.);
#8500=ORIENTED_EDGE('',*,*,#8499,.F.);
#8501=ORIENTED_EDGE('',*,*,#8477,.F.);
#8502=EDGE_LOOP('',(#8496,#8498,#8500,#8501));
#8503=FACE_OUTER_BOUND('',#8502,.F.);
#8504=ADVANCED_FACE('',(#8503),#8494,.F.);
#8505=CARTESIAN_POINT('',(0.E0,2.E-1,1.6E0));
#8506=DIRECTION('',(0.E0,0.E0,1.E0));
#8507=DIRECTION('',(1.E0,0.E0,0.E0));
#8508=AXIS2_PLACEMENT_3D('',#8505,#8506,#8507);
#8509=PLANE('',#8508);
#8510=ORIENTED_EDGE('',*,*,#8495,.F.);
#8511=ORIENTED_EDGE('',*,*,#8485,.T.);
#8512=ORIENTED_EDGE('',*,*,#8443,.T.);
#8514=ORIENTED_EDGE('',*,*,#8513,.T.);
#8515=EDGE_LOOP('',(#8510,#8511,#8512,#8514));
#8516=FACE_OUTER_BOUND('',#8515,.F.);
#8517=ADVANCED_FACE('',(#8516),#8509,.F.);
#8518=CARTESIAN_POINT('',(4.75E-1,0.E0,2.05E0));
#8519=DIRECTION('',(-9.805806756909E-1,1.961161351382E-1,0.E0));
#8520=DIRECTION('',(1.961161351382E-1,9.805806756909E-1,0.E0));
#8521=AXIS2_PLACEMENT_3D('',#8518,#8519,#8520);
#8522=PLANE('',#8521);
#8523=ORIENTED_EDGE('',*,*,#8497,.F.);
#8524=ORIENTED_EDGE('',*,*,#8513,.F.);
#8525=ORIENTED_EDGE('',*,*,#8441,.F.);
#8526=ORIENTED_EDGE('',*,*,#8467,.T.);
#8528=ORIENTED_EDGE('',*,*,#8527,.T.);
#8530=ORIENTED_EDGE('',*,*,#8529,.T.);
#8531=EDGE_LOOP('',(#8523,#8524,#8525,#8526,#8528,#8530));
#8532=FACE_OUTER_BOUND('',#8531,.F.);
#8533=ADVANCED_FACE('',(#8532),#8522,.F.);
#8534=CARTESIAN_POINT('',(1.25E0,1.65E-1,1.965E0));
#8535=DIRECTION('',(1.E0,0.E0,0.E0));
#8536=DIRECTION('',(0.E0,0.E0,-1.E0));
#8537=AXIS2_PLACEMENT_3D('',#8534,#8535,#8536);
#8538=CYLINDRICAL_SURFACE('',#8537,6.5E-2);
#8540=ORIENTED_EDGE('',*,*,#8539,.T.);
#8541=ORIENTED_EDGE('',*,*,#8527,.F.);
#8542=ORIENTED_EDGE('',*,*,#8465,.F.);
#8543=ORIENTED_EDGE('',*,*,#8481,.T.);
#8544=EDGE_LOOP('',(#8540,#8541,#8542,#8543));
#8545=FACE_OUTER_BOUND('',#8544,.F.);
#8546=ADVANCED_FACE('',(#8545),#8538,.F.);
#8547=CARTESIAN_POINT('',(-1.99E0,2.345462236214E-1,1.981526119019E0));
#8548=DIRECTION('',(0.E0,0.E0,1.E0));
#8549=DIRECTION('',(0.E0,-1.E0,0.E0));
#8550=AXIS2_PLACEMENT_3D('',#8547,#8548,#8549);
#8551=PLANE('',#8550);
#8552=ORIENTED_EDGE('',*,*,#8479,.T.);
#8553=ORIENTED_EDGE('',*,*,#8499,.T.);
#8554=ORIENTED_EDGE('',*,*,#8529,.F.);
#8555=ORIENTED_EDGE('',*,*,#8539,.F.);
#8556=EDGE_LOOP('',(#8552,#8553,#8554,#8555));
#8557=FACE_OUTER_BOUND('',#8556,.F.);
#8558=ADVANCED_FACE('',(#8557),#8551,.F.);
#8559=CLOSED_SHELL('',(#8449,#8471,#8489,#8504,#8517,#8533,#8546,#8558));
#8560=MANIFOLD_SOLID_BREP('',#8559);
#8561=FILL_AREA_STYLE_COLOUR('',#28);
#8562=FILL_AREA_STYLE('',(#8561));
#8563=SURFACE_STYLE_FILL_AREA(#8562);
#8564=SURFACE_SIDE_STYLE('',(#8563));
#8565=SURFACE_STYLE_USAGE(.POSITIVE.,#8564);
#8566=PRESENTATION_STYLE_ASSIGNMENT((#8565));
#8281=STYLED_ITEM('',(#8566),#8560);
#8568=DIRECTION('',(-1.E0,0.E0,0.E0));
#8569=VECTOR('',#8568,3.E-1);
#8570=CARTESIAN_POINT('',(-1.75E-1,0.E0,2.E0));
#8571=LINE('',#8570,#8569);
#8572=CURVE_STYLE('',#47,POSITIVE_LENGTH_MEASURE(2.E-2),#28);
#8573=PRESENTATION_STYLE_ASSIGNMENT((#8572));
#8574=STYLED_ITEM('',(#8573),#8571);
#8575=DIRECTION('',(0.E0,0.E0,-1.E0));
#8576=VECTOR('',#8575,4.E-1);
#8577=CARTESIAN_POINT('',(-4.75E-1,0.E0,2.E0));
#8578=LINE('',#8577,#8576);
#8579=CURVE_STYLE('',#47,POSITIVE_LENGTH_MEASURE(2.E-2),#28);
#8580=PRESENTATION_STYLE_ASSIGNMENT((#8579));
#8581=STYLED_ITEM('',(#8580),#8578);
#8582=DIRECTION('',(1.E0,0.E0,0.E0));
#8583=VECTOR('',#8582,3.440910976998E-1);
#8584=CARTESIAN_POINT('',(-4.970455488499E-1,1.102277442495E-1,2.E0));
#8585=LINE('',#8584,#8583);
#8586=CURVE_STYLE('',#47,POSITIVE_LENGTH_MEASURE(2.E-2),#28);
#8587=PRESENTATION_STYLE_ASSIGNMENT((#8586));
#8588=STYLED_ITEM('',(#8587),#8585);
#8589=DIRECTION('',(0.E0,0.E0,1.E0));
#8590=VECTOR('',#8589,3.815261190193E-1);
#8591=CARTESIAN_POINT('',(-4.784292470810E-1,1.714623540487E-2,1.6E0));
#8592=LINE('',#8591,#8590);
#8593=CURVE_STYLE('',#47,POSITIVE_LENGTH_MEASURE(2.E-2),#28);
#8594=PRESENTATION_STYLE_ASSIGNMENT((#8593));
#8595=STYLED_ITEM('',(#8594),#8592);
#8596=DIRECTION('',(1.961161351382E-1,-9.805806756909E-1,0.E0));
#8597=VECTOR('',#8596,8.667285392780E-2);
#8598=CARTESIAN_POINT('',(-4.954271922147E-1,1.021359610735E-1,
1.981526119019E0));
#8599=LINE('',#8598,#8597);
#8600=CURVE_STYLE('',#47,POSITIVE_LENGTH_MEASURE(2.E-2),#28);
#8601=PRESENTATION_STYLE_ASSIGNMENT((#8600));
#8602=STYLED_ITEM('',(#8601),#8599);
#8603=CARTESIAN_POINT('',(-4.970455488499E-1,1.102277442495E-1,2.E0));
#8604=CARTESIAN_POINT('',(-4.963143203736E-1,1.065716018681E-1,
1.994278423841E0));
#8605=CARTESIAN_POINT('',(-4.957740081795E-1,1.038700408976E-1,
1.988122420392E0));
#8606=CARTESIAN_POINT('',(-4.954271922147E-1,1.021359610735E-1,
1.981526119019E0));
#8608=CURVE_STYLE('',#47,POSITIVE_LENGTH_MEASURE(2.E-2),#28);
#8609=PRESENTATION_STYLE_ASSIGNMENT((#8608));
#8610=STYLED_ITEM('',(#8609),#8607);
#8611=DIRECTION('',(1.961161351382E-1,-9.805806756909E-1,0.E0));
#8612=VECTOR('',#8611,1.124106837735E-1);
#8613=CARTESIAN_POINT('',(-4.970455488499E-1,1.102277442495E-1,2.E0));
#8614=LINE('',#8613,#8612);
#8615=CURVE_STYLE('',#47,POSITIVE_LENGTH_MEASURE(2.E-2),#28);
#8616=PRESENTATION_STYLE_ASSIGNMENT((#8615));
#8617=STYLED_ITEM('',(#8616),#8614);
#8618=DIRECTION('',(1.E0,0.E0,0.E0));
#8619=VECTOR('',#8618,3.068584941619E-1);
#8620=CARTESIAN_POINT('',(-4.784292470810E-1,1.714623540487E-2,
1.981526119019E0));
#8621=LINE('',#8620,#8619);
#8622=CURVE_STYLE('',#47,POSITIVE_LENGTH_MEASURE(2.E-2),#28);
#8623=PRESENTATION_STYLE_ASSIGNMENT((#8622));
#8624=STYLED_ITEM('',(#8623),#8621);
#8625=DIRECTION('',(1.E0,0.E0,0.E0));
#8626=VECTOR('',#8625,3.068584941619E-1);
#8627=CARTESIAN_POINT('',(-4.784292470810E-1,1.714623540487E-2,1.6E0));
#8628=LINE('',#8627,#8626);
#8629=CURVE_STYLE('',#47,POSITIVE_LENGTH_MEASURE(2.E-2),#28);
#8630=PRESENTATION_STYLE_ASSIGNMENT((#8629));
#8631=STYLED_ITEM('',(#8630),#8628);
#8632=DIRECTION('',(1.961161351382E-1,-9.805806756909E-1,0.E0));
#8633=VECTOR('',#8632,1.748579778282E-2);
#8634=CARTESIAN_POINT('',(-4.784292470810E-1,1.714623540487E-2,1.6E0));
#8635=LINE('',#8634,#8633);
#8636=CURVE_STYLE('',#47,POSITIVE_LENGTH_MEASURE(2.E-2),#28);
#8637=PRESENTATION_STYLE_ASSIGNMENT((#8636));
#8638=STYLED_ITEM('',(#8637),#8635);
#8639=DIRECTION('',(1.E0,0.E0,0.E0));
#8640=VECTOR('',#8639,3.E-1);
#8641=CARTESIAN_POINT('',(-4.75E-1,0.E0,1.6E0));
#8642=LINE('',#8641,#8640);
#8643=CURVE_STYLE('',#47,POSITIVE_LENGTH_MEASURE(2.E-2),#28);
#8644=PRESENTATION_STYLE_ASSIGNMENT((#8643));
#8645=STYLED_ITEM('',(#8644),#8642);
#8646=DIRECTION('',(1.961161351382E-1,9.805806756909E-1,0.E0));
#8647=VECTOR('',#8646,1.748579778282E-2);
#8648=CARTESIAN_POINT('',(-1.75E-1,0.E0,1.6E0));
#8649=LINE('',#8648,#8647);
#8650=CURVE_STYLE('',#47,POSITIVE_LENGTH_MEASURE(2.E-2),#28);
#8651=PRESENTATION_STYLE_ASSIGNMENT((#8650));
#8652=STYLED_ITEM('',(#8651),#8649);
#8653=DIRECTION('',(0.E0,0.E0,1.E0));
#8654=VECTOR('',#8653,3.815261190193E-1);
#8655=CARTESIAN_POINT('',(-1.715707529190E-1,1.714623540487E-2,1.6E0));
#8656=LINE('',#8655,#8654);
#8657=CURVE_STYLE('',#47,POSITIVE_LENGTH_MEASURE(2.E-2),#28);
#8658=PRESENTATION_STYLE_ASSIGNMENT((#8657));
#8659=STYLED_ITEM('',(#8658),#8656);
#8660=DIRECTION('',(0.E0,0.E0,-1.E0));
#8661=VECTOR('',#8660,4.E-1);
#8662=CARTESIAN_POINT('',(-1.75E-1,0.E0,2.E0));
#8663=LINE('',#8662,#8661);
#8664=CURVE_STYLE('',#47,POSITIVE_LENGTH_MEASURE(2.E-2),#28);
#8665=PRESENTATION_STYLE_ASSIGNMENT((#8664));
#8666=STYLED_ITEM('',(#8665),#8663);
#8667=DIRECTION('',(1.961161351382E-1,9.805806756909E-1,0.E0));
#8668=VECTOR('',#8667,1.124106837735E-1);
#8669=CARTESIAN_POINT('',(-1.75E-1,0.E0,2.E0));
#8670=LINE('',#8669,#8668);
#8671=CURVE_STYLE('',#47,POSITIVE_LENGTH_MEASURE(2.E-2),#28);
#8672=PRESENTATION_STYLE_ASSIGNMENT((#8671));
#8673=STYLED_ITEM('',(#8672),#8670);
#8674=CARTESIAN_POINT('',(-1.529544511501E-1,1.102277442495E-1,2.E0));
#8675=CARTESIAN_POINT('',(-1.536856796264E-1,1.065716018681E-1,
1.994278423841E0));
#8676=CARTESIAN_POINT('',(-1.542259918205E-1,1.038700408976E-1,
1.988122420392E0));
#8677=CARTESIAN_POINT('',(-1.545728077853E-1,1.021359610735E-1,
1.981526119019E0));
#8679=CURVE_STYLE('',#47,POSITIVE_LENGTH_MEASURE(2.E-2),#28);
#8680=PRESENTATION_STYLE_ASSIGNMENT((#8679));
#8681=STYLED_ITEM('',(#8680),#8678);
#8682=DIRECTION('',(-1.961161351382E-1,-9.805806756909E-1,0.E0));
#8683=VECTOR('',#8682,8.667285392780E-2);
#8684=CARTESIAN_POINT('',(-1.545728077853E-1,1.021359610735E-1,
1.981526119019E0));
#8685=LINE('',#8684,#8683);
#8686=CURVE_STYLE('',#47,POSITIVE_LENGTH_MEASURE(2.E-2),#28);
#8687=PRESENTATION_STYLE_ASSIGNMENT((#8686));
#8688=STYLED_ITEM('',(#8687),#8685);
#8689=DIRECTION('',(1.E0,0.E0,0.E0));
#8690=VECTOR('',#8689,3.408543844294E-1);
#8691=CARTESIAN_POINT('',(-4.954271922147E-1,1.021359610735E-1,
1.981526119019E0));
#8692=LINE('',#8691,#8690);
#8693=CURVE_STYLE('',#47,POSITIVE_LENGTH_MEASURE(2.E-2),#28);
#8694=PRESENTATION_STYLE_ASSIGNMENT((#8693));
#8695=STYLED_ITEM('',(#8694),#8692);
#8696=CARTESIAN_POINT('',(-4.75E-1,0.E0,1.6E0));
#8697=CARTESIAN_POINT('',(-1.75E-1,0.E0,1.6E0));
#8698=VERTEX_POINT('',#8696);
#8699=VERTEX_POINT('',#8697);
#8700=CARTESIAN_POINT('',(-1.75E-1,0.E0,2.E0));
#8701=CARTESIAN_POINT('',(-4.75E-1,0.E0,2.E0));
#8702=VERTEX_POINT('',#8700);
#8703=VERTEX_POINT('',#8701);
#8704=CARTESIAN_POINT('',(-4.970455488499E-1,1.102277442495E-1,2.E0));
#8705=VERTEX_POINT('',#8704);
#8706=CARTESIAN_POINT('',(-1.529544511501E-1,1.102277442495E-1,2.E0));
#8707=VERTEX_POINT('',#8706);
#8708=CARTESIAN_POINT('',(-4.784292470810E-1,1.714623540487E-2,1.6E0));
#8709=CARTESIAN_POINT('',(-1.715707529190E-1,1.714623540487E-2,1.6E0));
#8710=VERTEX_POINT('',#8708);
#8711=VERTEX_POINT('',#8709);
#8712=CARTESIAN_POINT('',(-4.784292470810E-1,1.714623540487E-2,
1.981526119019E0));
#8713=VERTEX_POINT('',#8712);
#8714=CARTESIAN_POINT('',(-4.954271922147E-1,1.021359610735E-1,
1.981526119019E0));
#8715=VERTEX_POINT('',#8714);
#8716=CARTESIAN_POINT('',(-1.715707529190E-1,1.714623540487E-2,
1.981526119019E0));
#8717=VERTEX_POINT('',#8716);
#8718=CARTESIAN_POINT('',(-1.545728077853E-1,1.021359610735E-1,
1.981526119019E0));
#8719=VERTEX_POINT('',#8718);
#8720=CARTESIAN_POINT('',(0.E0,0.E0,0.E0));
#8721=DIRECTION('',(0.E0,1.E0,0.E0));
#8722=DIRECTION('',(1.E0,0.E0,0.E0));
#8723=AXIS2_PLACEMENT_3D('',#8720,#8721,#8722);
#8724=PLANE('',#8723);
#8726=ORIENTED_EDGE('',*,*,#8725,.F.);
#8728=ORIENTED_EDGE('',*,*,#8727,.T.);
#8730=ORIENTED_EDGE('',*,*,#8729,.F.);
#8732=ORIENTED_EDGE('',*,*,#8731,.F.);
#8733=EDGE_LOOP('',(#8726,#8728,#8730,#8732));
#8734=FACE_OUTER_BOUND('',#8733,.F.);
#8735=ADVANCED_FACE('',(#8734),#8724,.F.);
#8736=FILL_AREA_STYLE_COLOUR('',#34);
#8737=FILL_AREA_STYLE('',(#8736));
#8738=SURFACE_STYLE_FILL_AREA(#8737);
#8739=SURFACE_SIDE_STYLE('',(#8738));
#8740=SURFACE_STYLE_USAGE(.NEGATIVE.,#8739);
#8741=PRESENTATION_STYLE_ASSIGNMENT((#8740));
#8742=OVER_RIDING_STYLED_ITEM('',(#8741),#8735,#8567);
#8743=CARTESIAN_POINT('',(2.E0,2.E-1,2.E0));
#8744=DIRECTION('',(0.E0,0.E0,-1.E0));
#8745=DIRECTION('',(-1.E0,0.E0,0.E0));
#8746=AXIS2_PLACEMENT_3D('',#8743,#8744,#8745);
#8747=PLANE('',#8746);
#8748=ORIENTED_EDGE('',*,*,#8725,.T.);
#8750=ORIENTED_EDGE('',*,*,#8749,.F.);
#8752=ORIENTED_EDGE('',*,*,#8751,.T.);
#8754=ORIENTED_EDGE('',*,*,#8753,.F.);
#8755=EDGE_LOOP('',(#8748,#8750,#8752,#8754));
#8756=FACE_OUTER_BOUND('',#8755,.F.);
#8757=ADVANCED_FACE('',(#8756),#8747,.F.);
#8758=CARTESIAN_POINT('',(-5.15E-1,2.E-1,2.05E0));
#8759=DIRECTION('',(9.805806756909E-1,1.961161351382E-1,0.E0));
#8760=DIRECTION('',(1.961161351382E-1,-9.805806756909E-1,0.E0));
#8761=AXIS2_PLACEMENT_3D('',#8758,#8759,#8760);
#8762=PLANE('',#8761);
#8764=ORIENTED_EDGE('',*,*,#8763,.T.);
#8766=ORIENTED_EDGE('',*,*,#8765,.F.);
#8768=ORIENTED_EDGE('',*,*,#8767,.F.);
#8769=ORIENTED_EDGE('',*,*,#8749,.T.);
#8770=ORIENTED_EDGE('',*,*,#8731,.T.);
#8772=ORIENTED_EDGE('',*,*,#8771,.F.);
#8773=EDGE_LOOP('',(#8764,#8766,#8768,#8769,#8770,#8772));
#8774=FACE_OUTER_BOUND('',#8773,.F.);
#8775=ADVANCED_FACE('',(#8774),#8762,.F.);
#8776=CARTESIAN_POINT('',(-1.99E0,1.714623540487E-2,1.981526119019E0));
#8777=DIRECTION('',(0.E0,-1.E0,0.E0));
#8778=DIRECTION('',(0.E0,0.E0,-1.E0));
#8779=AXIS2_PLACEMENT_3D('',#8776,#8777,#8778);
#8780=PLANE('',#8779);
#8782=ORIENTED_EDGE('',*,*,#8781,.T.);
#8784=ORIENTED_EDGE('',*,*,#8783,.T.);
#8786=ORIENTED_EDGE('',*,*,#8785,.F.);
#8787=ORIENTED_EDGE('',*,*,#8763,.F.);
#8788=EDGE_LOOP('',(#8782,#8784,#8786,#8787));
#8789=FACE_OUTER_BOUND('',#8788,.F.);
#8790=ADVANCED_FACE('',(#8789),#8780,.F.);
#8791=CARTESIAN_POINT('',(0.E0,2.E-1,1.6E0));
#8792=DIRECTION('',(0.E0,0.E0,1.E0));
#8793=DIRECTION('',(1.E0,0.E0,0.E0));
#8794=AXIS2_PLACEMENT_3D('',#8791,#8792,#8793);
#8795=PLANE('',#8794);
#8796=ORIENTED_EDGE('',*,*,#8781,.F.);
#8797=ORIENTED_EDGE('',*,*,#8771,.T.);
#8798=ORIENTED_EDGE('',*,*,#8729,.T.);
#8800=ORIENTED_EDGE('',*,*,#8799,.T.);
#8801=EDGE_LOOP('',(#8796,#8797,#8798,#8800));
#8802=FACE_OUTER_BOUND('',#8801,.F.);
#8803=ADVANCED_FACE('',(#8802),#8795,.F.);
#8804=CARTESIAN_POINT('',(-1.75E-1,0.E0,2.05E0));
#8805=DIRECTION('',(-9.805806756909E-1,1.961161351382E-1,0.E0));
#8806=DIRECTION('',(1.961161351382E-1,9.805806756909E-1,0.E0));
#8807=AXIS2_PLACEMENT_3D('',#8804,#8805,#8806);
#8808=PLANE('',#8807);
#8809=ORIENTED_EDGE('',*,*,#8783,.F.);
#8810=ORIENTED_EDGE('',*,*,#8799,.F.);
#8811=ORIENTED_EDGE('',*,*,#8727,.F.);
#8812=ORIENTED_EDGE('',*,*,#8753,.T.);
#8814=ORIENTED_EDGE('',*,*,#8813,.T.);
#8816=ORIENTED_EDGE('',*,*,#8815,.T.);
#8817=EDGE_LOOP('',(#8809,#8810,#8811,#8812,#8814,#8816));
#8818=FACE_OUTER_BOUND('',#8817,.F.);
#8819=ADVANCED_FACE('',(#8818),#8808,.F.);
#8820=CARTESIAN_POINT('',(1.25E0,1.65E-1,1.965E0));
#8821=DIRECTION('',(1.E0,0.E0,0.E0));
#8822=DIRECTION('',(0.E0,0.E0,-1.E0));
#8823=AXIS2_PLACEMENT_3D('',#8820,#8821,#8822);
#8824=CYLINDRICAL_SURFACE('',#8823,6.5E-2);
#8826=ORIENTED_EDGE('',*,*,#8825,.T.);
#8827=ORIENTED_EDGE('',*,*,#8813,.F.);
#8828=ORIENTED_EDGE('',*,*,#8751,.F.);
#8829=ORIENTED_EDGE('',*,*,#8767,.T.);
#8830=EDGE_LOOP('',(#8826,#8827,#8828,#8829));
#8831=FACE_OUTER_BOUND('',#8830,.F.);
#8832=ADVANCED_FACE('',(#8831),#8824,.F.);
#8833=CARTESIAN_POINT('',(-1.99E0,2.345462236214E-1,1.981526119019E0));
#8834=DIRECTION('',(0.E0,0.E0,1.E0));
#8835=DIRECTION('',(0.E0,-1.E0,0.E0));
#8836=AXIS2_PLACEMENT_3D('',#8833,#8834,#8835);
#8837=PLANE('',#8836);
#8838=ORIENTED_EDGE('',*,*,#8765,.T.);
#8839=ORIENTED_EDGE('',*,*,#8785,.T.);
#8840=ORIENTED_EDGE('',*,*,#8815,.F.);
#8841=ORIENTED_EDGE('',*,*,#8825,.F.);
#8842=EDGE_LOOP('',(#8838,#8839,#8840,#8841));
#8843=FACE_OUTER_BOUND('',#8842,.F.);
#8844=ADVANCED_FACE('',(#8843),#8837,.F.);
#8845=CLOSED_SHELL('',(#8735,#8757,#8775,#8790,#8803,#8819,#8832,#8844));
#8846=MANIFOLD_SOLID_BREP('',#8845);
#8847=FILL_AREA_STYLE_COLOUR('',#28);
#8848=FILL_AREA_STYLE('',(#8847));
#8849=SURFACE_STYLE_FILL_AREA(#8848);
#8850=SURFACE_SIDE_STYLE('',(#8849));
#8851=SURFACE_STYLE_USAGE(.POSITIVE.,#8850);
#8852=PRESENTATION_STYLE_ASSIGNMENT((#8851));
#8567=STYLED_ITEM('',(#8852),#8846);
#8854=DIRECTION('',(-1.E0,0.E0,0.E0));
#8855=VECTOR('',#8854,3.E-1);
#8856=CARTESIAN_POINT('',(-8.25E-1,0.E0,2.E0));
#8857=LINE('',#8856,#8855);
#8858=CURVE_STYLE('',#47,POSITIVE_LENGTH_MEASURE(2.E-2),#28);
#8859=PRESENTATION_STYLE_ASSIGNMENT((#8858));
#8860=STYLED_ITEM('',(#8859),#8857);
#8861=DIRECTION('',(0.E0,0.E0,-1.E0));
#8862=VECTOR('',#8861,4.E-1);
#8863=CARTESIAN_POINT('',(-1.125E0,0.E0,2.E0));
#8864=LINE('',#8863,#8862);
#8865=CURVE_STYLE('',#47,POSITIVE_LENGTH_MEASURE(2.E-2),#28);
#8866=PRESENTATION_STYLE_ASSIGNMENT((#8865));
#8867=STYLED_ITEM('',(#8866),#8864);
#8868=DIRECTION('',(1.E0,0.E0,0.E0));
#8869=VECTOR('',#8868,3.440910976998E-1);
#8870=CARTESIAN_POINT('',(-1.147045548850E0,1.102277442495E-1,2.E0));
#8871=LINE('',#8870,#8869);
#8872=CURVE_STYLE('',#47,POSITIVE_LENGTH_MEASURE(2.E-2),#28);
#8873=PRESENTATION_STYLE_ASSIGNMENT((#8872));
#8874=STYLED_ITEM('',(#8873),#8871);
#8875=DIRECTION('',(0.E0,0.E0,1.E0));
#8876=VECTOR('',#8875,3.815261190193E-1);
#8877=CARTESIAN_POINT('',(-1.128429247081E0,1.714623540487E-2,1.6E0));
#8878=LINE('',#8877,#8876);
#8879=CURVE_STYLE('',#47,POSITIVE_LENGTH_MEASURE(2.E-2),#28);
#8880=PRESENTATION_STYLE_ASSIGNMENT((#8879));
#8881=STYLED_ITEM('',(#8880),#8878);
#8882=DIRECTION('',(1.961161351382E-1,-9.805806756909E-1,0.E0));
#8883=VECTOR('',#8882,8.667285392780E-2);
#8884=CARTESIAN_POINT('',(-1.145427192215E0,1.021359610735E-1,
1.981526119019E0));
#8885=LINE('',#8884,#8883);
#8886=CURVE_STYLE('',#47,POSITIVE_LENGTH_MEASURE(2.E-2),#28);
#8887=PRESENTATION_STYLE_ASSIGNMENT((#8886));
#8888=STYLED_ITEM('',(#8887),#8885);
#8889=CARTESIAN_POINT('',(-1.147045548850E0,1.102277442495E-1,2.E0));
#8890=CARTESIAN_POINT('',(-1.146314320374E0,1.065716018681E-1,
1.994278423841E0));
#8891=CARTESIAN_POINT('',(-1.145774008180E0,1.038700408976E-1,
1.988122420392E0));
#8892=CARTESIAN_POINT('',(-1.145427192215E0,1.021359610735E-1,
1.981526119019E0));
#8894=CURVE_STYLE('',#47,POSITIVE_LENGTH_MEASURE(2.E-2),#28);
#8895=PRESENTATION_STYLE_ASSIGNMENT((#8894));
#8896=STYLED_ITEM('',(#8895),#8893);
#8897=DIRECTION('',(1.961161351382E-1,-9.805806756909E-1,0.E0));
#8898=VECTOR('',#8897,1.124106837735E-1);
#8899=CARTESIAN_POINT('',(-1.147045548850E0,1.102277442495E-1,2.E0));
#8900=LINE('',#8899,#8898);
#8901=CURVE_STYLE('',#47,POSITIVE_LENGTH_MEASURE(2.E-2),#28);
#8902=PRESENTATION_STYLE_ASSIGNMENT((#8901));
#8903=STYLED_ITEM('',(#8902),#8900);
#8904=DIRECTION('',(1.E0,0.E0,0.E0));
#8905=VECTOR('',#8904,3.068584941619E-1);
#8906=CARTESIAN_POINT('',(-1.128429247081E0,1.714623540487E-2,
1.981526119019E0));
#8907=LINE('',#8906,#8905);
#8908=CURVE_STYLE('',#47,POSITIVE_LENGTH_MEASURE(2.E-2),#28);
#8909=PRESENTATION_STYLE_ASSIGNMENT((#8908));
#8910=STYLED_ITEM('',(#8909),#8907);
#8911=DIRECTION('',(1.E0,0.E0,0.E0));
#8912=VECTOR('',#8911,3.068584941619E-1);
#8913=CARTESIAN_POINT('',(-1.128429247081E0,1.714623540487E-2,1.6E0));
#8914=LINE('',#8913,#8912);
#8915=CURVE_STYLE('',#47,POSITIVE_LENGTH_MEASURE(2.E-2),#28);
#8916=PRESENTATION_STYLE_ASSIGNMENT((#8915));
#8917=STYLED_ITEM('',(#8916),#8914);
#8918=DIRECTION('',(1.961161351382E-1,-9.805806756909E-1,0.E0));
#8919=VECTOR('',#8918,1.748579778282E-2);
#8920=CARTESIAN_POINT('',(-1.128429247081E0,1.714623540487E-2,1.6E0));
#8921=LINE('',#8920,#8919);
#8922=CURVE_STYLE('',#47,POSITIVE_LENGTH_MEASURE(2.E-2),#28);
#8923=PRESENTATION_STYLE_ASSIGNMENT((#8922));
#8924=STYLED_ITEM('',(#8923),#8921);
#8925=DIRECTION('',(1.E0,0.E0,0.E0));
#8926=VECTOR('',#8925,3.E-1);
#8927=CARTESIAN_POINT('',(-1.125E0,0.E0,1.6E0));
#8928=LINE('',#8927,#8926);
#8929=CURVE_STYLE('',#47,POSITIVE_LENGTH_MEASURE(2.E-2),#28);
#8930=PRESENTATION_STYLE_ASSIGNMENT((#8929));
#8931=STYLED_ITEM('',(#8930),#8928);
#8932=DIRECTION('',(1.961161351382E-1,9.805806756909E-1,0.E0));
#8933=VECTOR('',#8932,1.748579778282E-2);
#8934=CARTESIAN_POINT('',(-8.25E-1,0.E0,1.6E0));
#8935=LINE('',#8934,#8933);
#8936=CURVE_STYLE('',#47,POSITIVE_LENGTH_MEASURE(2.E-2),#28);
#8937=PRESENTATION_STYLE_ASSIGNMENT((#8936));
#8938=STYLED_ITEM('',(#8937),#8935);
#8939=DIRECTION('',(0.E0,0.E0,1.E0));
#8940=VECTOR('',#8939,3.815261190193E-1);
#8941=CARTESIAN_POINT('',(-8.215707529190E-1,1.714623540487E-2,1.6E0));
#8942=LINE('',#8941,#8940);
#8943=CURVE_STYLE('',#47,POSITIVE_LENGTH_MEASURE(2.E-2),#28);
#8944=PRESENTATION_STYLE_ASSIGNMENT((#8943));
#8945=STYLED_ITEM('',(#8944),#8942);
#8946=DIRECTION('',(0.E0,0.E0,-1.E0));
#8947=VECTOR('',#8946,4.E-1);
#8948=CARTESIAN_POINT('',(-8.25E-1,0.E0,2.E0));
#8949=LINE('',#8948,#8947);
#8950=CURVE_STYLE('',#47,POSITIVE_LENGTH_MEASURE(2.E-2),#28);
#8951=PRESENTATION_STYLE_ASSIGNMENT((#8950));
#8952=STYLED_ITEM('',(#8951),#8949);
#8953=DIRECTION('',(1.961161351382E-1,9.805806756909E-1,0.E0));
#8954=VECTOR('',#8953,1.124106837735E-1);
#8955=CARTESIAN_POINT('',(-8.25E-1,0.E0,2.E0));
#8956=LINE('',#8955,#8954);
#8957=CURVE_STYLE('',#47,POSITIVE_LENGTH_MEASURE(2.E-2),#28);
#8958=PRESENTATION_STYLE_ASSIGNMENT((#8957));
#8959=STYLED_ITEM('',(#8958),#8956);
#8960=CARTESIAN_POINT('',(-8.029544511501E-1,1.102277442495E-1,2.E0));
#8961=CARTESIAN_POINT('',(-8.036856796264E-1,1.065716018681E-1,
1.994278423841E0));
#8962=CARTESIAN_POINT('',(-8.042259918205E-1,1.038700408976E-1,
1.988122420392E0));
#8963=CARTESIAN_POINT('',(-8.045728077853E-1,1.021359610735E-1,
1.981526119019E0));
#8965=CURVE_STYLE('',#47,POSITIVE_LENGTH_MEASURE(2.E-2),#28);
#8966=PRESENTATION_STYLE_ASSIGNMENT((#8965));
#8967=STYLED_ITEM('',(#8966),#8964);
#8968=DIRECTION('',(-1.961161351382E-1,-9.805806756909E-1,0.E0));
#8969=VECTOR('',#8968,8.667285392780E-2);
#8970=CARTESIAN_POINT('',(-8.045728077853E-1,1.021359610735E-1,
1.981526119019E0));
#8971=LINE('',#8970,#8969);
#8972=CURVE_STYLE('',#47,POSITIVE_LENGTH_MEASURE(2.E-2),#28);
#8973=PRESENTATION_STYLE_ASSIGNMENT((#8972));
#8974=STYLED_ITEM('',(#8973),#8971);
#8975=DIRECTION('',(1.E0,0.E0,0.E0));
#8976=VECTOR('',#8975,3.408543844294E-1);
#8977=CARTESIAN_POINT('',(-1.145427192215E0,1.021359610735E-1,
1.981526119019E0));
#8978=LINE('',#8977,#8976);
#8979=CURVE_STYLE('',#47,POSITIVE_LENGTH_MEASURE(2.E-2),#28);
#8980=PRESENTATION_STYLE_ASSIGNMENT((#8979));
#8981=STYLED_ITEM('',(#8980),#8978);
#8982=CARTESIAN_POINT('',(-1.125E0,0.E0,1.6E0));
#8983=CARTESIAN_POINT('',(-8.25E-1,0.E0,1.6E0));
#8984=VERTEX_POINT('',#8982);
#8985=VERTEX_POINT('',#8983);
#8986=CARTESIAN_POINT('',(-8.25E-1,0.E0,2.E0));
#8987=CARTESIAN_POINT('',(-1.125E0,0.E0,2.E0));
#8988=VERTEX_POINT('',#8986);
#8989=VERTEX_POINT('',#8987);
#8990=CARTESIAN_POINT('',(-1.147045548850E0,1.102277442495E-1,2.E0));
#8991=VERTEX_POINT('',#8990);
#8992=CARTESIAN_POINT('',(-8.029544511501E-1,1.102277442495E-1,2.E0));
#8993=VERTEX_POINT('',#8992);
#8994=CARTESIAN_POINT('',(-1.128429247081E0,1.714623540487E-2,1.6E0));
#8995=CARTESIAN_POINT('',(-8.215707529190E-1,1.714623540487E-2,1.6E0));
#8996=VERTEX_POINT('',#8994);
#8997=VERTEX_POINT('',#8995);
#8998=CARTESIAN_POINT('',(-1.128429247081E0,1.714623540487E-2,
1.981526119019E0));
#8999=VERTEX_POINT('',#8998);
#9000=CARTESIAN_POINT('',(-1.145427192215E0,1.021359610735E-1,
1.981526119019E0));
#9001=VERTEX_POINT('',#9000);
#9002=CARTESIAN_POINT('',(-8.215707529190E-1,1.714623540487E-2,
1.981526119019E0));
#9003=VERTEX_POINT('',#9002);
#9004=CARTESIAN_POINT('',(-8.045728077853E-1,1.021359610735E-1,
1.981526119019E0));
#9005=VERTEX_POINT('',#9004);
#9006=CARTESIAN_POINT('',(0.E0,0.E0,0.E0));
#9007=DIRECTION('',(0.E0,1.E0,0.E0));
#9008=DIRECTION('',(1.E0,0.E0,0.E0));
#9009=AXIS2_PLACEMENT_3D('',#9006,#9007,#9008);
#9010=PLANE('',#9009);
#9012=ORIENTED_EDGE('',*,*,#9011,.F.);
#9014=ORIENTED_EDGE('',*,*,#9013,.T.);
#9016=ORIENTED_EDGE('',*,*,#9015,.F.);
#9018=ORIENTED_EDGE('',*,*,#9017,.F.);
#9019=EDGE_LOOP('',(#9012,#9014,#9016,#9018));
#9020=FACE_OUTER_BOUND('',#9019,.F.);
#9021=ADVANCED_FACE('',(#9020),#9010,.F.);
#9022=FILL_AREA_STYLE_COLOUR('',#34);
#9023=FILL_AREA_STYLE('',(#9022));
#9024=SURFACE_STYLE_FILL_AREA(#9023);
#9025=SURFACE_SIDE_STYLE('',(#9024));
#9026=SURFACE_STYLE_USAGE(.NEGATIVE.,#9025);
#9027=PRESENTATION_STYLE_ASSIGNMENT((#9026));
#9028=OVER_RIDING_STYLED_ITEM('',(#9027),#9021,#8853);
#9029=CARTESIAN_POINT('',(2.E0,2.E-1,2.E0));
#9030=DIRECTION('',(0.E0,0.E0,-1.E0));
#9031=DIRECTION('',(-1.E0,0.E0,0.E0));
#9032=AXIS2_PLACEMENT_3D('',#9029,#9030,#9031);
#9033=PLANE('',#9032);
#9034=ORIENTED_EDGE('',*,*,#9011,.T.);
#9036=ORIENTED_EDGE('',*,*,#9035,.F.);
#9038=ORIENTED_EDGE('',*,*,#9037,.T.);
#9040=ORIENTED_EDGE('',*,*,#9039,.F.);
#9041=EDGE_LOOP('',(#9034,#9036,#9038,#9040));
#9042=FACE_OUTER_BOUND('',#9041,.F.);
#9043=ADVANCED_FACE('',(#9042),#9033,.F.);
#9044=CARTESIAN_POINT('',(-1.165E0,2.E-1,2.05E0));
#9045=DIRECTION('',(9.805806756909E-1,1.961161351382E-1,0.E0));
#9046=DIRECTION('',(1.961161351382E-1,-9.805806756909E-1,0.E0));
#9047=AXIS2_PLACEMENT_3D('',#9044,#9045,#9046);
#9048=PLANE('',#9047);
#9050=ORIENTED_EDGE('',*,*,#9049,.T.);
#9052=ORIENTED_EDGE('',*,*,#9051,.F.);
#9054=ORIENTED_EDGE('',*,*,#9053,.F.);
#9055=ORIENTED_EDGE('',*,*,#9035,.T.);
#9056=ORIENTED_EDGE('',*,*,#9017,.T.);
#9058=ORIENTED_EDGE('',*,*,#9057,.F.);
#9059=EDGE_LOOP('',(#9050,#9052,#9054,#9055,#9056,#9058));
#9060=FACE_OUTER_BOUND('',#9059,.F.);
#9061=ADVANCED_FACE('',(#9060),#9048,.F.);
#9062=CARTESIAN_POINT('',(-1.99E0,1.714623540487E-2,1.981526119019E0));
#9063=DIRECTION('',(0.E0,-1.E0,0.E0));
#9064=DIRECTION('',(0.E0,0.E0,-1.E0));
#9065=AXIS2_PLACEMENT_3D('',#9062,#9063,#9064);
#9066=PLANE('',#9065);
#9068=ORIENTED_EDGE('',*,*,#9067,.T.);
#9070=ORIENTED_EDGE('',*,*,#9069,.T.);
#9072=ORIENTED_EDGE('',*,*,#9071,.F.);
#9073=ORIENTED_EDGE('',*,*,#9049,.F.);
#9074=EDGE_LOOP('',(#9068,#9070,#9072,#9073));
#9075=FACE_OUTER_BOUND('',#9074,.F.);
#9076=ADVANCED_FACE('',(#9075),#9066,.F.);
#9077=CARTESIAN_POINT('',(0.E0,2.E-1,1.6E0));
#9078=DIRECTION('',(0.E0,0.E0,1.E0));
#9079=DIRECTION('',(1.E0,0.E0,0.E0));
#9080=AXIS2_PLACEMENT_3D('',#9077,#9078,#9079);
#9081=PLANE('',#9080);
#9082=ORIENTED_EDGE('',*,*,#9067,.F.);
#9083=ORIENTED_EDGE('',*,*,#9057,.T.);
#9084=ORIENTED_EDGE('',*,*,#9015,.T.);
#9086=ORIENTED_EDGE('',*,*,#9085,.T.);
#9087=EDGE_LOOP('',(#9082,#9083,#9084,#9086));
#9088=FACE_OUTER_BOUND('',#9087,.F.);
#9089=ADVANCED_FACE('',(#9088),#9081,.F.);
#9090=CARTESIAN_POINT('',(-8.25E-1,0.E0,2.05E0));
#9091=DIRECTION('',(-9.805806756909E-1,1.961161351382E-1,0.E0));
#9092=DIRECTION('',(1.961161351382E-1,9.805806756909E-1,0.E0));
#9093=AXIS2_PLACEMENT_3D('',#9090,#9091,#9092);
#9094=PLANE('',#9093);
#9095=ORIENTED_EDGE('',*,*,#9069,.F.);
#9096=ORIENTED_EDGE('',*,*,#9085,.F.);
#9097=ORIENTED_EDGE('',*,*,#9013,.F.);
#9098=ORIENTED_EDGE('',*,*,#9039,.T.);
#9100=ORIENTED_EDGE('',*,*,#9099,.T.);
#9102=ORIENTED_EDGE('',*,*,#9101,.T.);
#9103=EDGE_LOOP('',(#9095,#9096,#9097,#9098,#9100,#9102));
#9104=FACE_OUTER_BOUND('',#9103,.F.);
#9105=ADVANCED_FACE('',(#9104),#9094,.F.);
#9106=CARTESIAN_POINT('',(1.25E0,1.65E-1,1.965E0));
#9107=DIRECTION('',(1.E0,0.E0,0.E0));
#9108=DIRECTION('',(0.E0,0.E0,-1.E0));
#9109=AXIS2_PLACEMENT_3D('',#9106,#9107,#9108);
#9110=CYLINDRICAL_SURFACE('',#9109,6.5E-2);
#9112=ORIENTED_EDGE('',*,*,#9111,.T.);
#9113=ORIENTED_EDGE('',*,*,#9099,.F.);
#9114=ORIENTED_EDGE('',*,*,#9037,.F.);
#9115=ORIENTED_EDGE('',*,*,#9053,.T.);
#9116=EDGE_LOOP('',(#9112,#9113,#9114,#9115));
#9117=FACE_OUTER_BOUND('',#9116,.F.);
#9118=ADVANCED_FACE('',(#9117),#9110,.F.);
#9119=CARTESIAN_POINT('',(-1.99E0,2.345462236214E-1,1.981526119019E0));
#9120=DIRECTION('',(0.E0,0.E0,1.E0));
#9121=DIRECTION('',(0.E0,-1.E0,0.E0));
#9122=AXIS2_PLACEMENT_3D('',#9119,#9120,#9121);
#9123=PLANE('',#9122);
#9124=ORIENTED_EDGE('',*,*,#9051,.T.);
#9125=ORIENTED_EDGE('',*,*,#9071,.T.);
#9126=ORIENTED_EDGE('',*,*,#9101,.F.);
#9127=ORIENTED_EDGE('',*,*,#9111,.F.);
#9128=EDGE_LOOP('',(#9124,#9125,#9126,#9127));
#9129=FACE_OUTER_BOUND('',#9128,.F.);
#9130=ADVANCED_FACE('',(#9129),#9123,.F.);
#9131=CLOSED_SHELL('',(#9021,#9043,#9061,#9076,#9089,#9105,#9118,#9130));
#9132=MANIFOLD_SOLID_BREP('',#9131);
#9133=FILL_AREA_STYLE_COLOUR('',#28);
#9134=FILL_AREA_STYLE('',(#9133));
#9135=SURFACE_STYLE_FILL_AREA(#9134);
#9136=SURFACE_SIDE_STYLE('',(#9135));
#9137=SURFACE_STYLE_USAGE(.POSITIVE.,#9136);
#9138=PRESENTATION_STYLE_ASSIGNMENT((#9137));
#8853=STYLED_ITEM('',(#9138),#9132);
#9140=DIRECTION('',(0.E0,0.E0,-1.E0));
#9141=VECTOR('',#9140,3.E-1);
#9142=CARTESIAN_POINT('',(-2.E0,0.E0,-8.25E-1));
#9143=LINE('',#9142,#9141);
#9144=CURVE_STYLE('',#47,POSITIVE_LENGTH_MEASURE(2.E-2),#28);
#9145=PRESENTATION_STYLE_ASSIGNMENT((#9144));
#9146=STYLED_ITEM('',(#9145),#9143);
#9147=DIRECTION('',(1.E0,0.E0,0.E0));
#9148=VECTOR('',#9147,4.E-1);
#9149=CARTESIAN_POINT('',(-2.E0,0.E0,-1.125E0));
#9150=LINE('',#9149,#9148);
#9151=CURVE_STYLE('',#47,POSITIVE_LENGTH_MEASURE(2.E-2),#28);
#9152=PRESENTATION_STYLE_ASSIGNMENT((#9151));
#9153=STYLED_ITEM('',(#9152),#9150);
#9154=DIRECTION('',(0.E0,0.E0,1.E0));
#9155=VECTOR('',#9154,3.440910976998E-1);
#9156=CARTESIAN_POINT('',(-2.E0,1.102277442495E-1,-1.147045548850E0));
#9157=LINE('',#9156,#9155);
#9158=CURVE_STYLE('',#47,POSITIVE_LENGTH_MEASURE(2.E-2),#28);
#9159=PRESENTATION_STYLE_ASSIGNMENT((#9158));
#9160=STYLED_ITEM('',(#9159),#9157);
#9161=DIRECTION('',(0.E0,-9.805806756909E-1,1.961161351382E-1));
#9162=VECTOR('',#9161,8.959361200263E-2);
#9163=CARTESIAN_POINT('',(-1.99E0,1.05E-1,-1.146E0));
#9164=LINE('',#9163,#9162);
#9165=CURVE_STYLE('',#47,POSITIVE_LENGTH_MEASURE(2.E-2),#28);
#9166=PRESENTATION_STYLE_ASSIGNMENT((#9165));
#9167=STYLED_ITEM('',(#9166),#9164);
#9168=CARTESIAN_POINT('',(-2.E0,1.102277442495E-1,-1.147045548850E0));
#9169=CARTESIAN_POINT('',(-1.996822968767E0,1.081975906321E-1,
-1.146639518126E0));
#9170=CARTESIAN_POINT('',(-1.993490076136E0,1.064541983901E-1,
-1.146290839678E0));
#9171=CARTESIAN_POINT('',(-1.99E0,1.05E-1,-1.146E0));
#9173=CURVE_STYLE('',#47,POSITIVE_LENGTH_MEASURE(2.E-2),#28);
#9174=PRESENTATION_STYLE_ASSIGNMENT((#9173));
#9175=STYLED_ITEM('',(#9174),#9172);
#9176=DIRECTION('',(0.E0,-9.805806756909E-1,1.961161351382E-1));
#9177=VECTOR('',#9176,1.124106837735E-1);
#9178=CARTESIAN_POINT('',(-2.E0,1.102277442495E-1,-1.147045548850E0));
#9179=LINE('',#9178,#9177);
#9180=CURVE_STYLE('',#47,POSITIVE_LENGTH_MEASURE(2.E-2),#28);
#9181=PRESENTATION_STYLE_ASSIGNMENT((#9180));
#9182=STYLED_ITEM('',(#9181),#9179);
#9183=DIRECTION('',(-1.E0,0.E0,0.E0));
#9184=VECTOR('',#9183,3.9E-1);
#9185=CARTESIAN_POINT('',(-1.6E0,1.714623540487E-2,-1.128429247081E0));
#9186=LINE('',#9185,#9184);
#9187=CURVE_STYLE('',#47,POSITIVE_LENGTH_MEASURE(2.E-2),#28);
#9188=PRESENTATION_STYLE_ASSIGNMENT((#9187));
#9189=STYLED_ITEM('',(#9188),#9186);
#9190=DIRECTION('',(0.E0,0.E0,-1.E0));
#9191=VECTOR('',#9190,3.068584941619E-1);
#9192=CARTESIAN_POINT('',(-1.99E0,1.714623540487E-2,-8.215707529190E-1));
#9193=LINE('',#9192,#9191);
#9194=CURVE_STYLE('',#47,POSITIVE_LENGTH_MEASURE(2.E-2),#28);
#9195=PRESENTATION_STYLE_ASSIGNMENT((#9194));
#9196=STYLED_ITEM('',(#9195),#9193);
#9197=DIRECTION('',(0.E0,0.E0,1.E0));
#9198=VECTOR('',#9197,3.068584941619E-1);
#9199=CARTESIAN_POINT('',(-1.6E0,1.714623540487E-2,-1.128429247081E0));
#9200=LINE('',#9199,#9198);
#9201=CURVE_STYLE('',#47,POSITIVE_LENGTH_MEASURE(2.E-2),#28);
#9202=PRESENTATION_STYLE_ASSIGNMENT((#9201));
#9203=STYLED_ITEM('',(#9202),#9200);
#9204=DIRECTION('',(0.E0,-9.805806756909E-1,1.961161351382E-1));
#9205=VECTOR('',#9204,1.748579778282E-2);
#9206=CARTESIAN_POINT('',(-1.6E0,1.714623540487E-2,-1.128429247081E0));
#9207=LINE('',#9206,#9205);
#9208=CURVE_STYLE('',#47,POSITIVE_LENGTH_MEASURE(2.E-2),#28);
#9209=PRESENTATION_STYLE_ASSIGNMENT((#9208));
#9210=STYLED_ITEM('',(#9209),#9207);
#9211=DIRECTION('',(0.E0,0.E0,1.E0));
#9212=VECTOR('',#9211,3.E-1);
#9213=CARTESIAN_POINT('',(-1.6E0,0.E0,-1.125E0));
#9214=LINE('',#9213,#9212);
#9215=CURVE_STYLE('',#47,POSITIVE_LENGTH_MEASURE(2.E-2),#28);
#9216=PRESENTATION_STYLE_ASSIGNMENT((#9215));
#9217=STYLED_ITEM('',(#9216),#9214);
#9218=DIRECTION('',(0.E0,9.805806756909E-1,1.961161351382E-1));
#9219=VECTOR('',#9218,1.748579778282E-2);
#9220=CARTESIAN_POINT('',(-1.6E0,0.E0,-8.25E-1));
#9221=LINE('',#9220,#9219);
#9222=CURVE_STYLE('',#47,POSITIVE_LENGTH_MEASURE(2.E-2),#28);
#9223=PRESENTATION_STYLE_ASSIGNMENT((#9222));
#9224=STYLED_ITEM('',(#9223),#9221);
#9225=DIRECTION('',(0.E0,-9.805806756909E-1,-1.961161351382E-1));
#9226=VECTOR('',#9225,8.959361200263E-2);
#9227=CARTESIAN_POINT('',(-1.99E0,1.05E-1,-8.04E-1));
#9228=LINE('',#9227,#9226);
#9229=CURVE_STYLE('',#47,POSITIVE_LENGTH_MEASURE(2.E-2),#28);
#9230=PRESENTATION_STYLE_ASSIGNMENT((#9229));
#9231=STYLED_ITEM('',(#9230),#9228);
#9232=DIRECTION('',(-1.E0,0.E0,0.E0));
#9233=VECTOR('',#9232,3.9E-1);
#9234=CARTESIAN_POINT('',(-1.6E0,1.714623540487E-2,-8.215707529190E-1));
#9235=LINE('',#9234,#9233);
#9236=CURVE_STYLE('',#47,POSITIVE_LENGTH_MEASURE(2.E-2),#28);
#9237=PRESENTATION_STYLE_ASSIGNMENT((#9236));
#9238=STYLED_ITEM('',(#9237),#9235);
#9239=DIRECTION('',(1.E0,0.E0,0.E0));
#9240=VECTOR('',#9239,4.E-1);
#9241=CARTESIAN_POINT('',(-2.E0,0.E0,-8.25E-1));
#9242=LINE('',#9241,#9240);
#9243=CURVE_STYLE('',#47,POSITIVE_LENGTH_MEASURE(2.E-2),#28);
#9244=PRESENTATION_STYLE_ASSIGNMENT((#9243));
#9245=STYLED_ITEM('',(#9244),#9242);
#9246=DIRECTION('',(0.E0,9.805806756909E-1,1.961161351382E-1));
#9247=VECTOR('',#9246,1.124106837735E-1);
#9248=CARTESIAN_POINT('',(-2.E0,0.E0,-8.25E-1));
#9249=LINE('',#9248,#9247);
#9250=CURVE_STYLE('',#47,POSITIVE_LENGTH_MEASURE(2.E-2),#28);
#9251=PRESENTATION_STYLE_ASSIGNMENT((#9250));
#9252=STYLED_ITEM('',(#9251),#9249);
#9253=CARTESIAN_POINT('',(-2.E0,1.102277442495E-1,-8.029544511501E-1));
#9254=CARTESIAN_POINT('',(-1.996822968767E0,1.081975906321E-1,
-8.033604818736E-1));
#9255=CARTESIAN_POINT('',(-1.993490076136E0,1.064541983901E-1,
-8.037091603220E-1));
#9256=CARTESIAN_POINT('',(-1.99E0,1.05E-1,-8.04E-1));
#9258=CURVE_STYLE('',#47,POSITIVE_LENGTH_MEASURE(2.E-2),#28);
#9259=PRESENTATION_STYLE_ASSIGNMENT((#9258));
#9260=STYLED_ITEM('',(#9259),#9257);
#9261=DIRECTION('',(0.E0,0.E0,1.E0));
#9262=VECTOR('',#9261,3.42E-1);
#9263=CARTESIAN_POINT('',(-1.99E0,1.05E-1,-1.146E0));
#9264=LINE('',#9263,#9262);
#9265=CURVE_STYLE('',#47,POSITIVE_LENGTH_MEASURE(2.E-2),#28);
#9266=PRESENTATION_STYLE_ASSIGNMENT((#9265));
#9267=STYLED_ITEM('',(#9266),#9264);
#9268=CARTESIAN_POINT('',(-1.6E0,0.E0,-1.125E0));
#9269=CARTESIAN_POINT('',(-1.6E0,0.E0,-8.25E-1));
#9270=VERTEX_POINT('',#9268);
#9271=VERTEX_POINT('',#9269);
#9272=CARTESIAN_POINT('',(-2.E0,0.E0,-8.25E-1));
#9273=CARTESIAN_POINT('',(-2.E0,0.E0,-1.125E0));
#9274=VERTEX_POINT('',#9272);
#9275=VERTEX_POINT('',#9273);
#9276=CARTESIAN_POINT('',(-2.E0,1.102277442495E-1,-1.147045548850E0));
#9277=VERTEX_POINT('',#9276);
#9278=CARTESIAN_POINT('',(-2.E0,1.102277442495E-1,-8.029544511501E-1));
#9279=VERTEX_POINT('',#9278);
#9280=CARTESIAN_POINT('',(-1.6E0,1.714623540487E-2,-1.128429247081E0));
#9281=CARTESIAN_POINT('',(-1.6E0,1.714623540487E-2,-8.215707529190E-1));
#9282=VERTEX_POINT('',#9280);
#9283=VERTEX_POINT('',#9281);
#9284=CARTESIAN_POINT('',(-1.99E0,1.05E-1,-1.146E0));
#9285=CARTESIAN_POINT('',(-1.99E0,1.714623540487E-2,-1.128429247081E0));
#9286=VERTEX_POINT('',#9284);
#9287=VERTEX_POINT('',#9285);
#9288=CARTESIAN_POINT('',(-1.99E0,1.05E-1,-8.04E-1));
#9289=CARTESIAN_POINT('',(-1.99E0,1.714623540487E-2,-8.215707529190E-1));
#9290=VERTEX_POINT('',#9288);
#9291=VERTEX_POINT('',#9289);
#9292=CARTESIAN_POINT('',(0.E0,0.E0,0.E0));
#9293=DIRECTION('',(0.E0,1.E0,0.E0));
#9294=DIRECTION('',(1.E0,0.E0,0.E0));
#9295=AXIS2_PLACEMENT_3D('',#9292,#9293,#9294);
#9296=PLANE('',#9295);
#9298=ORIENTED_EDGE('',*,*,#9297,.F.);
#9300=ORIENTED_EDGE('',*,*,#9299,.T.);
#9302=ORIENTED_EDGE('',*,*,#9301,.F.);
#9304=ORIENTED_EDGE('',*,*,#9303,.F.);
#9305=EDGE_LOOP('',(#9298,#9300,#9302,#9304));
#9306=FACE_OUTER_BOUND('',#9305,.F.);
#9307=ADVANCED_FACE('',(#9306),#9296,.F.);
#9308=FILL_AREA_STYLE_COLOUR('',#34);
#9309=FILL_AREA_STYLE('',(#9308));
#9310=SURFACE_STYLE_FILL_AREA(#9309);
#9311=SURFACE_SIDE_STYLE('',(#9310));
#9312=SURFACE_STYLE_USAGE(.NEGATIVE.,#9311);
#9313=PRESENTATION_STYLE_ASSIGNMENT((#9312));
#9314=OVER_RIDING_STYLED_ITEM('',(#9313),#9307,#9139);
#9315=CARTESIAN_POINT('',(-2.E0,2.E-1,2.E0));
#9316=DIRECTION('',(1.E0,0.E0,0.E0));
#9317=DIRECTION('',(0.E0,0.E0,-1.E0));
#9318=AXIS2_PLACEMENT_3D('',#9315,#9316,#9317);
#9319=PLANE('',#9318);
#9320=ORIENTED_EDGE('',*,*,#9297,.T.);
#9322=ORIENTED_EDGE('',*,*,#9321,.F.);
#9324=ORIENTED_EDGE('',*,*,#9323,.T.);
#9326=ORIENTED_EDGE('',*,*,#9325,.F.);
#9327=EDGE_LOOP('',(#9320,#9322,#9324,#9326));
#9328=FACE_OUTER_BOUND('',#9327,.F.);
#9329=ADVANCED_FACE('',(#9328),#9319,.F.);
#9330=CARTESIAN_POINT('',(-2.05E0,2.E-1,-1.165E0));
#9331=DIRECTION('',(0.E0,1.961161351382E-1,9.805806756909E-1));
#9332=DIRECTION('',(0.E0,-9.805806756909E-1,1.961161351382E-1));
#9333=AXIS2_PLACEMENT_3D('',#9330,#9331,#9332);
#9334=PLANE('',#9333);
#9336=ORIENTED_EDGE('',*,*,#9335,.F.);
#9338=ORIENTED_EDGE('',*,*,#9337,.F.);
#9339=ORIENTED_EDGE('',*,*,#9321,.T.);
#9340=ORIENTED_EDGE('',*,*,#9303,.T.);
#9342=ORIENTED_EDGE('',*,*,#9341,.F.);
#9344=ORIENTED_EDGE('',*,*,#9343,.T.);
#9345=EDGE_LOOP('',(#9336,#9338,#9339,#9340,#9342,#9344));
#9346=FACE_OUTER_BOUND('',#9345,.F.);
#9347=ADVANCED_FACE('',(#9346),#9334,.F.);
#9348=CARTESIAN_POINT('',(-1.99E0,0.E0,0.E0));
#9349=DIRECTION('',(1.E0,0.E0,0.E0));
#9350=DIRECTION('',(0.E0,0.E0,-1.E0));
#9351=AXIS2_PLACEMENT_3D('',#9348,#9349,#9350);
#9352=PLANE('',#9351);
#9353=ORIENTED_EDGE('',*,*,#9335,.T.);
#9355=ORIENTED_EDGE('',*,*,#9354,.F.);
#9357=ORIENTED_EDGE('',*,*,#9356,.F.);
#9359=ORIENTED_EDGE('',*,*,#9358,.F.);
#9360=EDGE_LOOP('',(#9353,#9355,#9357,#9359));
#9361=FACE_OUTER_BOUND('',#9360,.F.);
#9362=ADVANCED_FACE('',(#9361),#9352,.T.);
#9363=CARTESIAN_POINT('',(-1.99E0,1.714623540487E-2,1.981526119019E0));
#9364=DIRECTION('',(0.E0,-1.E0,0.E0));
#9365=DIRECTION('',(0.E0,0.E0,-1.E0));
#9366=AXIS2_PLACEMENT_3D('',#9363,#9364,#9365);
#9367=PLANE('',#9366);
#9369=ORIENTED_EDGE('',*,*,#9368,.T.);
#9371=ORIENTED_EDGE('',*,*,#9370,.T.);
#9372=ORIENTED_EDGE('',*,*,#9354,.T.);
#9373=ORIENTED_EDGE('',*,*,#9343,.F.);
#9374=EDGE_LOOP('',(#9369,#9371,#9372,#9373));
#9375=FACE_OUTER_BOUND('',#9374,.F.);
#9376=ADVANCED_FACE('',(#9375),#9367,.F.);
#9377=CARTESIAN_POINT('',(-1.6E0,2.E-1,0.E0));
#9378=DIRECTION('',(-1.E0,0.E0,0.E0));
#9379=DIRECTION('',(0.E0,0.E0,1.E0));
#9380=AXIS2_PLACEMENT_3D('',#9377,#9378,#9379);
#9381=PLANE('',#9380);
#9382=ORIENTED_EDGE('',*,*,#9368,.F.);
#9383=ORIENTED_EDGE('',*,*,#9341,.T.);
#9384=ORIENTED_EDGE('',*,*,#9301,.T.);
#9386=ORIENTED_EDGE('',*,*,#9385,.T.);
#9387=EDGE_LOOP('',(#9382,#9383,#9384,#9386));
#9388=FACE_OUTER_BOUND('',#9387,.F.);
#9389=ADVANCED_FACE('',(#9388),#9381,.F.);
#9390=CARTESIAN_POINT('',(-2.05E0,0.E0,-8.25E-1));
#9391=DIRECTION('',(0.E0,1.961161351382E-1,-9.805806756909E-1));
#9392=DIRECTION('',(0.E0,9.805806756909E-1,1.961161351382E-1));
#9393=AXIS2_PLACEMENT_3D('',#9390,#9391,#9392);
#9394=PLANE('',#9393);
#9395=ORIENTED_EDGE('',*,*,#9356,.T.);
#9396=ORIENTED_EDGE('',*,*,#9370,.F.);
#9397=ORIENTED_EDGE('',*,*,#9385,.F.);
#9398=ORIENTED_EDGE('',*,*,#9299,.F.);
#9399=ORIENTED_EDGE('',*,*,#9325,.T.);
#9401=ORIENTED_EDGE('',*,*,#9400,.T.);
#9402=EDGE_LOOP('',(#9395,#9396,#9397,#9398,#9399,#9401));
#9403=FACE_OUTER_BOUND('',#9402,.F.);
#9404=ADVANCED_FACE('',(#9403),#9394,.F.);
#9405=CARTESIAN_POINT('',(-1.965E0,1.65E-1,1.25E0));
#9406=DIRECTION('',(0.E0,0.E0,1.E0));
#9407=DIRECTION('',(1.E0,0.E0,0.E0));
#9408=AXIS2_PLACEMENT_3D('',#9405,#9406,#9407);
#9409=CYLINDRICAL_SURFACE('',#9408,6.5E-2);
#9410=ORIENTED_EDGE('',*,*,#9358,.T.);
#9411=ORIENTED_EDGE('',*,*,#9400,.F.);
#9412=ORIENTED_EDGE('',*,*,#9323,.F.);
#9413=ORIENTED_EDGE('',*,*,#9337,.T.);
#9414=EDGE_LOOP('',(#9410,#9411,#9412,#9413));
#9415=FACE_OUTER_BOUND('',#9414,.F.);
#9416=ADVANCED_FACE('',(#9415),#9409,.F.);
#9417=CLOSED_SHELL('',(#9307,#9329,#9347,#9362,#9376,#9389,#9404,#9416));
#9418=MANIFOLD_SOLID_BREP('',#9417);
#9419=FILL_AREA_STYLE_COLOUR('',#28);
#9420=FILL_AREA_STYLE('',(#9419));
#9421=SURFACE_STYLE_FILL_AREA(#9420);
#9422=SURFACE_SIDE_STYLE('',(#9421));
#9423=SURFACE_STYLE_USAGE(.POSITIVE.,#9422);
#9424=PRESENTATION_STYLE_ASSIGNMENT((#9423));
#9139=STYLED_ITEM('',(#9424),#9418);
#9426=DIRECTION('',(0.E0,0.E0,-1.E0));
#9427=VECTOR('',#9426,3.E-1);
#9428=CARTESIAN_POINT('',(-2.E0,0.E0,-1.75E-1));
#9429=LINE('',#9428,#9427);
#9430=CURVE_STYLE('',#47,POSITIVE_LENGTH_MEASURE(2.E-2),#28);
#9431=PRESENTATION_STYLE_ASSIGNMENT((#9430));
#9432=STYLED_ITEM('',(#9431),#9429);
#9433=DIRECTION('',(1.E0,0.E0,0.E0));
#9434=VECTOR('',#9433,4.E-1);
#9435=CARTESIAN_POINT('',(-2.E0,0.E0,-4.75E-1));
#9436=LINE('',#9435,#9434);
#9437=CURVE_STYLE('',#47,POSITIVE_LENGTH_MEASURE(2.E-2),#28);
#9438=PRESENTATION_STYLE_ASSIGNMENT((#9437));
#9439=STYLED_ITEM('',(#9438),#9436);
#9440=DIRECTION('',(0.E0,0.E0,1.E0));
#9441=VECTOR('',#9440,3.440910976998E-1);
#9442=CARTESIAN_POINT('',(-2.E0,1.102277442495E-1,-4.970455488499E-1));
#9443=LINE('',#9442,#9441);
#9444=CURVE_STYLE('',#47,POSITIVE_LENGTH_MEASURE(2.E-2),#28);
#9445=PRESENTATION_STYLE_ASSIGNMENT((#9444));
#9446=STYLED_ITEM('',(#9445),#9443);
#9447=DIRECTION('',(0.E0,-9.805806756909E-1,1.961161351382E-1));
#9448=VECTOR('',#9447,8.959361200263E-2);
#9449=CARTESIAN_POINT('',(-1.99E0,1.05E-1,-4.96E-1));
#9450=LINE('',#9449,#9448);
#9451=CURVE_STYLE('',#47,POSITIVE_LENGTH_MEASURE(2.E-2),#28);
#9452=PRESENTATION_STYLE_ASSIGNMENT((#9451));
#9453=STYLED_ITEM('',(#9452),#9450);
#9454=CARTESIAN_POINT('',(-2.E0,1.102277442495E-1,-4.970455488499E-1));
#9455=CARTESIAN_POINT('',(-1.996822968767E0,1.081975906321E-1,
-4.966395181264E-1));
#9456=CARTESIAN_POINT('',(-1.993490076136E0,1.064541983901E-1,
-4.962908396780E-1));
#9457=CARTESIAN_POINT('',(-1.99E0,1.05E-1,-4.96E-1));
#9459=CURVE_STYLE('',#47,POSITIVE_LENGTH_MEASURE(2.E-2),#28);
#9460=PRESENTATION_STYLE_ASSIGNMENT((#9459));
#9461=STYLED_ITEM('',(#9460),#9458);
#9462=DIRECTION('',(0.E0,-9.805806756909E-1,1.961161351382E-1));
#9463=VECTOR('',#9462,1.124106837735E-1);
#9464=CARTESIAN_POINT('',(-2.E0,1.102277442495E-1,-4.970455488499E-1));
#9465=LINE('',#9464,#9463);
#9466=CURVE_STYLE('',#47,POSITIVE_LENGTH_MEASURE(2.E-2),#28);
#9467=PRESENTATION_STYLE_ASSIGNMENT((#9466));
#9468=STYLED_ITEM('',(#9467),#9465);
#9469=DIRECTION('',(-1.E0,0.E0,0.E0));
#9470=VECTOR('',#9469,3.9E-1);
#9471=CARTESIAN_POINT('',(-1.6E0,1.714623540487E-2,-4.784292470810E-1));
#9472=LINE('',#9471,#9470);
#9473=CURVE_STYLE('',#47,POSITIVE_LENGTH_MEASURE(2.E-2),#28);
#9474=PRESENTATION_STYLE_ASSIGNMENT((#9473));
#9475=STYLED_ITEM('',(#9474),#9472);
#9476=DIRECTION('',(0.E0,0.E0,-1.E0));
#9477=VECTOR('',#9476,3.068584941619E-1);
#9478=CARTESIAN_POINT('',(-1.99E0,1.714623540487E-2,-1.715707529190E-1));
#9479=LINE('',#9478,#9477);
#9480=CURVE_STYLE('',#47,POSITIVE_LENGTH_MEASURE(2.E-2),#28);
#9481=PRESENTATION_STYLE_ASSIGNMENT((#9480));
#9482=STYLED_ITEM('',(#9481),#9479);
#9483=DIRECTION('',(0.E0,0.E0,1.E0));
#9484=VECTOR('',#9483,3.068584941619E-1);
#9485=CARTESIAN_POINT('',(-1.6E0,1.714623540487E-2,-4.784292470810E-1));
#9486=LINE('',#9485,#9484);
#9487=CURVE_STYLE('',#47,POSITIVE_LENGTH_MEASURE(2.E-2),#28);
#9488=PRESENTATION_STYLE_ASSIGNMENT((#9487));
#9489=STYLED_ITEM('',(#9488),#9486);
#9490=DIRECTION('',(0.E0,-9.805806756909E-1,1.961161351382E-1));
#9491=VECTOR('',#9490,1.748579778282E-2);
#9492=CARTESIAN_POINT('',(-1.6E0,1.714623540487E-2,-4.784292470810E-1));
#9493=LINE('',#9492,#9491);
#9494=CURVE_STYLE('',#47,POSITIVE_LENGTH_MEASURE(2.E-2),#28);
#9495=PRESENTATION_STYLE_ASSIGNMENT((#9494));
#9496=STYLED_ITEM('',(#9495),#9493);
#9497=DIRECTION('',(0.E0,0.E0,1.E0));
#9498=VECTOR('',#9497,3.E-1);
#9499=CARTESIAN_POINT('',(-1.6E0,0.E0,-4.75E-1));
#9500=LINE('',#9499,#9498);
#9501=CURVE_STYLE('',#47,POSITIVE_LENGTH_MEASURE(2.E-2),#28);
#9502=PRESENTATION_STYLE_ASSIGNMENT((#9501));
#9503=STYLED_ITEM('',(#9502),#9500);
#9504=DIRECTION('',(0.E0,9.805806756909E-1,1.961161351382E-1));
#9505=VECTOR('',#9504,1.748579778282E-2);
#9506=CARTESIAN_POINT('',(-1.6E0,0.E0,-1.75E-1));
#9507=LINE('',#9506,#9505);
#9508=CURVE_STYLE('',#47,POSITIVE_LENGTH_MEASURE(2.E-2),#28);
#9509=PRESENTATION_STYLE_ASSIGNMENT((#9508));
#9510=STYLED_ITEM('',(#9509),#9507);
#9511=DIRECTION('',(0.E0,-9.805806756909E-1,-1.961161351382E-1));
#9512=VECTOR('',#9511,8.959361200263E-2);
#9513=CARTESIAN_POINT('',(-1.99E0,1.05E-1,-1.54E-1));
#9514=LINE('',#9513,#9512);
#9515=CURVE_STYLE('',#47,POSITIVE_LENGTH_MEASURE(2.E-2),#28);
#9516=PRESENTATION_STYLE_ASSIGNMENT((#9515));
#9517=STYLED_ITEM('',(#9516),#9514);
#9518=DIRECTION('',(-1.E0,0.E0,0.E0));
#9519=VECTOR('',#9518,3.9E-1);
#9520=CARTESIAN_POINT('',(-1.6E0,1.714623540487E-2,-1.715707529190E-1));
#9521=LINE('',#9520,#9519);
#9522=CURVE_STYLE('',#47,POSITIVE_LENGTH_MEASURE(2.E-2),#28);
#9523=PRESENTATION_STYLE_ASSIGNMENT((#9522));
#9524=STYLED_ITEM('',(#9523),#9521);
#9525=DIRECTION('',(1.E0,0.E0,0.E0));
#9526=VECTOR('',#9525,4.E-1);
#9527=CARTESIAN_POINT('',(-2.E0,0.E0,-1.75E-1));
#9528=LINE('',#9527,#9526);
#9529=CURVE_STYLE('',#47,POSITIVE_LENGTH_MEASURE(2.E-2),#28);
#9530=PRESENTATION_STYLE_ASSIGNMENT((#9529));
#9531=STYLED_ITEM('',(#9530),#9528);
#9532=DIRECTION('',(0.E0,9.805806756909E-1,1.961161351382E-1));
#9533=VECTOR('',#9532,1.124106837735E-1);
#9534=CARTESIAN_POINT('',(-2.E0,0.E0,-1.75E-1));
#9535=LINE('',#9534,#9533);
#9536=CURVE_STYLE('',#47,POSITIVE_LENGTH_MEASURE(2.E-2),#28);
#9537=PRESENTATION_STYLE_ASSIGNMENT((#9536));
#9538=STYLED_ITEM('',(#9537),#9535);
#9539=CARTESIAN_POINT('',(-2.E0,1.102277442495E-1,-1.529544511501E-1));
#9540=CARTESIAN_POINT('',(-1.996822968767E0,1.081975906321E-1,
-1.533604818736E-1));
#9541=CARTESIAN_POINT('',(-1.993490076136E0,1.064541983901E-1,
-1.537091603220E-1));
#9542=CARTESIAN_POINT('',(-1.99E0,1.05E-1,-1.54E-1));
#9544=CURVE_STYLE('',#47,POSITIVE_LENGTH_MEASURE(2.E-2),#28);
#9545=PRESENTATION_STYLE_ASSIGNMENT((#9544));
#9546=STYLED_ITEM('',(#9545),#9543);
#9547=DIRECTION('',(0.E0,0.E0,1.E0));
#9548=VECTOR('',#9547,3.42E-1);
#9549=CARTESIAN_POINT('',(-1.99E0,1.05E-1,-4.96E-1));
#9550=LINE('',#9549,#9548);
#9551=CURVE_STYLE('',#47,POSITIVE_LENGTH_MEASURE(2.E-2),#28);
#9552=PRESENTATION_STYLE_ASSIGNMENT((#9551));
#9553=STYLED_ITEM('',(#9552),#9550);
#9554=CARTESIAN_POINT('',(-1.6E0,0.E0,-4.75E-1));
#9555=CARTESIAN_POINT('',(-1.6E0,0.E0,-1.75E-1));
#9556=VERTEX_POINT('',#9554);
#9557=VERTEX_POINT('',#9555);
#9558=CARTESIAN_POINT('',(-2.E0,0.E0,-1.75E-1));
#9559=CARTESIAN_POINT('',(-2.E0,0.E0,-4.75E-1));
#9560=VERTEX_POINT('',#9558);
#9561=VERTEX_POINT('',#9559);
#9562=CARTESIAN_POINT('',(-2.E0,1.102277442495E-1,-4.970455488499E-1));
#9563=VERTEX_POINT('',#9562);
#9564=CARTESIAN_POINT('',(-2.E0,1.102277442495E-1,-1.529544511501E-1));
#9565=VERTEX_POINT('',#9564);
#9566=CARTESIAN_POINT('',(-1.6E0,1.714623540487E-2,-4.784292470810E-1));
#9567=CARTESIAN_POINT('',(-1.6E0,1.714623540487E-2,-1.715707529190E-1));
#9568=VERTEX_POINT('',#9566);
#9569=VERTEX_POINT('',#9567);
#9570=CARTESIAN_POINT('',(-1.99E0,1.05E-1,-4.96E-1));
#9571=CARTESIAN_POINT('',(-1.99E0,1.714623540487E-2,-4.784292470810E-1));
#9572=VERTEX_POINT('',#9570);
#9573=VERTEX_POINT('',#9571);
#9574=CARTESIAN_POINT('',(-1.99E0,1.05E-1,-1.54E-1));
#9575=CARTESIAN_POINT('',(-1.99E0,1.714623540487E-2,-1.715707529190E-1));
#9576=VERTEX_POINT('',#9574);
#9577=VERTEX_POINT('',#9575);
#9578=CARTESIAN_POINT('',(0.E0,0.E0,0.E0));
#9579=DIRECTION('',(0.E0,1.E0,0.E0));
#9580=DIRECTION('',(1.E0,0.E0,0.E0));
#9581=AXIS2_PLACEMENT_3D('',#9578,#9579,#9580);
#9582=PLANE('',#9581);
#9584=ORIENTED_EDGE('',*,*,#9583,.F.);
#9586=ORIENTED_EDGE('',*,*,#9585,.T.);
#9588=ORIENTED_EDGE('',*,*,#9587,.F.);
#9590=ORIENTED_EDGE('',*,*,#9589,.F.);
#9591=EDGE_LOOP('',(#9584,#9586,#9588,#9590));
#9592=FACE_OUTER_BOUND('',#9591,.F.);
#9593=ADVANCED_FACE('',(#9592),#9582,.F.);
#9594=FILL_AREA_STYLE_COLOUR('',#34);
#9595=FILL_AREA_STYLE('',(#9594));
#9596=SURFACE_STYLE_FILL_AREA(#9595);
#9597=SURFACE_SIDE_STYLE('',(#9596));
#9598=SURFACE_STYLE_USAGE(.NEGATIVE.,#9597);
#9599=PRESENTATION_STYLE_ASSIGNMENT((#9598));
#9600=OVER_RIDING_STYLED_ITEM('',(#9599),#9593,#9425);
#9601=CARTESIAN_POINT('',(-2.E0,2.E-1,2.E0));
#9602=DIRECTION('',(1.E0,0.E0,0.E0));
#9603=DIRECTION('',(0.E0,0.E0,-1.E0));
#9604=AXIS2_PLACEMENT_3D('',#9601,#9602,#9603);
#9605=PLANE('',#9604);
#9606=ORIENTED_EDGE('',*,*,#9583,.T.);
#9608=ORIENTED_EDGE('',*,*,#9607,.F.);
#9610=ORIENTED_EDGE('',*,*,#9609,.T.);
#9612=ORIENTED_EDGE('',*,*,#9611,.F.);
#9613=EDGE_LOOP('',(#9606,#9608,#9610,#9612));
#9614=FACE_OUTER_BOUND('',#9613,.F.);
#9615=ADVANCED_FACE('',(#9614),#9605,.F.);
#9616=CARTESIAN_POINT('',(-2.05E0,2.E-1,-5.15E-1));
#9617=DIRECTION('',(0.E0,1.961161351382E-1,9.805806756909E-1));
#9618=DIRECTION('',(0.E0,-9.805806756909E-1,1.961161351382E-1));
#9619=AXIS2_PLACEMENT_3D('',#9616,#9617,#9618);
#9620=PLANE('',#9619);
#9622=ORIENTED_EDGE('',*,*,#9621,.F.);
#9624=ORIENTED_EDGE('',*,*,#9623,.F.);
#9625=ORIENTED_EDGE('',*,*,#9607,.T.);
#9626=ORIENTED_EDGE('',*,*,#9589,.T.);
#9628=ORIENTED_EDGE('',*,*,#9627,.F.);
#9630=ORIENTED_EDGE('',*,*,#9629,.T.);
#9631=EDGE_LOOP('',(#9622,#9624,#9625,#9626,#9628,#9630));
#9632=FACE_OUTER_BOUND('',#9631,.F.);
#9633=ADVANCED_FACE('',(#9632),#9620,.F.);
#9634=CARTESIAN_POINT('',(-1.99E0,0.E0,0.E0));
#9635=DIRECTION('',(1.E0,0.E0,0.E0));
#9636=DIRECTION('',(0.E0,0.E0,-1.E0));
#9637=AXIS2_PLACEMENT_3D('',#9634,#9635,#9636);
#9638=PLANE('',#9637);
#9639=ORIENTED_EDGE('',*,*,#9621,.T.);
#9641=ORIENTED_EDGE('',*,*,#9640,.F.);
#9643=ORIENTED_EDGE('',*,*,#9642,.F.);
#9645=ORIENTED_EDGE('',*,*,#9644,.F.);
#9646=EDGE_LOOP('',(#9639,#9641,#9643,#9645));
#9647=FACE_OUTER_BOUND('',#9646,.F.);
#9648=ADVANCED_FACE('',(#9647),#9638,.T.);
#9649=CARTESIAN_POINT('',(-1.99E0,1.714623540487E-2,1.981526119019E0));
#9650=DIRECTION('',(0.E0,-1.E0,0.E0));
#9651=DIRECTION('',(0.E0,0.E0,-1.E0));
#9652=AXIS2_PLACEMENT_3D('',#9649,#9650,#9651);
#9653=PLANE('',#9652);
#9655=ORIENTED_EDGE('',*,*,#9654,.T.);
#9657=ORIENTED_EDGE('',*,*,#9656,.T.);
#9658=ORIENTED_EDGE('',*,*,#9640,.T.);
#9659=ORIENTED_EDGE('',*,*,#9629,.F.);
#9660=EDGE_LOOP('',(#9655,#9657,#9658,#9659));
#9661=FACE_OUTER_BOUND('',#9660,.F.);
#9662=ADVANCED_FACE('',(#9661),#9653,.F.);
#9663=CARTESIAN_POINT('',(-1.6E0,2.E-1,0.E0));
#9664=DIRECTION('',(-1.E0,0.E0,0.E0));
#9665=DIRECTION('',(0.E0,0.E0,1.E0));
#9666=AXIS2_PLACEMENT_3D('',#9663,#9664,#9665);
#9667=PLANE('',#9666);
#9668=ORIENTED_EDGE('',*,*,#9654,.F.);
#9669=ORIENTED_EDGE('',*,*,#9627,.T.);
#9670=ORIENTED_EDGE('',*,*,#9587,.T.);
#9672=ORIENTED_EDGE('',*,*,#9671,.T.);
#9673=EDGE_LOOP('',(#9668,#9669,#9670,#9672));
#9674=FACE_OUTER_BOUND('',#9673,.F.);
#9675=ADVANCED_FACE('',(#9674),#9667,.F.);
#9676=CARTESIAN_POINT('',(-2.05E0,0.E0,-1.75E-1));
#9677=DIRECTION('',(0.E0,1.961161351382E-1,-9.805806756909E-1));
#9678=DIRECTION('',(0.E0,9.805806756909E-1,1.961161351382E-1));
#9679=AXIS2_PLACEMENT_3D('',#9676,#9677,#9678);
#9680=PLANE('',#9679);
#9681=ORIENTED_EDGE('',*,*,#9642,.T.);
#9682=ORIENTED_EDGE('',*,*,#9656,.F.);
#9683=ORIENTED_EDGE('',*,*,#9671,.F.);
#9684=ORIENTED_EDGE('',*,*,#9585,.F.);
#9685=ORIENTED_EDGE('',*,*,#9611,.T.);
#9687=ORIENTED_EDGE('',*,*,#9686,.T.);
#9688=EDGE_LOOP('',(#9681,#9682,#9683,#9684,#9685,#9687));
#9689=FACE_OUTER_BOUND('',#9688,.F.);
#9690=ADVANCED_FACE('',(#9689),#9680,.F.);
#9691=CARTESIAN_POINT('',(-1.965E0,1.65E-1,1.25E0));
#9692=DIRECTION('',(0.E0,0.E0,1.E0));
#9693=DIRECTION('',(1.E0,0.E0,0.E0));
#9694=AXIS2_PLACEMENT_3D('',#9691,#9692,#9693);
#9695=CYLINDRICAL_SURFACE('',#9694,6.5E-2);
#9696=ORIENTED_EDGE('',*,*,#9644,.T.);
#9697=ORIENTED_EDGE('',*,*,#9686,.F.);
#9698=ORIENTED_EDGE('',*,*,#9609,.F.);
#9699=ORIENTED_EDGE('',*,*,#9623,.T.);
#9700=EDGE_LOOP('',(#9696,#9697,#9698,#9699));
#9701=FACE_OUTER_BOUND('',#9700,.F.);
#9702=ADVANCED_FACE('',(#9701),#9695,.F.);
#9703=CLOSED_SHELL('',(#9593,#9615,#9633,#9648,#9662,#9675,#9690,#9702));
#9704=MANIFOLD_SOLID_BREP('',#9703);
#9705=FILL_AREA_STYLE_COLOUR('',#28);
#9706=FILL_AREA_STYLE('',(#9705));
#9707=SURFACE_STYLE_FILL_AREA(#9706);
#9708=SURFACE_SIDE_STYLE('',(#9707));
#9709=SURFACE_STYLE_USAGE(.POSITIVE.,#9708);
#9710=PRESENTATION_STYLE_ASSIGNMENT((#9709));
#9425=STYLED_ITEM('',(#9710),#9704);
#9712=DIRECTION('',(0.E0,0.E0,-1.E0));
#9713=VECTOR('',#9712,3.E-1);
#9714=CARTESIAN_POINT('',(-2.E0,0.E0,4.75E-1));
#9715=LINE('',#9714,#9713);
#9716=CURVE_STYLE('',#47,POSITIVE_LENGTH_MEASURE(2.E-2),#28);
#9717=PRESENTATION_STYLE_ASSIGNMENT((#9716));
#9718=STYLED_ITEM('',(#9717),#9715);
#9719=DIRECTION('',(1.E0,0.E0,0.E0));
#9720=VECTOR('',#9719,4.E-1);
#9721=CARTESIAN_POINT('',(-2.E0,0.E0,1.75E-1));
#9722=LINE('',#9721,#9720);
#9723=CURVE_STYLE('',#47,POSITIVE_LENGTH_MEASURE(2.E-2),#28);
#9724=PRESENTATION_STYLE_ASSIGNMENT((#9723));
#9725=STYLED_ITEM('',(#9724),#9722);
#9726=DIRECTION('',(0.E0,0.E0,1.E0));
#9727=VECTOR('',#9726,3.440910976998E-1);
#9728=CARTESIAN_POINT('',(-2.E0,1.102277442495E-1,1.529544511501E-1));
#9729=LINE('',#9728,#9727);
#9730=CURVE_STYLE('',#47,POSITIVE_LENGTH_MEASURE(2.E-2),#28);
#9731=PRESENTATION_STYLE_ASSIGNMENT((#9730));
#9732=STYLED_ITEM('',(#9731),#9729);
#9733=DIRECTION('',(0.E0,-9.805806756909E-1,1.961161351382E-1));
#9734=VECTOR('',#9733,8.959361200263E-2);
#9735=CARTESIAN_POINT('',(-1.99E0,1.05E-1,1.54E-1));
#9736=LINE('',#9735,#9734);
#9737=CURVE_STYLE('',#47,POSITIVE_LENGTH_MEASURE(2.E-2),#28);
#9738=PRESENTATION_STYLE_ASSIGNMENT((#9737));
#9739=STYLED_ITEM('',(#9738),#9736);
#9740=CARTESIAN_POINT('',(-2.E0,1.102277442495E-1,1.529544511501E-1));
#9741=CARTESIAN_POINT('',(-1.996822968767E0,1.081975906321E-1,
1.533604818736E-1));
#9742=CARTESIAN_POINT('',(-1.993490076136E0,1.064541983901E-1,
1.537091603220E-1));
#9743=CARTESIAN_POINT('',(-1.99E0,1.05E-1,1.54E-1));
#9745=CURVE_STYLE('',#47,POSITIVE_LENGTH_MEASURE(2.E-2),#28);
#9746=PRESENTATION_STYLE_ASSIGNMENT((#9745));
#9747=STYLED_ITEM('',(#9746),#9744);
#9748=DIRECTION('',(0.E0,-9.805806756909E-1,1.961161351382E-1));
#9749=VECTOR('',#9748,1.124106837735E-1);
#9750=CARTESIAN_POINT('',(-2.E0,1.102277442495E-1,1.529544511501E-1));
#9751=LINE('',#9750,#9749);
#9752=CURVE_STYLE('',#47,POSITIVE_LENGTH_MEASURE(2.E-2),#28);
#9753=PRESENTATION_STYLE_ASSIGNMENT((#9752));
#9754=STYLED_ITEM('',(#9753),#9751);
#9755=DIRECTION('',(-1.E0,0.E0,0.E0));
#9756=VECTOR('',#9755,3.9E-1);
#9757=CARTESIAN_POINT('',(-1.6E0,1.714623540487E-2,1.715707529190E-1));
#9758=LINE('',#9757,#9756);
#9759=CURVE_STYLE('',#47,POSITIVE_LENGTH_MEASURE(2.E-2),#28);
#9760=PRESENTATION_STYLE_ASSIGNMENT((#9759));
#9761=STYLED_ITEM('',(#9760),#9758);
#9762=DIRECTION('',(0.E0,0.E0,-1.E0));
#9763=VECTOR('',#9762,3.068584941619E-1);
#9764=CARTESIAN_POINT('',(-1.99E0,1.714623540487E-2,4.784292470810E-1));
#9765=LINE('',#9764,#9763);
#9766=CURVE_STYLE('',#47,POSITIVE_LENGTH_MEASURE(2.E-2),#28);
#9767=PRESENTATION_STYLE_ASSIGNMENT((#9766));
#9768=STYLED_ITEM('',(#9767),#9765);
#9769=DIRECTION('',(0.E0,0.E0,1.E0));
#9770=VECTOR('',#9769,3.068584941619E-1);
#9771=CARTESIAN_POINT('',(-1.6E0,1.714623540487E-2,1.715707529190E-1));
#9772=LINE('',#9771,#9770);
#9773=CURVE_STYLE('',#47,POSITIVE_LENGTH_MEASURE(2.E-2),#28);
#9774=PRESENTATION_STYLE_ASSIGNMENT((#9773));
#9775=STYLED_ITEM('',(#9774),#9772);
#9776=DIRECTION('',(0.E0,-9.805806756909E-1,1.961161351382E-1));
#9777=VECTOR('',#9776,1.748579778282E-2);
#9778=CARTESIAN_POINT('',(-1.6E0,1.714623540487E-2,1.715707529190E-1));
#9779=LINE('',#9778,#9777);
#9780=CURVE_STYLE('',#47,POSITIVE_LENGTH_MEASURE(2.E-2),#28);
#9781=PRESENTATION_STYLE_ASSIGNMENT((#9780));
#9782=STYLED_ITEM('',(#9781),#9779);
#9783=DIRECTION('',(0.E0,0.E0,1.E0));
#9784=VECTOR('',#9783,3.E-1);
#9785=CARTESIAN_POINT('',(-1.6E0,0.E0,1.75E-1));
#9786=LINE('',#9785,#9784);
#9787=CURVE_STYLE('',#47,POSITIVE_LENGTH_MEASURE(2.E-2),#28);
#9788=PRESENTATION_STYLE_ASSIGNMENT((#9787));
#9789=STYLED_ITEM('',(#9788),#9786);
#9790=DIRECTION('',(0.E0,9.805806756909E-1,1.961161351382E-1));
#9791=VECTOR('',#9790,1.748579778282E-2);
#9792=CARTESIAN_POINT('',(-1.6E0,0.E0,4.75E-1));
#9793=LINE('',#9792,#9791);
#9794=CURVE_STYLE('',#47,POSITIVE_LENGTH_MEASURE(2.E-2),#28);
#9795=PRESENTATION_STYLE_ASSIGNMENT((#9794));
#9796=STYLED_ITEM('',(#9795),#9793);
#9797=DIRECTION('',(0.E0,-9.805806756909E-1,-1.961161351382E-1));
#9798=VECTOR('',#9797,8.959361200263E-2);
#9799=CARTESIAN_POINT('',(-1.99E0,1.05E-1,4.96E-1));
#9800=LINE('',#9799,#9798);
#9801=CURVE_STYLE('',#47,POSITIVE_LENGTH_MEASURE(2.E-2),#28);
#9802=PRESENTATION_STYLE_ASSIGNMENT((#9801));
#9803=STYLED_ITEM('',(#9802),#9800);
#9804=DIRECTION('',(-1.E0,0.E0,0.E0));
#9805=VECTOR('',#9804,3.9E-1);
#9806=CARTESIAN_POINT('',(-1.6E0,1.714623540487E-2,4.784292470810E-1));
#9807=LINE('',#9806,#9805);
#9808=CURVE_STYLE('',#47,POSITIVE_LENGTH_MEASURE(2.E-2),#28);
#9809=PRESENTATION_STYLE_ASSIGNMENT((#9808));
#9810=STYLED_ITEM('',(#9809),#9807);
#9811=DIRECTION('',(1.E0,0.E0,0.E0));
#9812=VECTOR('',#9811,4.E-1);
#9813=CARTESIAN_POINT('',(-2.E0,0.E0,4.75E-1));
#9814=LINE('',#9813,#9812);
#9815=CURVE_STYLE('',#47,POSITIVE_LENGTH_MEASURE(2.E-2),#28);
#9816=PRESENTATION_STYLE_ASSIGNMENT((#9815));
#9817=STYLED_ITEM('',(#9816),#9814);
#9818=DIRECTION('',(0.E0,9.805806756909E-1,1.961161351382E-1));
#9819=VECTOR('',#9818,1.124106837735E-1);
#9820=CARTESIAN_POINT('',(-2.E0,0.E0,4.75E-1));
#9821=LINE('',#9820,#9819);
#9822=CURVE_STYLE('',#47,POSITIVE_LENGTH_MEASURE(2.E-2),#28);
#9823=PRESENTATION_STYLE_ASSIGNMENT((#9822));
#9824=STYLED_ITEM('',(#9823),#9821);
#9825=CARTESIAN_POINT('',(-2.E0,1.102277442495E-1,4.970455488499E-1));
#9826=CARTESIAN_POINT('',(-1.996822968767E0,1.081975906321E-1,
4.966395181264E-1));
#9827=CARTESIAN_POINT('',(-1.993490076136E0,1.064541983901E-1,
4.962908396780E-1));
#9828=CARTESIAN_POINT('',(-1.99E0,1.05E-1,4.96E-1));
#9830=CURVE_STYLE('',#47,POSITIVE_LENGTH_MEASURE(2.E-2),#28);
#9831=PRESENTATION_STYLE_ASSIGNMENT((#9830));
#9832=STYLED_ITEM('',(#9831),#9829);
#9833=DIRECTION('',(0.E0,0.E0,1.E0));
#9834=VECTOR('',#9833,3.42E-1);
#9835=CARTESIAN_POINT('',(-1.99E0,1.05E-1,1.54E-1));
#9836=LINE('',#9835,#9834);
#9837=CURVE_STYLE('',#47,POSITIVE_LENGTH_MEASURE(2.E-2),#28);
#9838=PRESENTATION_STYLE_ASSIGNMENT((#9837));
#9839=STYLED_ITEM('',(#9838),#9836);
#9840=CARTESIAN_POINT('',(-1.6E0,0.E0,1.75E-1));
#9841=CARTESIAN_POINT('',(-1.6E0,0.E0,4.75E-1));
#9842=VERTEX_POINT('',#9840);
#9843=VERTEX_POINT('',#9841);
#9844=CARTESIAN_POINT('',(-2.E0,0.E0,4.75E-1));
#9845=CARTESIAN_POINT('',(-2.E0,0.E0,1.75E-1));
#9846=VERTEX_POINT('',#9844);
#9847=VERTEX_POINT('',#9845);
#9848=CARTESIAN_POINT('',(-2.E0,1.102277442495E-1,1.529544511501E-1));
#9849=VERTEX_POINT('',#9848);
#9850=CARTESIAN_POINT('',(-2.E0,1.102277442495E-1,4.970455488499E-1));
#9851=VERTEX_POINT('',#9850);
#9852=CARTESIAN_POINT('',(-1.6E0,1.714623540487E-2,1.715707529190E-1));
#9853=CARTESIAN_POINT('',(-1.6E0,1.714623540487E-2,4.784292470810E-1));
#9854=VERTEX_POINT('',#9852);
#9855=VERTEX_POINT('',#9853);
#9856=CARTESIAN_POINT('',(-1.99E0,1.05E-1,1.54E-1));
#9857=CARTESIAN_POINT('',(-1.99E0,1.714623540487E-2,1.715707529190E-1));
#9858=VERTEX_POINT('',#9856);
#9859=VERTEX_POINT('',#9857);
#9860=CARTESIAN_POINT('',(-1.99E0,1.05E-1,4.96E-1));
#9861=CARTESIAN_POINT('',(-1.99E0,1.714623540487E-2,4.784292470810E-1));
#9862=VERTEX_POINT('',#9860);
#9863=VERTEX_POINT('',#9861);
#9864=CARTESIAN_POINT('',(0.E0,0.E0,0.E0));
#9865=DIRECTION('',(0.E0,1.E0,0.E0));
#9866=DIRECTION('',(1.E0,0.E0,0.E0));
#9867=AXIS2_PLACEMENT_3D('',#9864,#9865,#9866);
#9868=PLANE('',#9867);
#9870=ORIENTED_EDGE('',*,*,#9869,.F.);
#9872=ORIENTED_EDGE('',*,*,#9871,.T.);
#9874=ORIENTED_EDGE('',*,*,#9873,.F.);
#9876=ORIENTED_EDGE('',*,*,#9875,.F.);
#9877=EDGE_LOOP('',(#9870,#9872,#9874,#9876));
#9878=FACE_OUTER_BOUND('',#9877,.F.);
#9879=ADVANCED_FACE('',(#9878),#9868,.F.);
#9880=FILL_AREA_STYLE_COLOUR('',#34);
#9881=FILL_AREA_STYLE('',(#9880));
#9882=SURFACE_STYLE_FILL_AREA(#9881);
#9883=SURFACE_SIDE_STYLE('',(#9882));
#9884=SURFACE_STYLE_USAGE(.NEGATIVE.,#9883);
#9885=PRESENTATION_STYLE_ASSIGNMENT((#9884));
#9886=OVER_RIDING_STYLED_ITEM('',(#9885),#9879,#9711);
#9887=CARTESIAN_POINT('',(-2.E0,2.E-1,2.E0));
#9888=DIRECTION('',(1.E0,0.E0,0.E0));
#9889=DIRECTION('',(0.E0,0.E0,-1.E0));
#9890=AXIS2_PLACEMENT_3D('',#9887,#9888,#9889);
#9891=PLANE('',#9890);
#9892=ORIENTED_EDGE('',*,*,#9869,.T.);
#9894=ORIENTED_EDGE('',*,*,#9893,.F.);
#9896=ORIENTED_EDGE('',*,*,#9895,.T.);
#9898=ORIENTED_EDGE('',*,*,#9897,.F.);
#9899=EDGE_LOOP('',(#9892,#9894,#9896,#9898));
#9900=FACE_OUTER_BOUND('',#9899,.F.);
#9901=ADVANCED_FACE('',(#9900),#9891,.F.);
#9902=CARTESIAN_POINT('',(-2.05E0,2.E-1,1.35E-1));
#9903=DIRECTION('',(0.E0,1.961161351382E-1,9.805806756909E-1));
#9904=DIRECTION('',(0.E0,-9.805806756909E-1,1.961161351382E-1));
#9905=AXIS2_PLACEMENT_3D('',#9902,#9903,#9904);
#9906=PLANE('',#9905);
#9908=ORIENTED_EDGE('',*,*,#9907,.F.);
#9910=ORIENTED_EDGE('',*,*,#9909,.F.);
#9911=ORIENTED_EDGE('',*,*,#9893,.T.);
#9912=ORIENTED_EDGE('',*,*,#9875,.T.);
#9914=ORIENTED_EDGE('',*,*,#9913,.F.);
#9916=ORIENTED_EDGE('',*,*,#9915,.T.);
#9917=EDGE_LOOP('',(#9908,#9910,#9911,#9912,#9914,#9916));
#9918=FACE_OUTER_BOUND('',#9917,.F.);
#9919=ADVANCED_FACE('',(#9918),#9906,.F.);
#9920=CARTESIAN_POINT('',(-1.99E0,0.E0,0.E0));
#9921=DIRECTION('',(1.E0,0.E0,0.E0));
#9922=DIRECTION('',(0.E0,0.E0,-1.E0));
#9923=AXIS2_PLACEMENT_3D('',#9920,#9921,#9922);
#9924=PLANE('',#9923);
#9925=ORIENTED_EDGE('',*,*,#9907,.T.);
#9927=ORIENTED_EDGE('',*,*,#9926,.F.);
#9929=ORIENTED_EDGE('',*,*,#9928,.F.);
#9931=ORIENTED_EDGE('',*,*,#9930,.F.);
#9932=EDGE_LOOP('',(#9925,#9927,#9929,#9931));
#9933=FACE_OUTER_BOUND('',#9932,.F.);
#9934=ADVANCED_FACE('',(#9933),#9924,.T.);
#9935=CARTESIAN_POINT('',(-1.99E0,1.714623540487E-2,1.981526119019E0));
#9936=DIRECTION('',(0.E0,-1.E0,0.E0));
#9937=DIRECTION('',(0.E0,0.E0,-1.E0));
#9938=AXIS2_PLACEMENT_3D('',#9935,#9936,#9937);
#9939=PLANE('',#9938);
#9941=ORIENTED_EDGE('',*,*,#9940,.T.);
#9943=ORIENTED_EDGE('',*,*,#9942,.T.);
#9944=ORIENTED_EDGE('',*,*,#9926,.T.);
#9945=ORIENTED_EDGE('',*,*,#9915,.F.);
#9946=EDGE_LOOP('',(#9941,#9943,#9944,#9945));
#9947=FACE_OUTER_BOUND('',#9946,.F.);
#9948=ADVANCED_FACE('',(#9947),#9939,.F.);
#9949=CARTESIAN_POINT('',(-1.6E0,2.E-1,0.E0));
#9950=DIRECTION('',(-1.E0,0.E0,0.E0));
#9951=DIRECTION('',(0.E0,0.E0,1.E0));
#9952=AXIS2_PLACEMENT_3D('',#9949,#9950,#9951);
#9953=PLANE('',#9952);
#9954=ORIENTED_EDGE('',*,*,#9940,.F.);
#9955=ORIENTED_EDGE('',*,*,#9913,.T.);
#9956=ORIENTED_EDGE('',*,*,#9873,.T.);
#9958=ORIENTED_EDGE('',*,*,#9957,.T.);
#9959=EDGE_LOOP('',(#9954,#9955,#9956,#9958));
#9960=FACE_OUTER_BOUND('',#9959,.F.);
#9961=ADVANCED_FACE('',(#9960),#9953,.F.);
#9962=CARTESIAN_POINT('',(-2.05E0,0.E0,4.75E-1));
#9963=DIRECTION('',(0.E0,1.961161351382E-1,-9.805806756909E-1));
#9964=DIRECTION('',(0.E0,9.805806756909E-1,1.961161351382E-1));
#9965=AXIS2_PLACEMENT_3D('',#9962,#9963,#9964);
#9966=PLANE('',#9965);
#9967=ORIENTED_EDGE('',*,*,#9928,.T.);
#9968=ORIENTED_EDGE('',*,*,#9942,.F.);
#9969=ORIENTED_EDGE('',*,*,#9957,.F.);
#9970=ORIENTED_EDGE('',*,*,#9871,.F.);
#9971=ORIENTED_EDGE('',*,*,#9897,.T.);
#9973=ORIENTED_EDGE('',*,*,#9972,.T.);
#9974=EDGE_LOOP('',(#9967,#9968,#9969,#9970,#9971,#9973));
#9975=FACE_OUTER_BOUND('',#9974,.F.);
#9976=ADVANCED_FACE('',(#9975),#9966,.F.);
#9977=CARTESIAN_POINT('',(-1.965E0,1.65E-1,1.25E0));
#9978=DIRECTION('',(0.E0,0.E0,1.E0));
#9979=DIRECTION('',(1.E0,0.E0,0.E0));
#9980=AXIS2_PLACEMENT_3D('',#9977,#9978,#9979);
#9981=CYLINDRICAL_SURFACE('',#9980,6.5E-2);
#9982=ORIENTED_EDGE('',*,*,#9930,.T.);
#9983=ORIENTED_EDGE('',*,*,#9972,.F.);
#9984=ORIENTED_EDGE('',*,*,#9895,.F.);
#9985=ORIENTED_EDGE('',*,*,#9909,.T.);
#9986=EDGE_LOOP('',(#9982,#9983,#9984,#9985));
#9987=FACE_OUTER_BOUND('',#9986,.F.);
#9988=ADVANCED_FACE('',(#9987),#9981,.F.);
#9989=CLOSED_SHELL('',(#9879,#9901,#9919,#9934,#9948,#9961,#9976,#9988));
#9990=MANIFOLD_SOLID_BREP('',#9989);
#9991=FILL_AREA_STYLE_COLOUR('',#28);
#9992=FILL_AREA_STYLE('',(#9991));
#9993=SURFACE_STYLE_FILL_AREA(#9992);
#9994=SURFACE_SIDE_STYLE('',(#9993));
#9995=SURFACE_STYLE_USAGE(.POSITIVE.,#9994);
#9996=PRESENTATION_STYLE_ASSIGNMENT((#9995));
#9711=STYLED_ITEM('',(#9996),#9990);
#9998=DIRECTION('',(0.E0,0.E0,1.E0));
#9999=VECTOR('',#9998,3.E-1);
#10000=CARTESIAN_POINT('',(2.E0,0.E0,8.25E-1));
#10001=LINE('',#10000,#9999);
#10002=CURVE_STYLE('',#47,POSITIVE_LENGTH_MEASURE(2.E-2),#28);
#10003=PRESENTATION_STYLE_ASSIGNMENT((#10002));
#10004=STYLED_ITEM('',(#10003),#10001);
#10005=DIRECTION('',(-1.E0,0.E0,0.E0));
#10006=VECTOR('',#10005,4.E-1);
#10007=CARTESIAN_POINT('',(2.E0,0.E0,8.25E-1));
#10008=LINE('',#10007,#10006);
#10009=CURVE_STYLE('',#47,POSITIVE_LENGTH_MEASURE(2.E-2),#28);
#10010=PRESENTATION_STYLE_ASSIGNMENT((#10009));
#10011=STYLED_ITEM('',(#10010),#10008);
#10012=DIRECTION('',(0.E0,0.E0,-1.E0));
#10013=VECTOR('',#10012,3.440910976998E-1);
#10014=CARTESIAN_POINT('',(2.E0,1.102277442495E-1,1.147045548850E0));
#10015=LINE('',#10014,#10013);
#10016=CURVE_STYLE('',#47,POSITIVE_LENGTH_MEASURE(2.E-2),#28);
#10017=PRESENTATION_STYLE_ASSIGNMENT((#10016));
#10018=STYLED_ITEM('',(#10017),#10015);
#10019=DIRECTION('',(0.E0,-9.805806756909E-1,-1.961161351382E-1));
#10020=VECTOR('',#10019,8.959361200263E-2);
#10021=CARTESIAN_POINT('',(1.99E0,1.05E-1,1.146E0));
#10022=LINE('',#10021,#10020);
#10023=CURVE_STYLE('',#47,POSITIVE_LENGTH_MEASURE(2.E-2),#28);
#10024=PRESENTATION_STYLE_ASSIGNMENT((#10023));
#10025=STYLED_ITEM('',(#10024),#10022);
#10026=CARTESIAN_POINT('',(2.E0,1.102277442495E-1,1.147045548850E0));
#10027=CARTESIAN_POINT('',(1.996822968767E0,1.081975906321E-1,
1.146639518126E0));
#10028=CARTESIAN_POINT('',(1.993490076136E0,1.064541983901E-1,
1.146290839678E0));
#10029=CARTESIAN_POINT('',(1.99E0,1.05E-1,1.146E0));
#10031=CURVE_STYLE('',#47,POSITIVE_LENGTH_MEASURE(2.E-2),#28);
#10032=PRESENTATION_STYLE_ASSIGNMENT((#10031));
#10033=STYLED_ITEM('',(#10032),#10030);
#10034=DIRECTION('',(0.E0,9.805806756909E-1,1.961161351382E-1));
#10035=VECTOR('',#10034,1.124106837735E-1);
#10036=CARTESIAN_POINT('',(2.E0,0.E0,1.125E0));
#10037=LINE('',#10036,#10035);
#10038=CURVE_STYLE('',#47,POSITIVE_LENGTH_MEASURE(2.E-2),#28);
#10039=PRESENTATION_STYLE_ASSIGNMENT((#10038));
#10040=STYLED_ITEM('',(#10039),#10037);
#10041=DIRECTION('',(-1.E0,0.E0,0.E0));
#10042=VECTOR('',#10041,4.E-1);
#10043=CARTESIAN_POINT('',(2.E0,0.E0,1.125E0));
#10044=LINE('',#10043,#10042);
#10045=CURVE_STYLE('',#47,POSITIVE_LENGTH_MEASURE(2.E-2),#28);
#10046=PRESENTATION_STYLE_ASSIGNMENT((#10045));
#10047=STYLED_ITEM('',(#10046),#10044);
#10048=DIRECTION('',(1.E0,0.E0,0.E0));
#10049=VECTOR('',#10048,3.9E-1);
#10050=CARTESIAN_POINT('',(1.6E0,1.714623540487E-2,1.128429247081E0));
#10051=LINE('',#10050,#10049);
#10052=CURVE_STYLE('',#47,POSITIVE_LENGTH_MEASURE(2.E-2),#28);
#10053=PRESENTATION_STYLE_ASSIGNMENT((#10052));
#10054=STYLED_ITEM('',(#10053),#10051);
#10055=DIRECTION('',(0.E0,0.E0,-1.E0));
#10056=VECTOR('',#10055,3.068584941619E-1);
#10057=CARTESIAN_POINT('',(1.99E0,1.714623540487E-2,1.128429247081E0));
#10058=LINE('',#10057,#10056);
#10059=CURVE_STYLE('',#47,POSITIVE_LENGTH_MEASURE(2.E-2),#28);
#10060=PRESENTATION_STYLE_ASSIGNMENT((#10059));
#10061=STYLED_ITEM('',(#10060),#10058);
#10062=DIRECTION('',(0.E0,-9.805806756909E-1,1.961161351382E-1));
#10063=VECTOR('',#10062,8.959361200263E-2);
#10064=CARTESIAN_POINT('',(1.99E0,1.05E-1,8.04E-1));
#10065=LINE('',#10064,#10063);
#10066=CURVE_STYLE('',#47,POSITIVE_LENGTH_MEASURE(2.E-2),#28);
#10067=PRESENTATION_STYLE_ASSIGNMENT((#10066));
#10068=STYLED_ITEM('',(#10067),#10065);
#10069=DIRECTION('',(1.E0,0.E0,0.E0));
#10070=VECTOR('',#10069,3.9E-1);
#10071=CARTESIAN_POINT('',(1.6E0,1.714623540487E-2,8.215707529190E-1));
#10072=LINE('',#10071,#10070);
#10073=CURVE_STYLE('',#47,POSITIVE_LENGTH_MEASURE(2.E-2),#28);
#10074=PRESENTATION_STYLE_ASSIGNMENT((#10073));
#10075=STYLED_ITEM('',(#10074),#10072);
#10076=DIRECTION('',(0.E0,-9.805806756909E-1,1.961161351382E-1));
#10077=VECTOR('',#10076,1.124106837735E-1);
#10078=CARTESIAN_POINT('',(2.E0,1.102277442495E-1,8.029544511501E-1));
#10079=LINE('',#10078,#10077);
#10080=CURVE_STYLE('',#47,POSITIVE_LENGTH_MEASURE(2.E-2),#28);
#10081=PRESENTATION_STYLE_ASSIGNMENT((#10080));
#10082=STYLED_ITEM('',(#10081),#10079);
#10083=CARTESIAN_POINT('',(2.E0,1.102277442495E-1,8.029544511501E-1));
#10084=CARTESIAN_POINT('',(1.996822968767E0,1.081975906321E-1,
8.033604818736E-1));
#10085=CARTESIAN_POINT('',(1.993490076136E0,1.064541983901E-1,
8.037091603220E-1));
#10086=CARTESIAN_POINT('',(1.99E0,1.05E-1,8.04E-1));
#10088=CURVE_STYLE('',#47,POSITIVE_LENGTH_MEASURE(2.E-2),#28);
#10089=PRESENTATION_STYLE_ASSIGNMENT((#10088));
#10090=STYLED_ITEM('',(#10089),#10087);
#10091=DIRECTION('',(0.E0,0.E0,1.E0));
#10092=VECTOR('',#10091,3.068584941619E-1);
#10093=CARTESIAN_POINT('',(1.6E0,1.714623540487E-2,8.215707529190E-1));
#10094=LINE('',#10093,#10092);
#10095=CURVE_STYLE('',#47,POSITIVE_LENGTH_MEASURE(2.E-2),#28);
#10096=PRESENTATION_STYLE_ASSIGNMENT((#10095));
#10097=STYLED_ITEM('',(#10096),#10094);
#10098=DIRECTION('',(0.E0,9.805806756909E-1,1.961161351382E-1));
#10099=VECTOR('',#10098,1.748579778282E-2);
#10100=CARTESIAN_POINT('',(1.6E0,0.E0,1.125E0));
#10101=LINE('',#10100,#10099);
#10102=CURVE_STYLE('',#47,POSITIVE_LENGTH_MEASURE(2.E-2),#28);
#10103=PRESENTATION_STYLE_ASSIGNMENT((#10102));
#10104=STYLED_ITEM('',(#10103),#10101);
#10105=DIRECTION('',(0.E0,0.E0,1.E0));
#10106=VECTOR('',#10105,3.E-1);
#10107=CARTESIAN_POINT('',(1.6E0,0.E0,8.25E-1));
#10108=LINE('',#10107,#10106);
#10109=CURVE_STYLE('',#47,POSITIVE_LENGTH_MEASURE(2.E-2),#28);
#10110=PRESENTATION_STYLE_ASSIGNMENT((#10109));
#10111=STYLED_ITEM('',(#10110),#10108);
#10112=DIRECTION('',(0.E0,-9.805806756909E-1,1.961161351382E-1));
#10113=VECTOR('',#10112,1.748579778282E-2);
#10114=CARTESIAN_POINT('',(1.6E0,1.714623540487E-2,8.215707529190E-1));
#10115=LINE('',#10114,#10113);
#10116=CURVE_STYLE('',#47,POSITIVE_LENGTH_MEASURE(2.E-2),#28);
#10117=PRESENTATION_STYLE_ASSIGNMENT((#10116));
#10118=STYLED_ITEM('',(#10117),#10115);
#10119=DIRECTION('',(0.E0,0.E0,-1.E0));
#10120=VECTOR('',#10119,3.42E-1);
#10121=CARTESIAN_POINT('',(1.99E0,1.05E-1,1.146E0));
#10122=LINE('',#10121,#10120);
#10123=CURVE_STYLE('',#47,POSITIVE_LENGTH_MEASURE(2.E-2),#28);
#10124=PRESENTATION_STYLE_ASSIGNMENT((#10123));
#10125=STYLED_ITEM('',(#10124),#10122);
#10126=CARTESIAN_POINT('',(1.6E0,0.E0,8.25E-1));
#10127=CARTESIAN_POINT('',(1.6E0,0.E0,1.125E0));
#10128=VERTEX_POINT('',#10126);
#10129=VERTEX_POINT('',#10127);
#10130=CARTESIAN_POINT('',(2.E0,0.E0,8.25E-1));
#10131=CARTESIAN_POINT('',(2.E0,0.E0,1.125E0));
#10132=VERTEX_POINT('',#10130);
#10133=VERTEX_POINT('',#10131);
#10134=CARTESIAN_POINT('',(2.E0,1.102277442495E-1,8.029544511501E-1));
#10135=VERTEX_POINT('',#10134);
#10136=CARTESIAN_POINT('',(2.E0,1.102277442495E-1,1.147045548850E0));
#10137=VERTEX_POINT('',#10136);
#10138=CARTESIAN_POINT('',(1.6E0,1.714623540487E-2,8.215707529190E-1));
#10139=CARTESIAN_POINT('',(1.6E0,1.714623540487E-2,1.128429247081E0));
#10140=VERTEX_POINT('',#10138);
#10141=VERTEX_POINT('',#10139);
#10142=CARTESIAN_POINT('',(1.99E0,1.05E-1,8.04E-1));
#10143=CARTESIAN_POINT('',(1.99E0,1.714623540487E-2,8.215707529190E-1));
#10144=VERTEX_POINT('',#10142);
#10145=VERTEX_POINT('',#10143);
#10146=CARTESIAN_POINT('',(1.99E0,1.05E-1,1.146E0));
#10147=CARTESIAN_POINT('',(1.99E0,1.714623540487E-2,1.128429247081E0));
#10148=VERTEX_POINT('',#10146);
#10149=VERTEX_POINT('',#10147);
#10150=CARTESIAN_POINT('',(0.E0,0.E0,0.E0));
#10151=DIRECTION('',(0.E0,1.E0,0.E0));
#10152=DIRECTION('',(1.E0,0.E0,0.E0));
#10153=AXIS2_PLACEMENT_3D('',#10150,#10151,#10152);
#10154=PLANE('',#10153);
#10156=ORIENTED_EDGE('',*,*,#10155,.F.);
#10158=ORIENTED_EDGE('',*,*,#10157,.T.);
#10160=ORIENTED_EDGE('',*,*,#10159,.T.);
#10162=ORIENTED_EDGE('',*,*,#10161,.F.);
#10163=EDGE_LOOP('',(#10156,#10158,#10160,#10162));
#10164=FACE_OUTER_BOUND('',#10163,.F.);
#10165=ADVANCED_FACE('',(#10164),#10154,.F.);
#10166=FILL_AREA_STYLE_COLOUR('',#34);
#10167=FILL_AREA_STYLE('',(#10166));
#10168=SURFACE_STYLE_FILL_AREA(#10167);
#10169=SURFACE_SIDE_STYLE('',(#10168));
#10170=SURFACE_STYLE_USAGE(.NEGATIVE.,#10169);
#10171=PRESENTATION_STYLE_ASSIGNMENT((#10170));
#10172=OVER_RIDING_STYLED_ITEM('',(#10171),#10165,#9997);
#10173=CARTESIAN_POINT('',(2.E0,2.E-1,-2.E0));
#10174=DIRECTION('',(-1.E0,0.E0,0.E0));
#10175=DIRECTION('',(0.E0,0.E0,1.E0));
#10176=AXIS2_PLACEMENT_3D('',#10173,#10174,#10175);
#10177=PLANE('',#10176);
#10178=ORIENTED_EDGE('',*,*,#10155,.T.);
#10180=ORIENTED_EDGE('',*,*,#10179,.T.);
#10182=ORIENTED_EDGE('',*,*,#10181,.T.);
#10184=ORIENTED_EDGE('',*,*,#10183,.T.);
#10185=EDGE_LOOP('',(#10178,#10180,#10182,#10184));
#10186=FACE_OUTER_BOUND('',#10185,.F.);
#10187=ADVANCED_FACE('',(#10186),#10177,.F.);
#10188=CARTESIAN_POINT('',(2.05E0,0.E0,1.125E0));
#10189=DIRECTION('',(0.E0,-1.961161351382E-1,9.805806756909E-1));
#10190=DIRECTION('',(0.E0,9.805806756909E-1,1.961161351382E-1));
#10191=AXIS2_PLACEMENT_3D('',#10188,#10189,#10190);
#10192=PLANE('',#10191);
#10194=ORIENTED_EDGE('',*,*,#10193,.F.);
#10196=ORIENTED_EDGE('',*,*,#10195,.F.);
#10197=ORIENTED_EDGE('',*,*,#10179,.F.);
#10198=ORIENTED_EDGE('',*,*,#10161,.T.);
#10200=ORIENTED_EDGE('',*,*,#10199,.T.);
#10202=ORIENTED_EDGE('',*,*,#10201,.T.);
#10203=EDGE_LOOP('',(#10194,#10196,#10197,#10198,#10200,#10202));
#10204=FACE_OUTER_BOUND('',#10203,.F.);
#10205=ADVANCED_FACE('',(#10204),#10192,.T.);
#10206=CARTESIAN_POINT('',(1.99E0,0.E0,0.E0));
#10207=DIRECTION('',(1.E0,0.E0,0.E0));
#10208=DIRECTION('',(0.E0,0.E0,-1.E0));
#10209=AXIS2_PLACEMENT_3D('',#10206,#10207,#10208);
#10210=PLANE('',#10209);
#10212=ORIENTED_EDGE('',*,*,#10211,.F.);
#10214=ORIENTED_EDGE('',*,*,#10213,.F.);
#10215=ORIENTED_EDGE('',*,*,#10193,.T.);
#10217=ORIENTED_EDGE('',*,*,#10216,.T.);
#10218=EDGE_LOOP('',(#10212,#10214,#10215,#10217));
#10219=FACE_OUTER_BOUND('',#10218,.F.);
#10220=ADVANCED_FACE('',(#10219),#10210,.F.);
#10221=CARTESIAN_POINT('',(2.05E0,2.E-1,7.85E-1));
#10222=DIRECTION('',(0.E0,-1.961161351382E-1,-9.805806756909E-1));
#10223=DIRECTION('',(0.E0,-9.805806756909E-1,1.961161351382E-1));
#10224=AXIS2_PLACEMENT_3D('',#10221,#10222,#10223);
#10225=PLANE('',#10224);
#10226=ORIENTED_EDGE('',*,*,#10211,.T.);
#10228=ORIENTED_EDGE('',*,*,#10227,.F.);
#10230=ORIENTED_EDGE('',*,*,#10229,.T.);
#10231=ORIENTED_EDGE('',*,*,#10157,.F.);
#10232=ORIENTED_EDGE('',*,*,#10183,.F.);
#10234=ORIENTED_EDGE('',*,*,#10233,.T.);
#10235=EDGE_LOOP('',(#10226,#10228,#10230,#10231,#10232,#10234));
#10236=FACE_OUTER_BOUND('',#10235,.F.);
#10237=ADVANCED_FACE('',(#10236),#10225,.T.);
#10238=CARTESIAN_POINT('',(-1.99E0,1.714623540487E-2,1.981526119019E0));
#10239=DIRECTION('',(0.E0,-1.E0,0.E0));
#10240=DIRECTION('',(0.E0,0.E0,-1.E0));
#10241=AXIS2_PLACEMENT_3D('',#10238,#10239,#10240);
#10242=PLANE('',#10241);
#10244=ORIENTED_EDGE('',*,*,#10243,.F.);
#10245=ORIENTED_EDGE('',*,*,#10227,.T.);
#10246=ORIENTED_EDGE('',*,*,#10216,.F.);
#10247=ORIENTED_EDGE('',*,*,#10201,.F.);
#10248=EDGE_LOOP('',(#10244,#10245,#10246,#10247));
#10249=FACE_OUTER_BOUND('',#10248,.F.);
#10250=ADVANCED_FACE('',(#10249),#10242,.F.);
#10251=CARTESIAN_POINT('',(1.6E0,2.E-1,0.E0));
#10252=DIRECTION('',(-1.E0,0.E0,0.E0));
#10253=DIRECTION('',(0.E0,0.E0,1.E0));
#10254=AXIS2_PLACEMENT_3D('',#10251,#10252,#10253);
#10255=PLANE('',#10254);
#10256=ORIENTED_EDGE('',*,*,#10243,.T.);
#10257=ORIENTED_EDGE('',*,*,#10199,.F.);
#10258=ORIENTED_EDGE('',*,*,#10159,.F.);
#10259=ORIENTED_EDGE('',*,*,#10229,.F.);
#10260=EDGE_LOOP('',(#10256,#10257,#10258,#10259));
#10261=FACE_OUTER_BOUND('',#10260,.F.);
#10262=ADVANCED_FACE('',(#10261),#10255,.T.);
#10263=CARTESIAN_POINT('',(1.965E0,1.65E-1,1.25E0));
#10264=DIRECTION('',(0.E0,0.E0,-1.E0));
#10265=DIRECTION('',(-1.E0,0.E0,0.E0));
#10266=AXIS2_PLACEMENT_3D('',#10263,#10264,#10265);
#10267=CYLINDRICAL_SURFACE('',#10266,6.5E-2);
#10268=ORIENTED_EDGE('',*,*,#10213,.T.);
#10269=ORIENTED_EDGE('',*,*,#10233,.F.);
#10270=ORIENTED_EDGE('',*,*,#10181,.F.);
#10271=ORIENTED_EDGE('',*,*,#10195,.T.);
#10272=EDGE_LOOP('',(#10268,#10269,#10270,#10271));
#10273=FACE_OUTER_BOUND('',#10272,.F.);
#10274=ADVANCED_FACE('',(#10273),#10267,.F.);
#10275=CLOSED_SHELL('',(#10165,#10187,#10205,#10220,#10237,#10250,#10262,
#10274));
#10276=MANIFOLD_SOLID_BREP('',#10275);
#10277=FILL_AREA_STYLE_COLOUR('',#28);
#10278=FILL_AREA_STYLE('',(#10277));
#10279=SURFACE_STYLE_FILL_AREA(#10278);
#10280=SURFACE_SIDE_STYLE('',(#10279));
#10281=SURFACE_STYLE_USAGE(.POSITIVE.,#10280);
#10282=PRESENTATION_STYLE_ASSIGNMENT((#10281));
#9997=STYLED_ITEM('',(#10282),#10276);
#10284=DIRECTION('',(0.E0,0.E0,-1.E0));
#10285=VECTOR('',#10284,3.E-1);
#10286=CARTESIAN_POINT('',(-2.E0,0.E0,1.125E0));
#10287=LINE('',#10286,#10285);
#10288=CURVE_STYLE('',#47,POSITIVE_LENGTH_MEASURE(2.E-2),#28);
#10289=PRESENTATION_STYLE_ASSIGNMENT((#10288));
#10290=STYLED_ITEM('',(#10289),#10287);
#10291=DIRECTION('',(1.E0,0.E0,0.E0));
#10292=VECTOR('',#10291,4.E-1);
#10293=CARTESIAN_POINT('',(-2.E0,0.E0,8.25E-1));
#10294=LINE('',#10293,#10292);
#10295=CURVE_STYLE('',#47,POSITIVE_LENGTH_MEASURE(2.E-2),#28);
#10296=PRESENTATION_STYLE_ASSIGNMENT((#10295));
#10297=STYLED_ITEM('',(#10296),#10294);
#10298=DIRECTION('',(0.E0,0.E0,1.E0));
#10299=VECTOR('',#10298,3.440910976998E-1);
#10300=CARTESIAN_POINT('',(-2.E0,1.102277442495E-1,8.029544511501E-1));
#10301=LINE('',#10300,#10299);
#10302=CURVE_STYLE('',#47,POSITIVE_LENGTH_MEASURE(2.E-2),#28);
#10303=PRESENTATION_STYLE_ASSIGNMENT((#10302));
#10304=STYLED_ITEM('',(#10303),#10301);
#10305=DIRECTION('',(0.E0,-9.805806756909E-1,1.961161351382E-1));
#10306=VECTOR('',#10305,8.959361200263E-2);
#10307=CARTESIAN_POINT('',(-1.99E0,1.05E-1,8.04E-1));
#10308=LINE('',#10307,#10306);
#10309=CURVE_STYLE('',#47,POSITIVE_LENGTH_MEASURE(2.E-2),#28);
#10310=PRESENTATION_STYLE_ASSIGNMENT((#10309));
#10311=STYLED_ITEM('',(#10310),#10308);
#10312=CARTESIAN_POINT('',(-2.E0,1.102277442495E-1,8.029544511501E-1));
#10313=CARTESIAN_POINT('',(-1.996822968767E0,1.081975906321E-1,
8.033604818736E-1));
#10314=CARTESIAN_POINT('',(-1.993490076136E0,1.064541983901E-1,
8.037091603220E-1));
#10315=CARTESIAN_POINT('',(-1.99E0,1.05E-1,8.04E-1));
#10317=CURVE_STYLE('',#47,POSITIVE_LENGTH_MEASURE(2.E-2),#28);
#10318=PRESENTATION_STYLE_ASSIGNMENT((#10317));
#10319=STYLED_ITEM('',(#10318),#10316);
#10320=DIRECTION('',(0.E0,-9.805806756909E-1,1.961161351382E-1));
#10321=VECTOR('',#10320,1.124106837735E-1);
#10322=CARTESIAN_POINT('',(-2.E0,1.102277442495E-1,8.029544511501E-1));
#10323=LINE('',#10322,#10321);
#10324=CURVE_STYLE('',#47,POSITIVE_LENGTH_MEASURE(2.E-2),#28);
#10325=PRESENTATION_STYLE_ASSIGNMENT((#10324));
#10326=STYLED_ITEM('',(#10325),#10323);
#10327=DIRECTION('',(-1.E0,0.E0,0.E0));
#10328=VECTOR('',#10327,3.9E-1);
#10329=CARTESIAN_POINT('',(-1.6E0,1.714623540487E-2,8.215707529190E-1));
#10330=LINE('',#10329,#10328);
#10331=CURVE_STYLE('',#47,POSITIVE_LENGTH_MEASURE(2.E-2),#28);
#10332=PRESENTATION_STYLE_ASSIGNMENT((#10331));
#10333=STYLED_ITEM('',(#10332),#10330);
#10334=DIRECTION('',(0.E0,0.E0,-1.E0));
#10335=VECTOR('',#10334,3.068584941619E-1);
#10336=CARTESIAN_POINT('',(-1.99E0,1.714623540487E-2,1.128429247081E0));
#10337=LINE('',#10336,#10335);
#10338=CURVE_STYLE('',#47,POSITIVE_LENGTH_MEASURE(2.E-2),#28);
#10339=PRESENTATION_STYLE_ASSIGNMENT((#10338));
#10340=STYLED_ITEM('',(#10339),#10337);
#10341=DIRECTION('',(0.E0,0.E0,1.E0));
#10342=VECTOR('',#10341,3.068584941619E-1);
#10343=CARTESIAN_POINT('',(-1.6E0,1.714623540487E-2,8.215707529190E-1));
#10344=LINE('',#10343,#10342);
#10345=CURVE_STYLE('',#47,POSITIVE_LENGTH_MEASURE(2.E-2),#28);
#10346=PRESENTATION_STYLE_ASSIGNMENT((#10345));
#10347=STYLED_ITEM('',(#10346),#10344);
#10348=DIRECTION('',(0.E0,-9.805806756909E-1,1.961161351382E-1));
#10349=VECTOR('',#10348,1.748579778282E-2);
#10350=CARTESIAN_POINT('',(-1.6E0,1.714623540487E-2,8.215707529190E-1));
#10351=LINE('',#10350,#10349);
#10352=CURVE_STYLE('',#47,POSITIVE_LENGTH_MEASURE(2.E-2),#28);
#10353=PRESENTATION_STYLE_ASSIGNMENT((#10352));
#10354=STYLED_ITEM('',(#10353),#10351);
#10355=DIRECTION('',(0.E0,0.E0,1.E0));
#10356=VECTOR('',#10355,3.E-1);
#10357=CARTESIAN_POINT('',(-1.6E0,0.E0,8.25E-1));
#10358=LINE('',#10357,#10356);
#10359=CURVE_STYLE('',#47,POSITIVE_LENGTH_MEASURE(2.E-2),#28);
#10360=PRESENTATION_STYLE_ASSIGNMENT((#10359));
#10361=STYLED_ITEM('',(#10360),#10358);
#10362=DIRECTION('',(0.E0,9.805806756909E-1,1.961161351382E-1));
#10363=VECTOR('',#10362,1.748579778282E-2);
#10364=CARTESIAN_POINT('',(-1.6E0,0.E0,1.125E0));
#10365=LINE('',#10364,#10363);
#10366=CURVE_STYLE('',#47,POSITIVE_LENGTH_MEASURE(2.E-2),#28);
#10367=PRESENTATION_STYLE_ASSIGNMENT((#10366));
#10368=STYLED_ITEM('',(#10367),#10365);
#10369=DIRECTION('',(0.E0,-9.805806756909E-1,-1.961161351382E-1));
#10370=VECTOR('',#10369,8.959361200263E-2);
#10371=CARTESIAN_POINT('',(-1.99E0,1.05E-1,1.146E0));
#10372=LINE('',#10371,#10370);
#10373=CURVE_STYLE('',#47,POSITIVE_LENGTH_MEASURE(2.E-2),#28);
#10374=PRESENTATION_STYLE_ASSIGNMENT((#10373));
#10375=STYLED_ITEM('',(#10374),#10372);
#10376=DIRECTION('',(-1.E0,0.E0,0.E0));
#10377=VECTOR('',#10376,3.9E-1);
#10378=CARTESIAN_POINT('',(-1.6E0,1.714623540487E-2,1.128429247081E0));
#10379=LINE('',#10378,#10377);
#10380=CURVE_STYLE('',#47,POSITIVE_LENGTH_MEASURE(2.E-2),#28);
#10381=PRESENTATION_STYLE_ASSIGNMENT((#10380));
#10382=STYLED_ITEM('',(#10381),#10379);
#10383=DIRECTION('',(1.E0,0.E0,0.E0));
#10384=VECTOR('',#10383,4.E-1);
#10385=CARTESIAN_POINT('',(-2.E0,0.E0,1.125E0));
#10386=LINE('',#10385,#10384);
#10387=CURVE_STYLE('',#47,POSITIVE_LENGTH_MEASURE(2.E-2),#28);
#10388=PRESENTATION_STYLE_ASSIGNMENT((#10387));
#10389=STYLED_ITEM('',(#10388),#10386);
#10390=DIRECTION('',(0.E0,9.805806756909E-1,1.961161351382E-1));
#10391=VECTOR('',#10390,1.124106837735E-1);
#10392=CARTESIAN_POINT('',(-2.E0,0.E0,1.125E0));
#10393=LINE('',#10392,#10391);
#10394=CURVE_STYLE('',#47,POSITIVE_LENGTH_MEASURE(2.E-2),#28);
#10395=PRESENTATION_STYLE_ASSIGNMENT((#10394));
#10396=STYLED_ITEM('',(#10395),#10393);
#10397=CARTESIAN_POINT('',(-2.E0,1.102277442495E-1,1.147045548850E0));
#10398=CARTESIAN_POINT('',(-1.996822968767E0,1.081975906321E-1,
1.146639518126E0));
#10399=CARTESIAN_POINT('',(-1.993490076136E0,1.064541983901E-1,
1.146290839678E0));
#10400=CARTESIAN_POINT('',(-1.99E0,1.05E-1,1.146E0));
#10402=CURVE_STYLE('',#47,POSITIVE_LENGTH_MEASURE(2.E-2),#28);
#10403=PRESENTATION_STYLE_ASSIGNMENT((#10402));
#10404=STYLED_ITEM('',(#10403),#10401);
#10405=DIRECTION('',(0.E0,0.E0,1.E0));
#10406=VECTOR('',#10405,3.42E-1);
#10407=CARTESIAN_POINT('',(-1.99E0,1.05E-1,8.04E-1));
#10408=LINE('',#10407,#10406);
#10409=CURVE_STYLE('',#47,POSITIVE_LENGTH_MEASURE(2.E-2),#28);
#10410=PRESENTATION_STYLE_ASSIGNMENT((#10409));
#10411=STYLED_ITEM('',(#10410),#10408);
#10412=CARTESIAN_POINT('',(-1.6E0,0.E0,8.25E-1));
#10413=CARTESIAN_POINT('',(-1.6E0,0.E0,1.125E0));
#10414=VERTEX_POINT('',#10412);
#10415=VERTEX_POINT('',#10413);
#10416=CARTESIAN_POINT('',(-2.E0,0.E0,1.125E0));
#10417=CARTESIAN_POINT('',(-2.E0,0.E0,8.25E-1));
#10418=VERTEX_POINT('',#10416);
#10419=VERTEX_POINT('',#10417);
#10420=CARTESIAN_POINT('',(-2.E0,1.102277442495E-1,8.029544511501E-1));
#10421=VERTEX_POINT('',#10420);
#10422=CARTESIAN_POINT('',(-2.E0,1.102277442495E-1,1.147045548850E0));
#10423=VERTEX_POINT('',#10422);
#10424=CARTESIAN_POINT('',(-1.6E0,1.714623540487E-2,8.215707529190E-1));
#10425=CARTESIAN_POINT('',(-1.6E0,1.714623540487E-2,1.128429247081E0));
#10426=VERTEX_POINT('',#10424);
#10427=VERTEX_POINT('',#10425);
#10428=CARTESIAN_POINT('',(-1.99E0,1.05E-1,8.04E-1));
#10429=CARTESIAN_POINT('',(-1.99E0,1.714623540487E-2,8.215707529190E-1));
#10430=VERTEX_POINT('',#10428);
#10431=VERTEX_POINT('',#10429);
#10432=CARTESIAN_POINT('',(-1.99E0,1.05E-1,1.146E0));
#10433=CARTESIAN_POINT('',(-1.99E0,1.714623540487E-2,1.128429247081E0));
#10434=VERTEX_POINT('',#10432);
#10435=VERTEX_POINT('',#10433);
#10436=CARTESIAN_POINT('',(0.E0,0.E0,0.E0));
#10437=DIRECTION('',(0.E0,1.E0,0.E0));
#10438=DIRECTION('',(1.E0,0.E0,0.E0));
#10439=AXIS2_PLACEMENT_3D('',#10436,#10437,#10438);
#10440=PLANE('',#10439);
#10442=ORIENTED_EDGE('',*,*,#10441,.F.);
#10444=ORIENTED_EDGE('',*,*,#10443,.T.);
#10446=ORIENTED_EDGE('',*,*,#10445,.F.);
#10448=ORIENTED_EDGE('',*,*,#10447,.F.);
#10449=EDGE_LOOP('',(#10442,#10444,#10446,#10448));
#10450=FACE_OUTER_BOUND('',#10449,.F.);
#10451=ADVANCED_FACE('',(#10450),#10440,.F.);
#10452=FILL_AREA_STYLE_COLOUR('',#34);
#10453=FILL_AREA_STYLE('',(#10452));
#10454=SURFACE_STYLE_FILL_AREA(#10453);
#10455=SURFACE_SIDE_STYLE('',(#10454));
#10456=SURFACE_STYLE_USAGE(.NEGATIVE.,#10455);
#10457=PRESENTATION_STYLE_ASSIGNMENT((#10456));
#10458=OVER_RIDING_STYLED_ITEM('',(#10457),#10451,#10283);
#10459=CARTESIAN_POINT('',(-2.E0,2.E-1,2.E0));
#10460=DIRECTION('',(1.E0,0.E0,0.E0));
#10461=DIRECTION('',(0.E0,0.E0,-1.E0));
#10462=AXIS2_PLACEMENT_3D('',#10459,#10460,#10461);
#10463=PLANE('',#10462);
#10464=ORIENTED_EDGE('',*,*,#10441,.T.);
#10466=ORIENTED_EDGE('',*,*,#10465,.F.);
#10468=ORIENTED_EDGE('',*,*,#10467,.T.);
#10470=ORIENTED_EDGE('',*,*,#10469,.F.);
#10471=EDGE_LOOP('',(#10464,#10466,#10468,#10470));
#10472=FACE_OUTER_BOUND('',#10471,.F.);
#10473=ADVANCED_FACE('',(#10472),#10463,.F.);
#10474=CARTESIAN_POINT('',(-2.05E0,2.E-1,7.85E-1));
#10475=DIRECTION('',(0.E0,1.961161351382E-1,9.805806756909E-1));
#10476=DIRECTION('',(0.E0,-9.805806756909E-1,1.961161351382E-1));
#10477=AXIS2_PLACEMENT_3D('',#10474,#10475,#10476);
#10478=PLANE('',#10477);
#10480=ORIENTED_EDGE('',*,*,#10479,.F.);
#10482=ORIENTED_EDGE('',*,*,#10481,.F.);
#10483=ORIENTED_EDGE('',*,*,#10465,.T.);
#10484=ORIENTED_EDGE('',*,*,#10447,.T.);
#10486=ORIENTED_EDGE('',*,*,#10485,.F.);
#10488=ORIENTED_EDGE('',*,*,#10487,.T.);
#10489=EDGE_LOOP('',(#10480,#10482,#10483,#10484,#10486,#10488));
#10490=FACE_OUTER_BOUND('',#10489,.F.);
#10491=ADVANCED_FACE('',(#10490),#10478,.F.);
#10492=CARTESIAN_POINT('',(-1.99E0,0.E0,0.E0));
#10493=DIRECTION('',(1.E0,0.E0,0.E0));
#10494=DIRECTION('',(0.E0,0.E0,-1.E0));
#10495=AXIS2_PLACEMENT_3D('',#10492,#10493,#10494);
#10496=PLANE('',#10495);
#10497=ORIENTED_EDGE('',*,*,#10479,.T.);
#10499=ORIENTED_EDGE('',*,*,#10498,.F.);
#10501=ORIENTED_EDGE('',*,*,#10500,.F.);
#10503=ORIENTED_EDGE('',*,*,#10502,.F.);
#10504=EDGE_LOOP('',(#10497,#10499,#10501,#10503));
#10505=FACE_OUTER_BOUND('',#10504,.F.);
#10506=ADVANCED_FACE('',(#10505),#10496,.T.);
#10507=CARTESIAN_POINT('',(-1.99E0,1.714623540487E-2,1.981526119019E0));
#10508=DIRECTION('',(0.E0,-1.E0,0.E0));
#10509=DIRECTION('',(0.E0,0.E0,-1.E0));
#10510=AXIS2_PLACEMENT_3D('',#10507,#10508,#10509);
#10511=PLANE('',#10510);
#10513=ORIENTED_EDGE('',*,*,#10512,.T.);
#10515=ORIENTED_EDGE('',*,*,#10514,.T.);
#10516=ORIENTED_EDGE('',*,*,#10498,.T.);
#10517=ORIENTED_EDGE('',*,*,#10487,.F.);
#10518=EDGE_LOOP('',(#10513,#10515,#10516,#10517));
#10519=FACE_OUTER_BOUND('',#10518,.F.);
#10520=ADVANCED_FACE('',(#10519),#10511,.F.);
#10521=CARTESIAN_POINT('',(-1.6E0,2.E-1,0.E0));
#10522=DIRECTION('',(-1.E0,0.E0,0.E0));
#10523=DIRECTION('',(0.E0,0.E0,1.E0));
#10524=AXIS2_PLACEMENT_3D('',#10521,#10522,#10523);
#10525=PLANE('',#10524);
#10526=ORIENTED_EDGE('',*,*,#10512,.F.);
#10527=ORIENTED_EDGE('',*,*,#10485,.T.);
#10528=ORIENTED_EDGE('',*,*,#10445,.T.);
#10530=ORIENTED_EDGE('',*,*,#10529,.T.);
#10531=EDGE_LOOP('',(#10526,#10527,#10528,#10530));
#10532=FACE_OUTER_BOUND('',#10531,.F.);
#10533=ADVANCED_FACE('',(#10532),#10525,.F.);
#10534=CARTESIAN_POINT('',(-2.05E0,0.E0,1.125E0));
#10535=DIRECTION('',(0.E0,1.961161351382E-1,-9.805806756909E-1));
#10536=DIRECTION('',(0.E0,9.805806756909E-1,1.961161351382E-1));
#10537=AXIS2_PLACEMENT_3D('',#10534,#10535,#10536);
#10538=PLANE('',#10537);
#10539=ORIENTED_EDGE('',*,*,#10500,.T.);
#10540=ORIENTED_EDGE('',*,*,#10514,.F.);
#10541=ORIENTED_EDGE('',*,*,#10529,.F.);
#10542=ORIENTED_EDGE('',*,*,#10443,.F.);
#10543=ORIENTED_EDGE('',*,*,#10469,.T.);
#10545=ORIENTED_EDGE('',*,*,#10544,.T.);
#10546=EDGE_LOOP('',(#10539,#10540,#10541,#10542,#10543,#10545));
#10547=FACE_OUTER_BOUND('',#10546,.F.);
#10548=ADVANCED_FACE('',(#10547),#10538,.F.);
#10549=CARTESIAN_POINT('',(-1.965E0,1.65E-1,1.25E0));
#10550=DIRECTION('',(0.E0,0.E0,1.E0));
#10551=DIRECTION('',(1.E0,0.E0,0.E0));
#10552=AXIS2_PLACEMENT_3D('',#10549,#10550,#10551);
#10553=CYLINDRICAL_SURFACE('',#10552,6.5E-2);
#10554=ORIENTED_EDGE('',*,*,#10502,.T.);
#10555=ORIENTED_EDGE('',*,*,#10544,.F.);
#10556=ORIENTED_EDGE('',*,*,#10467,.F.);
#10557=ORIENTED_EDGE('',*,*,#10481,.T.);
#10558=EDGE_LOOP('',(#10554,#10555,#10556,#10557));
#10559=FACE_OUTER_BOUND('',#10558,.F.);
#10560=ADVANCED_FACE('',(#10559),#10553,.F.);
#10561=CLOSED_SHELL('',(#10451,#10473,#10491,#10506,#10520,#10533,#10548,
#10560));
#10562=MANIFOLD_SOLID_BREP('',#10561);
#10563=FILL_AREA_STYLE_COLOUR('',#28);
#10564=FILL_AREA_STYLE('',(#10563));
#10565=SURFACE_STYLE_FILL_AREA(#10564);
#10566=SURFACE_SIDE_STYLE('',(#10565));
#10567=SURFACE_STYLE_USAGE(.POSITIVE.,#10566);
#10568=PRESENTATION_STYLE_ASSIGNMENT((#10567));
#10283=STYLED_ITEM('',(#10568),#10562);
#10570=DIRECTION('',(0.E0,0.E0,1.E0));
#10571=VECTOR('',#10570,1.5E-1);
#10572=CARTESIAN_POINT('',(-1.99E0,1.E-1,1.4E0));
#10573=LINE('',#10572,#10571);
#10574=CURVE_STYLE('',#47,POSITIVE_LENGTH_MEASURE(2.E-2),#28);
#10575=PRESENTATION_STYLE_ASSIGNMENT((#10574));
#10576=STYLED_ITEM('',(#10575),#10573);
#10577=DIRECTION('',(-1.E0,0.E0,0.E0));
#10578=VECTOR('',#10577,1.E-2);
#10579=CARTESIAN_POINT('',(-1.99E0,1.E-1,1.4E0));
#10580=LINE('',#10579,#10578);
#10581=CURVE_STYLE('',#47,POSITIVE_LENGTH_MEASURE(2.E-2),#28);
#10582=PRESENTATION_STYLE_ASSIGNMENT((#10581));
#10583=STYLED_ITEM('',(#10582),#10580);
#10584=DIRECTION('',(0.E0,0.E0,1.E0));
#10585=VECTOR('',#10584,1.5E-1);
#10586=CARTESIAN_POINT('',(-2.E0,1.E-1,1.4E0));
#10587=LINE('',#10586,#10585);
#10588=CURVE_STYLE('',#47,POSITIVE_LENGTH_MEASURE(2.E-2),#28);
#10589=PRESENTATION_STYLE_ASSIGNMENT((#10588));
#10590=STYLED_ITEM('',(#10589),#10587);
#10591=DIRECTION('',(1.E0,0.E0,0.E0));
#10592=VECTOR('',#10591,1.E-2);
#10593=CARTESIAN_POINT('',(-2.E0,1.E-1,1.55E0));
#10594=LINE('',#10593,#10592);
#10595=CURVE_STYLE('',#47,POSITIVE_LENGTH_MEASURE(2.E-2),#28);
#10596=PRESENTATION_STYLE_ASSIGNMENT((#10595));
#10597=STYLED_ITEM('',(#10596),#10594);
#10598=DIRECTION('',(0.E0,0.E0,-1.E0));
#10599=VECTOR('',#10598,1.5E-1);
#10600=CARTESIAN_POINT('',(-1.99E0,2.E-1,1.55E0));
#10601=LINE('',#10600,#10599);
#10602=CURVE_STYLE('',#47,POSITIVE_LENGTH_MEASURE(2.E-2),#28);
#10603=PRESENTATION_STYLE_ASSIGNMENT((#10602));
#10604=STYLED_ITEM('',(#10603),#10601);
#10605=DIRECTION('',(0.E0,0.E0,-1.E0));
#10606=VECTOR('',#10605,1.5E-1);
#10607=CARTESIAN_POINT('',(-2.E0,2.E-1,1.55E0));
#10608=LINE('',#10607,#10606);
#10609=CURVE_STYLE('',#47,POSITIVE_LENGTH_MEASURE(2.E-2),#28);
#10610=PRESENTATION_STYLE_ASSIGNMENT((#10609));
#10611=STYLED_ITEM('',(#10610),#10608);
#10612=DIRECTION('',(-1.E0,0.E0,0.E0));
#10613=VECTOR('',#10612,1.E-2);
#10614=CARTESIAN_POINT('',(-1.99E0,2.E-1,1.4E0));
#10615=LINE('',#10614,#10613);
#10616=CURVE_STYLE('',#47,POSITIVE_LENGTH_MEASURE(2.E-2),#28);
#10617=PRESENTATION_STYLE_ASSIGNMENT((#10616));
#10618=STYLED_ITEM('',(#10617),#10615);
#10619=DIRECTION('',(0.E0,-1.E0,0.E0));
#10620=VECTOR('',#10619,1.E-1);
#10621=CARTESIAN_POINT('',(-1.99E0,2.E-1,1.55E0));
#10622=LINE('',#10621,#10620);
#10623=CURVE_STYLE('',#47,POSITIVE_LENGTH_MEASURE(2.E-2),#28);
#10624=PRESENTATION_STYLE_ASSIGNMENT((#10623));
#10625=STYLED_ITEM('',(#10624),#10622);
#10626=DIRECTION('',(0.E0,-1.E0,0.E0));
#10627=VECTOR('',#10626,1.E-1);
#10628=CARTESIAN_POINT('',(-2.E0,2.E-1,1.55E0));
#10629=LINE('',#10628,#10627);
#10630=CURVE_STYLE('',#47,POSITIVE_LENGTH_MEASURE(2.E-2),#28);
#10631=PRESENTATION_STYLE_ASSIGNMENT((#10630));
#10632=STYLED_ITEM('',(#10631),#10629);
#10633=DIRECTION('',(1.E0,0.E0,0.E0));
#10634=VECTOR('',#10633,1.E-2);
#10635=CARTESIAN_POINT('',(-2.E0,2.E-1,1.55E0));
#10636=LINE('',#10635,#10634);
#10637=CURVE_STYLE('',#47,POSITIVE_LENGTH_MEASURE(2.E-2),#28);
#10638=PRESENTATION_STYLE_ASSIGNMENT((#10637));
#10639=STYLED_ITEM('',(#10638),#10636);
#10640=DIRECTION('',(0.E0,-1.E0,0.E0));
#10641=VECTOR('',#10640,1.E-1);
#10642=CARTESIAN_POINT('',(-1.99E0,2.E-1,1.4E0));
#10643=LINE('',#10642,#10641);
#10644=CURVE_STYLE('',#47,POSITIVE_LENGTH_MEASURE(2.E-2),#28);
#10645=PRESENTATION_STYLE_ASSIGNMENT((#10644));
#10646=STYLED_ITEM('',(#10645),#10643);
#10647=DIRECTION('',(0.E0,-1.E0,0.E0));
#10648=VECTOR('',#10647,1.E-1);
#10649=CARTESIAN_POINT('',(-2.E0,2.E-1,1.4E0));
#10650=LINE('',#10649,#10648);
#10651=CURVE_STYLE('',#47,POSITIVE_LENGTH_MEASURE(2.E-2),#28);
#10652=PRESENTATION_STYLE_ASSIGNMENT((#10651));
#10653=STYLED_ITEM('',(#10652),#10650);
#10654=CARTESIAN_POINT('',(-2.E0,2.E-1,1.55E0));
#10655=CARTESIAN_POINT('',(-2.E0,2.E-1,1.4E0));
#10656=VERTEX_POINT('',#10654);
#10657=VERTEX_POINT('',#10655);
#10658=CARTESIAN_POINT('',(-2.E0,1.E-1,1.4E0));
#10659=CARTESIAN_POINT('',(-2.E0,1.E-1,1.55E0));
#10660=VERTEX_POINT('',#10658);
#10661=VERTEX_POINT('',#10659);
#10662=CARTESIAN_POINT('',(-1.99E0,2.E-1,1.55E0));
#10663=CARTESIAN_POINT('',(-1.99E0,2.E-1,1.4E0));
#10664=VERTEX_POINT('',#10662);
#10665=VERTEX_POINT('',#10663);
#10666=CARTESIAN_POINT('',(-1.99E0,1.E-1,1.4E0));
#10667=CARTESIAN_POINT('',(-1.99E0,1.E-1,1.55E0));
#10668=VERTEX_POINT('',#10666);
#10669=VERTEX_POINT('',#10667);
#10670=CARTESIAN_POINT('',(0.E0,1.E-1,0.E0));
#10671=DIRECTION('',(0.E0,1.E0,0.E0));
#10672=DIRECTION('',(-1.E0,0.E0,0.E0));
#10673=AXIS2_PLACEMENT_3D('',#10670,#10671,#10672);
#10674=PLANE('',#10673);
#10676=ORIENTED_EDGE('',*,*,#10675,.F.);
#10678=ORIENTED_EDGE('',*,*,#10677,.T.);
#10680=ORIENTED_EDGE('',*,*,#10679,.T.);
#10682=ORIENTED_EDGE('',*,*,#10681,.T.);
#10683=EDGE_LOOP('',(#10676,#10678,#10680,#10682));
#10684=FACE_OUTER_BOUND('',#10683,.F.);
#10685=ADVANCED_FACE('',(#10684),#10674,.F.);
#10686=CARTESIAN_POINT('',(-1.99E0,0.E0,0.E0));
#10687=DIRECTION('',(1.E0,0.E0,0.E0));
#10688=DIRECTION('',(0.E0,0.E0,-1.E0));
#10689=AXIS2_PLACEMENT_3D('',#10686,#10687,#10688);
#10690=PLANE('',#10689);
#10692=ORIENTED_EDGE('',*,*,#10691,.T.);
#10694=ORIENTED_EDGE('',*,*,#10693,.T.);
#10695=ORIENTED_EDGE('',*,*,#10675,.T.);
#10697=ORIENTED_EDGE('',*,*,#10696,.F.);
#10698=EDGE_LOOP('',(#10692,#10694,#10695,#10697));
#10699=FACE_OUTER_BOUND('',#10698,.F.);
#10700=ADVANCED_FACE('',(#10699),#10690,.T.);
#10701=CARTESIAN_POINT('',(0.E0,2.E-1,0.E0));
#10702=DIRECTION('',(0.E0,1.E0,0.E0));
#10703=DIRECTION('',(1.E0,0.E0,0.E0));
#10704=AXIS2_PLACEMENT_3D('',#10701,#10702,#10703);
#10705=PLANE('',#10704);
#10706=ORIENTED_EDGE('',*,*,#10691,.F.);
#10708=ORIENTED_EDGE('',*,*,#10707,.F.);
#10710=ORIENTED_EDGE('',*,*,#10709,.T.);
#10712=ORIENTED_EDGE('',*,*,#10711,.F.);
#10713=EDGE_LOOP('',(#10706,#10708,#10710,#10712));
#10714=FACE_OUTER_BOUND('',#10713,.F.);
#10715=ADVANCED_FACE('',(#10714),#10705,.T.);
#10716=CARTESIAN_POINT('',(-2.05E0,2.E-1,1.55E0));
#10717=DIRECTION('',(0.E0,0.E0,-1.E0));
#10718=DIRECTION('',(1.E0,0.E0,0.E0));
#10719=AXIS2_PLACEMENT_3D('',#10716,#10717,#10718);
#10720=PLANE('',#10719);
#10721=ORIENTED_EDGE('',*,*,#10696,.T.);
#10722=ORIENTED_EDGE('',*,*,#10681,.F.);
#10724=ORIENTED_EDGE('',*,*,#10723,.F.);
#10725=ORIENTED_EDGE('',*,*,#10707,.T.);
#10726=EDGE_LOOP('',(#10721,#10722,#10724,#10725));
#10727=FACE_OUTER_BOUND('',#10726,.F.);
#10728=ADVANCED_FACE('',(#10727),#10720,.F.);
#10729=CARTESIAN_POINT('',(-2.E0,2.E-1,2.E0));
#10730=DIRECTION('',(1.E0,0.E0,0.E0));
#10731=DIRECTION('',(0.E0,0.E0,-1.E0));
#10732=AXIS2_PLACEMENT_3D('',#10729,#10730,#10731);
#10733=PLANE('',#10732);
#10734=ORIENTED_EDGE('',*,*,#10723,.T.);
#10735=ORIENTED_EDGE('',*,*,#10679,.F.);
#10737=ORIENTED_EDGE('',*,*,#10736,.F.);
#10738=ORIENTED_EDGE('',*,*,#10709,.F.);
#10739=EDGE_LOOP('',(#10734,#10735,#10737,#10738));
#10740=FACE_OUTER_BOUND('',#10739,.F.);
#10741=ADVANCED_FACE('',(#10740),#10733,.F.);
#10742=CARTESIAN_POINT('',(-1.506066017178E0,2.E-1,1.4E0));
#10743=DIRECTION('',(0.E0,0.E0,1.E0));
#10744=DIRECTION('',(-1.E0,0.E0,0.E0));
#10745=AXIS2_PLACEMENT_3D('',#10742,#10743,#10744);
#10746=PLANE('',#10745);
#10747=ORIENTED_EDGE('',*,*,#10693,.F.);
#10748=ORIENTED_EDGE('',*,*,#10711,.T.);
#10749=ORIENTED_EDGE('',*,*,#10736,.T.);
#10750=ORIENTED_EDGE('',*,*,#10677,.F.);
#10751=EDGE_LOOP('',(#10747,#10748,#10749,#10750));
#10752=FACE_OUTER_BOUND('',#10751,.F.);
#10753=ADVANCED_FACE('',(#10752),#10746,.F.);
#10754=CLOSED_SHELL('',(#10685,#10700,#10715,#10728,#10741,#10753));
#10755=MANIFOLD_SOLID_BREP('',#10754);
#10756=FILL_AREA_STYLE_COLOUR('',#28);
#10757=FILL_AREA_STYLE('',(#10756));
#10758=SURFACE_STYLE_FILL_AREA(#10757);
#10759=SURFACE_SIDE_STYLE('',(#10758));
#10760=SURFACE_STYLE_USAGE(.POSITIVE.,#10759);
#10761=PRESENTATION_STYLE_ASSIGNMENT((#10760));
#10569=STYLED_ITEM('',(#10761),#10755);
#10763=DIRECTION('',(0.E0,0.E0,-1.E0));
#10764=VECTOR('',#10763,1.5E-1);
#10765=CARTESIAN_POINT('',(-1.99E0,1.E-1,-1.4E0));
#10766=LINE('',#10765,#10764);
#10767=CURVE_STYLE('',#47,POSITIVE_LENGTH_MEASURE(2.E-2),#28);
#10768=PRESENTATION_STYLE_ASSIGNMENT((#10767));
#10769=STYLED_ITEM('',(#10768),#10766);
#10770=DIRECTION('',(1.E0,0.E0,0.E0));
#10771=VECTOR('',#10770,1.E-2);
#10772=CARTESIAN_POINT('',(-2.E0,1.E-1,-1.55E0));
#10773=LINE('',#10772,#10771);
#10774=CURVE_STYLE('',#47,POSITIVE_LENGTH_MEASURE(2.E-2),#28);
#10775=PRESENTATION_STYLE_ASSIGNMENT((#10774));
#10776=STYLED_ITEM('',(#10775),#10773);
#10777=DIRECTION('',(0.E0,0.E0,-1.E0));
#10778=VECTOR('',#10777,1.5E-1);
#10779=CARTESIAN_POINT('',(-2.E0,1.E-1,-1.4E0));
#10780=LINE('',#10779,#10778);
#10781=CURVE_STYLE('',#47,POSITIVE_LENGTH_MEASURE(2.E-2),#28);
#10782=PRESENTATION_STYLE_ASSIGNMENT((#10781));
#10783=STYLED_ITEM('',(#10782),#10780);
#10784=DIRECTION('',(-1.E0,0.E0,0.E0));
#10785=VECTOR('',#10784,1.E-2);
#10786=CARTESIAN_POINT('',(-1.99E0,1.E-1,-1.4E0));
#10787=LINE('',#10786,#10785);
#10788=CURVE_STYLE('',#47,POSITIVE_LENGTH_MEASURE(2.E-2),#28);
#10789=PRESENTATION_STYLE_ASSIGNMENT((#10788));
#10790=STYLED_ITEM('',(#10789),#10787);
#10791=DIRECTION('',(0.E0,0.E0,-1.E0));
#10792=VECTOR('',#10791,1.5E-1);
#10793=CARTESIAN_POINT('',(-1.99E0,2.E-1,-1.4E0));
#10794=LINE('',#10793,#10792);
#10795=CURVE_STYLE('',#47,POSITIVE_LENGTH_MEASURE(2.E-2),#28);
#10796=PRESENTATION_STYLE_ASSIGNMENT((#10795));
#10797=STYLED_ITEM('',(#10796),#10794);
#10798=DIRECTION('',(-1.E0,0.E0,0.E0));
#10799=VECTOR('',#10798,1.E-2);
#10800=CARTESIAN_POINT('',(-1.99E0,2.E-1,-1.4E0));
#10801=LINE('',#10800,#10799);
#10802=CURVE_STYLE('',#47,POSITIVE_LENGTH_MEASURE(2.E-2),#28);
#10803=PRESENTATION_STYLE_ASSIGNMENT((#10802));
#10804=STYLED_ITEM('',(#10803),#10801);
#10805=DIRECTION('',(0.E0,0.E0,-1.E0));
#10806=VECTOR('',#10805,1.5E-1);
#10807=CARTESIAN_POINT('',(-2.E0,2.E-1,-1.4E0));
#10808=LINE('',#10807,#10806);
#10809=CURVE_STYLE('',#47,POSITIVE_LENGTH_MEASURE(2.E-2),#28);
#10810=PRESENTATION_STYLE_ASSIGNMENT((#10809));
#10811=STYLED_ITEM('',(#10810),#10808);
#10812=DIRECTION('',(0.E0,-1.E0,0.E0));
#10813=VECTOR('',#10812,1.E-1);
#10814=CARTESIAN_POINT('',(-1.99E0,2.E-1,-1.4E0));
#10815=LINE('',#10814,#10813);
#10816=CURVE_STYLE('',#47,POSITIVE_LENGTH_MEASURE(2.E-2),#28);
#10817=PRESENTATION_STYLE_ASSIGNMENT((#10816));
#10818=STYLED_ITEM('',(#10817),#10815);
#10819=DIRECTION('',(0.E0,-1.E0,0.E0));
#10820=VECTOR('',#10819,1.E-1);
#10821=CARTESIAN_POINT('',(-2.E0,2.E-1,-1.4E0));
#10822=LINE('',#10821,#10820);
#10823=CURVE_STYLE('',#47,POSITIVE_LENGTH_MEASURE(2.E-2),#28);
#10824=PRESENTATION_STYLE_ASSIGNMENT((#10823));
#10825=STYLED_ITEM('',(#10824),#10822);
#10826=DIRECTION('',(0.E0,-1.E0,0.E0));
#10827=VECTOR('',#10826,1.E-1);
#10828=CARTESIAN_POINT('',(-1.99E0,2.E-1,-1.55E0));
#10829=LINE('',#10828,#10827);
#10830=CURVE_STYLE('',#47,POSITIVE_LENGTH_MEASURE(2.E-2),#28);
#10831=PRESENTATION_STYLE_ASSIGNMENT((#10830));
#10832=STYLED_ITEM('',(#10831),#10829);
#10833=DIRECTION('',(-1.E0,0.E0,0.E0));
#10834=VECTOR('',#10833,1.E-2);
#10835=CARTESIAN_POINT('',(-1.99E0,2.E-1,-1.55E0));
#10836=LINE('',#10835,#10834);
#10837=CURVE_STYLE('',#47,POSITIVE_LENGTH_MEASURE(2.E-2),#28);
#10838=PRESENTATION_STYLE_ASSIGNMENT((#10837));
#10839=STYLED_ITEM('',(#10838),#10836);
#10840=DIRECTION('',(0.E0,-1.E0,0.E0));
#10841=VECTOR('',#10840,1.E-1);
#10842=CARTESIAN_POINT('',(-2.E0,2.E-1,-1.55E0));
#10843=LINE('',#10842,#10841);
#10844=CURVE_STYLE('',#47,POSITIVE_LENGTH_MEASURE(2.E-2),#28);
#10845=PRESENTATION_STYLE_ASSIGNMENT((#10844));
#10846=STYLED_ITEM('',(#10845),#10843);
#10847=CARTESIAN_POINT('',(-2.E0,2.E-1,-1.4E0));
#10848=CARTESIAN_POINT('',(-2.E0,2.E-1,-1.55E0));
#10849=VERTEX_POINT('',#10847);
#10850=VERTEX_POINT('',#10848);
#10851=CARTESIAN_POINT('',(-2.E0,1.E-1,-1.4E0));
#10852=CARTESIAN_POINT('',(-2.E0,1.E-1,-1.55E0));
#10853=VERTEX_POINT('',#10851);
#10854=VERTEX_POINT('',#10852);
#10855=CARTESIAN_POINT('',(-1.99E0,2.E-1,-1.4E0));
#10856=CARTESIAN_POINT('',(-1.99E0,2.E-1,-1.55E0));
#10857=VERTEX_POINT('',#10855);
#10858=VERTEX_POINT('',#10856);
#10859=CARTESIAN_POINT('',(-1.99E0,1.E-1,-1.4E0));
#10860=CARTESIAN_POINT('',(-1.99E0,1.E-1,-1.55E0));
#10861=VERTEX_POINT('',#10859);
#10862=VERTEX_POINT('',#10860);
#10863=CARTESIAN_POINT('',(0.E0,1.E-1,0.E0));
#10864=DIRECTION('',(0.E0,-1.E0,0.E0));
#10865=DIRECTION('',(-1.E0,0.E0,0.E0));
#10866=AXIS2_PLACEMENT_3D('',#10863,#10864,#10865);
#10867=PLANE('',#10866);
#10869=ORIENTED_EDGE('',*,*,#10868,.T.);
#10871=ORIENTED_EDGE('',*,*,#10870,.F.);
#10873=ORIENTED_EDGE('',*,*,#10872,.F.);
#10875=ORIENTED_EDGE('',*,*,#10874,.F.);
#10876=EDGE_LOOP('',(#10869,#10871,#10873,#10875));
#10877=FACE_OUTER_BOUND('',#10876,.F.);
#10878=ADVANCED_FACE('',(#10877),#10867,.T.);
#10879=CARTESIAN_POINT('',(-1.99E0,0.E0,0.E0));
#10880=DIRECTION('',(1.E0,0.E0,0.E0));
#10881=DIRECTION('',(0.E0,0.E0,-1.E0));
#10882=AXIS2_PLACEMENT_3D('',#10879,#10880,#10881);
#10883=PLANE('',#10882);
#10885=ORIENTED_EDGE('',*,*,#10884,.T.);
#10887=ORIENTED_EDGE('',*,*,#10886,.T.);
#10888=ORIENTED_EDGE('',*,*,#10868,.F.);
#10890=ORIENTED_EDGE('',*,*,#10889,.F.);
#10891=EDGE_LOOP('',(#10885,#10887,#10888,#10890));
#10892=FACE_OUTER_BOUND('',#10891,.F.);
#10893=ADVANCED_FACE('',(#10892),#10883,.T.);
#10894=CARTESIAN_POINT('',(0.E0,2.E-1,0.E0));
#10895=DIRECTION('',(0.E0,1.E0,0.E0));
#10896=DIRECTION('',(1.E0,0.E0,0.E0));
#10897=AXIS2_PLACEMENT_3D('',#10894,#10895,#10896);
#10898=PLANE('',#10897);
#10899=ORIENTED_EDGE('',*,*,#10884,.F.);
#10901=ORIENTED_EDGE('',*,*,#10900,.T.);
#10903=ORIENTED_EDGE('',*,*,#10902,.T.);
#10905=ORIENTED_EDGE('',*,*,#10904,.F.);
#10906=EDGE_LOOP('',(#10899,#10901,#10903,#10905));
#10907=FACE_OUTER_BOUND('',#10906,.F.);
#10908=ADVANCED_FACE('',(#10907),#10898,.T.);
#10909=CARTESIAN_POINT('',(-1.506066017178E0,2.E-1,-1.4E0));
#10910=DIRECTION('',(0.E0,0.E0,1.E0));
#10911=DIRECTION('',(-1.E0,0.E0,0.E0));
#10912=AXIS2_PLACEMENT_3D('',#10909,#10910,#10911);
#10913=PLANE('',#10912);
#10914=ORIENTED_EDGE('',*,*,#10889,.T.);
#10915=ORIENTED_EDGE('',*,*,#10874,.T.);
#10917=ORIENTED_EDGE('',*,*,#10916,.F.);
#10918=ORIENTED_EDGE('',*,*,#10900,.F.);
#10919=EDGE_LOOP('',(#10914,#10915,#10917,#10918));
#10920=FACE_OUTER_BOUND('',#10919,.F.);
#10921=ADVANCED_FACE('',(#10920),#10913,.T.);
#10922=CARTESIAN_POINT('',(-2.E0,2.E-1,2.E0));
#10923=DIRECTION('',(1.E0,0.E0,0.E0));
#10924=DIRECTION('',(0.E0,0.E0,-1.E0));
#10925=AXIS2_PLACEMENT_3D('',#10922,#10923,#10924);
#10926=PLANE('',#10925);
#10927=ORIENTED_EDGE('',*,*,#10916,.T.);
#10928=ORIENTED_EDGE('',*,*,#10872,.T.);
#10930=ORIENTED_EDGE('',*,*,#10929,.F.);
#10931=ORIENTED_EDGE('',*,*,#10902,.F.);
#10932=EDGE_LOOP('',(#10927,#10928,#10930,#10931));
#10933=FACE_OUTER_BOUND('',#10932,.F.);
#10934=ADVANCED_FACE('',(#10933),#10926,.F.);
#10935=CARTESIAN_POINT('',(-2.05E0,2.E-1,-1.55E0));
#10936=DIRECTION('',(0.E0,0.E0,-1.E0));
#10937=DIRECTION('',(1.E0,0.E0,0.E0));
#10938=AXIS2_PLACEMENT_3D('',#10935,#10936,#10937);
#10939=PLANE('',#10938);
#10940=ORIENTED_EDGE('',*,*,#10886,.F.);
#10941=ORIENTED_EDGE('',*,*,#10904,.T.);
#10942=ORIENTED_EDGE('',*,*,#10929,.T.);
#10943=ORIENTED_EDGE('',*,*,#10870,.T.);
#10944=EDGE_LOOP('',(#10940,#10941,#10942,#10943));
#10945=FACE_OUTER_BOUND('',#10944,.F.);
#10946=ADVANCED_FACE('',(#10945),#10939,.T.);
#10947=CLOSED_SHELL('',(#10878,#10893,#10908,#10921,#10934,#10946));
#10948=MANIFOLD_SOLID_BREP('',#10947);
#10949=FILL_AREA_STYLE_COLOUR('',#28);
#10950=FILL_AREA_STYLE('',(#10949));
#10951=SURFACE_STYLE_FILL_AREA(#10950);
#10952=SURFACE_SIDE_STYLE('',(#10951));
#10953=SURFACE_STYLE_USAGE(.POSITIVE.,#10952);
#10954=PRESENTATION_STYLE_ASSIGNMENT((#10953));
#10762=STYLED_ITEM('',(#10954),#10948);
#10956=DIRECTION('',(-1.E0,0.E0,0.E0));
#10957=VECTOR('',#10956,1.5E-1);
#10958=CARTESIAN_POINT('',(-1.4E0,1.E-1,-1.979802971626E0));
#10959=LINE('',#10958,#10957);
#10960=CURVE_STYLE('',#47,POSITIVE_LENGTH_MEASURE(2.E-2),#28);
#10961=PRESENTATION_STYLE_ASSIGNMENT((#10960));
#10962=STYLED_ITEM('',(#10961),#10959);
#10963=DIRECTION('',(0.E0,0.E0,1.E0));
#10964=VECTOR('',#10963,2.019702837441E-2);
#10965=CARTESIAN_POINT('',(-1.4E0,1.E-1,-2.E0));
#10966=LINE('',#10965,#10964);
#10967=CURVE_STYLE('',#47,POSITIVE_LENGTH_MEASURE(2.E-2),#28);
#10968=PRESENTATION_STYLE_ASSIGNMENT((#10967));
#10969=STYLED_ITEM('',(#10968),#10966);
#10970=DIRECTION('',(-1.E0,0.E0,0.E0));
#10971=VECTOR('',#10970,1.5E-1);
#10972=CARTESIAN_POINT('',(-1.4E0,1.E-1,-2.E0));
#10973=LINE('',#10972,#10971);
#10974=CURVE_STYLE('',#47,POSITIVE_LENGTH_MEASURE(2.E-2),#28);
#10975=PRESENTATION_STYLE_ASSIGNMENT((#10974));
#10976=STYLED_ITEM('',(#10975),#10973);
#10977=DIRECTION('',(0.E0,0.E0,-1.E0));
#10978=VECTOR('',#10977,2.019702837441E-2);
#10979=CARTESIAN_POINT('',(-1.55E0,1.E-1,-1.979802971626E0));
#10980=LINE('',#10979,#10978);
#10981=CURVE_STYLE('',#47,POSITIVE_LENGTH_MEASURE(2.E-2),#28);
#10982=PRESENTATION_STYLE_ASSIGNMENT((#10981));
#10983=STYLED_ITEM('',(#10982),#10980);
#10984=DIRECTION('',(1.E0,0.E0,0.E0));
#10985=VECTOR('',#10984,1.5E-1);
#10986=CARTESIAN_POINT('',(-1.55E0,2.E-1,-1.979802971626E0));
#10987=LINE('',#10986,#10985);
#10988=CURVE_STYLE('',#47,POSITIVE_LENGTH_MEASURE(2.E-2),#28);
#10989=PRESENTATION_STYLE_ASSIGNMENT((#10988));
#10990=STYLED_ITEM('',(#10989),#10987);
#10991=DIRECTION('',(1.E0,0.E0,0.E0));
#10992=VECTOR('',#10991,1.5E-1);
#10993=CARTESIAN_POINT('',(-1.55E0,2.E-1,-2.E0));
#10994=LINE('',#10993,#10992);
#10995=CURVE_STYLE('',#47,POSITIVE_LENGTH_MEASURE(2.E-2),#28);
#10996=PRESENTATION_STYLE_ASSIGNMENT((#10995));
#10997=STYLED_ITEM('',(#10996),#10994);
#10998=DIRECTION('',(0.E0,0.E0,1.E0));
#10999=VECTOR('',#10998,2.019702837441E-2);
#11000=CARTESIAN_POINT('',(-1.4E0,2.E-1,-2.E0));
#11001=LINE('',#11000,#10999);
#11002=CURVE_STYLE('',#47,POSITIVE_LENGTH_MEASURE(2.E-2),#28);
#11003=PRESENTATION_STYLE_ASSIGNMENT((#11002));
#11004=STYLED_ITEM('',(#11003),#11001);
#11005=DIRECTION('',(0.E0,-1.E0,0.E0));
#11006=VECTOR('',#11005,1.E-1);
#11007=CARTESIAN_POINT('',(-1.55E0,2.E-1,-1.979802971626E0));
#11008=LINE('',#11007,#11006);
#11009=CURVE_STYLE('',#47,POSITIVE_LENGTH_MEASURE(2.E-2),#28);
#11010=PRESENTATION_STYLE_ASSIGNMENT((#11009));
#11011=STYLED_ITEM('',(#11010),#11008);
#11012=DIRECTION('',(0.E0,-1.E0,0.E0));
#11013=VECTOR('',#11012,1.E-1);
#11014=CARTESIAN_POINT('',(-1.55E0,2.E-1,-2.E0));
#11015=LINE('',#11014,#11013);
#11016=CURVE_STYLE('',#47,POSITIVE_LENGTH_MEASURE(2.E-2),#28);
#11017=PRESENTATION_STYLE_ASSIGNMENT((#11016));
#11018=STYLED_ITEM('',(#11017),#11015);
#11019=DIRECTION('',(0.E0,0.E0,1.E0));
#11020=VECTOR('',#11019,2.019702837441E-2);
#11021=CARTESIAN_POINT('',(-1.55E0,2.E-1,-2.E0));
#11022=LINE('',#11021,#11020);
#11023=CURVE_STYLE('',#47,POSITIVE_LENGTH_MEASURE(2.E-2),#28);
#11024=PRESENTATION_STYLE_ASSIGNMENT((#11023));
#11025=STYLED_ITEM('',(#11024),#11022);
#11026=DIRECTION('',(0.E0,-1.E0,0.E0));
#11027=VECTOR('',#11026,1.E-1);
#11028=CARTESIAN_POINT('',(-1.4E0,2.E-1,-1.979802971626E0));
#11029=LINE('',#11028,#11027);
#11030=CURVE_STYLE('',#47,POSITIVE_LENGTH_MEASURE(2.E-2),#28);
#11031=PRESENTATION_STYLE_ASSIGNMENT((#11030));
#11032=STYLED_ITEM('',(#11031),#11029);
#11033=DIRECTION('',(0.E0,-1.E0,0.E0));
#11034=VECTOR('',#11033,1.E-1);
#11035=CARTESIAN_POINT('',(-1.4E0,2.E-1,-2.E0));
#11036=LINE('',#11035,#11034);
#11037=CURVE_STYLE('',#47,POSITIVE_LENGTH_MEASURE(2.E-2),#28);
#11038=PRESENTATION_STYLE_ASSIGNMENT((#11037));
#11039=STYLED_ITEM('',(#11038),#11036);
#11040=CARTESIAN_POINT('',(-1.55E0,2.E-1,-2.E0));
#11041=CARTESIAN_POINT('',(-1.4E0,2.E-1,-2.E0));
#11042=VERTEX_POINT('',#11040);
#11043=VERTEX_POINT('',#11041);
#11044=CARTESIAN_POINT('',(-1.4E0,1.E-1,-2.E0));
#11045=CARTESIAN_POINT('',(-1.55E0,1.E-1,-2.E0));
#11046=VERTEX_POINT('',#11044);
#11047=VERTEX_POINT('',#11045);
#11048=CARTESIAN_POINT('',(-1.55E0,2.E-1,-1.979802971626E0));
#11049=CARTESIAN_POINT('',(-1.4E0,2.E-1,-1.979802971626E0));
#11050=VERTEX_POINT('',#11048);
#11051=VERTEX_POINT('',#11049);
#11052=CARTESIAN_POINT('',(-1.4E0,1.E-1,-1.979802971626E0));
#11053=CARTESIAN_POINT('',(-1.55E0,1.E-1,-1.979802971626E0));
#11054=VERTEX_POINT('',#11052);
#11055=VERTEX_POINT('',#11053);
#11056=CARTESIAN_POINT('',(0.E0,1.E-1,0.E0));
#11057=DIRECTION('',(0.E0,-1.E0,0.E0));
#11058=DIRECTION('',(-1.E0,0.E0,0.E0));
#11059=AXIS2_PLACEMENT_3D('',#11056,#11057,#11058);
#11060=PLANE('',#11059);
#11062=ORIENTED_EDGE('',*,*,#11061,.F.);
#11064=ORIENTED_EDGE('',*,*,#11063,.F.);
#11066=ORIENTED_EDGE('',*,*,#11065,.T.);
#11068=ORIENTED_EDGE('',*,*,#11067,.F.);
#11069=EDGE_LOOP('',(#11062,#11064,#11066,#11068));
#11070=FACE_OUTER_BOUND('',#11069,.F.);
#11071=ADVANCED_FACE('',(#11070),#11060,.T.);
#11072=CARTESIAN_POINT('',(-1.99E0,1.714623540487E-2,-1.979802971626E0));
#11073=DIRECTION('',(0.E0,0.E0,-1.E0));
#11074=DIRECTION('',(0.E0,1.E0,0.E0));
#11075=AXIS2_PLACEMENT_3D('',#11072,#11073,#11074);
#11076=PLANE('',#11075);
#11078=ORIENTED_EDGE('',*,*,#11077,.T.);
#11080=ORIENTED_EDGE('',*,*,#11079,.T.);
#11081=ORIENTED_EDGE('',*,*,#11061,.T.);
#11083=ORIENTED_EDGE('',*,*,#11082,.F.);
#11084=EDGE_LOOP('',(#11078,#11080,#11081,#11083));
#11085=FACE_OUTER_BOUND('',#11084,.F.);
#11086=ADVANCED_FACE('',(#11085),#11076,.F.);
#11087=CARTESIAN_POINT('',(0.E0,2.E-1,0.E0));
#11088=DIRECTION('',(0.E0,1.E0,0.E0));
#11089=DIRECTION('',(1.E0,0.E0,0.E0));
#11090=AXIS2_PLACEMENT_3D('',#11087,#11088,#11089);
#11091=PLANE('',#11090);
#11092=ORIENTED_EDGE('',*,*,#11077,.F.);
#11094=ORIENTED_EDGE('',*,*,#11093,.F.);
#11096=ORIENTED_EDGE('',*,*,#11095,.T.);
#11098=ORIENTED_EDGE('',*,*,#11097,.T.);
#11099=EDGE_LOOP('',(#11092,#11094,#11096,#11098));
#11100=FACE_OUTER_BOUND('',#11099,.F.);
#11101=ADVANCED_FACE('',(#11100),#11091,.T.);
#11102=CARTESIAN_POINT('',(-1.55E0,2.E-1,-1.55E0));
#11103=DIRECTION('',(-1.E0,0.E0,0.E0));
#11104=DIRECTION('',(0.E0,0.E0,-1.E0));
#11105=AXIS2_PLACEMENT_3D('',#11102,#11103,#11104);
#11106=PLANE('',#11105);
#11107=ORIENTED_EDGE('',*,*,#11082,.T.);
#11108=ORIENTED_EDGE('',*,*,#11067,.T.);
#11110=ORIENTED_EDGE('',*,*,#11109,.F.);
#11111=ORIENTED_EDGE('',*,*,#11093,.T.);
#11112=EDGE_LOOP('',(#11107,#11108,#11110,#11111));
#11113=FACE_OUTER_BOUND('',#11112,.F.);
#11114=ADVANCED_FACE('',(#11113),#11106,.T.);
#11115=CARTESIAN_POINT('',(-2.E0,2.E-1,-2.E0));
#11116=DIRECTION('',(0.E0,0.E0,1.E0));
#11117=DIRECTION('',(1.E0,0.E0,0.E0));
#11118=AXIS2_PLACEMENT_3D('',#11115,#11116,#11117);
#11119=PLANE('',#11118);
#11120=ORIENTED_EDGE('',*,*,#11109,.T.);
#11121=ORIENTED_EDGE('',*,*,#11065,.F.);
#11123=ORIENTED_EDGE('',*,*,#11122,.F.);
#11124=ORIENTED_EDGE('',*,*,#11095,.F.);
#11125=EDGE_LOOP('',(#11120,#11121,#11123,#11124));
#11126=FACE_OUTER_BOUND('',#11125,.F.);
#11127=ADVANCED_FACE('',(#11126),#11119,.F.);
#11128=CARTESIAN_POINT('',(-1.4E0,2.E-1,-2.05E0));
#11129=DIRECTION('',(1.E0,0.E0,0.E0));
#11130=DIRECTION('',(0.E0,0.E0,1.E0));
#11131=AXIS2_PLACEMENT_3D('',#11128,#11129,#11130);
#11132=PLANE('',#11131);
#11133=ORIENTED_EDGE('',*,*,#11079,.F.);
#11134=ORIENTED_EDGE('',*,*,#11097,.F.);
#11135=ORIENTED_EDGE('',*,*,#11122,.T.);
#11136=ORIENTED_EDGE('',*,*,#11063,.T.);
#11137=EDGE_LOOP('',(#11133,#11134,#11135,#11136));
#11138=FACE_OUTER_BOUND('',#11137,.F.);
#11139=ADVANCED_FACE('',(#11138),#11132,.T.);
#11140=CLOSED_SHELL('',(#11071,#11086,#11101,#11114,#11127,#11139));
#11141=MANIFOLD_SOLID_BREP('',#11140);
#11142=FILL_AREA_STYLE_COLOUR('',#28);
#11143=FILL_AREA_STYLE('',(#11142));
#11144=SURFACE_STYLE_FILL_AREA(#11143);
#11145=SURFACE_SIDE_STYLE('',(#11144));
#11146=SURFACE_STYLE_USAGE(.POSITIVE.,#11145);
#11147=PRESENTATION_STYLE_ASSIGNMENT((#11146));
#10955=STYLED_ITEM('',(#11147),#11141);
#11149=DIRECTION('',(1.E0,0.E0,0.E0));
#11150=VECTOR('',#11149,1.5E-1);
#11151=CARTESIAN_POINT('',(1.4E0,1.E-1,-1.979802971626E0));
#11152=LINE('',#11151,#11150);
#11153=CURVE_STYLE('',#47,POSITIVE_LENGTH_MEASURE(2.E-2),#28);
#11154=PRESENTATION_STYLE_ASSIGNMENT((#11153));
#11155=STYLED_ITEM('',(#11154),#11152);
#11156=DIRECTION('',(0.E0,0.E0,-1.E0));
#11157=VECTOR('',#11156,2.019702837441E-2);
#11158=CARTESIAN_POINT('',(1.55E0,1.E-1,-1.979802971626E0));
#11159=LINE('',#11158,#11157);
#11160=CURVE_STYLE('',#47,POSITIVE_LENGTH_MEASURE(2.E-2),#28);
#11161=PRESENTATION_STYLE_ASSIGNMENT((#11160));
#11162=STYLED_ITEM('',(#11161),#11159);
#11163=DIRECTION('',(1.E0,0.E0,0.E0));
#11164=VECTOR('',#11163,1.5E-1);
#11165=CARTESIAN_POINT('',(1.4E0,1.E-1,-2.E0));
#11166=LINE('',#11165,#11164);
#11167=CURVE_STYLE('',#47,POSITIVE_LENGTH_MEASURE(2.E-2),#28);
#11168=PRESENTATION_STYLE_ASSIGNMENT((#11167));
#11169=STYLED_ITEM('',(#11168),#11166);
#11170=DIRECTION('',(-1.099392449269E-14,0.E0,1.E0));
#11171=VECTOR('',#11170,2.019702837441E-2);
#11172=CARTESIAN_POINT('',(1.4E0,1.E-1,-2.E0));
#11173=LINE('',#11172,#11171);
#11174=CURVE_STYLE('',#47,POSITIVE_LENGTH_MEASURE(2.E-2),#28);
#11175=PRESENTATION_STYLE_ASSIGNMENT((#11174));
#11176=STYLED_ITEM('',(#11175),#11173);
#11177=DIRECTION('',(1.E0,0.E0,0.E0));
#11178=VECTOR('',#11177,1.5E-1);
#11179=CARTESIAN_POINT('',(1.4E0,2.E-1,-1.979802971626E0));
#11180=LINE('',#11179,#11178);
#11181=CURVE_STYLE('',#47,POSITIVE_LENGTH_MEASURE(2.E-2),#28);
#11182=PRESENTATION_STYLE_ASSIGNMENT((#11181));
#11183=STYLED_ITEM('',(#11182),#11180);
#11184=DIRECTION('',(-1.099392449269E-14,0.E0,1.E0));
#11185=VECTOR('',#11184,2.019702837441E-2);
#11186=CARTESIAN_POINT('',(1.4E0,2.E-1,-2.E0));
#11187=LINE('',#11186,#11185);
#11188=CURVE_STYLE('',#47,POSITIVE_LENGTH_MEASURE(2.E-2),#28);
#11189=PRESENTATION_STYLE_ASSIGNMENT((#11188));
#11190=STYLED_ITEM('',(#11189),#11187);
#11191=DIRECTION('',(1.E0,0.E0,0.E0));
#11192=VECTOR('',#11191,1.5E-1);
#11193=CARTESIAN_POINT('',(1.4E0,2.E-1,-2.E0));
#11194=LINE('',#11193,#11192);
#11195=CURVE_STYLE('',#47,POSITIVE_LENGTH_MEASURE(2.E-2),#28);
#11196=PRESENTATION_STYLE_ASSIGNMENT((#11195));
#11197=STYLED_ITEM('',(#11196),#11194);
#11198=DIRECTION('',(0.E0,-1.E0,0.E0));
#11199=VECTOR('',#11198,1.E-1);
#11200=CARTESIAN_POINT('',(1.4E0,2.E-1,-1.979802971626E0));
#11201=LINE('',#11200,#11199);
#11202=CURVE_STYLE('',#47,POSITIVE_LENGTH_MEASURE(2.E-2),#28);
#11203=PRESENTATION_STYLE_ASSIGNMENT((#11202));
#11204=STYLED_ITEM('',(#11203),#11201);
#11205=DIRECTION('',(0.E0,-1.E0,0.E0));
#11206=VECTOR('',#11205,1.E-1);
#11207=CARTESIAN_POINT('',(1.4E0,2.E-1,-2.E0));
#11208=LINE('',#11207,#11206);
#11209=CURVE_STYLE('',#47,POSITIVE_LENGTH_MEASURE(2.E-2),#28);
#11210=PRESENTATION_STYLE_ASSIGNMENT((#11209));
#11211=STYLED_ITEM('',(#11210),#11208);
#11212=DIRECTION('',(0.E0,-1.E0,0.E0));
#11213=VECTOR('',#11212,1.E-1);
#11214=CARTESIAN_POINT('',(1.55E0,2.E-1,-1.979802971626E0));
#11215=LINE('',#11214,#11213);
#11216=CURVE_STYLE('',#47,POSITIVE_LENGTH_MEASURE(2.E-2),#28);
#11217=PRESENTATION_STYLE_ASSIGNMENT((#11216));
#11218=STYLED_ITEM('',(#11217),#11215);
#11219=DIRECTION('',(0.E0,0.E0,-1.E0));
#11220=VECTOR('',#11219,2.019702837441E-2);
#11221=CARTESIAN_POINT('',(1.55E0,2.E-1,-1.979802971626E0));
#11222=LINE('',#11221,#11220);
#11223=CURVE_STYLE('',#47,POSITIVE_LENGTH_MEASURE(2.E-2),#28);
#11224=PRESENTATION_STYLE_ASSIGNMENT((#11223));
#11225=STYLED_ITEM('',(#11224),#11222);
#11226=DIRECTION('',(0.E0,-1.E0,0.E0));
#11227=VECTOR('',#11226,1.E-1);
#11228=CARTESIAN_POINT('',(1.55E0,2.E-1,-2.E0));
#11229=LINE('',#11228,#11227);
#11230=CURVE_STYLE('',#47,POSITIVE_LENGTH_MEASURE(2.E-2),#28);
#11231=PRESENTATION_STYLE_ASSIGNMENT((#11230));
#11232=STYLED_ITEM('',(#11231),#11229);
#11233=CARTESIAN_POINT('',(1.4E0,2.E-1,-2.E0));
#11234=CARTESIAN_POINT('',(1.55E0,2.E-1,-2.E0));
#11235=VERTEX_POINT('',#11233);
#11236=VERTEX_POINT('',#11234);
#11237=CARTESIAN_POINT('',(1.4E0,1.E-1,-2.E0));
#11238=CARTESIAN_POINT('',(1.55E0,1.E-1,-2.E0));
#11239=VERTEX_POINT('',#11237);
#11240=VERTEX_POINT('',#11238);
#11241=CARTESIAN_POINT('',(1.4E0,2.E-1,-1.979802971626E0));
#11242=CARTESIAN_POINT('',(1.55E0,2.E-1,-1.979802971626E0));
#11243=VERTEX_POINT('',#11241);
#11244=VERTEX_POINT('',#11242);
#11245=CARTESIAN_POINT('',(1.4E0,1.E-1,-1.979802971626E0));
#11246=CARTESIAN_POINT('',(1.55E0,1.E-1,-1.979802971626E0));
#11247=VERTEX_POINT('',#11245);
#11248=VERTEX_POINT('',#11246);
#11249=CARTESIAN_POINT('',(0.E0,1.E-1,0.E0));
#11250=DIRECTION('',(0.E0,1.E0,0.E0));
#11251=DIRECTION('',(1.E0,0.E0,0.E0));
#11252=AXIS2_PLACEMENT_3D('',#11249,#11250,#11251);
#11253=PLANE('',#11252);
#11255=ORIENTED_EDGE('',*,*,#11254,.T.);
#11257=ORIENTED_EDGE('',*,*,#11256,.T.);
#11259=ORIENTED_EDGE('',*,*,#11258,.F.);
#11261=ORIENTED_EDGE('',*,*,#11260,.T.);
#11262=EDGE_LOOP('',(#11255,#11257,#11259,#11261));
#11263=FACE_OUTER_BOUND('',#11262,.F.);
#11264=ADVANCED_FACE('',(#11263),#11253,.F.);
#11265=CARTESIAN_POINT('',(-1.99E0,1.714623540487E-2,-1.979802971626E0));
#11266=DIRECTION('',(0.E0,0.E0,-1.E0));
#11267=DIRECTION('',(0.E0,1.E0,0.E0));
#11268=AXIS2_PLACEMENT_3D('',#11265,#11266,#11267);
#11269=PLANE('',#11268);
#11271=ORIENTED_EDGE('',*,*,#11270,.T.);
#11273=ORIENTED_EDGE('',*,*,#11272,.T.);
#11274=ORIENTED_EDGE('',*,*,#11254,.F.);
#11276=ORIENTED_EDGE('',*,*,#11275,.F.);
#11277=EDGE_LOOP('',(#11271,#11273,#11274,#11276));
#11278=FACE_OUTER_BOUND('',#11277,.F.);
#11279=ADVANCED_FACE('',(#11278),#11269,.F.);
#11280=CARTESIAN_POINT('',(0.E0,2.E-1,0.E0));
#11281=DIRECTION('',(0.E0,1.E0,0.E0));
#11282=DIRECTION('',(1.E0,0.E0,0.E0));
#11283=AXIS2_PLACEMENT_3D('',#11280,#11281,#11282);
#11284=PLANE('',#11283);
#11285=ORIENTED_EDGE('',*,*,#11270,.F.);
#11287=ORIENTED_EDGE('',*,*,#11286,.F.);
#11289=ORIENTED_EDGE('',*,*,#11288,.T.);
#11291=ORIENTED_EDGE('',*,*,#11290,.F.);
#11292=EDGE_LOOP('',(#11285,#11287,#11289,#11291));
#11293=FACE_OUTER_BOUND('',#11292,.F.);
#11294=ADVANCED_FACE('',(#11293),#11284,.T.);
#11295=CARTESIAN_POINT('',(1.4E0,2.E-1,-2.05E0));
#11296=DIRECTION('',(1.E0,0.E0,0.E0));
#11297=DIRECTION('',(0.E0,0.E0,1.E0));
#11298=AXIS2_PLACEMENT_3D('',#11295,#11296,#11297);
#11299=PLANE('',#11298);
#11300=ORIENTED_EDGE('',*,*,#11275,.T.);
#11301=ORIENTED_EDGE('',*,*,#11260,.F.);
#11303=ORIENTED_EDGE('',*,*,#11302,.F.);
#11304=ORIENTED_EDGE('',*,*,#11286,.T.);
#11305=EDGE_LOOP('',(#11300,#11301,#11303,#11304));
#11306=FACE_OUTER_BOUND('',#11305,.F.);
#11307=ADVANCED_FACE('',(#11306),#11299,.F.);
#11308=CARTESIAN_POINT('',(-2.E0,2.E-1,-2.E0));
#11309=DIRECTION('',(0.E0,0.E0,1.E0));
#11310=DIRECTION('',(1.E0,0.E0,0.E0));
#11311=AXIS2_PLACEMENT_3D('',#11308,#11309,#11310);
#11312=PLANE('',#11311);
#11313=ORIENTED_EDGE('',*,*,#11302,.T.);
#11314=ORIENTED_EDGE('',*,*,#11258,.T.);
#11316=ORIENTED_EDGE('',*,*,#11315,.F.);
#11317=ORIENTED_EDGE('',*,*,#11288,.F.);
#11318=EDGE_LOOP('',(#11313,#11314,#11316,#11317));
#11319=FACE_OUTER_BOUND('',#11318,.F.);
#11320=ADVANCED_FACE('',(#11319),#11312,.F.);
#11321=CARTESIAN_POINT('',(1.55E0,2.E-1,-1.55E0));
#11322=DIRECTION('',(-1.E0,0.E0,0.E0));
#11323=DIRECTION('',(0.E0,0.E0,-1.E0));
#11324=AXIS2_PLACEMENT_3D('',#11321,#11322,#11323);
#11325=PLANE('',#11324);
#11326=ORIENTED_EDGE('',*,*,#11272,.F.);
#11327=ORIENTED_EDGE('',*,*,#11290,.T.);
#11328=ORIENTED_EDGE('',*,*,#11315,.T.);
#11329=ORIENTED_EDGE('',*,*,#11256,.F.);
#11330=EDGE_LOOP('',(#11326,#11327,#11328,#11329));
#11331=FACE_OUTER_BOUND('',#11330,.F.);
#11332=ADVANCED_FACE('',(#11331),#11325,.F.);
#11333=CLOSED_SHELL('',(#11264,#11279,#11294,#11307,#11320,#11332));
#11334=MANIFOLD_SOLID_BREP('',#11333);
#11335=FILL_AREA_STYLE_COLOUR('',#28);
#11336=FILL_AREA_STYLE('',(#11335));
#11337=SURFACE_STYLE_FILL_AREA(#11336);
#11338=SURFACE_SIDE_STYLE('',(#11337));
#11339=SURFACE_STYLE_USAGE(.POSITIVE.,#11338);
#11340=PRESENTATION_STYLE_ASSIGNMENT((#11339));
#11148=STYLED_ITEM('',(#11340),#11334);
#11342=DIRECTION('',(0.E0,0.E0,-1.E0));
#11343=VECTOR('',#11342,1.5E-1);
#11344=CARTESIAN_POINT('',(1.99E0,1.E-1,-1.4E0));
#11345=LINE('',#11344,#11343);
#11346=CURVE_STYLE('',#47,POSITIVE_LENGTH_MEASURE(2.E-2),#28);
#11347=PRESENTATION_STYLE_ASSIGNMENT((#11346));
#11348=STYLED_ITEM('',(#11347),#11345);
#11349=DIRECTION('',(1.E0,0.E0,0.E0));
#11350=VECTOR('',#11349,1.E-2);
#11351=CARTESIAN_POINT('',(1.99E0,1.E-1,-1.4E0));
#11352=LINE('',#11351,#11350);
#11353=CURVE_STYLE('',#47,POSITIVE_LENGTH_MEASURE(2.E-2),#28);
#11354=PRESENTATION_STYLE_ASSIGNMENT((#11353));
#11355=STYLED_ITEM('',(#11354),#11352);
#11356=DIRECTION('',(0.E0,0.E0,-1.E0));
#11357=VECTOR('',#11356,1.5E-1);
#11358=CARTESIAN_POINT('',(2.E0,1.E-1,-1.4E0));
#11359=LINE('',#11358,#11357);
#11360=CURVE_STYLE('',#47,POSITIVE_LENGTH_MEASURE(2.E-2),#28);
#11361=PRESENTATION_STYLE_ASSIGNMENT((#11360));
#11362=STYLED_ITEM('',(#11361),#11359);
#11363=DIRECTION('',(-1.E0,0.E0,0.E0));
#11364=VECTOR('',#11363,1.E-2);
#11365=CARTESIAN_POINT('',(2.E0,1.E-1,-1.55E0));
#11366=LINE('',#11365,#11364);
#11367=CURVE_STYLE('',#47,POSITIVE_LENGTH_MEASURE(2.E-2),#28);
#11368=PRESENTATION_STYLE_ASSIGNMENT((#11367));
#11369=STYLED_ITEM('',(#11368),#11366);
#11370=DIRECTION('',(0.E0,0.E0,-1.E0));
#11371=VECTOR('',#11370,1.5E-1);
#11372=CARTESIAN_POINT('',(1.99E0,2.E-1,-1.4E0));
#11373=LINE('',#11372,#11371);
#11374=CURVE_STYLE('',#47,POSITIVE_LENGTH_MEASURE(2.E-2),#28);
#11375=PRESENTATION_STYLE_ASSIGNMENT((#11374));
#11376=STYLED_ITEM('',(#11375),#11373);
#11377=DIRECTION('',(0.E0,0.E0,1.E0));
#11378=VECTOR('',#11377,1.5E-1);
#11379=CARTESIAN_POINT('',(2.E0,2.E-1,-1.55E0));
#11380=LINE('',#11379,#11378);
#11381=CURVE_STYLE('',#47,POSITIVE_LENGTH_MEASURE(2.E-2),#28);
#11382=PRESENTATION_STYLE_ASSIGNMENT((#11381));
#11383=STYLED_ITEM('',(#11382),#11380);
#11384=DIRECTION('',(1.E0,0.E0,0.E0));
#11385=VECTOR('',#11384,1.E-2);
#11386=CARTESIAN_POINT('',(1.99E0,2.E-1,-1.4E0));
#11387=LINE('',#11386,#11385);
#11388=CURVE_STYLE('',#47,POSITIVE_LENGTH_MEASURE(2.E-2),#28);
#11389=PRESENTATION_STYLE_ASSIGNMENT((#11388));
#11390=STYLED_ITEM('',(#11389),#11387);
#11391=DIRECTION('',(0.E0,-1.E0,0.E0));
#11392=VECTOR('',#11391,1.E-1);
#11393=CARTESIAN_POINT('',(1.99E0,2.E-1,-1.55E0));
#11394=LINE('',#11393,#11392);
#11395=CURVE_STYLE('',#47,POSITIVE_LENGTH_MEASURE(2.E-2),#28);
#11396=PRESENTATION_STYLE_ASSIGNMENT((#11395));
#11397=STYLED_ITEM('',(#11396),#11394);
#11398=DIRECTION('',(0.E0,-1.E0,0.E0));
#11399=VECTOR('',#11398,1.E-1);
#11400=CARTESIAN_POINT('',(2.E0,2.E-1,-1.55E0));
#11401=LINE('',#11400,#11399);
#11402=CURVE_STYLE('',#47,POSITIVE_LENGTH_MEASURE(2.E-2),#28);
#11403=PRESENTATION_STYLE_ASSIGNMENT((#11402));
#11404=STYLED_ITEM('',(#11403),#11401);
#11405=DIRECTION('',(-1.E0,0.E0,0.E0));
#11406=VECTOR('',#11405,1.E-2);
#11407=CARTESIAN_POINT('',(2.E0,2.E-1,-1.55E0));
#11408=LINE('',#11407,#11406);
#11409=CURVE_STYLE('',#47,POSITIVE_LENGTH_MEASURE(2.E-2),#28);
#11410=PRESENTATION_STYLE_ASSIGNMENT((#11409));
#11411=STYLED_ITEM('',(#11410),#11408);
#11412=DIRECTION('',(0.E0,-1.E0,0.E0));
#11413=VECTOR('',#11412,1.E-1);
#11414=CARTESIAN_POINT('',(1.99E0,2.E-1,-1.4E0));
#11415=LINE('',#11414,#11413);
#11416=CURVE_STYLE('',#47,POSITIVE_LENGTH_MEASURE(2.E-2),#28);
#11417=PRESENTATION_STYLE_ASSIGNMENT((#11416));
#11418=STYLED_ITEM('',(#11417),#11415);
#11419=DIRECTION('',(0.E0,-1.E0,0.E0));
#11420=VECTOR('',#11419,1.E-1);
#11421=CARTESIAN_POINT('',(2.E0,2.E-1,-1.4E0));
#11422=LINE('',#11421,#11420);
#11423=CURVE_STYLE('',#47,POSITIVE_LENGTH_MEASURE(2.E-2),#28);
#11424=PRESENTATION_STYLE_ASSIGNMENT((#11423));
#11425=STYLED_ITEM('',(#11424),#11422);
#11426=CARTESIAN_POINT('',(2.E0,2.E-1,-1.55E0));
#11427=CARTESIAN_POINT('',(2.E0,2.E-1,-1.4E0));
#11428=VERTEX_POINT('',#11426);
#11429=VERTEX_POINT('',#11427);
#11430=CARTESIAN_POINT('',(2.E0,1.E-1,-1.4E0));
#11431=CARTESIAN_POINT('',(2.E0,1.E-1,-1.55E0));
#11432=VERTEX_POINT('',#11430);
#11433=VERTEX_POINT('',#11431);
#11434=CARTESIAN_POINT('',(1.99E0,2.E-1,-1.4E0));
#11435=CARTESIAN_POINT('',(1.99E0,2.E-1,-1.55E0));
#11436=VERTEX_POINT('',#11434);
#11437=VERTEX_POINT('',#11435);
#11438=CARTESIAN_POINT('',(1.99E0,1.E-1,-1.4E0));
#11439=CARTESIAN_POINT('',(1.99E0,1.E-1,-1.55E0));
#11440=VERTEX_POINT('',#11438);
#11441=VERTEX_POINT('',#11439);
#11442=CARTESIAN_POINT('',(0.E0,1.E-1,0.E0));
#11443=DIRECTION('',(0.E0,1.E0,0.E0));
#11444=DIRECTION('',(1.E0,0.E0,0.E0));
#11445=AXIS2_PLACEMENT_3D('',#11442,#11443,#11444);
#11446=PLANE('',#11445);
#11448=ORIENTED_EDGE('',*,*,#11447,.F.);
#11450=ORIENTED_EDGE('',*,*,#11449,.T.);
#11452=ORIENTED_EDGE('',*,*,#11451,.T.);
#11454=ORIENTED_EDGE('',*,*,#11453,.T.);
#11455=EDGE_LOOP('',(#11448,#11450,#11452,#11454));
#11456=FACE_OUTER_BOUND('',#11455,.F.);
#11457=ADVANCED_FACE('',(#11456),#11446,.F.);
#11458=CARTESIAN_POINT('',(1.99E0,0.E0,0.E0));
#11459=DIRECTION('',(1.E0,0.E0,0.E0));
#11460=DIRECTION('',(0.E0,0.E0,-1.E0));
#11461=AXIS2_PLACEMENT_3D('',#11458,#11459,#11460);
#11462=PLANE('',#11461);
#11464=ORIENTED_EDGE('',*,*,#11463,.F.);
#11466=ORIENTED_EDGE('',*,*,#11465,.T.);
#11467=ORIENTED_EDGE('',*,*,#11447,.T.);
#11469=ORIENTED_EDGE('',*,*,#11468,.F.);
#11470=EDGE_LOOP('',(#11464,#11466,#11467,#11469));
#11471=FACE_OUTER_BOUND('',#11470,.F.);
#11472=ADVANCED_FACE('',(#11471),#11462,.F.);
#11473=CARTESIAN_POINT('',(0.E0,2.E-1,0.E0));
#11474=DIRECTION('',(0.E0,1.E0,0.E0));
#11475=DIRECTION('',(1.E0,0.E0,0.E0));
#11476=AXIS2_PLACEMENT_3D('',#11473,#11474,#11475);
#11477=PLANE('',#11476);
#11478=ORIENTED_EDGE('',*,*,#11463,.T.);
#11480=ORIENTED_EDGE('',*,*,#11479,.F.);
#11482=ORIENTED_EDGE('',*,*,#11481,.T.);
#11484=ORIENTED_EDGE('',*,*,#11483,.F.);
#11485=EDGE_LOOP('',(#11478,#11480,#11482,#11484));
#11486=FACE_OUTER_BOUND('',#11485,.F.);
#11487=ADVANCED_FACE('',(#11486),#11477,.T.);
#11488=CARTESIAN_POINT('',(2.05E0,2.E-1,-1.55E0));
#11489=DIRECTION('',(0.E0,0.E0,1.E0));
#11490=DIRECTION('',(-1.E0,0.E0,0.E0));
#11491=AXIS2_PLACEMENT_3D('',#11488,#11489,#11490);
#11492=PLANE('',#11491);
#11493=ORIENTED_EDGE('',*,*,#11468,.T.);
#11494=ORIENTED_EDGE('',*,*,#11453,.F.);
#11496=ORIENTED_EDGE('',*,*,#11495,.F.);
#11497=ORIENTED_EDGE('',*,*,#11479,.T.);
#11498=EDGE_LOOP('',(#11493,#11494,#11496,#11497));
#11499=FACE_OUTER_BOUND('',#11498,.F.);
#11500=ADVANCED_FACE('',(#11499),#11492,.F.);
#11501=CARTESIAN_POINT('',(2.E0,2.E-1,-2.E0));
#11502=DIRECTION('',(-1.E0,0.E0,0.E0));
#11503=DIRECTION('',(0.E0,0.E0,1.E0));
#11504=AXIS2_PLACEMENT_3D('',#11501,#11502,#11503);
#11505=PLANE('',#11504);
#11506=ORIENTED_EDGE('',*,*,#11495,.T.);
#11507=ORIENTED_EDGE('',*,*,#11451,.F.);
#11509=ORIENTED_EDGE('',*,*,#11508,.F.);
#11510=ORIENTED_EDGE('',*,*,#11481,.F.);
#11511=EDGE_LOOP('',(#11506,#11507,#11509,#11510));
#11512=FACE_OUTER_BOUND('',#11511,.F.);
#11513=ADVANCED_FACE('',(#11512),#11505,.F.);
#11514=CARTESIAN_POINT('',(1.506066017178E0,2.E-1,-1.4E0));
#11515=DIRECTION('',(0.E0,0.E0,-1.E0));
#11516=DIRECTION('',(1.E0,0.E0,0.E0));
#11517=AXIS2_PLACEMENT_3D('',#11514,#11515,#11516);
#11518=PLANE('',#11517);
#11519=ORIENTED_EDGE('',*,*,#11465,.F.);
#11520=ORIENTED_EDGE('',*,*,#11483,.T.);
#11521=ORIENTED_EDGE('',*,*,#11508,.T.);
#11522=ORIENTED_EDGE('',*,*,#11449,.F.);
#11523=EDGE_LOOP('',(#11519,#11520,#11521,#11522));
#11524=FACE_OUTER_BOUND('',#11523,.F.);
#11525=ADVANCED_FACE('',(#11524),#11518,.F.);
#11526=CLOSED_SHELL('',(#11457,#11472,#11487,#11500,#11513,#11525));
#11527=MANIFOLD_SOLID_BREP('',#11526);
#11528=FILL_AREA_STYLE_COLOUR('',#28);
#11529=FILL_AREA_STYLE('',(#11528));
#11530=SURFACE_STYLE_FILL_AREA(#11529);
#11531=SURFACE_SIDE_STYLE('',(#11530));
#11532=SURFACE_STYLE_USAGE(.POSITIVE.,#11531);
#11533=PRESENTATION_STYLE_ASSIGNMENT((#11532));
#11341=STYLED_ITEM('',(#11533),#11527);
#11535=DIRECTION('',(0.E0,0.E0,1.E0));
#11536=VECTOR('',#11535,1.5E-1);
#11537=CARTESIAN_POINT('',(1.99E0,1.E-1,1.4E0));
#11538=LINE('',#11537,#11536);
#11539=CURVE_STYLE('',#47,POSITIVE_LENGTH_MEASURE(2.E-2),#28);
#11540=PRESENTATION_STYLE_ASSIGNMENT((#11539));
#11541=STYLED_ITEM('',(#11540),#11538);
#11542=DIRECTION('',(-1.E0,0.E0,0.E0));
#11543=VECTOR('',#11542,1.E-2);
#11544=CARTESIAN_POINT('',(2.E0,1.E-1,1.55E0));
#11545=LINE('',#11544,#11543);
#11546=CURVE_STYLE('',#47,POSITIVE_LENGTH_MEASURE(2.E-2),#28);
#11547=PRESENTATION_STYLE_ASSIGNMENT((#11546));
#11548=STYLED_ITEM('',(#11547),#11545);
#11549=DIRECTION('',(0.E0,0.E0,1.E0));
#11550=VECTOR('',#11549,1.5E-1);
#11551=CARTESIAN_POINT('',(2.E0,1.E-1,1.4E0));
#11552=LINE('',#11551,#11550);
#11553=CURVE_STYLE('',#47,POSITIVE_LENGTH_MEASURE(2.E-2),#28);
#11554=PRESENTATION_STYLE_ASSIGNMENT((#11553));
#11555=STYLED_ITEM('',(#11554),#11552);
#11556=DIRECTION('',(1.E0,0.E0,0.E0));
#11557=VECTOR('',#11556,1.E-2);
#11558=CARTESIAN_POINT('',(1.99E0,1.E-1,1.4E0));
#11559=LINE('',#11558,#11557);
#11560=CURVE_STYLE('',#47,POSITIVE_LENGTH_MEASURE(2.E-2),#28);
#11561=PRESENTATION_STYLE_ASSIGNMENT((#11560));
#11562=STYLED_ITEM('',(#11561),#11559);
#11563=DIRECTION('',(0.E0,0.E0,-1.E0));
#11564=VECTOR('',#11563,1.5E-1);
#11565=CARTESIAN_POINT('',(1.99E0,2.E-1,1.55E0));
#11566=LINE('',#11565,#11564);
#11567=CURVE_STYLE('',#47,POSITIVE_LENGTH_MEASURE(2.E-2),#28);
#11568=PRESENTATION_STYLE_ASSIGNMENT((#11567));
#11569=STYLED_ITEM('',(#11568),#11566);
#11570=DIRECTION('',(1.E0,0.E0,0.E0));
#11571=VECTOR('',#11570,1.E-2);
#11572=CARTESIAN_POINT('',(1.99E0,2.E-1,1.4E0));
#11573=LINE('',#11572,#11571);
#11574=CURVE_STYLE('',#47,POSITIVE_LENGTH_MEASURE(2.E-2),#28);
#11575=PRESENTATION_STYLE_ASSIGNMENT((#11574));
#11576=STYLED_ITEM('',(#11575),#11573);
#11577=DIRECTION('',(0.E0,0.E0,1.E0));
#11578=VECTOR('',#11577,1.5E-1);
#11579=CARTESIAN_POINT('',(2.E0,2.E-1,1.4E0));
#11580=LINE('',#11579,#11578);
#11581=CURVE_STYLE('',#47,POSITIVE_LENGTH_MEASURE(2.E-2),#28);
#11582=PRESENTATION_STYLE_ASSIGNMENT((#11581));
#11583=STYLED_ITEM('',(#11582),#11580);
#11584=DIRECTION('',(0.E0,-1.E0,0.E0));
#11585=VECTOR('',#11584,1.E-1);
#11586=CARTESIAN_POINT('',(1.99E0,2.E-1,1.4E0));
#11587=LINE('',#11586,#11585);
#11588=CURVE_STYLE('',#47,POSITIVE_LENGTH_MEASURE(2.E-2),#28);
#11589=PRESENTATION_STYLE_ASSIGNMENT((#11588));
#11590=STYLED_ITEM('',(#11589),#11587);
#11591=DIRECTION('',(0.E0,-1.E0,0.E0));
#11592=VECTOR('',#11591,1.E-1);
#11593=CARTESIAN_POINT('',(2.E0,2.E-1,1.4E0));
#11594=LINE('',#11593,#11592);
#11595=CURVE_STYLE('',#47,POSITIVE_LENGTH_MEASURE(2.E-2),#28);
#11596=PRESENTATION_STYLE_ASSIGNMENT((#11595));
#11597=STYLED_ITEM('',(#11596),#11594);
#11598=DIRECTION('',(0.E0,-1.E0,0.E0));
#11599=VECTOR('',#11598,1.E-1);
#11600=CARTESIAN_POINT('',(1.99E0,2.E-1,1.55E0));
#11601=LINE('',#11600,#11599);
#11602=CURVE_STYLE('',#47,POSITIVE_LENGTH_MEASURE(2.E-2),#28);
#11603=PRESENTATION_STYLE_ASSIGNMENT((#11602));
#11604=STYLED_ITEM('',(#11603),#11601);
#11605=DIRECTION('',(1.E0,0.E0,0.E0));
#11606=VECTOR('',#11605,1.E-2);
#11607=CARTESIAN_POINT('',(1.99E0,2.E-1,1.55E0));
#11608=LINE('',#11607,#11606);
#11609=CURVE_STYLE('',#47,POSITIVE_LENGTH_MEASURE(2.E-2),#28);
#11610=PRESENTATION_STYLE_ASSIGNMENT((#11609));
#11611=STYLED_ITEM('',(#11610),#11608);
#11612=DIRECTION('',(0.E0,-1.E0,0.E0));
#11613=VECTOR('',#11612,1.E-1);
#11614=CARTESIAN_POINT('',(2.E0,2.E-1,1.55E0));
#11615=LINE('',#11614,#11613);
#11616=CURVE_STYLE('',#47,POSITIVE_LENGTH_MEASURE(2.E-2),#28);
#11617=PRESENTATION_STYLE_ASSIGNMENT((#11616));
#11618=STYLED_ITEM('',(#11617),#11615);
#11619=CARTESIAN_POINT('',(2.E0,2.E-1,1.4E0));
#11620=CARTESIAN_POINT('',(2.E0,2.E-1,1.55E0));
#11621=VERTEX_POINT('',#11619);
#11622=VERTEX_POINT('',#11620);
#11623=CARTESIAN_POINT('',(2.E0,1.E-1,1.4E0));
#11624=CARTESIAN_POINT('',(2.E0,1.E-1,1.55E0));
#11625=VERTEX_POINT('',#11623);
#11626=VERTEX_POINT('',#11624);
#11627=CARTESIAN_POINT('',(1.99E0,2.E-1,1.55E0));
#11628=CARTESIAN_POINT('',(1.99E0,2.E-1,1.4E0));
#11629=VERTEX_POINT('',#11627);
#11630=VERTEX_POINT('',#11628);
#11631=CARTESIAN_POINT('',(1.99E0,1.E-1,1.4E0));
#11632=CARTESIAN_POINT('',(1.99E0,1.E-1,1.55E0));
#11633=VERTEX_POINT('',#11631);
#11634=VERTEX_POINT('',#11632);
#11635=CARTESIAN_POINT('',(0.E0,1.E-1,0.E0));
#11636=DIRECTION('',(0.E0,-1.E0,0.E0));
#11637=DIRECTION('',(1.E0,0.E0,0.E0));
#11638=AXIS2_PLACEMENT_3D('',#11635,#11636,#11637);
#11639=PLANE('',#11638);
#11641=ORIENTED_EDGE('',*,*,#11640,.T.);
#11643=ORIENTED_EDGE('',*,*,#11642,.F.);
#11645=ORIENTED_EDGE('',*,*,#11644,.F.);
#11647=ORIENTED_EDGE('',*,*,#11646,.F.);
#11648=EDGE_LOOP('',(#11641,#11643,#11645,#11647));
#11649=FACE_OUTER_BOUND('',#11648,.F.);
#11650=ADVANCED_FACE('',(#11649),#11639,.T.);
#11651=CARTESIAN_POINT('',(1.99E0,0.E0,0.E0));
#11652=DIRECTION('',(1.E0,0.E0,0.E0));
#11653=DIRECTION('',(0.E0,0.E0,-1.E0));
#11654=AXIS2_PLACEMENT_3D('',#11651,#11652,#11653);
#11655=PLANE('',#11654);
#11657=ORIENTED_EDGE('',*,*,#11656,.F.);
#11659=ORIENTED_EDGE('',*,*,#11658,.T.);
#11660=ORIENTED_EDGE('',*,*,#11640,.F.);
#11662=ORIENTED_EDGE('',*,*,#11661,.F.);
#11663=EDGE_LOOP('',(#11657,#11659,#11660,#11662));
#11664=FACE_OUTER_BOUND('',#11663,.F.);
#11665=ADVANCED_FACE('',(#11664),#11655,.F.);
#11666=CARTESIAN_POINT('',(0.E0,2.E-1,0.E0));
#11667=DIRECTION('',(0.E0,1.E0,0.E0));
#11668=DIRECTION('',(1.E0,0.E0,0.E0));
#11669=AXIS2_PLACEMENT_3D('',#11666,#11667,#11668);
#11670=PLANE('',#11669);
#11671=ORIENTED_EDGE('',*,*,#11656,.T.);
#11673=ORIENTED_EDGE('',*,*,#11672,.T.);
#11675=ORIENTED_EDGE('',*,*,#11674,.T.);
#11677=ORIENTED_EDGE('',*,*,#11676,.F.);
#11678=EDGE_LOOP('',(#11671,#11673,#11675,#11677));
#11679=FACE_OUTER_BOUND('',#11678,.F.);
#11680=ADVANCED_FACE('',(#11679),#11670,.T.);
#11681=CARTESIAN_POINT('',(1.506066017178E0,2.E-1,1.4E0));
#11682=DIRECTION('',(0.E0,0.E0,-1.E0));
#11683=DIRECTION('',(1.E0,0.E0,0.E0));
#11684=AXIS2_PLACEMENT_3D('',#11681,#11682,#11683);
#11685=PLANE('',#11684);
#11686=ORIENTED_EDGE('',*,*,#11661,.T.);
#11687=ORIENTED_EDGE('',*,*,#11646,.T.);
#11689=ORIENTED_EDGE('',*,*,#11688,.F.);
#11690=ORIENTED_EDGE('',*,*,#11672,.F.);
#11691=EDGE_LOOP('',(#11686,#11687,#11689,#11690));
#11692=FACE_OUTER_BOUND('',#11691,.F.);
#11693=ADVANCED_FACE('',(#11692),#11685,.T.);
#11694=CARTESIAN_POINT('',(2.E0,2.E-1,-2.E0));
#11695=DIRECTION('',(-1.E0,0.E0,0.E0));
#11696=DIRECTION('',(0.E0,0.E0,1.E0));
#11697=AXIS2_PLACEMENT_3D('',#11694,#11695,#11696);
#11698=PLANE('',#11697);
#11699=ORIENTED_EDGE('',*,*,#11688,.T.);
#11700=ORIENTED_EDGE('',*,*,#11644,.T.);
#11702=ORIENTED_EDGE('',*,*,#11701,.F.);
#11703=ORIENTED_EDGE('',*,*,#11674,.F.);
#11704=EDGE_LOOP('',(#11699,#11700,#11702,#11703));
#11705=FACE_OUTER_BOUND('',#11704,.F.);
#11706=ADVANCED_FACE('',(#11705),#11698,.F.);
#11707=CARTESIAN_POINT('',(2.05E0,2.E-1,1.55E0));
#11708=DIRECTION('',(0.E0,0.E0,1.E0));
#11709=DIRECTION('',(-1.E0,0.E0,0.E0));
#11710=AXIS2_PLACEMENT_3D('',#11707,#11708,#11709);
#11711=PLANE('',#11710);
#11712=ORIENTED_EDGE('',*,*,#11658,.F.);
#11713=ORIENTED_EDGE('',*,*,#11676,.T.);
#11714=ORIENTED_EDGE('',*,*,#11701,.T.);
#11715=ORIENTED_EDGE('',*,*,#11642,.T.);
#11716=EDGE_LOOP('',(#11712,#11713,#11714,#11715));
#11717=FACE_OUTER_BOUND('',#11716,.F.);
#11718=ADVANCED_FACE('',(#11717),#11711,.T.);
#11719=CLOSED_SHELL('',(#11650,#11665,#11680,#11693,#11706,#11718));
#11720=MANIFOLD_SOLID_BREP('',#11719);
#11721=FILL_AREA_STYLE_COLOUR('',#28);
#11722=FILL_AREA_STYLE('',(#11721));
#11723=SURFACE_STYLE_FILL_AREA(#11722);
#11724=SURFACE_SIDE_STYLE('',(#11723));
#11725=SURFACE_STYLE_USAGE(.POSITIVE.,#11724);
#11726=PRESENTATION_STYLE_ASSIGNMENT((#11725));
#11534=STYLED_ITEM('',(#11726),#11720);
#11728=DIRECTION('',(1.E0,0.E0,0.E0));
#11729=VECTOR('',#11728,1.5E-1);
#11730=CARTESIAN_POINT('',(1.4E0,1.E-1,1.981526119019E0));
#11731=LINE('',#11730,#11729);
#11732=CURVE_STYLE('',#47,POSITIVE_LENGTH_MEASURE(2.E-2),#28);
#11733=PRESENTATION_STYLE_ASSIGNMENT((#11732));
#11734=STYLED_ITEM('',(#11733),#11731);
#11735=DIRECTION('',(-1.201938050578E-14,0.E0,-1.E0));
#11736=VECTOR('',#11735,1.847388098066E-2);
#11737=CARTESIAN_POINT('',(1.4E0,1.E-1,2.E0));
#11738=LINE('',#11737,#11736);
#11739=CURVE_STYLE('',#47,POSITIVE_LENGTH_MEASURE(2.E-2),#28);
#11740=PRESENTATION_STYLE_ASSIGNMENT((#11739));
#11741=STYLED_ITEM('',(#11740),#11738);
#11742=DIRECTION('',(1.E0,0.E0,0.E0));
#11743=VECTOR('',#11742,1.5E-1);
#11744=CARTESIAN_POINT('',(1.4E0,1.E-1,2.E0));
#11745=LINE('',#11744,#11743);
#11746=CURVE_STYLE('',#47,POSITIVE_LENGTH_MEASURE(2.E-2),#28);
#11747=PRESENTATION_STYLE_ASSIGNMENT((#11746));
#11748=STYLED_ITEM('',(#11747),#11745);
#11749=DIRECTION('',(0.E0,0.E0,1.E0));
#11750=VECTOR('',#11749,1.847388098066E-2);
#11751=CARTESIAN_POINT('',(1.55E0,1.E-1,1.981526119019E0));
#11752=LINE('',#11751,#11750);
#11753=CURVE_STYLE('',#47,POSITIVE_LENGTH_MEASURE(2.E-2),#28);
#11754=PRESENTATION_STYLE_ASSIGNMENT((#11753));
#11755=STYLED_ITEM('',(#11754),#11752);
#11756=DIRECTION('',(1.E0,0.E0,0.E0));
#11757=VECTOR('',#11756,1.5E-1);
#11758=CARTESIAN_POINT('',(1.4E0,2.E-1,1.981526119019E0));
#11759=LINE('',#11758,#11757);
#11760=CURVE_STYLE('',#47,POSITIVE_LENGTH_MEASURE(2.E-2),#28);
#11761=PRESENTATION_STYLE_ASSIGNMENT((#11760));
#11762=STYLED_ITEM('',(#11761),#11759);
#11763=DIRECTION('',(-1.E0,0.E0,0.E0));
#11764=VECTOR('',#11763,1.5E-1);
#11765=CARTESIAN_POINT('',(1.55E0,2.E-1,2.E0));
#11766=LINE('',#11765,#11764);
#11767=CURVE_STYLE('',#47,POSITIVE_LENGTH_MEASURE(2.E-2),#28);
#11768=PRESENTATION_STYLE_ASSIGNMENT((#11767));
#11769=STYLED_ITEM('',(#11768),#11766);
#11770=DIRECTION('',(-1.201938050578E-14,0.E0,-1.E0));
#11771=VECTOR('',#11770,1.847388098066E-2);
#11772=CARTESIAN_POINT('',(1.4E0,2.E-1,2.E0));
#11773=LINE('',#11772,#11771);
#11774=CURVE_STYLE('',#47,POSITIVE_LENGTH_MEASURE(2.E-2),#28);
#11775=PRESENTATION_STYLE_ASSIGNMENT((#11774));
#11776=STYLED_ITEM('',(#11775),#11773);
#11777=DIRECTION('',(0.E0,-1.E0,0.E0));
#11778=VECTOR('',#11777,1.E-1);
#11779=CARTESIAN_POINT('',(1.55E0,2.E-1,1.981526119019E0));
#11780=LINE('',#11779,#11778);
#11781=CURVE_STYLE('',#47,POSITIVE_LENGTH_MEASURE(2.E-2),#28);
#11782=PRESENTATION_STYLE_ASSIGNMENT((#11781));
#11783=STYLED_ITEM('',(#11782),#11780);
#11784=DIRECTION('',(0.E0,-1.E0,0.E0));
#11785=VECTOR('',#11784,1.E-1);
#11786=CARTESIAN_POINT('',(1.55E0,2.E-1,2.E0));
#11787=LINE('',#11786,#11785);
#11788=CURVE_STYLE('',#47,POSITIVE_LENGTH_MEASURE(2.E-2),#28);
#11789=PRESENTATION_STYLE_ASSIGNMENT((#11788));
#11790=STYLED_ITEM('',(#11789),#11787);
#11791=DIRECTION('',(0.E0,0.E0,-1.E0));
#11792=VECTOR('',#11791,1.847388098066E-2);
#11793=CARTESIAN_POINT('',(1.55E0,2.E-1,2.E0));
#11794=LINE('',#11793,#11792);
#11795=CURVE_STYLE('',#47,POSITIVE_LENGTH_MEASURE(2.E-2),#28);
#11796=PRESENTATION_STYLE_ASSIGNMENT((#11795));
#11797=STYLED_ITEM('',(#11796),#11794);
#11798=DIRECTION('',(0.E0,-1.E0,0.E0));
#11799=VECTOR('',#11798,1.E-1);
#11800=CARTESIAN_POINT('',(1.4E0,2.E-1,1.981526119019E0));
#11801=LINE('',#11800,#11799);
#11802=CURVE_STYLE('',#47,POSITIVE_LENGTH_MEASURE(2.E-2),#28);
#11803=PRESENTATION_STYLE_ASSIGNMENT((#11802));
#11804=STYLED_ITEM('',(#11803),#11801);
#11805=DIRECTION('',(0.E0,-1.E0,0.E0));
#11806=VECTOR('',#11805,1.E-1);
#11807=CARTESIAN_POINT('',(1.4E0,2.E-1,2.E0));
#11808=LINE('',#11807,#11806);
#11809=CURVE_STYLE('',#47,POSITIVE_LENGTH_MEASURE(2.E-2),#28);
#11810=PRESENTATION_STYLE_ASSIGNMENT((#11809));
#11811=STYLED_ITEM('',(#11810),#11808);
#11812=CARTESIAN_POINT('',(1.55E0,2.E-1,2.E0));
#11813=CARTESIAN_POINT('',(1.4E0,2.E-1,2.E0));
#11814=VERTEX_POINT('',#11812);
#11815=VERTEX_POINT('',#11813);
#11816=CARTESIAN_POINT('',(1.4E0,1.E-1,2.E0));
#11817=CARTESIAN_POINT('',(1.55E0,1.E-1,2.E0));
#11818=VERTEX_POINT('',#11816);
#11819=VERTEX_POINT('',#11817);
#11820=CARTESIAN_POINT('',(1.4E0,2.E-1,1.981526119019E0));
#11821=CARTESIAN_POINT('',(1.55E0,2.E-1,1.981526119019E0));
#11822=VERTEX_POINT('',#11820);
#11823=VERTEX_POINT('',#11821);
#11824=CARTESIAN_POINT('',(1.4E0,1.E-1,1.981526119019E0));
#11825=CARTESIAN_POINT('',(1.55E0,1.E-1,1.981526119019E0));
#11826=VERTEX_POINT('',#11824);
#11827=VERTEX_POINT('',#11825);
#11828=CARTESIAN_POINT('',(0.E0,1.E-1,0.E0));
#11829=DIRECTION('',(0.E0,-1.E0,0.E0));
#11830=DIRECTION('',(1.E0,0.E0,0.E0));
#11831=AXIS2_PLACEMENT_3D('',#11828,#11829,#11830);
#11832=PLANE('',#11831);
#11834=ORIENTED_EDGE('',*,*,#11833,.F.);
#11836=ORIENTED_EDGE('',*,*,#11835,.F.);
#11838=ORIENTED_EDGE('',*,*,#11837,.T.);
#11840=ORIENTED_EDGE('',*,*,#11839,.F.);
#11841=EDGE_LOOP('',(#11834,#11836,#11838,#11840));
#11842=FACE_OUTER_BOUND('',#11841,.F.);
#11843=ADVANCED_FACE('',(#11842),#11832,.T.);
#11844=CARTESIAN_POINT('',(-1.99E0,2.345462236214E-1,1.981526119019E0));
#11845=DIRECTION('',(0.E0,0.E0,1.E0));
#11846=DIRECTION('',(0.E0,-1.E0,0.E0));
#11847=AXIS2_PLACEMENT_3D('',#11844,#11845,#11846);
#11848=PLANE('',#11847);
#11850=ORIENTED_EDGE('',*,*,#11849,.F.);
#11852=ORIENTED_EDGE('',*,*,#11851,.T.);
#11853=ORIENTED_EDGE('',*,*,#11833,.T.);
#11855=ORIENTED_EDGE('',*,*,#11854,.F.);
#11856=EDGE_LOOP('',(#11850,#11852,#11853,#11855));
#11857=FACE_OUTER_BOUND('',#11856,.F.);
#11858=ADVANCED_FACE('',(#11857),#11848,.F.);
#11859=CARTESIAN_POINT('',(0.E0,2.E-1,0.E0));
#11860=DIRECTION('',(0.E0,1.E0,0.E0));
#11861=DIRECTION('',(1.E0,0.E0,0.E0));
#11862=AXIS2_PLACEMENT_3D('',#11859,#11860,#11861);
#11863=PLANE('',#11862);
#11864=ORIENTED_EDGE('',*,*,#11849,.T.);
#11866=ORIENTED_EDGE('',*,*,#11865,.F.);
#11868=ORIENTED_EDGE('',*,*,#11867,.T.);
#11870=ORIENTED_EDGE('',*,*,#11869,.T.);
#11871=EDGE_LOOP('',(#11864,#11866,#11868,#11870));
#11872=FACE_OUTER_BOUND('',#11871,.F.);
#11873=ADVANCED_FACE('',(#11872),#11863,.T.);
#11874=CARTESIAN_POINT('',(1.55E0,2.E-1,1.55E0));
#11875=DIRECTION('',(1.E0,0.E0,0.E0));
#11876=DIRECTION('',(0.E0,0.E0,1.E0));
#11877=AXIS2_PLACEMENT_3D('',#11874,#11875,#11876);
#11878=PLANE('',#11877);
#11879=ORIENTED_EDGE('',*,*,#11854,.T.);
#11880=ORIENTED_EDGE('',*,*,#11839,.T.);
#11882=ORIENTED_EDGE('',*,*,#11881,.F.);
#11883=ORIENTED_EDGE('',*,*,#11865,.T.);
#11884=EDGE_LOOP('',(#11879,#11880,#11882,#11883));
#11885=FACE_OUTER_BOUND('',#11884,.F.);
#11886=ADVANCED_FACE('',(#11885),#11878,.T.);
#11887=CARTESIAN_POINT('',(2.E0,2.E-1,2.E0));
#11888=DIRECTION('',(0.E0,0.E0,-1.E0));
#11889=DIRECTION('',(-1.E0,0.E0,0.E0));
#11890=AXIS2_PLACEMENT_3D('',#11887,#11888,#11889);
#11891=PLANE('',#11890);
#11892=ORIENTED_EDGE('',*,*,#11881,.T.);
#11893=ORIENTED_EDGE('',*,*,#11837,.F.);
#11895=ORIENTED_EDGE('',*,*,#11894,.F.);
#11896=ORIENTED_EDGE('',*,*,#11867,.F.);
#11897=EDGE_LOOP('',(#11892,#11893,#11895,#11896));
#11898=FACE_OUTER_BOUND('',#11897,.F.);
#11899=ADVANCED_FACE('',(#11898),#11891,.F.);
#11900=CARTESIAN_POINT('',(1.4E0,2.E-1,2.05E0));
#11901=DIRECTION('',(-1.E0,0.E0,0.E0));
#11902=DIRECTION('',(0.E0,0.E0,-1.E0));
#11903=AXIS2_PLACEMENT_3D('',#11900,#11901,#11902);
#11904=PLANE('',#11903);
#11905=ORIENTED_EDGE('',*,*,#11851,.F.);
#11906=ORIENTED_EDGE('',*,*,#11869,.F.);
#11907=ORIENTED_EDGE('',*,*,#11894,.T.);
#11908=ORIENTED_EDGE('',*,*,#11835,.T.);
#11909=EDGE_LOOP('',(#11905,#11906,#11907,#11908));
#11910=FACE_OUTER_BOUND('',#11909,.F.);
#11911=ADVANCED_FACE('',(#11910),#11904,.T.);
#11912=CLOSED_SHELL('',(#11843,#11858,#11873,#11886,#11899,#11911));
#11913=MANIFOLD_SOLID_BREP('',#11912);
#11914=FILL_AREA_STYLE_COLOUR('',#28);
#11915=FILL_AREA_STYLE('',(#11914));
#11916=SURFACE_STYLE_FILL_AREA(#11915);
#11917=SURFACE_SIDE_STYLE('',(#11916));
#11918=SURFACE_STYLE_USAGE(.POSITIVE.,#11917);
#11919=PRESENTATION_STYLE_ASSIGNMENT((#11918));
#11727=STYLED_ITEM('',(#11919),#11913);
#11921=DIRECTION('',(-1.E0,0.E0,0.E0));
#11922=VECTOR('',#11921,1.5E-1);
#11923=CARTESIAN_POINT('',(-1.4E0,1.E-1,1.981526119019E0));
#11924=LINE('',#11923,#11922);
#11925=CURVE_STYLE('',#47,POSITIVE_LENGTH_MEASURE(2.E-2),#28);
#11926=PRESENTATION_STYLE_ASSIGNMENT((#11925));
#11927=STYLED_ITEM('',(#11926),#11924);
#11928=DIRECTION('',(0.E0,0.E0,1.E0));
#11929=VECTOR('',#11928,1.847388098066E-2);
#11930=CARTESIAN_POINT('',(-1.55E0,1.E-1,1.981526119019E0));
#11931=LINE('',#11930,#11929);
#11932=CURVE_STYLE('',#47,POSITIVE_LENGTH_MEASURE(2.E-2),#28);
#11933=PRESENTATION_STYLE_ASSIGNMENT((#11932));
#11934=STYLED_ITEM('',(#11933),#11931);
#11935=DIRECTION('',(-1.E0,0.E0,0.E0));
#11936=VECTOR('',#11935,1.5E-1);
#11937=CARTESIAN_POINT('',(-1.4E0,1.E-1,2.E0));
#11938=LINE('',#11937,#11936);
#11939=CURVE_STYLE('',#47,POSITIVE_LENGTH_MEASURE(2.E-2),#28);
#11940=PRESENTATION_STYLE_ASSIGNMENT((#11939));
#11941=STYLED_ITEM('',(#11940),#11938);
#11942=DIRECTION('',(0.E0,0.E0,-1.E0));
#11943=VECTOR('',#11942,1.847388098066E-2);
#11944=CARTESIAN_POINT('',(-1.4E0,1.E-1,2.E0));
#11945=LINE('',#11944,#11943);
#11946=CURVE_STYLE('',#47,POSITIVE_LENGTH_MEASURE(2.E-2),#28);
#11947=PRESENTATION_STYLE_ASSIGNMENT((#11946));
#11948=STYLED_ITEM('',(#11947),#11945);
#11949=DIRECTION('',(1.E0,0.E0,0.E0));
#11950=VECTOR('',#11949,1.5E-1);
#11951=CARTESIAN_POINT('',(-1.55E0,2.E-1,1.981526119019E0));
#11952=LINE('',#11951,#11950);
#11953=CURVE_STYLE('',#47,POSITIVE_LENGTH_MEASURE(2.E-2),#28);
#11954=PRESENTATION_STYLE_ASSIGNMENT((#11953));
#11955=STYLED_ITEM('',(#11954),#11952);
#11956=DIRECTION('',(0.E0,0.E0,-1.E0));
#11957=VECTOR('',#11956,1.847388098066E-2);
#11958=CARTESIAN_POINT('',(-1.4E0,2.E-1,2.E0));
#11959=LINE('',#11958,#11957);
#11960=CURVE_STYLE('',#47,POSITIVE_LENGTH_MEASURE(2.E-2),#28);
#11961=PRESENTATION_STYLE_ASSIGNMENT((#11960));
#11962=STYLED_ITEM('',(#11961),#11959);
#11963=DIRECTION('',(-1.E0,0.E0,0.E0));
#11964=VECTOR('',#11963,1.5E-1);
#11965=CARTESIAN_POINT('',(-1.4E0,2.E-1,2.E0));
#11966=LINE('',#11965,#11964);
#11967=CURVE_STYLE('',#47,POSITIVE_LENGTH_MEASURE(2.E-2),#28);
#11968=PRESENTATION_STYLE_ASSIGNMENT((#11967));
#11969=STYLED_ITEM('',(#11968),#11966);
#11970=DIRECTION('',(0.E0,-1.E0,0.E0));
#11971=VECTOR('',#11970,1.E-1);
#11972=CARTESIAN_POINT('',(-1.4E0,2.E-1,1.981526119019E0));
#11973=LINE('',#11972,#11971);
#11974=CURVE_STYLE('',#47,POSITIVE_LENGTH_MEASURE(2.E-2),#28);
#11975=PRESENTATION_STYLE_ASSIGNMENT((#11974));
#11976=STYLED_ITEM('',(#11975),#11973);
#11977=DIRECTION('',(0.E0,-1.E0,0.E0));
#11978=VECTOR('',#11977,1.E-1);
#11979=CARTESIAN_POINT('',(-1.4E0,2.E-1,2.E0));
#11980=LINE('',#11979,#11978);
#11981=CURVE_STYLE('',#47,POSITIVE_LENGTH_MEASURE(2.E-2),#28);
#11982=PRESENTATION_STYLE_ASSIGNMENT((#11981));
#11983=STYLED_ITEM('',(#11982),#11980);
#11984=DIRECTION('',(0.E0,-1.E0,0.E0));
#11985=VECTOR('',#11984,1.E-1);
#11986=CARTESIAN_POINT('',(-1.55E0,2.E-1,1.981526119019E0));
#11987=LINE('',#11986,#11985);
#11988=CURVE_STYLE('',#47,POSITIVE_LENGTH_MEASURE(2.E-2),#28);
#11989=PRESENTATION_STYLE_ASSIGNMENT((#11988));
#11990=STYLED_ITEM('',(#11989),#11987);
#11991=DIRECTION('',(0.E0,0.E0,1.E0));
#11992=VECTOR('',#11991,1.847388098066E-2);
#11993=CARTESIAN_POINT('',(-1.55E0,2.E-1,1.981526119019E0));
#11994=LINE('',#11993,#11992);
#11995=CURVE_STYLE('',#47,POSITIVE_LENGTH_MEASURE(2.E-2),#28);
#11996=PRESENTATION_STYLE_ASSIGNMENT((#11995));
#11997=STYLED_ITEM('',(#11996),#11994);
#11998=DIRECTION('',(0.E0,-1.E0,0.E0));
#11999=VECTOR('',#11998,1.E-1);
#12000=CARTESIAN_POINT('',(-1.55E0,2.E-1,2.E0));
#12001=LINE('',#12000,#11999);
#12002=CURVE_STYLE('',#47,POSITIVE_LENGTH_MEASURE(2.E-2),#28);
#12003=PRESENTATION_STYLE_ASSIGNMENT((#12002));
#12004=STYLED_ITEM('',(#12003),#12001);
#12005=CARTESIAN_POINT('',(-1.4E0,2.E-1,2.E0));
#12006=CARTESIAN_POINT('',(-1.55E0,2.E-1,2.E0));
#12007=VERTEX_POINT('',#12005);
#12008=VERTEX_POINT('',#12006);
#12009=CARTESIAN_POINT('',(-1.4E0,1.E-1,2.E0));
#12010=CARTESIAN_POINT('',(-1.55E0,1.E-1,2.E0));
#12011=VERTEX_POINT('',#12009);
#12012=VERTEX_POINT('',#12010);
#12013=CARTESIAN_POINT('',(-1.55E0,2.E-1,1.981526119019E0));
#12014=CARTESIAN_POINT('',(-1.4E0,2.E-1,1.981526119019E0));
#12015=VERTEX_POINT('',#12013);
#12016=VERTEX_POINT('',#12014);
#12017=CARTESIAN_POINT('',(-1.4E0,1.E-1,1.981526119019E0));
#12018=CARTESIAN_POINT('',(-1.55E0,1.E-1,1.981526119019E0));
#12019=VERTEX_POINT('',#12017);
#12020=VERTEX_POINT('',#12018);
#12021=CARTESIAN_POINT('',(0.E0,1.E-1,0.E0));
#12022=DIRECTION('',(0.E0,1.E0,0.E0));
#12023=DIRECTION('',(-1.E0,0.E0,0.E0));
#12024=AXIS2_PLACEMENT_3D('',#12021,#12022,#12023);
#12025=PLANE('',#12024);
#12027=ORIENTED_EDGE('',*,*,#12026,.T.);
#12029=ORIENTED_EDGE('',*,*,#12028,.T.);
#12031=ORIENTED_EDGE('',*,*,#12030,.F.);
#12033=ORIENTED_EDGE('',*,*,#12032,.T.);
#12034=EDGE_LOOP('',(#12027,#12029,#12031,#12033));
#12035=FACE_OUTER_BOUND('',#12034,.F.);
#12036=ADVANCED_FACE('',(#12035),#12025,.F.);
#12037=CARTESIAN_POINT('',(-1.99E0,2.345462236214E-1,1.981526119019E0));
#12038=DIRECTION('',(0.E0,0.E0,1.E0));
#12039=DIRECTION('',(0.E0,-1.E0,0.E0));
#12040=AXIS2_PLACEMENT_3D('',#12037,#12038,#12039);
#12041=PLANE('',#12040);
#12043=ORIENTED_EDGE('',*,*,#12042,.F.);
#12045=ORIENTED_EDGE('',*,*,#12044,.T.);
#12046=ORIENTED_EDGE('',*,*,#12026,.F.);
#12048=ORIENTED_EDGE('',*,*,#12047,.F.);
#12049=EDGE_LOOP('',(#12043,#12045,#12046,#12048));
#12050=FACE_OUTER_BOUND('',#12049,.F.);
#12051=ADVANCED_FACE('',(#12050),#12041,.F.);
#12052=CARTESIAN_POINT('',(0.E0,2.E-1,0.E0));
#12053=DIRECTION('',(0.E0,1.E0,0.E0));
#12054=DIRECTION('',(1.E0,0.E0,0.E0));
#12055=AXIS2_PLACEMENT_3D('',#12052,#12053,#12054);
#12056=PLANE('',#12055);
#12057=ORIENTED_EDGE('',*,*,#12042,.T.);
#12059=ORIENTED_EDGE('',*,*,#12058,.F.);
#12061=ORIENTED_EDGE('',*,*,#12060,.T.);
#12063=ORIENTED_EDGE('',*,*,#12062,.F.);
#12064=EDGE_LOOP('',(#12057,#12059,#12061,#12063));
#12065=FACE_OUTER_BOUND('',#12064,.F.);
#12066=ADVANCED_FACE('',(#12065),#12056,.T.);
#12067=CARTESIAN_POINT('',(-1.4E0,2.E-1,2.05E0));
#12068=DIRECTION('',(-1.E0,0.E0,0.E0));
#12069=DIRECTION('',(0.E0,0.E0,-1.E0));
#12070=AXIS2_PLACEMENT_3D('',#12067,#12068,#12069);
#12071=PLANE('',#12070);
#12072=ORIENTED_EDGE('',*,*,#12047,.T.);
#12073=ORIENTED_EDGE('',*,*,#12032,.F.);
#12075=ORIENTED_EDGE('',*,*,#12074,.F.);
#12076=ORIENTED_EDGE('',*,*,#12058,.T.);
#12077=EDGE_LOOP('',(#12072,#12073,#12075,#12076));
#12078=FACE_OUTER_BOUND('',#12077,.F.);
#12079=ADVANCED_FACE('',(#12078),#12071,.F.);
#12080=CARTESIAN_POINT('',(2.E0,2.E-1,2.E0));
#12081=DIRECTION('',(0.E0,0.E0,-1.E0));
#12082=DIRECTION('',(-1.E0,0.E0,0.E0));
#12083=AXIS2_PLACEMENT_3D('',#12080,#12081,#12082);
#12084=PLANE('',#12083);
#12085=ORIENTED_EDGE('',*,*,#12074,.T.);
#12086=ORIENTED_EDGE('',*,*,#12030,.T.);
#12088=ORIENTED_EDGE('',*,*,#12087,.F.);
#12089=ORIENTED_EDGE('',*,*,#12060,.F.);
#12090=EDGE_LOOP('',(#12085,#12086,#12088,#12089));
#12091=FACE_OUTER_BOUND('',#12090,.F.);
#12092=ADVANCED_FACE('',(#12091),#12084,.F.);
#12093=CARTESIAN_POINT('',(-1.55E0,2.E-1,1.55E0));
#12094=DIRECTION('',(1.E0,0.E0,0.E0));
#12095=DIRECTION('',(0.E0,0.E0,1.E0));
#12096=AXIS2_PLACEMENT_3D('',#12093,#12094,#12095);
#12097=PLANE('',#12096);
#12098=ORIENTED_EDGE('',*,*,#12044,.F.);
#12099=ORIENTED_EDGE('',*,*,#12062,.T.);
#12100=ORIENTED_EDGE('',*,*,#12087,.T.);
#12101=ORIENTED_EDGE('',*,*,#12028,.F.);
#12102=EDGE_LOOP('',(#12098,#12099,#12100,#12101));
#12103=FACE_OUTER_BOUND('',#12102,.F.);
#12104=ADVANCED_FACE('',(#12103),#12097,.F.);
#12105=CLOSED_SHELL('',(#12036,#12051,#12066,#12079,#12092,#12104));
#12106=MANIFOLD_SOLID_BREP('',#12105);
#12107=FILL_AREA_STYLE_COLOUR('',#28);
#12108=FILL_AREA_STYLE('',(#12107));
#12109=SURFACE_STYLE_FILL_AREA(#12108);
#12110=SURFACE_SIDE_STYLE('',(#12109));
#12111=SURFACE_STYLE_USAGE(.POSITIVE.,#12110);
#12112=PRESENTATION_STYLE_ASSIGNMENT((#12111));
#11920=STYLED_ITEM('',(#12112),#12106);
#12114=DIRECTION('',(-1.567284108143E-6,0.E0,9.999999999988E-1));
#12115=VECTOR('',#12114,2.350669214808E0);
#12116=CARTESIAN_POINT('',(1.301480863134E0,1.714623540487E-2,
-1.049192037330E0));
#12117=LINE('',#12116,#12115);
#12118=CURVE_STYLE('',#47,POSITIVE_LENGTH_MEASURE(2.E-2),#28);
#12119=PRESENTATION_STYLE_ASSIGNMENT((#12118));
#12120=STYLED_ITEM('',(#12119),#12117);
#12121=DIRECTION('',(-1.E0,0.E0,5.734766299976E-10));
#12122=VECTOR('',#12121,2.602954356442E0);
#12123=CARTESIAN_POINT('',(1.301477178967E0,1.714623540487E-2,
1.301477177475E0));
#12124=LINE('',#12123,#12122);
#12125=CURVE_STYLE('',#47,POSITIVE_LENGTH_MEASURE(2.E-2),#28);
#12126=PRESENTATION_STYLE_ASSIGNMENT((#12125));
#12127=STYLED_ITEM('',(#12126),#12124);
#12128=CARTESIAN_POINT('',(1.301477178967E0,1.714623540487E-2,
1.301477177475E0));
#12129=CARTESIAN_POINT('',(1.300971612753E0,1.425835396363E-2,
1.300974571264E0));
#12130=CARTESIAN_POINT('',(1.300209839953E0,8.497112371953E-3,
1.300239302767E0));
#12131=CARTESIAN_POINT('',(1.299984324252E0,2.812501899058E-3,1.3E0));
#12132=CARTESIAN_POINT('',(1.3E0,0.E0,1.3E0));
#12134=CURVE_STYLE('',#47,POSITIVE_LENGTH_MEASURE(2.E-2),#28);
#12135=PRESENTATION_STYLE_ASSIGNMENT((#12134));
#12136=STYLED_ITEM('',(#12135),#12133);
#12137=DIRECTION('',(0.E0,0.E0,1.E0));
#12138=VECTOR('',#12137,2.348578643763E0);
#12139=CARTESIAN_POINT('',(1.3E0,0.E0,-1.048578643763E0));
#12140=LINE('',#12139,#12138);
#12141=CURVE_STYLE('',#47,POSITIVE_LENGTH_MEASURE(2.E-2),#28);
#12142=PRESENTATION_STYLE_ASSIGNMENT((#12141));
#12143=STYLED_ITEM('',(#12142),#12140);
#12144=DIRECTION('',(7.071067811865E-1,0.E0,7.071067811865E-1));
#12145=VECTOR('',#12144,3.555634918610E-1);
#12146=CARTESIAN_POINT('',(1.048578643763E0,0.E0,-1.3E0));
#12147=LINE('',#12146,#12145);
#12148=CURVE_STYLE('',#47,POSITIVE_LENGTH_MEASURE(2.E-2),#28);
#12149=PRESENTATION_STYLE_ASSIGNMENT((#12148));
#12150=STYLED_ITEM('',(#12149),#12147);
#12151=DIRECTION('',(1.E0,0.E0,0.E0));
#12152=VECTOR('',#12151,2.348578643763E0);
#12153=CARTESIAN_POINT('',(-1.3E0,0.E0,-1.3E0));
#12154=LINE('',#12153,#12152);
#12155=CURVE_STYLE('',#47,POSITIVE_LENGTH_MEASURE(2.E-2),#28);
#12156=PRESENTATION_STYLE_ASSIGNMENT((#12155));
#12157=STYLED_ITEM('',(#12156),#12154);
#12158=DIRECTION('',(0.E0,0.E0,-1.E0));
#12159=VECTOR('',#12158,2.6E0);
#12160=CARTESIAN_POINT('',(-1.3E0,0.E0,1.3E0));
#12161=LINE('',#12160,#12159);
#12162=CURVE_STYLE('',#47,POSITIVE_LENGTH_MEASURE(2.E-2),#28);
#12163=PRESENTATION_STYLE_ASSIGNMENT((#12162));
#12164=STYLED_ITEM('',(#12163),#12161);
#12165=DIRECTION('',(-1.E0,0.E0,0.E0));
#12166=VECTOR('',#12165,2.6E0);
#12167=CARTESIAN_POINT('',(1.3E0,0.E0,1.3E0));
#12168=LINE('',#12167,#12166);
#12169=CURVE_STYLE('',#47,POSITIVE_LENGTH_MEASURE(2.E-2),#28);
#12170=PRESENTATION_STYLE_ASSIGNMENT((#12169));
#12171=STYLED_ITEM('',(#12170),#12168);
#12172=DIRECTION('',(7.071067811865E-1,0.E0,7.071067811865E-1));
#12173=VECTOR('',#12172,3.567902790863E-1);
#12174=CARTESIAN_POINT('',(1.049192037330E0,1.714623540487E-2,
-1.301480863134E0));
#12175=LINE('',#12174,#12173);
#12176=CURVE_STYLE('',#47,POSITIVE_LENGTH_MEASURE(2.E-2),#28);
#12177=PRESENTATION_STYLE_ASSIGNMENT((#12176));
#12178=STYLED_ITEM('',(#12177),#12175);
#12179=CARTESIAN_POINT('',(1.049192037330E0,1.714623540487E-2,
-1.301480863134E0));
#12180=CARTESIAN_POINT('',(1.048987013639E0,1.429128038003E-2,
-1.300983198465E0));
#12181=CARTESIAN_POINT('',(1.048682029411E0,8.563836176425E-3,
-1.300240492395E0));
#12182=CARTESIAN_POINT('',(1.048580448816E0,2.845923263385E-3,
-1.299998194947E0));
#12183=CARTESIAN_POINT('',(1.048578643763E0,0.E0,-1.3E0));
#12185=CURVE_STYLE('',#47,POSITIVE_LENGTH_MEASURE(2.E-2),#28);
#12186=PRESENTATION_STYLE_ASSIGNMENT((#12185));
#12187=STYLED_ITEM('',(#12186),#12184);
#12188=CARTESIAN_POINT('',(1.301480863134E0,1.714623540487E-2,
-1.049192037330E0));
#12189=CARTESIAN_POINT('',(1.300983198465E0,1.429128038003E-2,
-1.048987013639E0));
#12190=CARTESIAN_POINT('',(1.300240492395E0,8.563836176425E-3,
-1.048682029411E0));
#12191=CARTESIAN_POINT('',(1.299998194947E0,2.845923263385E-3,
-1.048580448816E0));
#12192=CARTESIAN_POINT('',(1.3E0,0.E0,-1.048578643763E0));
#12194=CURVE_STYLE('',#47,POSITIVE_LENGTH_MEASURE(2.E-2),#28);
#12195=PRESENTATION_STYLE_ASSIGNMENT((#12194));
#12196=STYLED_ITEM('',(#12195),#12193);
#12197=DIRECTION('',(9.999999999988E-1,0.E0,-1.567919132052E-6));
#12198=VECTOR('',#12197,2.350669216301E0);
#12199=CARTESIAN_POINT('',(-1.301477178967E0,1.714623540487E-2,
-1.301477177475E0));
#12200=LINE('',#12199,#12198);
#12201=CURVE_STYLE('',#47,POSITIVE_LENGTH_MEASURE(2.E-2),#28);
#12202=PRESENTATION_STYLE_ASSIGNMENT((#12201));
#12203=STYLED_ITEM('',(#12202),#12200);
#12204=CARTESIAN_POINT('',(-1.301477178967E0,1.714623540487E-2,
-1.301477177475E0));
#12205=CARTESIAN_POINT('',(-1.300971612753E0,1.425835396363E-2,
-1.300974571264E0));
#12206=CARTESIAN_POINT('',(-1.300209839953E0,8.497112371953E-3,
-1.300239302767E0));
#12207=CARTESIAN_POINT('',(-1.299984324252E0,2.812501899058E-3,-1.3E0));
#12208=CARTESIAN_POINT('',(-1.3E0,0.E0,-1.3E0));
#12210=CURVE_STYLE('',#47,POSITIVE_LENGTH_MEASURE(2.E-2),#28);
#12211=PRESENTATION_STYLE_ASSIGNMENT((#12210));
#12212=STYLED_ITEM('',(#12211),#12209);
#12213=DIRECTION('',(-5.734766299976E-10,0.E0,-1.E0));
#12214=VECTOR('',#12213,2.602954356442E0);
#12215=CARTESIAN_POINT('',(-1.301477177475E0,1.714623540487E-2,
1.301477178967E0));
#12216=LINE('',#12215,#12214);
#12217=CURVE_STYLE('',#47,POSITIVE_LENGTH_MEASURE(2.E-2),#28);
#12218=PRESENTATION_STYLE_ASSIGNMENT((#12217));
#12219=STYLED_ITEM('',(#12218),#12216);
#12220=CARTESIAN_POINT('',(-1.301477177475E0,1.714623540487E-2,
1.301477178967E0));
#12221=CARTESIAN_POINT('',(-1.300974571264E0,1.425835396363E-2,
1.300971612753E0));
#12222=CARTESIAN_POINT('',(-1.300239302767E0,8.497112371953E-3,
1.300209839953E0));
#12223=CARTESIAN_POINT('',(-1.3E0,2.812501899058E-3,1.299984324252E0));
#12224=CARTESIAN_POINT('',(-1.3E0,0.E0,1.3E0));
#12226=CURVE_STYLE('',#47,POSITIVE_LENGTH_MEASURE(2.E-2),#28);
#12227=PRESENTATION_STYLE_ASSIGNMENT((#12226));
#12228=STYLED_ITEM('',(#12227),#12225);
#12229=CARTESIAN_POINT('',(1.3E0,0.E0,-1.048578643763E0));
#12230=CARTESIAN_POINT('',(1.3E0,0.E0,1.3E0));
#12231=VERTEX_POINT('',#12229);
#12232=VERTEX_POINT('',#12230);
#12233=CARTESIAN_POINT('',(-1.3E0,0.E0,1.3E0));
#12234=VERTEX_POINT('',#12233);
#12235=CARTESIAN_POINT('',(-1.3E0,0.E0,-1.3E0));
#12236=VERTEX_POINT('',#12235);
#12237=CARTESIAN_POINT('',(1.048578643763E0,0.E0,-1.3E0));
#12238=VERTEX_POINT('',#12237);
#12239=CARTESIAN_POINT('',(1.301480863134E0,1.714623540487E-2,
-1.049192037330E0));
#12240=CARTESIAN_POINT('',(1.301477178967E0,1.714623540487E-2,
1.301477177475E0));
#12241=VERTEX_POINT('',#12239);
#12242=VERTEX_POINT('',#12240);
#12243=CARTESIAN_POINT('',(-1.301477177475E0,1.714623540487E-2,
1.301477178967E0));
#12244=VERTEX_POINT('',#12243);
#12245=CARTESIAN_POINT('',(-1.301477178967E0,1.714623540487E-2,
-1.301477177475E0));
#12246=VERTEX_POINT('',#12245);
#12247=CARTESIAN_POINT('',(1.049192037330E0,1.714623540487E-2,
-1.301480863134E0));
#12248=VERTEX_POINT('',#12247);
#12249=CARTESIAN_POINT('',(1.4E0,0.E0,-1.09E0));
#12250=DIRECTION('',(0.E0,0.E0,1.E0));
#12251=DIRECTION('',(-1.E0,0.E0,0.E0));
#12252=AXIS2_PLACEMENT_3D('',#12249,#12250,#12251);
#12253=CYLINDRICAL_SURFACE('',#12252,1.E-1);
#12255=ORIENTED_EDGE('',*,*,#12254,.F.);
#12257=ORIENTED_EDGE('',*,*,#12256,.T.);
#12259=ORIENTED_EDGE('',*,*,#12258,.T.);
#12261=ORIENTED_EDGE('',*,*,#12260,.F.);
#12262=EDGE_LOOP('',(#12255,#12257,#12259,#12261));
#12263=FACE_OUTER_BOUND('',#12262,.F.);
#12264=ADVANCED_FACE('',(#12263),#12253,.F.);
#12265=CARTESIAN_POINT('',(-1.99E0,1.714623540487E-2,1.981526119019E0));
#12266=DIRECTION('',(0.E0,-1.E0,0.E0));
#12267=DIRECTION('',(0.E0,0.E0,-1.E0));
#12268=AXIS2_PLACEMENT_3D('',#12265,#12266,#12267);
#12269=PLANE('',#12268);
#12270=ORIENTED_EDGE('',*,*,#12254,.T.);
#12272=ORIENTED_EDGE('',*,*,#12271,.T.);
#12274=ORIENTED_EDGE('',*,*,#12273,.T.);
#12276=ORIENTED_EDGE('',*,*,#12275,.T.);
#12278=ORIENTED_EDGE('',*,*,#12277,.T.);
#12279=EDGE_LOOP('',(#12270,#12272,#12274,#12276,#12278));
#12280=FACE_OUTER_BOUND('',#12279,.F.);
#12281=ADVANCED_FACE('',(#12280),#12269,.F.);
#12282=CARTESIAN_POINT('',(1.4E0,0.E0,1.4E0));
#12283=DIRECTION('',(-1.E0,0.E0,0.E0));
#12284=DIRECTION('',(0.E0,0.E0,-1.E0));
#12285=AXIS2_PLACEMENT_3D('',#12282,#12283,#12284);
#12286=CYLINDRICAL_SURFACE('',#12285,1.E-1);
#12287=ORIENTED_EDGE('',*,*,#12271,.F.);
#12288=ORIENTED_EDGE('',*,*,#12260,.T.);
#12290=ORIENTED_EDGE('',*,*,#12289,.T.);
#12292=ORIENTED_EDGE('',*,*,#12291,.F.);
#12293=EDGE_LOOP('',(#12287,#12288,#12290,#12292));
#12294=FACE_OUTER_BOUND('',#12293,.F.);
#12295=ADVANCED_FACE('',(#12294),#12286,.F.);
#12296=CARTESIAN_POINT('',(0.E0,0.E0,0.E0));
#12297=DIRECTION('',(0.E0,1.E0,0.E0));
#12298=DIRECTION('',(1.E0,0.E0,0.E0));
#12299=AXIS2_PLACEMENT_3D('',#12296,#12297,#12298);
#12300=PLANE('',#12299);
#12301=ORIENTED_EDGE('',*,*,#12258,.F.);
#12303=ORIENTED_EDGE('',*,*,#12302,.F.);
#12305=ORIENTED_EDGE('',*,*,#12304,.F.);
#12307=ORIENTED_EDGE('',*,*,#12306,.F.);
#12308=ORIENTED_EDGE('',*,*,#12289,.F.);
#12309=EDGE_LOOP('',(#12301,#12303,#12305,#12307,#12308));
#12310=FACE_OUTER_BOUND('',#12309,.F.);
#12311=ADVANCED_FACE('',(#12310),#12300,.F.);
#12312=FILL_AREA_STYLE_COLOUR('',#34);
#12313=FILL_AREA_STYLE('',(#12312));
#12314=SURFACE_STYLE_FILL_AREA(#12313);
#12315=SURFACE_SIDE_STYLE('',(#12314));
#12316=SURFACE_STYLE_USAGE(.NEGATIVE.,#12315);
#12317=PRESENTATION_STYLE_ASSIGNMENT((#12316));
#12318=OVER_RIDING_STYLED_ITEM('',(#12317),#12311,#12113);
#12319=CARTESIAN_POINT('',(1.09E0,0.E0,-1.4E0));
#12320=DIRECTION('',(7.071067811865E-1,0.E0,7.071067811865E-1));
#12321=DIRECTION('',(-7.071067811865E-1,0.E0,7.071067811865E-1));
#12322=AXIS2_PLACEMENT_3D('',#12319,#12320,#12321);
#12323=CYLINDRICAL_SURFACE('',#12322,1.E-1);
#12324=ORIENTED_EDGE('',*,*,#12277,.F.);
#12326=ORIENTED_EDGE('',*,*,#12325,.T.);
#12327=ORIENTED_EDGE('',*,*,#12302,.T.);
#12328=ORIENTED_EDGE('',*,*,#12256,.F.);
#12329=EDGE_LOOP('',(#12324,#12326,#12327,#12328));
#12330=FACE_OUTER_BOUND('',#12329,.F.);
#12331=ADVANCED_FACE('',(#12330),#12323,.F.);
#12332=CARTESIAN_POINT('',(-1.4E0,0.E0,-1.4E0));
#12333=DIRECTION('',(1.E0,0.E0,0.E0));
#12334=DIRECTION('',(0.E0,0.E0,1.E0));
#12335=AXIS2_PLACEMENT_3D('',#12332,#12333,#12334);
#12336=CYLINDRICAL_SURFACE('',#12335,1.E-1);
#12337=ORIENTED_EDGE('',*,*,#12275,.F.);
#12339=ORIENTED_EDGE('',*,*,#12338,.T.);
#12340=ORIENTED_EDGE('',*,*,#12304,.T.);
#12341=ORIENTED_EDGE('',*,*,#12325,.F.);
#12342=EDGE_LOOP('',(#12337,#12339,#12340,#12341));
#12343=FACE_OUTER_BOUND('',#12342,.F.);
#12344=ADVANCED_FACE('',(#12343),#12336,.F.);
#12345=CARTESIAN_POINT('',(-1.4E0,0.E0,1.4E0));
#12346=DIRECTION('',(0.E0,0.E0,-1.E0));
#12347=DIRECTION('',(1.E0,0.E0,0.E0));
#12348=AXIS2_PLACEMENT_3D('',#12345,#12346,#12347);
#12349=CYLINDRICAL_SURFACE('',#12348,1.E-1);
#12350=ORIENTED_EDGE('',*,*,#12273,.F.);
#12351=ORIENTED_EDGE('',*,*,#12291,.T.);
#12352=ORIENTED_EDGE('',*,*,#12306,.T.);
#12353=ORIENTED_EDGE('',*,*,#12338,.F.);
#12354=EDGE_LOOP('',(#12350,#12351,#12352,#12353));
#12355=FACE_OUTER_BOUND('',#12354,.F.);
#12356=ADVANCED_FACE('',(#12355),#12349,.F.);
#12357=CLOSED_SHELL('',(#12264,#12281,#12295,#12311,#12331,#12344,#12356));
#12358=MANIFOLD_SOLID_BREP('',#12357);
#12359=FILL_AREA_STYLE_COLOUR('',#28);
#12360=FILL_AREA_STYLE('',(#12359));
#12361=SURFACE_STYLE_FILL_AREA(#12360);
#12362=SURFACE_SIDE_STYLE('',(#12361));
#12363=SURFACE_STYLE_USAGE(.POSITIVE.,#12362);
#12364=PRESENTATION_STYLE_ASSIGNMENT((#12363));
#12113=STYLED_ITEM('',(#12364),#12358);
#12366=DIMENSIONAL_EXPONENTS(0.E0,0.E0,0.E0,0.E0,0.E0,0.E0,0.E0);
#12368=PLANE_ANGLE_MEASURE_WITH_UNIT(PLANE_ANGLE_MEASURE(1.745329251994E-2),
#12367);
#12369=(CONVERSION_BASED_UNIT('DEGREE',#12368)NAMED_UNIT(#12366)PLANE_ANGLE_UNIT());
#12371=UNCERTAINTY_MEASURE_WITH_UNIT(LENGTH_MEASURE(6.013493731423E-4),#12365,
'distance_accuracy_value',
'Maximum model space distance between geometric entities at asserted connectivities');
#12372=(GEOMETRIC_REPRESENTATION_CONTEXT(3)GLOBAL_UNCERTAINTY_ASSIGNED_CONTEXT((
#12371))GLOBAL_UNIT_ASSIGNED_CONTEXT((#12365,#12369,#12370))REPRESENTATION_CONTEXT('ID2','3'));
#12373=CARTESIAN_POINT('',(0.E0,0.E0,0.E0));
#12374=DIRECTION('',(0.E0,0.E0,1.E0));
#12375=DIRECTION('',(1.E0,0.E0,0.E0));
#12378=PRODUCT_CONTEXT('',#5967,'mechanical');
#12379=PRODUCT('FRAME_SQB16A','FRAME_SQB16A','NOT SPECIFIED',(#12378));
#12380=PRODUCT_DEFINITION_FORMATION_WITH_SPECIFIED_SOURCE('23','LAST_VERSION',
#12379,.MADE.);
#12386=CARTESIAN_POINT('',(0.E0,0.E0,0.E0));
#12387=DIRECTION('',(0.E0,0.E0,1.E0));
#12388=DIRECTION('',(1.E0,0.E0,0.E0));
#12389=AXIS2_PLACEMENT_3D('',#12386,#12387,#12388);
#12390=ITEM_DEFINED_TRANSFORMATION('','',#12376,#12389);
#12391=(REPRESENTATION_RELATIONSHIP('','',#12377,#5978)REPRESENTATION_RELATIONSHIP_WITH_TRANSFORMATION(#12390)SHAPE_REPRESENTATION_RELATIONSHIP());
#12392=CONTEXT_DEPENDENT_SHAPE_REPRESENTATION(#12391,#12385);
#12394=DIMENSIONAL_EXPONENTS(0.E0,0.E0,0.E0,0.E0,0.E0,0.E0,0.E0);
#12396=PLANE_ANGLE_MEASURE_WITH_UNIT(PLANE_ANGLE_MEASURE(1.745329251994E-2),
#12395);
#12397=(CONVERSION_BASED_UNIT('DEGREE',#12396)NAMED_UNIT(#12394)PLANE_ANGLE_UNIT());
#12399=UNCERTAINTY_MEASURE_WITH_UNIT(LENGTH_MEASURE(5.712914217125E-4),#12393,
'distance_accuracy_value',
'Maximum model space distance between geometric entities at asserted connectivities');
#12400=(GEOMETRIC_REPRESENTATION_CONTEXT(3)GLOBAL_UNCERTAINTY_ASSIGNED_CONTEXT((
#12399))GLOBAL_UNIT_ASSIGNED_CONTEXT((#12393,#12397,#12398))REPRESENTATION_CONTEXT('ID3','3'));
#12401=CARTESIAN_POINT('',(0.E0,0.E0,0.E0));
#12402=DIRECTION('',(0.E0,0.E0,1.E0));
#12403=DIRECTION('',(1.E0,0.E0,0.E0));
#12405=MECHANICAL_DESIGN_GEOMETRIC_PRESENTATION_REPRESENTATION('',(#50,#57,#64,
#71,#78,#85,#92,#99,#106,#113,#120,#127,#134,#141,#148,#155,#162,#169,#176,#183,
#190,#197,#204,#211,#218,#225,#232,#239,#246,#253,#260,#267,#274,#281,#288,#295,
#302,#309,#316,#323,#330,#337,#344,#351,#358,#365,#372,#379,#386,#393,#400,#407,
#414,#421,#428,#435,#442,#449,#456,#463,#470,#477,#484,#491,#498,#505,#512,#519,
#526,#533,#540,#547,#554,#561,#568,#575,#583,#590,#597,#604,#611,#618,#625,#632,
#639,#646,#653,#660,#667,#674,#681,#688,#695,#702,#709,#716,#723,#730,#737,#744,
#751,#758,#765,#772,#779,#786,#793,#800,#807,#814,#821,#828,#835,#842,#849,#856,
#863,#870,#877,#884,#891,#898,#905,#912,#919,#926,#933,#940,#947,#954,#961,#968,
#975,#982,#989,#996,#1003,#1010,#1017,#1024,#1031,#1038,#1045,#1052,#1059,#1066,
#1073,#1080,#1087,#1094,#1101,#1108,#1115,#1122,#1129,#1136,#1143,#1150,#1157,
#1164,#1171,#1178,#1185,#1192,#1199,#1206,#1213,#1220,#1227,#1234,#1241,#1248,
#1255,#1262,#1269,#1276,#1283,#1290,#1297,#1304,#1311,#1318,#1325,#1332,#1339,
#1346,#1353,#1360,#1367,#1374,#1381,#1388,#1395,#1402,#1409,#1416,#1423,#1430,
#1437,#1444,#1451,#1458,#1465,#1472,#1479,#1486,#1493,#1500,#1507,#1514,#1521,
#1528,#1535,#1542,#1549,#1556,#1563,#1570,#1577,#1584,#1591,#1598,#1605,#1612,
#1619,#1626,#1633,#1640,#1647,#1654,#1661,#1668,#1675,#1682,#1689,#1696,#1703,
#1710,#1717,#1724,#1731,#1739,#1746,#1753,#1760,#1767,#1774,#1781,#1788,#1796,
#1803,#1810,#1817,#1824,#1831,#1838,#1845,#1852,#1860,#1867,#1874,#1881,#1889,
#1896,#1903,#1910,#1917,#1925,#1932,#1939,#1946,#1954,#1961,#1968,#1975,#1982,
#1990,#1997,#2004,#2011,#2019,#2026,#2033,#2040,#2047,#2055,#2062,#2069,#2076,
#2084,#2091,#2098,#2105,#2112,#2119,#2126,#2133,#2140,#2148,#2155,#2162,#2170,
#2177,#2184,#2191,#2199,#2206,#2213,#2220,#2227,#2235,#2242,#2249,#2256,#2264,
#2271,#2278,#2285,#2292,#2299,#2307,#2314,#2321,#2328,#2335,#2342,#2349,#2356,
#2363,#2371,#2378,#2385,#2392,#2400,#2407,#2414,#2421,#2428,#2436,#2443,#2450,
#2457,#2465,#2472,#2479,#2486,#2493,#2501,#2508,#2515,#2522,#2530,#2537,#2544,
#2551,#2558,#2566,#2573,#2580,#2587,#2595,#2602,#2609,#2616,#2623,#2630,#2637,
#2644,#2651,#2659,#2666,#2673,#2681,#2688,#2695,#2702,#2710,#2717,#2724,#2731,
#2738,#2746,#2753,#2760,#2767,#2775,#2782,#2789,#2796,#2803,#2811,#2818,#2825,
#2832,#2840,#2847,#2854,#2861,#2870,#2877,#2886,#2895,#2902,#2911,#2918,#2927,
#2934,#2941,#2948,#2955,#2962,#42,#5995,#6002,#6009,#6016,#6023,#6031,#6038,
#6045,#6052,#6059,#6066,#6073,#6080,#6087,#6095,#6102,#6109,#6116,#6168,#5988,
#6286,#6293,#6300,#6307,#6315,#6322,#6329,#6336,#6343,#6350,#6357,#6364,#6372,
#6379,#6386,#6393,#6400,#6407,#6454,#6279,#6572,#6579,#6586,#6593,#6600,#6608,
#6615,#6622,#6629,#6636,#6643,#6650,#6657,#6664,#6672,#6679,#6686,#6693,#6740,
#6565,#6858,#6865,#6872,#6879,#6886,#6894,#6901,#6908,#6915,#6922,#6929,#6936,
#6943,#6950,#6958,#6965,#6972,#6979,#7026,#6851,#7144,#7151,#7158,#7165,#7172,
#7180,#7187,#7194,#7201,#7208,#7215,#7222,#7229,#7236,#7244,#7251,#7258,#7265,
#7312,#7137,#7430,#7437,#7444,#7451,#7459,#7466,#7473,#7480,#7487,#7494,#7501,
#7508,#7516,#7523,#7530,#7537,#7544,#7551,#7598,#7423,#7716,#7723,#7730,#7737,
#7745,#7752,#7759,#7766,#7773,#7780,#7787,#7794,#7802,#7809,#7816,#7823,#7830,
#7837,#7884,#7709,#8002,#8009,#8016,#8023,#8030,#8038,#8045,#8052,#8059,#8066,
#8073,#8080,#8087,#8094,#8101,#8109,#8116,#8123,#8170,#7995,#8288,#8295,#8302,
#8309,#8316,#8324,#8331,#8338,#8345,#8352,#8359,#8366,#8373,#8380,#8387,#8395,
#8402,#8409,#8456,#8281,#8574,#8581,#8588,#8595,#8602,#8610,#8617,#8624,#8631,
#8638,#8645,#8652,#8659,#8666,#8673,#8681,#8688,#8695,#8742,#8567,#8860,#8867,
#8874,#8881,#8888,#8896,#8903,#8910,#8917,#8924,#8931,#8938,#8945,#8952,#8959,
#8967,#8974,#8981,#9028,#8853,#9146,#9153,#9160,#9167,#9175,#9182,#9189,#9196,
#9203,#9210,#9217,#9224,#9231,#9238,#9245,#9252,#9260,#9267,#9314,#9139,#9432,
#9439,#9446,#9453,#9461,#9468,#9475,#9482,#9489,#9496,#9503,#9510,#9517,#9524,
#9531,#9538,#9546,#9553,#9600,#9425,#9718,#9725,#9732,#9739,#9747,#9754,#9761,
#9768,#9775,#9782,#9789,#9796,#9803,#9810,#9817,#9824,#9832,#9839,#9886,#9711,
#10004,#10011,#10018,#10025,#10033,#10040,#10047,#10054,#10061,#10068,#10075,
#10082,#10090,#10097,#10104,#10111,#10118,#10125,#10172,#9997,#10290,#10297,
#10304,#10311,#10319,#10326,#10333,#10340,#10347,#10354,#10361,#10368,#10375,
#10382,#10389,#10396,#10404,#10411,#10458,#10283,#10576,#10583,#10590,#10597,
#10604,#10611,#10618,#10625,#10632,#10639,#10646,#10653,#10569,#10769,#10776,
#10783,#10790,#10797,#10804,#10811,#10818,#10825,#10832,#10839,#10846,#10762,
#10962,#10969,#10976,#10983,#10990,#10997,#11004,#11011,#11018,#11025,#11032,
#11039,#10955,#11155,#11162,#11169,#11176,#11183,#11190,#11197,#11204,#11211,
#11218,#11225,#11232,#11148,#11348,#11355,#11362,#11369,#11376,#11383,#11390,
#11397,#11404,#11411,#11418,#11425,#11341,#11541,#11548,#11555,#11562,#11569,
#11576,#11583,#11590,#11597,#11604,#11611,#11618,#11534,#11734,#11741,#11748,
#11755,#11762,#11769,#11776,#11783,#11790,#11797,#11804,#11811,#11727,#11927,
#11934,#11941,#11948,#11955,#11962,#11969,#11976,#11983,#11990,#11997,#12004,
#11920,#12120,#12127,#12136,#12143,#12150,#12157,#12164,#12171,#12178,#12187,
#12196,#12203,#12212,#12219,#12228,#12318,#12113),#12400);
#12406=PRODUCT_DEFINITION_CONTEXT('part definition',#5967,'design');
#12407=PRODUCT_CONTEXT('',#5967,'mechanical');
#12408=PRODUCT('SQB16A_ASM','SQB16A_ASM','NOT SPECIFIED',(#12407));
#12409=PRODUCT_DEFINITION_FORMATION_WITH_SPECIFIED_SOURCE('64','LAST_VERSION',
#12408,.MADE.);
#12411=PRODUCT_TYPE('part','',(#12408,#5971,#12379));
#580=B_SPLINE_CURVE_WITH_KNOTS('',3,(#576,#577,#578,#579),.UNSPECIFIED.,.F.,.F.,
(4,4),(0.E0,1.E0),.UNSPECIFIED.);
#1736=B_SPLINE_CURVE_WITH_KNOTS('',3,(#1732,#1733,#1734,#1735),.UNSPECIFIED.,
.F.,.F.,(4,4),(0.E0,1.E0),.UNSPECIFIED.);
#1793=B_SPLINE_CURVE_WITH_KNOTS('',3,(#1789,#1790,#1791,#1792),.UNSPECIFIED.,
.F.,.F.,(4,4),(0.E0,1.E0),.UNSPECIFIED.);
#1857=B_SPLINE_CURVE_WITH_KNOTS('',3,(#1853,#1854,#1855,#1856),.UNSPECIFIED.,
.F.,.F.,(4,4),(0.E0,1.E0),.UNSPECIFIED.);
#1886=B_SPLINE_CURVE_WITH_KNOTS('',3,(#1882,#1883,#1884,#1885),.UNSPECIFIED.,
.F.,.F.,(4,4),(0.E0,1.E0),.UNSPECIFIED.);
#1922=B_SPLINE_CURVE_WITH_KNOTS('',3,(#1918,#1919,#1920,#1921),.UNSPECIFIED.,
.F.,.F.,(4,4),(0.E0,1.E0),.UNSPECIFIED.);
#1951=B_SPLINE_CURVE_WITH_KNOTS('',3,(#1947,#1948,#1949,#1950),.UNSPECIFIED.,
.F.,.F.,(4,4),(0.E0,1.E0),.UNSPECIFIED.);
#1987=B_SPLINE_CURVE_WITH_KNOTS('',3,(#1983,#1984,#1985,#1986),.UNSPECIFIED.,
.F.,.F.,(4,4),(0.E0,1.E0),.UNSPECIFIED.);
#2016=B_SPLINE_CURVE_WITH_KNOTS('',3,(#2012,#2013,#2014,#2015),.UNSPECIFIED.,
.F.,.F.,(4,4),(0.E0,1.E0),.UNSPECIFIED.);
#2052=B_SPLINE_CURVE_WITH_KNOTS('',3,(#2048,#2049,#2050,#2051),.UNSPECIFIED.,
.F.,.F.,(4,4),(0.E0,1.E0),.UNSPECIFIED.);
#2081=B_SPLINE_CURVE_WITH_KNOTS('',3,(#2077,#2078,#2079,#2080),.UNSPECIFIED.,
.F.,.F.,(4,4),(0.E0,1.E0),.UNSPECIFIED.);
#2145=B_SPLINE_CURVE_WITH_KNOTS('',3,(#2141,#2142,#2143,#2144),.UNSPECIFIED.,
.F.,.F.,(4,4),(0.E0,1.E0),.UNSPECIFIED.);
#2167=B_SPLINE_CURVE_WITH_KNOTS('',3,(#2163,#2164,#2165,#2166),.UNSPECIFIED.,
.F.,.F.,(4,4),(0.E0,1.E0),.UNSPECIFIED.);
#2196=B_SPLINE_CURVE_WITH_KNOTS('',3,(#2192,#2193,#2194,#2195),.UNSPECIFIED.,
.F.,.F.,(4,4),(0.E0,1.E0),.UNSPECIFIED.);
#2232=B_SPLINE_CURVE_WITH_KNOTS('',3,(#2228,#2229,#2230,#2231),.UNSPECIFIED.,
.F.,.F.,(4,4),(0.E0,1.E0),.UNSPECIFIED.);
#2261=B_SPLINE_CURVE_WITH_KNOTS('',3,(#2257,#2258,#2259,#2260),.UNSPECIFIED.,
.F.,.F.,(4,4),(0.E0,1.E0),.UNSPECIFIED.);
#2304=B_SPLINE_CURVE_WITH_KNOTS('',3,(#2300,#2301,#2302,#2303),.UNSPECIFIED.,
.F.,.F.,(4,4),(0.E0,1.E0),.UNSPECIFIED.);
#2368=B_SPLINE_CURVE_WITH_KNOTS('',3,(#2364,#2365,#2366,#2367),.UNSPECIFIED.,
.F.,.F.,(4,4),(0.E0,1.E0),.UNSPECIFIED.);
#2397=B_SPLINE_CURVE_WITH_KNOTS('',3,(#2393,#2394,#2395,#2396),.UNSPECIFIED.,
.F.,.F.,(4,4),(0.E0,1.E0),.UNSPECIFIED.);
#2433=B_SPLINE_CURVE_WITH_KNOTS('',3,(#2429,#2430,#2431,#2432),.UNSPECIFIED.,
.F.,.F.,(4,4),(0.E0,1.E0),.UNSPECIFIED.);
#2462=B_SPLINE_CURVE_WITH_KNOTS('',3,(#2458,#2459,#2460,#2461),.UNSPECIFIED.,
.F.,.F.,(4,4),(0.E0,1.E0),.UNSPECIFIED.);
#2498=B_SPLINE_CURVE_WITH_KNOTS('',3,(#2494,#2495,#2496,#2497),.UNSPECIFIED.,
.F.,.F.,(4,4),(0.E0,1.E0),.UNSPECIFIED.);
#2527=B_SPLINE_CURVE_WITH_KNOTS('',3,(#2523,#2524,#2525,#2526),.UNSPECIFIED.,
.F.,.F.,(4,4),(0.E0,1.E0),.UNSPECIFIED.);
#2563=B_SPLINE_CURVE_WITH_KNOTS('',3,(#2559,#2560,#2561,#2562),.UNSPECIFIED.,
.F.,.F.,(4,4),(0.E0,1.E0),.UNSPECIFIED.);
#2592=B_SPLINE_CURVE_WITH_KNOTS('',3,(#2588,#2589,#2590,#2591),.UNSPECIFIED.,
.F.,.F.,(4,4),(0.E0,1.E0),.UNSPECIFIED.);
#2656=B_SPLINE_CURVE_WITH_KNOTS('',3,(#2652,#2653,#2654,#2655),.UNSPECIFIED.,
.F.,.F.,(4,4),(0.E0,1.E0),.UNSPECIFIED.);
#2678=B_SPLINE_CURVE_WITH_KNOTS('',3,(#2674,#2675,#2676,#2677),.UNSPECIFIED.,
.F.,.F.,(4,4),(0.E0,1.E0),.UNSPECIFIED.);
#2707=B_SPLINE_CURVE_WITH_KNOTS('',3,(#2703,#2704,#2705,#2706),.UNSPECIFIED.,
.F.,.F.,(4,4),(0.E0,1.E0),.UNSPECIFIED.);
#2743=B_SPLINE_CURVE_WITH_KNOTS('',3,(#2739,#2740,#2741,#2742),.UNSPECIFIED.,
.F.,.F.,(4,4),(0.E0,1.E0),.UNSPECIFIED.);
#2772=B_SPLINE_CURVE_WITH_KNOTS('',3,(#2768,#2769,#2770,#2771),.UNSPECIFIED.,
.F.,.F.,(4,4),(0.E0,1.E0),.UNSPECIFIED.);
#2808=B_SPLINE_CURVE_WITH_KNOTS('',3,(#2804,#2805,#2806,#2807),.UNSPECIFIED.,
.F.,.F.,(4,4),(0.E0,1.E0),.UNSPECIFIED.);
#2837=B_SPLINE_CURVE_WITH_KNOTS('',3,(#2833,#2834,#2835,#2836),.UNSPECIFIED.,
.F.,.F.,(4,4),(0.E0,1.E0),.UNSPECIFIED.);
#2867=B_SPLINE_CURVE_WITH_KNOTS('',3,(#2862,#2863,#2864,#2865,#2866),
.UNSPECIFIED.,.F.,.F.,(4,1,4),(0.E0,5.E-1,1.E0),.UNSPECIFIED.);
#2883=B_SPLINE_CURVE_WITH_KNOTS('',3,(#2878,#2879,#2880,#2881,#2882),
.UNSPECIFIED.,.F.,.F.,(4,1,4),(0.E0,5.E-1,1.E0),.UNSPECIFIED.);
#2892=B_SPLINE_CURVE_WITH_KNOTS('',3,(#2887,#2888,#2889,#2890,#2891),
.UNSPECIFIED.,.F.,.F.,(4,1,4),(0.E0,5.E-1,1.E0),.UNSPECIFIED.);
#2908=B_SPLINE_CURVE_WITH_KNOTS('',3,(#2903,#2904,#2905,#2906,#2907),
.UNSPECIFIED.,.F.,.F.,(4,1,4),(0.E0,5.E-1,1.E0),.UNSPECIFIED.);
#2924=B_SPLINE_CURVE_WITH_KNOTS('',3,(#2919,#2920,#2921,#2922,#2923),
.UNSPECIFIED.,.F.,.F.,(4,1,4),(0.E0,5.E-1,1.E0),.UNSPECIFIED.);
#3516=EDGE_CURVE('',#2981,#2982,#46,.T.);
#3518=EDGE_CURVE('',#2984,#2981,#54,.T.);
#3520=EDGE_CURVE('',#2984,#2994,#61,.T.);
#3522=EDGE_CURVE('',#2994,#2990,#68,.T.);
#3524=EDGE_CURVE('',#2989,#2990,#75,.T.);
#3526=EDGE_CURVE('',#2992,#2989,#82,.T.);
#3528=EDGE_CURVE('',#2992,#3002,#89,.T.);
#3530=EDGE_CURVE('',#3002,#2998,#96,.T.);
#3532=EDGE_CURVE('',#2997,#2998,#103,.T.);
#3534=EDGE_CURVE('',#3000,#2997,#110,.T.);
#3536=EDGE_CURVE('',#3000,#3010,#117,.T.);
#3538=EDGE_CURVE('',#3010,#3006,#124,.T.);
#3540=EDGE_CURVE('',#3005,#3006,#131,.T.);
#3542=EDGE_CURVE('',#3008,#3005,#138,.T.);
#3544=EDGE_CURVE('',#3008,#2972,#145,.T.);
#3546=EDGE_CURVE('',#2972,#3080,#152,.T.);
#3548=EDGE_CURVE('',#3080,#3077,#159,.T.);
#3550=EDGE_CURVE('',#3077,#3078,#166,.T.);
#3552=EDGE_CURVE('',#3082,#3078,#173,.T.);
#3554=EDGE_CURVE('',#3082,#3088,#180,.T.);
#3556=EDGE_CURVE('',#3088,#3085,#187,.T.);
#3558=EDGE_CURVE('',#3085,#3086,#194,.T.);
#3560=EDGE_CURVE('',#3090,#3086,#201,.T.);
#3562=EDGE_CURVE('',#3090,#3096,#208,.T.);
#3564=EDGE_CURVE('',#3096,#3093,#215,.T.);
#3566=EDGE_CURVE('',#3093,#3094,#222,.T.);
#3568=EDGE_CURVE('',#3098,#3094,#229,.T.);
#3570=EDGE_CURVE('',#3098,#3104,#236,.T.);
#3572=EDGE_CURVE('',#3104,#3101,#243,.T.);
#3574=EDGE_CURVE('',#3101,#3102,#250,.T.);
#3576=EDGE_CURVE('',#3106,#3102,#257,.T.);
#3578=EDGE_CURVE('',#3106,#2974,#264,.T.);
#3580=EDGE_CURVE('',#2974,#3072,#271,.T.);
#3582=EDGE_CURVE('',#3072,#3069,#278,.T.);
#3584=EDGE_CURVE('',#3069,#3070,#285,.T.);
#3586=EDGE_CURVE('',#3074,#3070,#292,.T.);
#3588=EDGE_CURVE('',#3074,#3064,#299,.T.);
#3590=EDGE_CURVE('',#3064,#3061,#306,.T.);
#3592=EDGE_CURVE('',#3061,#3062,#313,.T.);
#3594=EDGE_CURVE('',#3066,#3062,#320,.T.);
#3596=EDGE_CURVE('',#3066,#3056,#327,.T.);
#3598=EDGE_CURVE('',#3056,#3053,#334,.T.);
#3600=EDGE_CURVE('',#3053,#3054,#341,.T.);
#3602=EDGE_CURVE('',#3058,#3054,#348,.T.);
#3604=EDGE_CURVE('',#3058,#3048,#355,.T.);
#3606=EDGE_CURVE('',#3048,#3045,#362,.T.);
#3608=EDGE_CURVE('',#3045,#3046,#369,.T.);
#3610=EDGE_CURVE('',#3050,#3046,#376,.T.);
#3612=EDGE_CURVE('',#3050,#2976,#383,.T.);
#3614=EDGE_CURVE('',#2976,#3042,#390,.T.);
#3616=EDGE_CURVE('',#3042,#3038,#397,.T.);
#3618=EDGE_CURVE('',#3037,#3038,#404,.T.);
#3620=EDGE_CURVE('',#3040,#3037,#411,.T.);
#3622=EDGE_CURVE('',#3040,#3034,#418,.T.);
#3624=EDGE_CURVE('',#3034,#3030,#425,.T.);
#3626=EDGE_CURVE('',#3029,#3030,#432,.T.);
#3628=EDGE_CURVE('',#3032,#3029,#439,.T.);
#3630=EDGE_CURVE('',#3032,#3026,#446,.T.);
#3632=EDGE_CURVE('',#3026,#3022,#453,.T.);
#3634=EDGE_CURVE('',#3021,#3022,#460,.T.);
#3636=EDGE_CURVE('',#3024,#3021,#467,.T.);
#3638=EDGE_CURVE('',#3024,#3018,#474,.T.);
#3640=EDGE_CURVE('',#3018,#3014,#481,.T.);
#3642=EDGE_CURVE('',#3013,#3014,#488,.T.);
#3644=EDGE_CURVE('',#3016,#3013,#495,.T.);
#3646=EDGE_CURVE('',#3016,#2978,#502,.T.);
#3648=EDGE_CURVE('',#2978,#2986,#509,.T.);
#3650=EDGE_CURVE('',#2986,#2982,#516,.T.);
#3654=EDGE_CURVE('',#3109,#3110,#523,.T.);
#3656=EDGE_CURVE('',#3110,#3112,#530,.T.);
#3658=EDGE_CURVE('',#3112,#3114,#537,.T.);
#3660=EDGE_CURVE('',#3114,#3116,#544,.T.);
#3662=EDGE_CURVE('',#3116,#3109,#551,.T.);
#3673=EDGE_CURVE('',#2982,#3280,#558,.T.);
#3675=EDGE_CURVE('',#3279,#3280,#565,.T.);
#3677=EDGE_CURVE('',#3279,#2981,#572,.T.);
#3688=EDGE_CURVE('',#2986,#3224,#671,.T.);
#3690=EDGE_CURVE('',#3224,#3288,#580,.T.);
#3692=EDGE_CURVE('',#3288,#3286,#587,.T.);
#3694=EDGE_CURVE('',#3280,#3286,#594,.T.);
#3705=EDGE_CURVE('',#3222,#2984,#657,.T.);
#3707=EDGE_CURVE('',#3224,#3222,#664,.T.);
#3711=EDGE_CURVE('',#2978,#2970,#678,.T.);
#3713=EDGE_CURVE('',#2970,#2965,#2945,.T.);
#3715=EDGE_CURVE('',#2972,#2965,#923,.T.);
#3718=EDGE_CURVE('',#3234,#3008,#685,.T.);
#3720=EDGE_CURVE('',#3236,#3234,#692,.T.);
#3722=EDGE_CURVE('',#3010,#3236,#699,.T.);
#3725=EDGE_CURVE('',#3230,#3000,#706,.T.);
#3727=EDGE_CURVE('',#3232,#3230,#713,.T.);
#3729=EDGE_CURVE('',#3002,#3232,#720,.T.);
#3732=EDGE_CURVE('',#3226,#2992,#727,.T.);
#3734=EDGE_CURVE('',#3228,#3226,#734,.T.);
#3736=EDGE_CURVE('',#2994,#3228,#741,.T.);
#3741=EDGE_CURVE('',#3215,#3216,#601,.T.);
#3743=EDGE_CURVE('',#3215,#3243,#608,.T.);
#3745=EDGE_CURVE('',#3243,#3244,#615,.T.);
#3747=EDGE_CURVE('',#3216,#3244,#622,.T.);
#3751=EDGE_CURVE('',#3219,#3220,#629,.T.);
#3753=EDGE_CURVE('',#3219,#3240,#636,.T.);
#3755=EDGE_CURVE('',#3239,#3240,#643,.T.);
#3757=EDGE_CURVE('',#3220,#3239,#650,.T.);
#3767=EDGE_CURVE('',#3119,#3120,#860,.T.);
#3769=EDGE_CURVE('',#3251,#3120,#748,.T.);
#3771=EDGE_CURVE('',#3251,#3252,#755,.T.);
#3773=EDGE_CURVE('',#3252,#3119,#1007,.T.);
#3783=EDGE_CURVE('',#3123,#3124,#888,.T.);
#3785=EDGE_CURVE('',#3124,#3247,#1056,.T.);
#3787=EDGE_CURVE('',#3247,#3248,#762,.T.);
#3789=EDGE_CURVE('',#3248,#3123,#769,.T.);
#3799=EDGE_CURVE('',#3151,#3152,#1112,.T.);
#3801=EDGE_CURVE('',#3152,#3272,#776,.T.);
#3803=EDGE_CURVE('',#3271,#3272,#783,.T.);
#3805=EDGE_CURVE('',#3271,#3151,#1259,.T.);
#3815=EDGE_CURVE('',#3155,#3156,#1140,.T.);
#3817=EDGE_CURVE('',#3156,#3276,#1287,.T.);
#3819=EDGE_CURVE('',#3275,#3276,#790,.T.);
#3821=EDGE_CURVE('',#3155,#3275,#797,.T.);
#3831=EDGE_CURVE('',#3183,#3184,#1343,.T.);
#3833=EDGE_CURVE('',#3256,#3184,#804,.T.);
#3835=EDGE_CURVE('',#3255,#3256,#811,.T.);
#3837=EDGE_CURVE('',#3255,#3183,#1490,.T.);
#3847=EDGE_CURVE('',#3187,#3188,#1371,.T.);
#3849=EDGE_CURVE('',#3188,#3260,#1546,.T.);
#3851=EDGE_CURVE('',#3259,#3260,#818,.T.);
#3853=EDGE_CURVE('',#3259,#3187,#825,.T.);
#3864=EDGE_CURVE('',#3216,#3267,#832,.T.);
#3866=EDGE_CURVE('',#3267,#3268,#839,.T.);
#3868=EDGE_CURVE('',#3268,#3215,#1602,.T.);
#3879=EDGE_CURVE('',#3220,#3263,#1651,.T.);
#3881=EDGE_CURVE('',#3263,#3264,#846,.T.);
#3883=EDGE_CURVE('',#3219,#3264,#853,.T.);
#3893=EDGE_CURVE('',#3126,#3080,#916,.T.);
#3897=EDGE_CURVE('',#2965,#2966,#2938,.T.);
#3899=EDGE_CURVE('',#2974,#2966,#1238,.T.);
#3902=EDGE_CURVE('',#3106,#3140,#930,.T.);
#3904=EDGE_CURVE('',#3138,#3140,#937,.T.);
#3906=EDGE_CURVE('',#3138,#3104,#944,.T.);
#3909=EDGE_CURVE('',#3098,#3136,#951,.T.);
#3911=EDGE_CURVE('',#3134,#3136,#958,.T.);
#3913=EDGE_CURVE('',#3134,#3096,#965,.T.);
#3916=EDGE_CURVE('',#3090,#3132,#972,.T.);
#3918=EDGE_CURVE('',#3130,#3132,#979,.T.);
#3920=EDGE_CURVE('',#3130,#3088,#986,.T.);
#3923=EDGE_CURVE('',#3082,#3128,#993,.T.);
#3925=EDGE_CURVE('',#3126,#3128,#1000,.T.);
#3930=EDGE_CURVE('',#3119,#3143,#867,.T.);
#3932=EDGE_CURVE('',#3143,#3144,#874,.T.);
#3934=EDGE_CURVE('',#3120,#3144,#881,.T.);
#3939=EDGE_CURVE('',#3123,#3148,#895,.T.);
#3941=EDGE_CURVE('',#3147,#3148,#902,.T.);
#3943=EDGE_CURVE('',#3124,#3147,#909,.T.);
#3955=EDGE_CURVE('',#3252,#3472,#1014,.T.);
#3957=EDGE_CURVE('',#3143,#3472,#1658,.T.);
#3968=EDGE_CURVE('',#3247,#3488,#1049,.T.);
#3970=EDGE_CURVE('',#3487,#3488,#1070,.T.);
#3972=EDGE_CURVE('',#3248,#3487,#1105,.T.);
#3983=EDGE_CURVE('',#3251,#3471,#1700,.T.);
#3985=EDGE_CURVE('',#3471,#3472,#1665,.T.);
#3996=EDGE_CURVE('',#3415,#3416,#2599,.T.);
#3998=EDGE_CURVE('',#3415,#3419,#2613,.T.);
#4000=EDGE_CURVE('',#3419,#3420,#2648,.T.);
#4002=EDGE_CURVE('',#3420,#3416,#1021,.T.);
#4012=EDGE_CURVE('',#3427,#3428,#2714,.T.);
#4014=EDGE_CURVE('',#3427,#3431,#2620,.T.);
#4016=EDGE_CURVE('',#3431,#3432,#2670,.T.);
#4018=EDGE_CURVE('',#3432,#3428,#1028,.T.);
#4028=EDGE_CURVE('',#3439,#3440,#2779,.T.);
#4030=EDGE_CURVE('',#3439,#3443,#2627,.T.);
#4032=EDGE_CURVE('',#3443,#3444,#2735,.T.);
#4034=EDGE_CURVE('',#3444,#3440,#1035,.T.);
#4044=EDGE_CURVE('',#3463,#3464,#2844,.T.);
#4046=EDGE_CURVE('',#3463,#3467,#2634,.T.);
#4048=EDGE_CURVE('',#3467,#3468,#2800,.T.);
#4050=EDGE_CURVE('',#3468,#3464,#1042,.T.);
#4061=EDGE_CURVE('',#3147,#3488,#1077,.T.);
#4074=EDGE_CURVE('',#3487,#3148,#1063,.T.);
#4086=EDGE_CURVE('',#3175,#3176,#1126,.T.);
#4088=EDGE_CURVE('',#3492,#3175,#1084,.T.);
#4090=EDGE_CURVE('',#3491,#3492,#1091,.T.);
#4092=EDGE_CURVE('',#3176,#3491,#1098,.T.);
#4114=EDGE_CURVE('',#3158,#3048,#1168,.T.);
#4117=EDGE_CURVE('',#3058,#3164,#1175,.T.);
#4119=EDGE_CURVE('',#3162,#3164,#1182,.T.);
#4121=EDGE_CURVE('',#3162,#3056,#1189,.T.);
#4124=EDGE_CURVE('',#3066,#3168,#1196,.T.);
#4126=EDGE_CURVE('',#3166,#3168,#1203,.T.);
#4128=EDGE_CURVE('',#3166,#3064,#1210,.T.);
#4131=EDGE_CURVE('',#3074,#3172,#1217,.T.);
#4133=EDGE_CURVE('',#3170,#3172,#1224,.T.);
#4135=EDGE_CURVE('',#3170,#3072,#1231,.T.);
#4139=EDGE_CURVE('',#2966,#2968,#2959,.T.);
#4141=EDGE_CURVE('',#2976,#2968,#1483,.T.);
#4144=EDGE_CURVE('',#3050,#3160,#1245,.T.);
#4146=EDGE_CURVE('',#3158,#3160,#1252,.T.);
#4151=EDGE_CURVE('',#3151,#3175,#1119,.T.);
#4154=EDGE_CURVE('',#3152,#3176,#1133,.T.);
#4159=EDGE_CURVE('',#3155,#3180,#1147,.T.);
#4161=EDGE_CURVE('',#3179,#3180,#1154,.T.);
#4163=EDGE_CURVE('',#3156,#3179,#1161,.T.);
#4175=EDGE_CURVE('',#3271,#3492,#1266,.T.);
#4187=EDGE_CURVE('',#3272,#3491,#1273,.T.);
#4200=EDGE_CURVE('',#3276,#3500,#1280,.T.);
#4202=EDGE_CURVE('',#3499,#3500,#1301,.T.);
#4204=EDGE_CURVE('',#3275,#3499,#1336,.T.);
#4214=EDGE_CURVE('',#3368,#3366,#2311,.T.);
#4216=EDGE_CURVE('',#3368,#3372,#2346,.T.);
#4218=EDGE_CURVE('',#3372,#3370,#2555,.T.);
#4220=EDGE_CURVE('',#3366,#3370,#1743,.T.);
#4230=EDGE_CURVE('',#3380,#3378,#2534,.T.);
#4232=EDGE_CURVE('',#3380,#3384,#2339,.T.);
#4234=EDGE_CURVE('',#3384,#3382,#2490,.T.);
#4236=EDGE_CURVE('',#3378,#3382,#1750,.T.);
#4246=EDGE_CURVE('',#3392,#3390,#2469,.T.);
#4248=EDGE_CURVE('',#3392,#3396,#2332,.T.);
#4250=EDGE_CURVE('',#3396,#3394,#2425,.T.);
#4252=EDGE_CURVE('',#3390,#3394,#1757,.T.);
#4262=EDGE_CURVE('',#3404,#3402,#2404,.T.);
#4264=EDGE_CURVE('',#3404,#3408,#2325,.T.);
#4266=EDGE_CURVE('',#3408,#3406,#2360,.T.);
#4268=EDGE_CURVE('',#3402,#3406,#1764,.T.);
#4291=EDGE_CURVE('',#3500,#3179,#1308,.T.);
#4304=EDGE_CURVE('',#3180,#3499,#1294,.T.);
#4316=EDGE_CURVE('',#3211,#3212,#1357,.T.);
#4318=EDGE_CURVE('',#3211,#3496,#1315,.T.);
#4320=EDGE_CURVE('',#3495,#3496,#1322,.T.);
#4322=EDGE_CURVE('',#3495,#3212,#1329,.T.);
#4344=EDGE_CURVE('',#3190,#3016,#1399,.T.);
#4346=EDGE_CURVE('',#3192,#3190,#1406,.T.);
#4348=EDGE_CURVE('',#3018,#3192,#1413,.T.);
#4351=EDGE_CURVE('',#3194,#3024,#1420,.T.);
#4353=EDGE_CURVE('',#3196,#3194,#1427,.T.);
#4355=EDGE_CURVE('',#3026,#3196,#1434,.T.);
#4358=EDGE_CURVE('',#3198,#3032,#1441,.T.);
#4360=EDGE_CURVE('',#3200,#3198,#1448,.T.);
#4362=EDGE_CURVE('',#3034,#3200,#1455,.T.);
#4365=EDGE_CURVE('',#3202,#3040,#1462,.T.);
#4367=EDGE_CURVE('',#3204,#3202,#1469,.T.);
#4369=EDGE_CURVE('',#3042,#3204,#1476,.T.);
#4373=EDGE_CURVE('',#2968,#2970,#2952,.T.);
#4380=EDGE_CURVE('',#3183,#3211,#1350,.T.);
#4383=EDGE_CURVE('',#3184,#3212,#1364,.T.);
#4388=EDGE_CURVE('',#3187,#3208,#1378,.T.);
#4390=EDGE_CURVE('',#3207,#3208,#1385,.T.);
#4392=EDGE_CURVE('',#3188,#3207,#1392,.T.);
#4404=EDGE_CURVE('',#3255,#3496,#1497,.T.);
#4416=EDGE_CURVE('',#3256,#3495,#1532,.T.);
#4429=EDGE_CURVE('',#3260,#3480,#1539,.T.);
#4431=EDGE_CURVE('',#3479,#3480,#1560,.T.);
#4433=EDGE_CURVE('',#3259,#3479,#1595,.T.);
#4443=EDGE_CURVE('',#3295,#3296,#2044,.T.);
#4445=EDGE_CURVE('',#3300,#3296,#1504,.T.);
#4447=EDGE_CURVE('',#3299,#3300,#1800,.T.);
#4449=EDGE_CURVE('',#3299,#3295,#1835,.T.);
#4459=EDGE_CURVE('',#3343,#3344,#1979,.T.);
#4461=EDGE_CURVE('',#3348,#3344,#1511,.T.);
#4463=EDGE_CURVE('',#3347,#3348,#2023,.T.);
#4465=EDGE_CURVE('',#3347,#3343,#1828,.T.);
#4475=EDGE_CURVE('',#3355,#3356,#1914,.T.);
#4477=EDGE_CURVE('',#3360,#3356,#1518,.T.);
#4479=EDGE_CURVE('',#3359,#3360,#1958,.T.);
#4481=EDGE_CURVE('',#3359,#3355,#1821,.T.);
#4491=EDGE_CURVE('',#3451,#3452,#1849,.T.);
#4493=EDGE_CURVE('',#3456,#3452,#1525,.T.);
#4495=EDGE_CURVE('',#3455,#3456,#1893,.T.);
#4497=EDGE_CURVE('',#3455,#3451,#1814,.T.);
#4520=EDGE_CURVE('',#3207,#3480,#1567,.T.);
#4533=EDGE_CURVE('',#3479,#3208,#1553,.T.);
#4546=EDGE_CURVE('',#3484,#3243,#1574,.T.);
#4548=EDGE_CURVE('',#3483,#3484,#1581,.T.);
#4550=EDGE_CURVE('',#3244,#3483,#1588,.T.);
#4574=EDGE_CURVE('',#3268,#3484,#1609,.T.);
#4586=EDGE_CURVE('',#3263,#3476,#1644,.T.);
#4588=EDGE_CURVE('',#3475,#3476,#1686,.T.);
#4590=EDGE_CURVE('',#3264,#3475,#1707,.T.);
#4601=EDGE_CURVE('',#3267,#3483,#1714,.T.);
#4613=EDGE_CURVE('',#3284,#3282,#1728,.T.);
#4615=EDGE_CURVE('',#3282,#3286,#1616,.T.);
#4618=EDGE_CURVE('',#3288,#3284,#2102,.T.);
#4628=EDGE_CURVE('',#3308,#3306,#2137,.T.);
#4630=EDGE_CURVE('',#3306,#3310,#1623,.T.);
#4632=EDGE_CURVE('',#3312,#3310,#2088,.T.);
#4634=EDGE_CURVE('',#3312,#3308,#2109,.T.);
#4644=EDGE_CURVE('',#3320,#3318,#2159,.T.);
#4646=EDGE_CURVE('',#3318,#3322,#1630,.T.);
#4648=EDGE_CURVE('',#3324,#3322,#2203,.T.);
#4650=EDGE_CURVE('',#3324,#3320,#2116,.T.);
#4660=EDGE_CURVE('',#3332,#3330,#2224,.T.);
#4662=EDGE_CURVE('',#3330,#3334,#1637,.T.);
#4664=EDGE_CURVE('',#3336,#3334,#2268,.T.);
#4666=EDGE_CURVE('',#3336,#3332,#2123,.T.);
#4677=EDGE_CURVE('',#3476,#3239,#1693,.T.);
#4692=EDGE_CURVE('',#3471,#3144,#1672,.T.);
#4703=EDGE_CURVE('',#3240,#3475,#1679,.T.);
#4753=EDGE_CURVE('',#3279,#3282,#1721,.T.);
#4756=EDGE_CURVE('',#3222,#3284,#1736,.T.);
#4779=EDGE_CURVE('',#3291,#3292,#1778,.T.);
#4781=EDGE_CURVE('',#3292,#3300,#1807,.T.);
#4784=EDGE_CURVE('',#3291,#3296,#2037,.T.);
#4794=EDGE_CURVE('',#3303,#3304,#2066,.T.);
#4796=EDGE_CURVE('',#3304,#3310,#2095,.T.);
#4799=EDGE_CURVE('',#3303,#3306,#2130,.T.);
#4809=EDGE_CURVE('',#3315,#3316,#2181,.T.);
#4811=EDGE_CURVE('',#3316,#3322,#2210,.T.);
#4814=EDGE_CURVE('',#3315,#3318,#2152,.T.);
#4824=EDGE_CURVE('',#3327,#3328,#2246,.T.);
#4826=EDGE_CURVE('',#3328,#3334,#2275,.T.);
#4829=EDGE_CURVE('',#3327,#3330,#2217,.T.);
#4839=EDGE_CURVE('',#3339,#3340,#2001,.T.);
#4841=EDGE_CURVE('',#3340,#3348,#2030,.T.);
#4844=EDGE_CURVE('',#3339,#3344,#1972,.T.);
#4854=EDGE_CURVE('',#3351,#3352,#1936,.T.);
#4856=EDGE_CURVE('',#3352,#3360,#1965,.T.);
#4859=EDGE_CURVE('',#3351,#3356,#1907,.T.);
#4869=EDGE_CURVE('',#3363,#3364,#2289,.T.);
#4871=EDGE_CURVE('',#3363,#3366,#2318,.T.);
#4874=EDGE_CURVE('',#3364,#3370,#2548,.T.);
#4884=EDGE_CURVE('',#3375,#3376,#2512,.T.);
#4886=EDGE_CURVE('',#3375,#3378,#2541,.T.);
#4889=EDGE_CURVE('',#3376,#3382,#2483,.T.);
#4899=EDGE_CURVE('',#3387,#3388,#2447,.T.);
#4901=EDGE_CURVE('',#3387,#3390,#2476,.T.);
#4904=EDGE_CURVE('',#3388,#3394,#2418,.T.);
#4914=EDGE_CURVE('',#3399,#3400,#2382,.T.);
#4916=EDGE_CURVE('',#3399,#3402,#2411,.T.);
#4919=EDGE_CURVE('',#3400,#3406,#2353,.T.);
#4929=EDGE_CURVE('',#3411,#3412,#2577,.T.);
#4931=EDGE_CURVE('',#3411,#3416,#2606,.T.);
#4934=EDGE_CURVE('',#3412,#3420,#2641,.T.);
#4944=EDGE_CURVE('',#3423,#3424,#2692,.T.);
#4946=EDGE_CURVE('',#3423,#3428,#2721,.T.);
#4949=EDGE_CURVE('',#3424,#3432,#2663,.T.);
#4959=EDGE_CURVE('',#3435,#3436,#2757,.T.);
#4961=EDGE_CURVE('',#3435,#3440,#2786,.T.);
#4964=EDGE_CURVE('',#3436,#3444,#2728,.T.);
#4974=EDGE_CURVE('',#3447,#3448,#1871,.T.);
#4976=EDGE_CURVE('',#3448,#3456,#1900,.T.);
#4979=EDGE_CURVE('',#3447,#3452,#1842,.T.);
#4989=EDGE_CURVE('',#3459,#3460,#2822,.T.);
#4991=EDGE_CURVE('',#3459,#3464,#2851,.T.);
#4994=EDGE_CURVE('',#3460,#3468,#2793,.T.);
#5004=EDGE_CURVE('',#3503,#3504,#2858,.T.);
#5006=EDGE_CURVE('',#3510,#3503,#2874,.T.);
#5008=EDGE_CURVE('',#3508,#3510,#2899,.T.);
#5010=EDGE_CURVE('',#3506,#3508,#2915,.T.);
#5012=EDGE_CURVE('',#3504,#3506,#2931,.T.);
#5023=EDGE_CURVE('',#3014,#3292,#1771,.T.);
#5026=EDGE_CURVE('',#3291,#3013,#1785,.T.);
#5038=EDGE_CURVE('',#3192,#3299,#1793,.T.);
#5052=EDGE_CURVE('',#3202,#3451,#1857,.T.);
#5055=EDGE_CURVE('',#3204,#3455,#1886,.T.);
#5066=EDGE_CURVE('',#3198,#3355,#1922,.T.);
#5069=EDGE_CURVE('',#3200,#3359,#1951,.T.);
#5080=EDGE_CURVE('',#3194,#3343,#1987,.T.);
#5083=EDGE_CURVE('',#3196,#3347,#2016,.T.);
#5094=EDGE_CURVE('',#3190,#3295,#2052,.T.);
#5107=EDGE_CURVE('',#3447,#3037,#1878,.T.);
#5122=EDGE_CURVE('',#3038,#3448,#1864,.T.);
#5149=EDGE_CURVE('',#3351,#3029,#1943,.T.);
#5164=EDGE_CURVE('',#3030,#3352,#1929,.T.);
#5191=EDGE_CURVE('',#3339,#3021,#2008,.T.);
#5206=EDGE_CURVE('',#3022,#3340,#1994,.T.);
#5247=EDGE_CURVE('',#2990,#3304,#2059,.T.);
#5250=EDGE_CURVE('',#3303,#2989,#2073,.T.);
#5262=EDGE_CURVE('',#3228,#3312,#2081,.T.);
#5288=EDGE_CURVE('',#3226,#3308,#2145,.T.);
#5301=EDGE_CURVE('',#3230,#3320,#2167,.T.);
#5304=EDGE_CURVE('',#3232,#3324,#2196,.T.);
#5315=EDGE_CURVE('',#3234,#3332,#2232,.T.);
#5318=EDGE_CURVE('',#3236,#3336,#2261,.T.);
#5343=EDGE_CURVE('',#3315,#2997,#2188,.T.);
#5358=EDGE_CURVE('',#2998,#3316,#2174,.T.);
#5385=EDGE_CURVE('',#3327,#3005,#2253,.T.);
#5400=EDGE_CURVE('',#3006,#3328,#2239,.T.);
#5427=EDGE_CURVE('',#3363,#3045,#2282,.T.);
#5430=EDGE_CURVE('',#3046,#3364,#2296,.T.);
#5442=EDGE_CURVE('',#3158,#3368,#2304,.T.);
#5456=EDGE_CURVE('',#3172,#3408,#2368,.T.);
#5459=EDGE_CURVE('',#3170,#3404,#2397,.T.);
#5470=EDGE_CURVE('',#3168,#3396,#2433,.T.);
#5473=EDGE_CURVE('',#3166,#3392,#2462,.T.);
#5484=EDGE_CURVE('',#3164,#3384,#2498,.T.);
#5487=EDGE_CURVE('',#3162,#3380,#2527,.T.);
#5498=EDGE_CURVE('',#3160,#3372,#2563,.T.);
#5511=EDGE_CURVE('',#3070,#3400,#2389,.T.);
#5526=EDGE_CURVE('',#3399,#3069,#2375,.T.);
#5553=EDGE_CURVE('',#3062,#3388,#2454,.T.);
#5568=EDGE_CURVE('',#3387,#3061,#2440,.T.);
#5595=EDGE_CURVE('',#3054,#3376,#2519,.T.);
#5610=EDGE_CURVE('',#3375,#3053,#2505,.T.);
#5651=EDGE_CURVE('',#3411,#3077,#2570,.T.);
#5654=EDGE_CURVE('',#3078,#3412,#2584,.T.);
#5666=EDGE_CURVE('',#3126,#3415,#2592,.T.);
#5680=EDGE_CURVE('',#3128,#3419,#2656,.T.);
#5693=EDGE_CURVE('',#3132,#3431,#2678,.T.);
#5696=EDGE_CURVE('',#3130,#3427,#2707,.T.);
#5707=EDGE_CURVE('',#3136,#3443,#2743,.T.);
#5710=EDGE_CURVE('',#3134,#3439,#2772,.T.);
#5721=EDGE_CURVE('',#3140,#3467,#2808,.T.);
#5724=EDGE_CURVE('',#3138,#3463,#2837,.T.);
#5749=EDGE_CURVE('',#3086,#3424,#2699,.T.);
#5764=EDGE_CURVE('',#3423,#3085,#2685,.T.);
#5791=EDGE_CURVE('',#3094,#3436,#2764,.T.);
#5806=EDGE_CURVE('',#3435,#3093,#2750,.T.);
#5833=EDGE_CURVE('',#3102,#3460,#2829,.T.);
#5848=EDGE_CURVE('',#3459,#3101,#2815,.T.);
#5875=EDGE_CURVE('',#3503,#3109,#2883,.T.);
#5878=EDGE_CURVE('',#3504,#3110,#2924,.T.);
#5889=EDGE_CURVE('',#3510,#3116,#2867,.T.);
#5902=EDGE_CURVE('',#3508,#3114,#2892,.T.);
#5915=EDGE_CURVE('',#3506,#3112,#2908,.T.);
#5954=(LENGTH_UNIT()NAMED_UNIT(*)SI_UNIT(.MILLI.,.METRE.));
#5956=(NAMED_UNIT(*)PLANE_ANGLE_UNIT()SI_UNIT($,.RADIAN.));
#5959=(NAMED_UNIT(*)SI_UNIT($,.STERADIAN.)SOLID_ANGLE_UNIT());
#5965=AXIS2_PLACEMENT_3D('',#5962,#5963,#5964);
#5966=ADVANCED_BREP_SHAPE_REPRESENTATION('',(#5965,#5947),#5961);
#5973=PRODUCT_DEFINITION('part definition','',#5972,#5969);
#5974=PRODUCT_DEFINITION_SHAPE('','SHAPE FOR BODY_SQB16A.',#5973);
#5975=SHAPE_DEFINITION_REPRESENTATION(#5974,#5966);
#5976=SHAPE_DEFINITION_REPRESENTATION(#5977,#5978);
#5977=PRODUCT_DEFINITION_SHAPE('','SHAPE FOR SQB16A_ASM.',#12410);
#5978=SHAPE_REPRESENTATION('',(#5984,#12389,#12404),#12400);
#5979=NEXT_ASSEMBLY_USAGE_OCCURRENCE('26','Next assembly relationship',
'BODY_SQB16A',#12410,#5973,$);
#5980=PRODUCT_DEFINITION_SHAPE('Placement #26',
'Placement of BODY_SQB16A with respect to SQB16A_ASM',#5979);
#6028=B_SPLINE_CURVE_WITH_KNOTS('',3,(#6024,#6025,#6026,#6027),.UNSPECIFIED.,
.F.,.F.,(4,4),(0.E0,1.E0),.UNSPECIFIED.);
#6092=B_SPLINE_CURVE_WITH_KNOTS('',3,(#6088,#6089,#6090,#6091),.UNSPECIFIED.,
.F.,.F.,(4,4),(0.E0,1.E0),.UNSPECIFIED.);
#6146=EDGE_CURVE('',#6123,#6124,#5992,.T.);
#6148=EDGE_CURVE('',#6123,#6119,#5999,.T.);
#6150=EDGE_CURVE('',#6119,#6120,#6063,.T.);
#6152=EDGE_CURVE('',#6124,#6120,#6042,.T.);
#6175=EDGE_CURVE('',#6124,#6128,#6035,.T.);
#6177=EDGE_CURVE('',#6128,#6126,#6006,.T.);
#6179=EDGE_CURVE('',#6126,#6123,#6084,.T.);
#6189=EDGE_CURVE('',#6132,#6138,#6013,.T.);
#6191=EDGE_CURVE('',#6140,#6138,#6020,.T.);
#6193=EDGE_CURVE('',#6128,#6140,#6028,.T.);
#6197=EDGE_CURVE('',#6120,#6132,#6056,.T.);
#6207=EDGE_CURVE('',#6131,#6132,#6049,.T.);
#6209=EDGE_CURVE('',#6131,#6134,#6077,.T.);
#6211=EDGE_CURVE('',#6134,#6138,#6113,.T.);
#6225=EDGE_CURVE('',#6131,#6119,#6070,.T.);
#6239=EDGE_CURVE('',#6126,#6136,#6092,.T.);
#6241=EDGE_CURVE('',#6136,#6134,#6099,.T.);
#6251=EDGE_CURVE('',#6140,#6136,#6106,.T.);
#6312=B_SPLINE_CURVE_WITH_KNOTS('',3,(#6308,#6309,#6310,#6311),.UNSPECIFIED.,
.F.,.F.,(4,4),(0.E0,1.E0),.UNSPECIFIED.);
#6369=B_SPLINE_CURVE_WITH_KNOTS('',3,(#6365,#6366,#6367,#6368),.UNSPECIFIED.,
.F.,.F.,(4,4),(0.E0,1.E0),.UNSPECIFIED.);
#6437=EDGE_CURVE('',#6414,#6415,#6283,.T.);
#6439=EDGE_CURVE('',#6414,#6410,#6290,.T.);
#6441=EDGE_CURVE('',#6410,#6411,#6390,.T.);
#6443=EDGE_CURVE('',#6415,#6411,#6326,.T.);
#6461=EDGE_CURVE('',#6415,#6419,#6319,.T.);
#6463=EDGE_CURVE('',#6419,#6417,#6297,.T.);
#6465=EDGE_CURVE('',#6417,#6414,#6361,.T.);
#6475=EDGE_CURVE('',#6430,#6431,#6304,.T.);
#6477=EDGE_CURVE('',#6419,#6430,#6312,.T.);
#6481=EDGE_CURVE('',#6411,#6423,#6383,.T.);
#6483=EDGE_CURVE('',#6423,#6431,#6333,.T.);
#6493=EDGE_CURVE('',#6426,#6427,#6347,.T.);
#6495=EDGE_CURVE('',#6430,#6426,#6404,.T.);
#6498=EDGE_CURVE('',#6431,#6427,#6340,.T.);
#6509=EDGE_CURVE('',#6422,#6427,#6354,.T.);
#6511=EDGE_CURVE('',#6422,#6410,#6397,.T.);
#6515=EDGE_CURVE('',#6417,#6426,#6369,.T.);
#6525=EDGE_CURVE('',#6422,#6423,#6376,.T.);
#6605=B_SPLINE_CURVE_WITH_KNOTS('',3,(#6601,#6602,#6603,#6604),.UNSPECIFIED.,
.F.,.F.,(4,4),(0.E0,1.E0),.UNSPECIFIED.);
#6669=B_SPLINE_CURVE_WITH_KNOTS('',3,(#6665,#6666,#6667,#6668),.UNSPECIFIED.,
.F.,.F.,(4,4),(0.E0,1.E0),.UNSPECIFIED.);
#6723=EDGE_CURVE('',#6700,#6701,#6569,.T.);
#6725=EDGE_CURVE('',#6700,#6696,#6576,.T.);
#6727=EDGE_CURVE('',#6696,#6697,#6640,.T.);
#6729=EDGE_CURVE('',#6701,#6697,#6619,.T.);
#6747=EDGE_CURVE('',#6701,#6705,#6612,.T.);
#6749=EDGE_CURVE('',#6705,#6703,#6583,.T.);
#6751=EDGE_CURVE('',#6703,#6700,#6661,.T.);
#6761=EDGE_CURVE('',#6709,#6715,#6590,.T.);
#6763=EDGE_CURVE('',#6717,#6715,#6597,.T.);
#6765=EDGE_CURVE('',#6705,#6717,#6605,.T.);
#6769=EDGE_CURVE('',#6697,#6709,#6633,.T.);
#6779=EDGE_CURVE('',#6708,#6709,#6626,.T.);
#6781=EDGE_CURVE('',#6708,#6711,#6654,.T.);
#6783=EDGE_CURVE('',#6711,#6715,#6690,.T.);
#6797=EDGE_CURVE('',#6708,#6696,#6647,.T.);
#6811=EDGE_CURVE('',#6703,#6713,#6669,.T.);
#6813=EDGE_CURVE('',#6713,#6711,#6676,.T.);
#6823=EDGE_CURVE('',#6717,#6713,#6683,.T.);
#6891=B_SPLINE_CURVE_WITH_KNOTS('',3,(#6887,#6888,#6889,#6890),.UNSPECIFIED.,
.F.,.F.,(4,4),(0.E0,1.E0),.UNSPECIFIED.);
#6955=B_SPLINE_CURVE_WITH_KNOTS('',3,(#6951,#6952,#6953,#6954),.UNSPECIFIED.,
.F.,.F.,(4,4),(0.E0,1.E0),.UNSPECIFIED.);
#7009=EDGE_CURVE('',#6986,#6987,#6855,.T.);
#7011=EDGE_CURVE('',#6986,#6982,#6862,.T.);
#7013=EDGE_CURVE('',#6982,#6983,#6926,.T.);
#7015=EDGE_CURVE('',#6987,#6983,#6905,.T.);
#7033=EDGE_CURVE('',#6987,#6991,#6898,.T.);
#7035=EDGE_CURVE('',#6991,#6989,#6869,.T.);
#7037=EDGE_CURVE('',#6989,#6986,#6947,.T.);
#7047=EDGE_CURVE('',#6995,#7001,#6876,.T.);
#7049=EDGE_CURVE('',#7003,#7001,#6883,.T.);
#7051=EDGE_CURVE('',#6991,#7003,#6891,.T.);
#7055=EDGE_CURVE('',#6983,#6995,#6919,.T.);
#7065=EDGE_CURVE('',#6994,#6995,#6912,.T.);
#7067=EDGE_CURVE('',#6994,#6997,#6940,.T.);
#7069=EDGE_CURVE('',#6997,#7001,#6976,.T.);
#7083=EDGE_CURVE('',#6994,#6982,#6933,.T.);
#7097=EDGE_CURVE('',#6989,#6999,#6955,.T.);
#7099=EDGE_CURVE('',#6999,#6997,#6962,.T.);
#7109=EDGE_CURVE('',#7003,#6999,#6969,.T.);
#7177=B_SPLINE_CURVE_WITH_KNOTS('',3,(#7173,#7174,#7175,#7176),.UNSPECIFIED.,
.F.,.F.,(4,4),(0.E0,1.E0),.UNSPECIFIED.);
#7241=B_SPLINE_CURVE_WITH_KNOTS('',3,(#7237,#7238,#7239,#7240),.UNSPECIFIED.,
.F.,.F.,(4,4),(0.E0,1.E0),.UNSPECIFIED.);
#7295=EDGE_CURVE('',#7272,#7273,#7141,.T.);
#7297=EDGE_CURVE('',#7272,#7268,#7148,.T.);
#7299=EDGE_CURVE('',#7268,#7269,#7212,.T.);
#7301=EDGE_CURVE('',#7273,#7269,#7191,.T.);
#7319=EDGE_CURVE('',#7273,#7277,#7184,.T.);
#7321=EDGE_CURVE('',#7277,#7275,#7155,.T.);
#7323=EDGE_CURVE('',#7275,#7272,#7233,.T.);
#7333=EDGE_CURVE('',#7281,#7287,#7162,.T.);
#7335=EDGE_CURVE('',#7289,#7287,#7169,.T.);
#7337=EDGE_CURVE('',#7277,#7289,#7177,.T.);
#7341=EDGE_CURVE('',#7269,#7281,#7205,.T.);
#7351=EDGE_CURVE('',#7280,#7281,#7198,.T.);
#7353=EDGE_CURVE('',#7280,#7283,#7226,.T.);
#7355=EDGE_CURVE('',#7283,#7287,#7262,.T.);
#7369=EDGE_CURVE('',#7280,#7268,#7219,.T.);
#7383=EDGE_CURVE('',#7275,#7285,#7241,.T.);
#7385=EDGE_CURVE('',#7285,#7283,#7248,.T.);
#7395=EDGE_CURVE('',#7289,#7285,#7255,.T.);
#7456=B_SPLINE_CURVE_WITH_KNOTS('',3,(#7452,#7453,#7454,#7455),.UNSPECIFIED.,
.F.,.F.,(4,4),(0.E0,1.E0),.UNSPECIFIED.);
#7513=B_SPLINE_CURVE_WITH_KNOTS('',3,(#7509,#7510,#7511,#7512),.UNSPECIFIED.,
.F.,.F.,(4,4),(0.E0,1.E0),.UNSPECIFIED.);
#7581=EDGE_CURVE('',#7558,#7559,#7427,.T.);
#7583=EDGE_CURVE('',#7558,#7554,#7434,.T.);
#7585=EDGE_CURVE('',#7554,#7555,#7534,.T.);
#7587=EDGE_CURVE('',#7559,#7555,#7470,.T.);
#7605=EDGE_CURVE('',#7559,#7563,#7463,.T.);
#7607=EDGE_CURVE('',#7563,#7561,#7441,.T.);
#7609=EDGE_CURVE('',#7561,#7558,#7505,.T.);
#7619=EDGE_CURVE('',#7574,#7575,#7448,.T.);
#7621=EDGE_CURVE('',#7563,#7574,#7456,.T.);
#7625=EDGE_CURVE('',#7555,#7567,#7527,.T.);
#7627=EDGE_CURVE('',#7567,#7575,#7477,.T.);
#7637=EDGE_CURVE('',#7570,#7571,#7491,.T.);
#7639=EDGE_CURVE('',#7574,#7570,#7548,.T.);
#7642=EDGE_CURVE('',#7575,#7571,#7484,.T.);
#7653=EDGE_CURVE('',#7566,#7571,#7498,.T.);
#7655=EDGE_CURVE('',#7566,#7554,#7541,.T.);
#7659=EDGE_CURVE('',#7561,#7570,#7513,.T.);
#7669=EDGE_CURVE('',#7566,#7567,#7520,.T.);
#7742=B_SPLINE_CURVE_WITH_KNOTS('',3,(#7738,#7739,#7740,#7741),.UNSPECIFIED.,
.F.,.F.,(4,4),(0.E0,1.E0),.UNSPECIFIED.);
#7799=B_SPLINE_CURVE_WITH_KNOTS('',3,(#7795,#7796,#7797,#7798),.UNSPECIFIED.,
.F.,.F.,(4,4),(0.E0,1.E0),.UNSPECIFIED.);
#7867=EDGE_CURVE('',#7844,#7845,#7713,.T.);
#7869=EDGE_CURVE('',#7844,#7840,#7720,.T.);
#7871=EDGE_CURVE('',#7840,#7841,#7820,.T.);
#7873=EDGE_CURVE('',#7845,#7841,#7756,.T.);
#7891=EDGE_CURVE('',#7845,#7849,#7749,.T.);
#7893=EDGE_CURVE('',#7849,#7847,#7727,.T.);
#7895=EDGE_CURVE('',#7847,#7844,#7791,.T.);
#7905=EDGE_CURVE('',#7860,#7861,#7734,.T.);
#7907=EDGE_CURVE('',#7849,#7860,#7742,.T.);
#7911=EDGE_CURVE('',#7841,#7853,#7813,.T.);
#7913=EDGE_CURVE('',#7853,#7861,#7763,.T.);
#7923=EDGE_CURVE('',#7856,#7857,#7777,.T.);
#7925=EDGE_CURVE('',#7860,#7856,#7834,.T.);
#7928=EDGE_CURVE('',#7861,#7857,#7770,.T.);
#7939=EDGE_CURVE('',#7852,#7857,#7784,.T.);
#7941=EDGE_CURVE('',#7852,#7840,#7827,.T.);
#7945=EDGE_CURVE('',#7847,#7856,#7799,.T.);
#7955=EDGE_CURVE('',#7852,#7853,#7806,.T.);
#8035=B_SPLINE_CURVE_WITH_KNOTS('',3,(#8031,#8032,#8033,#8034),.UNSPECIFIED.,
.F.,.F.,(4,4),(0.E0,1.E0),.UNSPECIFIED.);
#8106=B_SPLINE_CURVE_WITH_KNOTS('',3,(#8102,#8103,#8104,#8105),.UNSPECIFIED.,
.F.,.F.,(4,4),(0.E0,1.E0),.UNSPECIFIED.);
#8153=EDGE_CURVE('',#8130,#8131,#7999,.T.);
#8155=EDGE_CURVE('',#8130,#8127,#8091,.T.);
#8157=EDGE_CURVE('',#8126,#8127,#8070,.T.);
#8159=EDGE_CURVE('',#8131,#8126,#8006,.T.);
#8177=EDGE_CURVE('',#8133,#8131,#8042,.T.);
#8179=EDGE_CURVE('',#8133,#8135,#8013,.T.);
#8181=EDGE_CURVE('',#8130,#8135,#8098,.T.);
#8191=EDGE_CURVE('',#8138,#8141,#8020,.T.);
#8193=EDGE_CURVE('',#8143,#8141,#8027,.T.);
#8195=EDGE_CURVE('',#8133,#8143,#8035,.T.);
#8199=EDGE_CURVE('',#8138,#8126,#8063,.T.);
#8209=EDGE_CURVE('',#8138,#8139,#8056,.T.);
#8211=EDGE_CURVE('',#8139,#8145,#8084,.T.);
#8213=EDGE_CURVE('',#8141,#8145,#8049,.T.);
#8227=EDGE_CURVE('',#8127,#8139,#8077,.T.);
#8241=EDGE_CURVE('',#8135,#8147,#8106,.T.);
#8243=EDGE_CURVE('',#8147,#8145,#8113,.T.);
#8253=EDGE_CURVE('',#8143,#8147,#8120,.T.);
#8321=B_SPLINE_CURVE_WITH_KNOTS('',3,(#8317,#8318,#8319,#8320),.UNSPECIFIED.,
.F.,.F.,(4,4),(0.E0,1.E0),.UNSPECIFIED.);
#8392=B_SPLINE_CURVE_WITH_KNOTS('',3,(#8388,#8389,#8390,#8391),.UNSPECIFIED.,
.F.,.F.,(4,4),(0.E0,1.E0),.UNSPECIFIED.);
#8439=EDGE_CURVE('',#8416,#8417,#8285,.T.);
#8441=EDGE_CURVE('',#8416,#8413,#8377,.T.);
#8443=EDGE_CURVE('',#8412,#8413,#8356,.T.);
#8445=EDGE_CURVE('',#8417,#8412,#8292,.T.);
#8463=EDGE_CURVE('',#8419,#8417,#8328,.T.);
#8465=EDGE_CURVE('',#8419,#8421,#8299,.T.);
#8467=EDGE_CURVE('',#8416,#8421,#8384,.T.);
#8477=EDGE_CURVE('',#8424,#8427,#8306,.T.);
#8479=EDGE_CURVE('',#8429,#8427,#8313,.T.);
#8481=EDGE_CURVE('',#8419,#8429,#8321,.T.);
#8485=EDGE_CURVE('',#8424,#8412,#8349,.T.);
#8495=EDGE_CURVE('',#8424,#8425,#8342,.T.);
#8497=EDGE_CURVE('',#8425,#8431,#8370,.T.);
#8499=EDGE_CURVE('',#8427,#8431,#8335,.T.);
#8513=EDGE_CURVE('',#8413,#8425,#8363,.T.);
#8527=EDGE_CURVE('',#8421,#8433,#8392,.T.);
#8529=EDGE_CURVE('',#8433,#8431,#8399,.T.);
#8539=EDGE_CURVE('',#8429,#8433,#8406,.T.);
#8607=B_SPLINE_CURVE_WITH_KNOTS('',3,(#8603,#8604,#8605,#8606),.UNSPECIFIED.,
.F.,.F.,(4,4),(0.E0,1.E0),.UNSPECIFIED.);
#8678=B_SPLINE_CURVE_WITH_KNOTS('',3,(#8674,#8675,#8676,#8677),.UNSPECIFIED.,
.F.,.F.,(4,4),(0.E0,1.E0),.UNSPECIFIED.);
#8725=EDGE_CURVE('',#8702,#8703,#8571,.T.);
#8727=EDGE_CURVE('',#8702,#8699,#8663,.T.);
#8729=EDGE_CURVE('',#8698,#8699,#8642,.T.);
#8731=EDGE_CURVE('',#8703,#8698,#8578,.T.);
#8749=EDGE_CURVE('',#8705,#8703,#8614,.T.);
#8751=EDGE_CURVE('',#8705,#8707,#8585,.T.);
#8753=EDGE_CURVE('',#8702,#8707,#8670,.T.);
#8763=EDGE_CURVE('',#8710,#8713,#8592,.T.);
#8765=EDGE_CURVE('',#8715,#8713,#8599,.T.);
#8767=EDGE_CURVE('',#8705,#8715,#8607,.T.);
#8771=EDGE_CURVE('',#8710,#8698,#8635,.T.);
#8781=EDGE_CURVE('',#8710,#8711,#8628,.T.);
#8783=EDGE_CURVE('',#8711,#8717,#8656,.T.);
#8785=EDGE_CURVE('',#8713,#8717,#8621,.T.);
#8799=EDGE_CURVE('',#8699,#8711,#8649,.T.);
#8813=EDGE_CURVE('',#8707,#8719,#8678,.T.);
#8815=EDGE_CURVE('',#8719,#8717,#8685,.T.);
#8825=EDGE_CURVE('',#8715,#8719,#8692,.T.);
#8893=B_SPLINE_CURVE_WITH_KNOTS('',3,(#8889,#8890,#8891,#8892),.UNSPECIFIED.,
.F.,.F.,(4,4),(0.E0,1.E0),.UNSPECIFIED.);
#8964=B_SPLINE_CURVE_WITH_KNOTS('',3,(#8960,#8961,#8962,#8963),.UNSPECIFIED.,
.F.,.F.,(4,4),(0.E0,1.E0),.UNSPECIFIED.);
#9011=EDGE_CURVE('',#8988,#8989,#8857,.T.);
#9013=EDGE_CURVE('',#8988,#8985,#8949,.T.);
#9015=EDGE_CURVE('',#8984,#8985,#8928,.T.);
#9017=EDGE_CURVE('',#8989,#8984,#8864,.T.);
#9035=EDGE_CURVE('',#8991,#8989,#8900,.T.);
#9037=EDGE_CURVE('',#8991,#8993,#8871,.T.);
#9039=EDGE_CURVE('',#8988,#8993,#8956,.T.);
#9049=EDGE_CURVE('',#8996,#8999,#8878,.T.);
#9051=EDGE_CURVE('',#9001,#8999,#8885,.T.);
#9053=EDGE_CURVE('',#8991,#9001,#8893,.T.);
#9057=EDGE_CURVE('',#8996,#8984,#8921,.T.);
#9067=EDGE_CURVE('',#8996,#8997,#8914,.T.);
#9069=EDGE_CURVE('',#8997,#9003,#8942,.T.);
#9071=EDGE_CURVE('',#8999,#9003,#8907,.T.);
#9085=EDGE_CURVE('',#8985,#8997,#8935,.T.);
#9099=EDGE_CURVE('',#8993,#9005,#8964,.T.);
#9101=EDGE_CURVE('',#9005,#9003,#8971,.T.);
#9111=EDGE_CURVE('',#9001,#9005,#8978,.T.);
#9172=B_SPLINE_CURVE_WITH_KNOTS('',3,(#9168,#9169,#9170,#9171),.UNSPECIFIED.,
.F.,.F.,(4,4),(0.E0,1.E0),.UNSPECIFIED.);
#9257=B_SPLINE_CURVE_WITH_KNOTS('',3,(#9253,#9254,#9255,#9256),.UNSPECIFIED.,
.F.,.F.,(4,4),(0.E0,1.E0),.UNSPECIFIED.);
#9297=EDGE_CURVE('',#9274,#9275,#9143,.T.);
#9299=EDGE_CURVE('',#9274,#9271,#9242,.T.);
#9301=EDGE_CURVE('',#9270,#9271,#9214,.T.);
#9303=EDGE_CURVE('',#9275,#9270,#9150,.T.);
#9321=EDGE_CURVE('',#9277,#9275,#9179,.T.);
#9323=EDGE_CURVE('',#9277,#9279,#9157,.T.);
#9325=EDGE_CURVE('',#9274,#9279,#9249,.T.);
#9335=EDGE_CURVE('',#9286,#9287,#9164,.T.);
#9337=EDGE_CURVE('',#9277,#9286,#9172,.T.);
#9341=EDGE_CURVE('',#9282,#9270,#9207,.T.);
#9343=EDGE_CURVE('',#9282,#9287,#9186,.T.);
#9354=EDGE_CURVE('',#9291,#9287,#9193,.T.);
#9356=EDGE_CURVE('',#9290,#9291,#9228,.T.);
#9358=EDGE_CURVE('',#9286,#9290,#9264,.T.);
#9368=EDGE_CURVE('',#9282,#9283,#9200,.T.);
#9370=EDGE_CURVE('',#9283,#9291,#9235,.T.);
#9385=EDGE_CURVE('',#9271,#9283,#9221,.T.);
#9400=EDGE_CURVE('',#9279,#9290,#9257,.T.);
#9458=B_SPLINE_CURVE_WITH_KNOTS('',3,(#9454,#9455,#9456,#9457),.UNSPECIFIED.,
.F.,.F.,(4,4),(0.E0,1.E0),.UNSPECIFIED.);
#9543=B_SPLINE_CURVE_WITH_KNOTS('',3,(#9539,#9540,#9541,#9542),.UNSPECIFIED.,
.F.,.F.,(4,4),(0.E0,1.E0),.UNSPECIFIED.);
#9583=EDGE_CURVE('',#9560,#9561,#9429,.T.);
#9585=EDGE_CURVE('',#9560,#9557,#9528,.T.);
#9587=EDGE_CURVE('',#9556,#9557,#9500,.T.);
#9589=EDGE_CURVE('',#9561,#9556,#9436,.T.);
#9607=EDGE_CURVE('',#9563,#9561,#9465,.T.);
#9609=EDGE_CURVE('',#9563,#9565,#9443,.T.);
#9611=EDGE_CURVE('',#9560,#9565,#9535,.T.);
#9621=EDGE_CURVE('',#9572,#9573,#9450,.T.);
#9623=EDGE_CURVE('',#9563,#9572,#9458,.T.);
#9627=EDGE_CURVE('',#9568,#9556,#9493,.T.);
#9629=EDGE_CURVE('',#9568,#9573,#9472,.T.);
#9640=EDGE_CURVE('',#9577,#9573,#9479,.T.);
#9642=EDGE_CURVE('',#9576,#9577,#9514,.T.);
#9644=EDGE_CURVE('',#9572,#9576,#9550,.T.);
#9654=EDGE_CURVE('',#9568,#9569,#9486,.T.);
#9656=EDGE_CURVE('',#9569,#9577,#9521,.T.);
#9671=EDGE_CURVE('',#9557,#9569,#9507,.T.);
#9686=EDGE_CURVE('',#9565,#9576,#9543,.T.);
#9744=B_SPLINE_CURVE_WITH_KNOTS('',3,(#9740,#9741,#9742,#9743),.UNSPECIFIED.,
.F.,.F.,(4,4),(0.E0,1.E0),.UNSPECIFIED.);
#9829=B_SPLINE_CURVE_WITH_KNOTS('',3,(#9825,#9826,#9827,#9828),.UNSPECIFIED.,
.F.,.F.,(4,4),(0.E0,1.E0),.UNSPECIFIED.);
#9869=EDGE_CURVE('',#9846,#9847,#9715,.T.);
#9871=EDGE_CURVE('',#9846,#9843,#9814,.T.);
#9873=EDGE_CURVE('',#9842,#9843,#9786,.T.);
#9875=EDGE_CURVE('',#9847,#9842,#9722,.T.);
#9893=EDGE_CURVE('',#9849,#9847,#9751,.T.);
#9895=EDGE_CURVE('',#9849,#9851,#9729,.T.);
#9897=EDGE_CURVE('',#9846,#9851,#9821,.T.);
#9907=EDGE_CURVE('',#9858,#9859,#9736,.T.);
#9909=EDGE_CURVE('',#9849,#9858,#9744,.T.);
#9913=EDGE_CURVE('',#9854,#9842,#9779,.T.);
#9915=EDGE_CURVE('',#9854,#9859,#9758,.T.);
#9926=EDGE_CURVE('',#9863,#9859,#9765,.T.);
#9928=EDGE_CURVE('',#9862,#9863,#9800,.T.);
#9930=EDGE_CURVE('',#9858,#9862,#9836,.T.);
#9940=EDGE_CURVE('',#9854,#9855,#9772,.T.);
#9942=EDGE_CURVE('',#9855,#9863,#9807,.T.);
#9957=EDGE_CURVE('',#9843,#9855,#9793,.T.);
#9972=EDGE_CURVE('',#9851,#9862,#9829,.T.);
#10030=B_SPLINE_CURVE_WITH_KNOTS('',3,(#10026,#10027,#10028,#10029),
.UNSPECIFIED.,.F.,.F.,(4,4),(0.E0,1.E0),.UNSPECIFIED.);
#10087=B_SPLINE_CURVE_WITH_KNOTS('',3,(#10083,#10084,#10085,#10086),
.UNSPECIFIED.,.F.,.F.,(4,4),(0.E0,1.E0),.UNSPECIFIED.);
#10155=EDGE_CURVE('',#10132,#10133,#10001,.T.);
#10157=EDGE_CURVE('',#10132,#10128,#10008,.T.);
#10159=EDGE_CURVE('',#10128,#10129,#10108,.T.);
#10161=EDGE_CURVE('',#10133,#10129,#10044,.T.);
#10179=EDGE_CURVE('',#10133,#10137,#10037,.T.);
#10181=EDGE_CURVE('',#10137,#10135,#10015,.T.);
#10183=EDGE_CURVE('',#10135,#10132,#10079,.T.);
#10193=EDGE_CURVE('',#10148,#10149,#10022,.T.);
#10195=EDGE_CURVE('',#10137,#10148,#10030,.T.);
#10199=EDGE_CURVE('',#10129,#10141,#10101,.T.);
#10201=EDGE_CURVE('',#10141,#10149,#10051,.T.);
#10211=EDGE_CURVE('',#10144,#10145,#10065,.T.);
#10213=EDGE_CURVE('',#10148,#10144,#10122,.T.);
#10216=EDGE_CURVE('',#10149,#10145,#10058,.T.);
#10227=EDGE_CURVE('',#10140,#10145,#10072,.T.);
#10229=EDGE_CURVE('',#10140,#10128,#10115,.T.);
#10233=EDGE_CURVE('',#10135,#10144,#10087,.T.);
#10243=EDGE_CURVE('',#10140,#10141,#10094,.T.);
#10316=B_SPLINE_CURVE_WITH_KNOTS('',3,(#10312,#10313,#10314,#10315),
.UNSPECIFIED.,.F.,.F.,(4,4),(0.E0,1.E0),.UNSPECIFIED.);
#10401=B_SPLINE_CURVE_WITH_KNOTS('',3,(#10397,#10398,#10399,#10400),
.UNSPECIFIED.,.F.,.F.,(4,4),(0.E0,1.E0),.UNSPECIFIED.);
#10441=EDGE_CURVE('',#10418,#10419,#10287,.T.);
#10443=EDGE_CURVE('',#10418,#10415,#10386,.T.);
#10445=EDGE_CURVE('',#10414,#10415,#10358,.T.);
#10447=EDGE_CURVE('',#10419,#10414,#10294,.T.);
#10465=EDGE_CURVE('',#10421,#10419,#10323,.T.);
#10467=EDGE_CURVE('',#10421,#10423,#10301,.T.);
#10469=EDGE_CURVE('',#10418,#10423,#10393,.T.);
#10479=EDGE_CURVE('',#10430,#10431,#10308,.T.);
#10481=EDGE_CURVE('',#10421,#10430,#10316,.T.);
#10485=EDGE_CURVE('',#10426,#10414,#10351,.T.);
#10487=EDGE_CURVE('',#10426,#10431,#10330,.T.);
#10498=EDGE_CURVE('',#10435,#10431,#10337,.T.);
#10500=EDGE_CURVE('',#10434,#10435,#10372,.T.);
#10502=EDGE_CURVE('',#10430,#10434,#10408,.T.);
#10512=EDGE_CURVE('',#10426,#10427,#10344,.T.);
#10514=EDGE_CURVE('',#10427,#10435,#10379,.T.);
#10529=EDGE_CURVE('',#10415,#10427,#10365,.T.);
#10544=EDGE_CURVE('',#10423,#10434,#10401,.T.);
#10675=EDGE_CURVE('',#10668,#10669,#10573,.T.);
#10677=EDGE_CURVE('',#10668,#10660,#10580,.T.);
#10679=EDGE_CURVE('',#10660,#10661,#10587,.T.);
#10681=EDGE_CURVE('',#10661,#10669,#10594,.T.);
#10691=EDGE_CURVE('',#10664,#10665,#10601,.T.);
#10693=EDGE_CURVE('',#10665,#10668,#10643,.T.);
#10696=EDGE_CURVE('',#10664,#10669,#10622,.T.);
#10707=EDGE_CURVE('',#10656,#10664,#10636,.T.);
#10709=EDGE_CURVE('',#10656,#10657,#10608,.T.);
#10711=EDGE_CURVE('',#10665,#10657,#10615,.T.);
#10723=EDGE_CURVE('',#10656,#10661,#10629,.T.);
#10736=EDGE_CURVE('',#10657,#10660,#10650,.T.);
#10868=EDGE_CURVE('',#10861,#10862,#10766,.T.);
#10870=EDGE_CURVE('',#10854,#10862,#10773,.T.);
#10872=EDGE_CURVE('',#10853,#10854,#10780,.T.);
#10874=EDGE_CURVE('',#10861,#10853,#10787,.T.);
#10884=EDGE_CURVE('',#10857,#10858,#10794,.T.);
#10886=EDGE_CURVE('',#10858,#10862,#10829,.T.);
#10889=EDGE_CURVE('',#10857,#10861,#10815,.T.);
#10900=EDGE_CURVE('',#10857,#10849,#10801,.T.);
#10902=EDGE_CURVE('',#10849,#10850,#10808,.T.);
#10904=EDGE_CURVE('',#10858,#10850,#10836,.T.);
#10916=EDGE_CURVE('',#10849,#10853,#10822,.T.);
#10929=EDGE_CURVE('',#10850,#10854,#10843,.T.);
#11061=EDGE_CURVE('',#11054,#11055,#10959,.T.);
#11063=EDGE_CURVE('',#11046,#11054,#10966,.T.);
#11065=EDGE_CURVE('',#11046,#11047,#10973,.T.);
#11067=EDGE_CURVE('',#11055,#11047,#10980,.T.);
#11077=EDGE_CURVE('',#11050,#11051,#10987,.T.);
#11079=EDGE_CURVE('',#11051,#11054,#11029,.T.);
#11082=EDGE_CURVE('',#11050,#11055,#11008,.T.);
#11093=EDGE_CURVE('',#11042,#11050,#11022,.T.);
#11095=EDGE_CURVE('',#11042,#11043,#10994,.T.);
#11097=EDGE_CURVE('',#11043,#11051,#11001,.T.);
#11109=EDGE_CURVE('',#11042,#11047,#11015,.T.);
#11122=EDGE_CURVE('',#11043,#11046,#11036,.T.);
#11254=EDGE_CURVE('',#11247,#11248,#11152,.T.);
#11256=EDGE_CURVE('',#11248,#11240,#11159,.T.);
#11258=EDGE_CURVE('',#11239,#11240,#11166,.T.);
#11260=EDGE_CURVE('',#11239,#11247,#11173,.T.);
#11270=EDGE_CURVE('',#11243,#11244,#11180,.T.);
#11272=EDGE_CURVE('',#11244,#11248,#11215,.T.);
#11275=EDGE_CURVE('',#11243,#11247,#11201,.T.);
#11286=EDGE_CURVE('',#11235,#11243,#11187,.T.);
#11288=EDGE_CURVE('',#11235,#11236,#11194,.T.);
#11290=EDGE_CURVE('',#11244,#11236,#11222,.T.);
#11302=EDGE_CURVE('',#11235,#11239,#11208,.T.);
#11315=EDGE_CURVE('',#11236,#11240,#11229,.T.);
#11447=EDGE_CURVE('',#11440,#11441,#11345,.T.);
#11449=EDGE_CURVE('',#11440,#11432,#11352,.T.);
#11451=EDGE_CURVE('',#11432,#11433,#11359,.T.);
#11453=EDGE_CURVE('',#11433,#11441,#11366,.T.);
#11463=EDGE_CURVE('',#11436,#11437,#11373,.T.);
#11465=EDGE_CURVE('',#11436,#11440,#11415,.T.);
#11468=EDGE_CURVE('',#11437,#11441,#11394,.T.);
#11479=EDGE_CURVE('',#11428,#11437,#11408,.T.);
#11481=EDGE_CURVE('',#11428,#11429,#11380,.T.);
#11483=EDGE_CURVE('',#11436,#11429,#11387,.T.);
#11495=EDGE_CURVE('',#11428,#11433,#11401,.T.);
#11508=EDGE_CURVE('',#11429,#11432,#11422,.T.);
#11640=EDGE_CURVE('',#11633,#11634,#11538,.T.);
#11642=EDGE_CURVE('',#11626,#11634,#11545,.T.);
#11644=EDGE_CURVE('',#11625,#11626,#11552,.T.);
#11646=EDGE_CURVE('',#11633,#11625,#11559,.T.);
#11656=EDGE_CURVE('',#11629,#11630,#11566,.T.);
#11658=EDGE_CURVE('',#11629,#11634,#11601,.T.);
#11661=EDGE_CURVE('',#11630,#11633,#11587,.T.);
#11672=EDGE_CURVE('',#11630,#11621,#11573,.T.);
#11674=EDGE_CURVE('',#11621,#11622,#11580,.T.);
#11676=EDGE_CURVE('',#11629,#11622,#11608,.T.);
#11688=EDGE_CURVE('',#11621,#11625,#11594,.T.);
#11701=EDGE_CURVE('',#11622,#11626,#11615,.T.);
#11833=EDGE_CURVE('',#11826,#11827,#11731,.T.);
#11835=EDGE_CURVE('',#11818,#11826,#11738,.T.);
#11837=EDGE_CURVE('',#11818,#11819,#11745,.T.);
#11839=EDGE_CURVE('',#11827,#11819,#11752,.T.);
#11849=EDGE_CURVE('',#11822,#11823,#11759,.T.);
#11851=EDGE_CURVE('',#11822,#11826,#11801,.T.);
#11854=EDGE_CURVE('',#11823,#11827,#11780,.T.);
#11865=EDGE_CURVE('',#11814,#11823,#11794,.T.);
#11867=EDGE_CURVE('',#11814,#11815,#11766,.T.);
#11869=EDGE_CURVE('',#11815,#11822,#11773,.T.);
#11881=EDGE_CURVE('',#11814,#11819,#11787,.T.);
#11894=EDGE_CURVE('',#11815,#11818,#11808,.T.);
#12026=EDGE_CURVE('',#12019,#12020,#11924,.T.);
#12028=EDGE_CURVE('',#12020,#12012,#11931,.T.);
#12030=EDGE_CURVE('',#12011,#12012,#11938,.T.);
#12032=EDGE_CURVE('',#12011,#12019,#11945,.T.);
#12042=EDGE_CURVE('',#12015,#12016,#11952,.T.);
#12044=EDGE_CURVE('',#12015,#12020,#11987,.T.);
#12047=EDGE_CURVE('',#12016,#12019,#11973,.T.);
#12058=EDGE_CURVE('',#12007,#12016,#11959,.T.);
#12060=EDGE_CURVE('',#12007,#12008,#11966,.T.);
#12062=EDGE_CURVE('',#12015,#12008,#11994,.T.);
#12074=EDGE_CURVE('',#12007,#12011,#11980,.T.);
#12087=EDGE_CURVE('',#12008,#12012,#12001,.T.);
#12133=B_SPLINE_CURVE_WITH_KNOTS('',3,(#12128,#12129,#12130,#12131,#12132),
.UNSPECIFIED.,.F.,.F.,(4,1,4),(0.E0,5.E-1,1.E0),.UNSPECIFIED.);
#12184=B_SPLINE_CURVE_WITH_KNOTS('',3,(#12179,#12180,#12181,#12182,#12183),
.UNSPECIFIED.,.F.,.F.,(4,1,4),(0.E0,5.E-1,1.E0),.UNSPECIFIED.);
#12193=B_SPLINE_CURVE_WITH_KNOTS('',3,(#12188,#12189,#12190,#12191,#12192),
.UNSPECIFIED.,.F.,.F.,(4,1,4),(0.E0,5.E-1,1.E0),.UNSPECIFIED.);
#12209=B_SPLINE_CURVE_WITH_KNOTS('',3,(#12204,#12205,#12206,#12207,#12208),
.UNSPECIFIED.,.F.,.F.,(4,1,4),(0.E0,5.E-1,1.E0),.UNSPECIFIED.);
#12225=B_SPLINE_CURVE_WITH_KNOTS('',3,(#12220,#12221,#12222,#12223,#12224),
.UNSPECIFIED.,.F.,.F.,(4,1,4),(0.E0,5.E-1,1.E0),.UNSPECIFIED.);
#12254=EDGE_CURVE('',#12241,#12242,#12117,.T.);
#12256=EDGE_CURVE('',#12241,#12231,#12193,.T.);
#12258=EDGE_CURVE('',#12231,#12232,#12140,.T.);
#12260=EDGE_CURVE('',#12242,#12232,#12133,.T.);
#12271=EDGE_CURVE('',#12242,#12244,#12124,.T.);
#12273=EDGE_CURVE('',#12244,#12246,#12216,.T.);
#12275=EDGE_CURVE('',#12246,#12248,#12200,.T.);
#12277=EDGE_CURVE('',#12248,#12241,#12175,.T.);
#12289=EDGE_CURVE('',#12232,#12234,#12168,.T.);
#12291=EDGE_CURVE('',#12244,#12234,#12225,.T.);
#12302=EDGE_CURVE('',#12238,#12231,#12147,.T.);
#12304=EDGE_CURVE('',#12236,#12238,#12154,.T.);
#12306=EDGE_CURVE('',#12234,#12236,#12161,.T.);
#12325=EDGE_CURVE('',#12248,#12238,#12184,.T.);
#12338=EDGE_CURVE('',#12246,#12236,#12209,.T.);
#12365=(LENGTH_UNIT()NAMED_UNIT(*)SI_UNIT(.MILLI.,.METRE.));
#12367=(NAMED_UNIT(*)PLANE_ANGLE_UNIT()SI_UNIT($,.RADIAN.));
#12370=(NAMED_UNIT(*)SI_UNIT($,.STERADIAN.)SOLID_ANGLE_UNIT());
#12376=AXIS2_PLACEMENT_3D('',#12373,#12374,#12375);
#12377=ADVANCED_BREP_SHAPE_REPRESENTATION('',(#12376,#6272,#6558,#6844,#7130,
#7416,#7702,#7988,#8274,#8560,#8846,#9132,#9418,#9704,#9990,#10276,#10562,
#10755,#10948,#11141,#11334,#11527,#11720,#11913,#12106,#12358),#12372);
#12381=PRODUCT_DEFINITION('part definition','',#12380,#5969);
#12382=PRODUCT_DEFINITION_SHAPE('','SHAPE FOR FRAME_SQB16A.',#12381);
#12383=SHAPE_DEFINITION_REPRESENTATION(#12382,#12377);
#12384=NEXT_ASSEMBLY_USAGE_OCCURRENCE('27','Next assembly relationship',
'FRAME_SQB16A',#12410,#12381,$);
#12385=PRODUCT_DEFINITION_SHAPE('Placement #27',
'Placement of FRAME_SQB16A with respect to SQB16A_ASM',#12384);
#12393=(LENGTH_UNIT()NAMED_UNIT(*)SI_UNIT(.MILLI.,.METRE.));
#12395=(NAMED_UNIT(*)PLANE_ANGLE_UNIT()SI_UNIT($,.RADIAN.));
#12398=(NAMED_UNIT(*)SI_UNIT($,.STERADIAN.)SOLID_ANGLE_UNIT());
#12404=AXIS2_PLACEMENT_3D('',#12401,#12402,#12403);
#12410=PRODUCT_DEFINITION('part definition','',#12409,#12406);
ENDSEC;
END-ISO-10303-21;
