ISO-10303-21;
HEADER;
FILE_DESCRIPTION((''),'2;1');
FILE_NAME('SQA24B_ASM','2012-02-09T',('CKXSSC'),(''),
'PRO/ENGINEER BY PARAMETRIC TECHNOLOGY CORPORATION, 2011220',
'PRO/ENGINEER BY PARAMETRIC TECHNOLOGY CORPORATION, 2011220','');
FILE_SCHEMA(('AUTOMOTIVE_DESIGN_CC2 { 1 2 10303 214 -1 1 5 2 }'));
ENDSEC;
DATA;
#1=COLOUR_RGB('',0.E0,4.3E-1,1.E0);
#2=COLOUR_RGB('',0.E0,6.6E-1,0.E0);
#3=COLOUR_RGB('',1.1E-2,1.2E-2,1.E0);
#4=COLOUR_RGB('',1.1E-1,1.1E-1,1.1E-1);
#5=COLOUR_RGB('',1.29412E-1,5.E-2,1.E-1);
#6=COLOUR_RGB('',1.80392E-1,2.7451E-1,9.8039E-2);
#7=COLOUR_RGB('',2.54902E-1,5.4902E-1,0.E0);
#8=COLOUR_RGB('',2.7451E-1,2.7451E-1,2.7451E-1);
#9=COLOUR_RGB('',3.E-1,1.29412E-1,2.5098E-1);
#10=COLOUR_RGB('',3.13725E-1,3.13725E-1,3.13725E-1);
#11=COLOUR_RGB('',3.45098E-1,1.33333E-1,7.8431E-2);
#12=COLOUR_RGB('',3.5E-1,3.5E-1,3.5E-1);
#13=COLOUR_RGB('',3.52941E-1,3.52941E-1,3.52941E-1);
#14=COLOUR_RGB('',3.72549E-1,3.72549E-1,3.72549E-1);
#15=COLOUR_RGB('',3.92157E-1,3.56863E-1,3.52941E-1);
#16=COLOUR_RGB('',3.92157E-1,3.92157E-1,3.92157E-1);
#17=COLOUR_RGB('',3.92E-1,4.35294E-1,4.86275E-1);
#18=COLOUR_RGB('',4.1E-1,0.E0,2.2E-1);
#19=COLOUR_RGB('',4.31373E-1,4.31373E-1,4.31373E-1);
#20=COLOUR_RGB('',5.09804E-1,3.92157E-1,2.54902E-1);
#21=COLOUR_RGB('',5.09804E-1,3.96078E-1,1.05882E-1);
#22=COLOUR_RGB('',5.09804E-1,4.90196E-1,4.66667E-1);
#23=COLOUR_RGB('',5.7E-1,0.E0,1.E0);
#24=COLOUR_RGB('',5.9E-1,3.E-1,0.E0);
#25=COLOUR_RGB('',6.E-1,6.E-1,6.E-1);
#26=COLOUR_RGB('',6.9E-1,0.E0,0.E0);
#27=COLOUR_RGB('',7.E-1,7.E-1,7.E-1);
#28=COLOUR_RGB('',8.27451E-1,3.29412E-1,7.0588E-2);
#29=COLOUR_RGB('',8.39216E-1,8.90196E-1,7.68627E-1);
#30=COLOUR_RGB('',8.784E-1,9.49E-1,1.E0);
#31=COLOUR_RGB('',8.9E-1,9.2E-1,9.4E-1);
#32=COLOUR_RGB('',9.6E-1,9.6E-1,9.6E-1);
#33=COLOUR_RGB('',9.8E-1,6.27E-1,0.E0);
#34=COLOUR_RGB('',9.80392E-1,9.80392E-1,9.80392E-1);
#35=COLOUR_RGB('',9.9E-1,1.E0,0.E0);
#36=COLOUR_RGB('',1.E0,5.E-1,0.E0);
#37=COLOUR_RGB('',1.E0,7.17647E-1,0.E0);
#38=COLOUR_RGB('',1.E0,7.84314E-1,0.E0);
#39=COLOUR_RGB('',1.E0,1.E0,9.49E-1);
#40=DRAUGHTING_PRE_DEFINED_COLOUR('white');
#41=COLOUR_RGB('',2.86E-1,2.86E-1,2.86E-1);
#42=COLOUR_RGB('',8.5E-1,8.5E-1,8.5E-1);
#44=DIRECTION('',(0.E0,0.E0,1.E0));
#45=VECTOR('',#44,2.5E-1);
#46=CARTESIAN_POINT('',(-2.1E0,0.E0,-1.125E0));
#47=LINE('',#46,#45);
#48=DRAUGHTING_PRE_DEFINED_CURVE_FONT('continuous');
#49=CURVE_STYLE('',#48,POSITIVE_LENGTH_MEASURE(2.E-2),#41);
#50=PRESENTATION_STYLE_ASSIGNMENT((#49));
#51=STYLED_ITEM('',(#50),#47);
#52=DIRECTION('',(1.E0,0.E0,0.E0));
#53=VECTOR('',#52,4.E-1);
#54=CARTESIAN_POINT('',(-2.5E0,0.E0,-8.75E-1));
#55=LINE('',#54,#53);
#56=CURVE_STYLE('',#48,POSITIVE_LENGTH_MEASURE(2.E-2),#41);
#57=PRESENTATION_STYLE_ASSIGNMENT((#56));
#58=STYLED_ITEM('',(#57),#55);
#59=DIRECTION('',(0.E0,0.E0,1.E0));
#60=VECTOR('',#59,2.5E-1);
#61=CARTESIAN_POINT('',(-2.5E0,0.E0,-8.75E-1));
#62=LINE('',#61,#60);
#63=CURVE_STYLE('',#48,POSITIVE_LENGTH_MEASURE(2.E-2),#41);
#64=PRESENTATION_STYLE_ASSIGNMENT((#63));
#65=STYLED_ITEM('',(#64),#62);
#66=DIRECTION('',(1.E0,0.E0,0.E0));
#67=VECTOR('',#66,4.E-1);
#68=CARTESIAN_POINT('',(-2.5E0,0.E0,-6.25E-1));
#69=LINE('',#68,#67);
#70=CURVE_STYLE('',#48,POSITIVE_LENGTH_MEASURE(2.E-2),#41);
#71=PRESENTATION_STYLE_ASSIGNMENT((#70));
#72=STYLED_ITEM('',(#71),#69);
#73=DIRECTION('',(0.E0,0.E0,1.E0));
#74=VECTOR('',#73,2.5E-1);
#75=CARTESIAN_POINT('',(-2.1E0,0.E0,-6.25E-1));
#76=LINE('',#75,#74);
#77=CURVE_STYLE('',#48,POSITIVE_LENGTH_MEASURE(2.E-2),#41);
#78=PRESENTATION_STYLE_ASSIGNMENT((#77));
#79=STYLED_ITEM('',(#78),#76);
#80=DIRECTION('',(1.E0,0.E0,0.E0));
#81=VECTOR('',#80,4.E-1);
#82=CARTESIAN_POINT('',(-2.5E0,0.E0,-3.75E-1));
#83=LINE('',#82,#81);
#84=CURVE_STYLE('',#48,POSITIVE_LENGTH_MEASURE(2.E-2),#41);
#85=PRESENTATION_STYLE_ASSIGNMENT((#84));
#86=STYLED_ITEM('',(#85),#83);
#87=DIRECTION('',(0.E0,0.E0,1.E0));
#88=VECTOR('',#87,2.5E-1);
#89=CARTESIAN_POINT('',(-2.5E0,0.E0,-3.75E-1));
#90=LINE('',#89,#88);
#91=CURVE_STYLE('',#48,POSITIVE_LENGTH_MEASURE(2.E-2),#41);
#92=PRESENTATION_STYLE_ASSIGNMENT((#91));
#93=STYLED_ITEM('',(#92),#90);
#94=DIRECTION('',(1.E0,0.E0,0.E0));
#95=VECTOR('',#94,4.E-1);
#96=CARTESIAN_POINT('',(-2.5E0,0.E0,-1.25E-1));
#97=LINE('',#96,#95);
#98=CURVE_STYLE('',#48,POSITIVE_LENGTH_MEASURE(2.E-2),#41);
#99=PRESENTATION_STYLE_ASSIGNMENT((#98));
#100=STYLED_ITEM('',(#99),#97);
#101=DIRECTION('',(0.E0,0.E0,1.E0));
#102=VECTOR('',#101,2.5E-1);
#103=CARTESIAN_POINT('',(-2.1E0,0.E0,-1.25E-1));
#104=LINE('',#103,#102);
#105=CURVE_STYLE('',#48,POSITIVE_LENGTH_MEASURE(2.E-2),#41);
#106=PRESENTATION_STYLE_ASSIGNMENT((#105));
#107=STYLED_ITEM('',(#106),#104);
#108=DIRECTION('',(1.E0,0.E0,0.E0));
#109=VECTOR('',#108,4.E-1);
#110=CARTESIAN_POINT('',(-2.5E0,0.E0,1.25E-1));
#111=LINE('',#110,#109);
#112=CURVE_STYLE('',#48,POSITIVE_LENGTH_MEASURE(2.E-2),#41);
#113=PRESENTATION_STYLE_ASSIGNMENT((#112));
#114=STYLED_ITEM('',(#113),#111);
#115=DIRECTION('',(0.E0,0.E0,1.E0));
#116=VECTOR('',#115,2.5E-1);
#117=CARTESIAN_POINT('',(-2.5E0,0.E0,1.25E-1));
#118=LINE('',#117,#116);
#119=CURVE_STYLE('',#48,POSITIVE_LENGTH_MEASURE(2.E-2),#41);
#120=PRESENTATION_STYLE_ASSIGNMENT((#119));
#121=STYLED_ITEM('',(#120),#118);
#122=DIRECTION('',(1.E0,0.E0,0.E0));
#123=VECTOR('',#122,4.E-1);
#124=CARTESIAN_POINT('',(-2.5E0,0.E0,3.75E-1));
#125=LINE('',#124,#123);
#126=CURVE_STYLE('',#48,POSITIVE_LENGTH_MEASURE(2.E-2),#41);
#127=PRESENTATION_STYLE_ASSIGNMENT((#126));
#128=STYLED_ITEM('',(#127),#125);
#129=DIRECTION('',(0.E0,0.E0,1.E0));
#130=VECTOR('',#129,2.5E-1);
#131=CARTESIAN_POINT('',(-2.1E0,0.E0,3.75E-1));
#132=LINE('',#131,#130);
#133=CURVE_STYLE('',#48,POSITIVE_LENGTH_MEASURE(2.E-2),#41);
#134=PRESENTATION_STYLE_ASSIGNMENT((#133));
#135=STYLED_ITEM('',(#134),#132);
#136=DIRECTION('',(1.E0,0.E0,0.E0));
#137=VECTOR('',#136,4.E-1);
#138=CARTESIAN_POINT('',(-2.5E0,0.E0,6.25E-1));
#139=LINE('',#138,#137);
#140=CURVE_STYLE('',#48,POSITIVE_LENGTH_MEASURE(2.E-2),#41);
#141=PRESENTATION_STYLE_ASSIGNMENT((#140));
#142=STYLED_ITEM('',(#141),#139);
#143=DIRECTION('',(0.E0,0.E0,1.E0));
#144=VECTOR('',#143,2.5E-1);
#145=CARTESIAN_POINT('',(-2.5E0,0.E0,6.25E-1));
#146=LINE('',#145,#144);
#147=CURVE_STYLE('',#48,POSITIVE_LENGTH_MEASURE(2.E-2),#41);
#148=PRESENTATION_STYLE_ASSIGNMENT((#147));
#149=STYLED_ITEM('',(#148),#146);
#150=DIRECTION('',(1.E0,0.E0,0.E0));
#151=VECTOR('',#150,4.E-1);
#152=CARTESIAN_POINT('',(-2.5E0,0.E0,8.75E-1));
#153=LINE('',#152,#151);
#154=CURVE_STYLE('',#48,POSITIVE_LENGTH_MEASURE(2.E-2),#41);
#155=PRESENTATION_STYLE_ASSIGNMENT((#154));
#156=STYLED_ITEM('',(#155),#153);
#157=DIRECTION('',(0.E0,0.E0,1.E0));
#158=VECTOR('',#157,2.5E-1);
#159=CARTESIAN_POINT('',(-2.1E0,0.E0,8.75E-1));
#160=LINE('',#159,#158);
#161=CURVE_STYLE('',#48,POSITIVE_LENGTH_MEASURE(2.E-2),#41);
#162=PRESENTATION_STYLE_ASSIGNMENT((#161));
#163=STYLED_ITEM('',(#162),#160);
#164=DIRECTION('',(1.E0,0.E0,0.E0));
#165=VECTOR('',#164,4.E-1);
#166=CARTESIAN_POINT('',(-2.5E0,0.E0,1.125E0));
#167=LINE('',#166,#165);
#168=CURVE_STYLE('',#48,POSITIVE_LENGTH_MEASURE(2.E-2),#41);
#169=PRESENTATION_STYLE_ASSIGNMENT((#168));
#170=STYLED_ITEM('',(#169),#167);
#171=DIRECTION('',(0.E0,0.E0,1.E0));
#172=VECTOR('',#171,8.75E-1);
#173=CARTESIAN_POINT('',(-2.5E0,0.E0,1.125E0));
#174=LINE('',#173,#172);
#175=CURVE_STYLE('',#48,POSITIVE_LENGTH_MEASURE(2.E-2),#41);
#176=PRESENTATION_STYLE_ASSIGNMENT((#175));
#177=STYLED_ITEM('',(#176),#174);
#178=DIRECTION('',(1.E0,0.E0,0.E0));
#179=VECTOR('',#178,8.75E-1);
#180=CARTESIAN_POINT('',(-2.5E0,0.E0,2.E0));
#181=LINE('',#180,#179);
#182=CURVE_STYLE('',#48,POSITIVE_LENGTH_MEASURE(2.E-2),#41);
#183=PRESENTATION_STYLE_ASSIGNMENT((#182));
#184=STYLED_ITEM('',(#183),#181);
#185=DIRECTION('',(0.E0,0.E0,-1.E0));
#186=VECTOR('',#185,4.E-1);
#187=CARTESIAN_POINT('',(-1.625E0,0.E0,2.E0));
#188=LINE('',#187,#186);
#189=CURVE_STYLE('',#48,POSITIVE_LENGTH_MEASURE(2.E-2),#41);
#190=PRESENTATION_STYLE_ASSIGNMENT((#189));
#191=STYLED_ITEM('',(#190),#188);
#192=DIRECTION('',(-1.E0,0.E0,0.E0));
#193=VECTOR('',#192,2.5E-1);
#194=CARTESIAN_POINT('',(-1.375E0,0.E0,1.6E0));
#195=LINE('',#194,#193);
#196=CURVE_STYLE('',#48,POSITIVE_LENGTH_MEASURE(2.E-2),#41);
#197=PRESENTATION_STYLE_ASSIGNMENT((#196));
#198=STYLED_ITEM('',(#197),#195);
#199=DIRECTION('',(0.E0,0.E0,-1.E0));
#200=VECTOR('',#199,4.E-1);
#201=CARTESIAN_POINT('',(-1.375E0,0.E0,2.E0));
#202=LINE('',#201,#200);
#203=CURVE_STYLE('',#48,POSITIVE_LENGTH_MEASURE(2.E-2),#41);
#204=PRESENTATION_STYLE_ASSIGNMENT((#203));
#205=STYLED_ITEM('',(#204),#202);
#206=DIRECTION('',(1.E0,0.E0,0.E0));
#207=VECTOR('',#206,2.5E-1);
#208=CARTESIAN_POINT('',(-1.375E0,0.E0,2.E0));
#209=LINE('',#208,#207);
#210=CURVE_STYLE('',#48,POSITIVE_LENGTH_MEASURE(2.E-2),#41);
#211=PRESENTATION_STYLE_ASSIGNMENT((#210));
#212=STYLED_ITEM('',(#211),#209);
#213=DIRECTION('',(0.E0,0.E0,-1.E0));
#214=VECTOR('',#213,4.E-1);
#215=CARTESIAN_POINT('',(-1.125E0,0.E0,2.E0));
#216=LINE('',#215,#214);
#217=CURVE_STYLE('',#48,POSITIVE_LENGTH_MEASURE(2.E-2),#41);
#218=PRESENTATION_STYLE_ASSIGNMENT((#217));
#219=STYLED_ITEM('',(#218),#216);
#220=DIRECTION('',(-1.E0,0.E0,0.E0));
#221=VECTOR('',#220,2.5E-1);
#222=CARTESIAN_POINT('',(-8.75E-1,0.E0,1.6E0));
#223=LINE('',#222,#221);
#224=CURVE_STYLE('',#48,POSITIVE_LENGTH_MEASURE(2.E-2),#41);
#225=PRESENTATION_STYLE_ASSIGNMENT((#224));
#226=STYLED_ITEM('',(#225),#223);
#227=DIRECTION('',(0.E0,0.E0,-1.E0));
#228=VECTOR('',#227,4.E-1);
#229=CARTESIAN_POINT('',(-8.75E-1,0.E0,2.E0));
#230=LINE('',#229,#228);
#231=CURVE_STYLE('',#48,POSITIVE_LENGTH_MEASURE(2.E-2),#41);
#232=PRESENTATION_STYLE_ASSIGNMENT((#231));
#233=STYLED_ITEM('',(#232),#230);
#234=DIRECTION('',(1.E0,0.E0,0.E0));
#235=VECTOR('',#234,2.5E-1);
#236=CARTESIAN_POINT('',(-8.75E-1,0.E0,2.E0));
#237=LINE('',#236,#235);
#238=CURVE_STYLE('',#48,POSITIVE_LENGTH_MEASURE(2.E-2),#41);
#239=PRESENTATION_STYLE_ASSIGNMENT((#238));
#240=STYLED_ITEM('',(#239),#237);
#241=DIRECTION('',(0.E0,0.E0,-1.E0));
#242=VECTOR('',#241,4.E-1);
#243=CARTESIAN_POINT('',(-6.25E-1,0.E0,2.E0));
#244=LINE('',#243,#242);
#245=CURVE_STYLE('',#48,POSITIVE_LENGTH_MEASURE(2.E-2),#41);
#246=PRESENTATION_STYLE_ASSIGNMENT((#245));
#247=STYLED_ITEM('',(#246),#244);
#248=DIRECTION('',(-1.E0,0.E0,0.E0));
#249=VECTOR('',#248,2.5E-1);
#250=CARTESIAN_POINT('',(-3.75E-1,0.E0,1.6E0));
#251=LINE('',#250,#249);
#252=CURVE_STYLE('',#48,POSITIVE_LENGTH_MEASURE(2.E-2),#41);
#253=PRESENTATION_STYLE_ASSIGNMENT((#252));
#254=STYLED_ITEM('',(#253),#251);
#255=DIRECTION('',(0.E0,0.E0,-1.E0));
#256=VECTOR('',#255,4.E-1);
#257=CARTESIAN_POINT('',(-3.75E-1,0.E0,2.E0));
#258=LINE('',#257,#256);
#259=CURVE_STYLE('',#48,POSITIVE_LENGTH_MEASURE(2.E-2),#41);
#260=PRESENTATION_STYLE_ASSIGNMENT((#259));
#261=STYLED_ITEM('',(#260),#258);
#262=DIRECTION('',(1.E0,0.E0,0.E0));
#263=VECTOR('',#262,2.5E-1);
#264=CARTESIAN_POINT('',(-3.75E-1,0.E0,2.E0));
#265=LINE('',#264,#263);
#266=CURVE_STYLE('',#48,POSITIVE_LENGTH_MEASURE(2.E-2),#41);
#267=PRESENTATION_STYLE_ASSIGNMENT((#266));
#268=STYLED_ITEM('',(#267),#265);
#269=DIRECTION('',(0.E0,0.E0,-1.E0));
#270=VECTOR('',#269,4.E-1);
#271=CARTESIAN_POINT('',(-1.25E-1,0.E0,2.E0));
#272=LINE('',#271,#270);
#273=CURVE_STYLE('',#48,POSITIVE_LENGTH_MEASURE(2.E-2),#41);
#274=PRESENTATION_STYLE_ASSIGNMENT((#273));
#275=STYLED_ITEM('',(#274),#272);
#276=DIRECTION('',(-1.E0,0.E0,0.E0));
#277=VECTOR('',#276,2.5E-1);
#278=CARTESIAN_POINT('',(1.25E-1,0.E0,1.6E0));
#279=LINE('',#278,#277);
#280=CURVE_STYLE('',#48,POSITIVE_LENGTH_MEASURE(2.E-2),#41);
#281=PRESENTATION_STYLE_ASSIGNMENT((#280));
#282=STYLED_ITEM('',(#281),#279);
#283=DIRECTION('',(0.E0,0.E0,-1.E0));
#284=VECTOR('',#283,4.E-1);
#285=CARTESIAN_POINT('',(1.25E-1,0.E0,2.E0));
#286=LINE('',#285,#284);
#287=CURVE_STYLE('',#48,POSITIVE_LENGTH_MEASURE(2.E-2),#41);
#288=PRESENTATION_STYLE_ASSIGNMENT((#287));
#289=STYLED_ITEM('',(#288),#286);
#290=DIRECTION('',(1.E0,0.E0,0.E0));
#291=VECTOR('',#290,2.5E-1);
#292=CARTESIAN_POINT('',(1.25E-1,0.E0,2.E0));
#293=LINE('',#292,#291);
#294=CURVE_STYLE('',#48,POSITIVE_LENGTH_MEASURE(2.E-2),#41);
#295=PRESENTATION_STYLE_ASSIGNMENT((#294));
#296=STYLED_ITEM('',(#295),#293);
#297=DIRECTION('',(0.E0,0.E0,-1.E0));
#298=VECTOR('',#297,4.E-1);
#299=CARTESIAN_POINT('',(3.75E-1,0.E0,2.E0));
#300=LINE('',#299,#298);
#301=CURVE_STYLE('',#48,POSITIVE_LENGTH_MEASURE(2.E-2),#41);
#302=PRESENTATION_STYLE_ASSIGNMENT((#301));
#303=STYLED_ITEM('',(#302),#300);
#304=DIRECTION('',(-1.E0,0.E0,0.E0));
#305=VECTOR('',#304,2.5E-1);
#306=CARTESIAN_POINT('',(6.25E-1,0.E0,1.6E0));
#307=LINE('',#306,#305);
#308=CURVE_STYLE('',#48,POSITIVE_LENGTH_MEASURE(2.E-2),#41);
#309=PRESENTATION_STYLE_ASSIGNMENT((#308));
#310=STYLED_ITEM('',(#309),#307);
#311=DIRECTION('',(0.E0,0.E0,-1.E0));
#312=VECTOR('',#311,4.E-1);
#313=CARTESIAN_POINT('',(6.25E-1,0.E0,2.E0));
#314=LINE('',#313,#312);
#315=CURVE_STYLE('',#48,POSITIVE_LENGTH_MEASURE(2.E-2),#41);
#316=PRESENTATION_STYLE_ASSIGNMENT((#315));
#317=STYLED_ITEM('',(#316),#314);
#318=DIRECTION('',(1.E0,0.E0,0.E0));
#319=VECTOR('',#318,2.5E-1);
#320=CARTESIAN_POINT('',(6.25E-1,0.E0,2.E0));
#321=LINE('',#320,#319);
#322=CURVE_STYLE('',#48,POSITIVE_LENGTH_MEASURE(2.E-2),#41);
#323=PRESENTATION_STYLE_ASSIGNMENT((#322));
#324=STYLED_ITEM('',(#323),#321);
#325=DIRECTION('',(0.E0,0.E0,-1.E0));
#326=VECTOR('',#325,4.E-1);
#327=CARTESIAN_POINT('',(8.75E-1,0.E0,2.E0));
#328=LINE('',#327,#326);
#329=CURVE_STYLE('',#48,POSITIVE_LENGTH_MEASURE(2.E-2),#41);
#330=PRESENTATION_STYLE_ASSIGNMENT((#329));
#331=STYLED_ITEM('',(#330),#328);
#332=DIRECTION('',(-1.E0,0.E0,0.E0));
#333=VECTOR('',#332,2.5E-1);
#334=CARTESIAN_POINT('',(1.125E0,0.E0,1.6E0));
#335=LINE('',#334,#333);
#336=CURVE_STYLE('',#48,POSITIVE_LENGTH_MEASURE(2.E-2),#41);
#337=PRESENTATION_STYLE_ASSIGNMENT((#336));
#338=STYLED_ITEM('',(#337),#335);
#339=DIRECTION('',(0.E0,0.E0,-1.E0));
#340=VECTOR('',#339,4.E-1);
#341=CARTESIAN_POINT('',(1.125E0,0.E0,2.E0));
#342=LINE('',#341,#340);
#343=CURVE_STYLE('',#48,POSITIVE_LENGTH_MEASURE(2.E-2),#41);
#344=PRESENTATION_STYLE_ASSIGNMENT((#343));
#345=STYLED_ITEM('',(#344),#342);
#346=DIRECTION('',(1.E0,0.E0,0.E0));
#347=VECTOR('',#346,2.5E-1);
#348=CARTESIAN_POINT('',(1.125E0,0.E0,2.E0));
#349=LINE('',#348,#347);
#350=CURVE_STYLE('',#48,POSITIVE_LENGTH_MEASURE(2.E-2),#41);
#351=PRESENTATION_STYLE_ASSIGNMENT((#350));
#352=STYLED_ITEM('',(#351),#349);
#353=DIRECTION('',(0.E0,0.E0,-1.E0));
#354=VECTOR('',#353,4.E-1);
#355=CARTESIAN_POINT('',(1.375E0,0.E0,2.E0));
#356=LINE('',#355,#354);
#357=CURVE_STYLE('',#48,POSITIVE_LENGTH_MEASURE(2.E-2),#41);
#358=PRESENTATION_STYLE_ASSIGNMENT((#357));
#359=STYLED_ITEM('',(#358),#356);
#360=DIRECTION('',(-1.E0,0.E0,0.E0));
#361=VECTOR('',#360,2.5E-1);
#362=CARTESIAN_POINT('',(1.625E0,0.E0,1.6E0));
#363=LINE('',#362,#361);
#364=CURVE_STYLE('',#48,POSITIVE_LENGTH_MEASURE(2.E-2),#41);
#365=PRESENTATION_STYLE_ASSIGNMENT((#364));
#366=STYLED_ITEM('',(#365),#363);
#367=DIRECTION('',(0.E0,0.E0,-1.E0));
#368=VECTOR('',#367,4.E-1);
#369=CARTESIAN_POINT('',(1.625E0,0.E0,2.E0));
#370=LINE('',#369,#368);
#371=CURVE_STYLE('',#48,POSITIVE_LENGTH_MEASURE(2.E-2),#41);
#372=PRESENTATION_STYLE_ASSIGNMENT((#371));
#373=STYLED_ITEM('',(#372),#370);
#374=DIRECTION('',(1.E0,0.E0,0.E0));
#375=VECTOR('',#374,8.75E-1);
#376=CARTESIAN_POINT('',(1.625E0,0.E0,2.E0));
#377=LINE('',#376,#375);
#378=CURVE_STYLE('',#48,POSITIVE_LENGTH_MEASURE(2.E-2),#41);
#379=PRESENTATION_STYLE_ASSIGNMENT((#378));
#380=STYLED_ITEM('',(#379),#377);
#381=DIRECTION('',(0.E0,0.E0,-1.E0));
#382=VECTOR('',#381,8.75E-1);
#383=CARTESIAN_POINT('',(2.5E0,0.E0,2.E0));
#384=LINE('',#383,#382);
#385=CURVE_STYLE('',#48,POSITIVE_LENGTH_MEASURE(2.E-2),#41);
#386=PRESENTATION_STYLE_ASSIGNMENT((#385));
#387=STYLED_ITEM('',(#386),#384);
#388=DIRECTION('',(-1.E0,0.E0,0.E0));
#389=VECTOR('',#388,4.E-1);
#390=CARTESIAN_POINT('',(2.5E0,0.E0,1.125E0));
#391=LINE('',#390,#389);
#392=CURVE_STYLE('',#48,POSITIVE_LENGTH_MEASURE(2.E-2),#41);
#393=PRESENTATION_STYLE_ASSIGNMENT((#392));
#394=STYLED_ITEM('',(#393),#391);
#395=DIRECTION('',(0.E0,0.E0,1.E0));
#396=VECTOR('',#395,2.5E-1);
#397=CARTESIAN_POINT('',(2.1E0,0.E0,8.75E-1));
#398=LINE('',#397,#396);
#399=CURVE_STYLE('',#48,POSITIVE_LENGTH_MEASURE(2.E-2),#41);
#400=PRESENTATION_STYLE_ASSIGNMENT((#399));
#401=STYLED_ITEM('',(#400),#398);
#402=DIRECTION('',(-1.E0,0.E0,0.E0));
#403=VECTOR('',#402,4.E-1);
#404=CARTESIAN_POINT('',(2.5E0,0.E0,8.75E-1));
#405=LINE('',#404,#403);
#406=CURVE_STYLE('',#48,POSITIVE_LENGTH_MEASURE(2.E-2),#41);
#407=PRESENTATION_STYLE_ASSIGNMENT((#406));
#408=STYLED_ITEM('',(#407),#405);
#409=DIRECTION('',(0.E0,0.E0,-1.E0));
#410=VECTOR('',#409,2.5E-1);
#411=CARTESIAN_POINT('',(2.5E0,0.E0,8.75E-1));
#412=LINE('',#411,#410);
#413=CURVE_STYLE('',#48,POSITIVE_LENGTH_MEASURE(2.E-2),#41);
#414=PRESENTATION_STYLE_ASSIGNMENT((#413));
#415=STYLED_ITEM('',(#414),#412);
#416=DIRECTION('',(-1.E0,0.E0,0.E0));
#417=VECTOR('',#416,4.E-1);
#418=CARTESIAN_POINT('',(2.5E0,0.E0,6.25E-1));
#419=LINE('',#418,#417);
#420=CURVE_STYLE('',#48,POSITIVE_LENGTH_MEASURE(2.E-2),#41);
#421=PRESENTATION_STYLE_ASSIGNMENT((#420));
#422=STYLED_ITEM('',(#421),#419);
#423=DIRECTION('',(0.E0,0.E0,1.E0));
#424=VECTOR('',#423,2.5E-1);
#425=CARTESIAN_POINT('',(2.1E0,0.E0,3.75E-1));
#426=LINE('',#425,#424);
#427=CURVE_STYLE('',#48,POSITIVE_LENGTH_MEASURE(2.E-2),#41);
#428=PRESENTATION_STYLE_ASSIGNMENT((#427));
#429=STYLED_ITEM('',(#428),#426);
#430=DIRECTION('',(-1.E0,0.E0,0.E0));
#431=VECTOR('',#430,4.E-1);
#432=CARTESIAN_POINT('',(2.5E0,0.E0,3.75E-1));
#433=LINE('',#432,#431);
#434=CURVE_STYLE('',#48,POSITIVE_LENGTH_MEASURE(2.E-2),#41);
#435=PRESENTATION_STYLE_ASSIGNMENT((#434));
#436=STYLED_ITEM('',(#435),#433);
#437=DIRECTION('',(0.E0,0.E0,-1.E0));
#438=VECTOR('',#437,2.5E-1);
#439=CARTESIAN_POINT('',(2.5E0,0.E0,3.75E-1));
#440=LINE('',#439,#438);
#441=CURVE_STYLE('',#48,POSITIVE_LENGTH_MEASURE(2.E-2),#41);
#442=PRESENTATION_STYLE_ASSIGNMENT((#441));
#443=STYLED_ITEM('',(#442),#440);
#444=DIRECTION('',(-1.E0,0.E0,0.E0));
#445=VECTOR('',#444,4.E-1);
#446=CARTESIAN_POINT('',(2.5E0,0.E0,1.25E-1));
#447=LINE('',#446,#445);
#448=CURVE_STYLE('',#48,POSITIVE_LENGTH_MEASURE(2.E-2),#41);
#449=PRESENTATION_STYLE_ASSIGNMENT((#448));
#450=STYLED_ITEM('',(#449),#447);
#451=DIRECTION('',(0.E0,0.E0,1.E0));
#452=VECTOR('',#451,2.5E-1);
#453=CARTESIAN_POINT('',(2.1E0,0.E0,-1.25E-1));
#454=LINE('',#453,#452);
#455=CURVE_STYLE('',#48,POSITIVE_LENGTH_MEASURE(2.E-2),#41);
#456=PRESENTATION_STYLE_ASSIGNMENT((#455));
#457=STYLED_ITEM('',(#456),#454);
#458=DIRECTION('',(-1.E0,0.E0,0.E0));
#459=VECTOR('',#458,4.E-1);
#460=CARTESIAN_POINT('',(2.5E0,0.E0,-1.25E-1));
#461=LINE('',#460,#459);
#462=CURVE_STYLE('',#48,POSITIVE_LENGTH_MEASURE(2.E-2),#41);
#463=PRESENTATION_STYLE_ASSIGNMENT((#462));
#464=STYLED_ITEM('',(#463),#461);
#465=DIRECTION('',(0.E0,0.E0,-1.E0));
#466=VECTOR('',#465,2.5E-1);
#467=CARTESIAN_POINT('',(2.5E0,0.E0,-1.25E-1));
#468=LINE('',#467,#466);
#469=CURVE_STYLE('',#48,POSITIVE_LENGTH_MEASURE(2.E-2),#41);
#470=PRESENTATION_STYLE_ASSIGNMENT((#469));
#471=STYLED_ITEM('',(#470),#468);
#472=DIRECTION('',(-1.E0,0.E0,0.E0));
#473=VECTOR('',#472,4.E-1);
#474=CARTESIAN_POINT('',(2.5E0,0.E0,-3.75E-1));
#475=LINE('',#474,#473);
#476=CURVE_STYLE('',#48,POSITIVE_LENGTH_MEASURE(2.E-2),#41);
#477=PRESENTATION_STYLE_ASSIGNMENT((#476));
#478=STYLED_ITEM('',(#477),#475);
#479=DIRECTION('',(0.E0,0.E0,1.E0));
#480=VECTOR('',#479,2.5E-1);
#481=CARTESIAN_POINT('',(2.1E0,0.E0,-6.25E-1));
#482=LINE('',#481,#480);
#483=CURVE_STYLE('',#48,POSITIVE_LENGTH_MEASURE(2.E-2),#41);
#484=PRESENTATION_STYLE_ASSIGNMENT((#483));
#485=STYLED_ITEM('',(#484),#482);
#486=DIRECTION('',(-1.E0,0.E0,0.E0));
#487=VECTOR('',#486,4.E-1);
#488=CARTESIAN_POINT('',(2.5E0,0.E0,-6.25E-1));
#489=LINE('',#488,#487);
#490=CURVE_STYLE('',#48,POSITIVE_LENGTH_MEASURE(2.E-2),#41);
#491=PRESENTATION_STYLE_ASSIGNMENT((#490));
#492=STYLED_ITEM('',(#491),#489);
#493=DIRECTION('',(0.E0,0.E0,-1.E0));
#494=VECTOR('',#493,2.5E-1);
#495=CARTESIAN_POINT('',(2.5E0,0.E0,-6.25E-1));
#496=LINE('',#495,#494);
#497=CURVE_STYLE('',#48,POSITIVE_LENGTH_MEASURE(2.E-2),#41);
#498=PRESENTATION_STYLE_ASSIGNMENT((#497));
#499=STYLED_ITEM('',(#498),#496);
#500=DIRECTION('',(-1.E0,0.E0,0.E0));
#501=VECTOR('',#500,4.E-1);
#502=CARTESIAN_POINT('',(2.5E0,0.E0,-8.75E-1));
#503=LINE('',#502,#501);
#504=CURVE_STYLE('',#48,POSITIVE_LENGTH_MEASURE(2.E-2),#41);
#505=PRESENTATION_STYLE_ASSIGNMENT((#504));
#506=STYLED_ITEM('',(#505),#503);
#507=DIRECTION('',(0.E0,0.E0,1.E0));
#508=VECTOR('',#507,2.5E-1);
#509=CARTESIAN_POINT('',(2.1E0,0.E0,-1.125E0));
#510=LINE('',#509,#508);
#511=CURVE_STYLE('',#48,POSITIVE_LENGTH_MEASURE(2.E-2),#41);
#512=PRESENTATION_STYLE_ASSIGNMENT((#511));
#513=STYLED_ITEM('',(#512),#510);
#514=DIRECTION('',(-1.E0,0.E0,0.E0));
#515=VECTOR('',#514,4.E-1);
#516=CARTESIAN_POINT('',(2.5E0,0.E0,-1.125E0));
#517=LINE('',#516,#515);
#518=CURVE_STYLE('',#48,POSITIVE_LENGTH_MEASURE(2.E-2),#41);
#519=PRESENTATION_STYLE_ASSIGNMENT((#518));
#520=STYLED_ITEM('',(#519),#517);
#521=DIRECTION('',(0.E0,0.E0,-1.E0));
#522=VECTOR('',#521,8.75E-1);
#523=CARTESIAN_POINT('',(2.5E0,0.E0,-1.125E0));
#524=LINE('',#523,#522);
#525=CURVE_STYLE('',#48,POSITIVE_LENGTH_MEASURE(2.E-2),#41);
#526=PRESENTATION_STYLE_ASSIGNMENT((#525));
#527=STYLED_ITEM('',(#526),#524);
#528=DIRECTION('',(-1.E0,0.E0,0.E0));
#529=VECTOR('',#528,8.75E-1);
#530=CARTESIAN_POINT('',(2.5E0,0.E0,-2.E0));
#531=LINE('',#530,#529);
#532=CURVE_STYLE('',#48,POSITIVE_LENGTH_MEASURE(2.E-2),#41);
#533=PRESENTATION_STYLE_ASSIGNMENT((#532));
#534=STYLED_ITEM('',(#533),#531);
#535=DIRECTION('',(0.E0,0.E0,1.E0));
#536=VECTOR('',#535,4.E-1);
#537=CARTESIAN_POINT('',(1.625E0,0.E0,-2.E0));
#538=LINE('',#537,#536);
#539=CURVE_STYLE('',#48,POSITIVE_LENGTH_MEASURE(2.E-2),#41);
#540=PRESENTATION_STYLE_ASSIGNMENT((#539));
#541=STYLED_ITEM('',(#540),#538);
#542=DIRECTION('',(-1.E0,0.E0,0.E0));
#543=VECTOR('',#542,2.5E-1);
#544=CARTESIAN_POINT('',(1.625E0,0.E0,-1.6E0));
#545=LINE('',#544,#543);
#546=CURVE_STYLE('',#48,POSITIVE_LENGTH_MEASURE(2.E-2),#41);
#547=PRESENTATION_STYLE_ASSIGNMENT((#546));
#548=STYLED_ITEM('',(#547),#545);
#549=DIRECTION('',(0.E0,0.E0,1.E0));
#550=VECTOR('',#549,4.E-1);
#551=CARTESIAN_POINT('',(1.375E0,0.E0,-2.E0));
#552=LINE('',#551,#550);
#553=CURVE_STYLE('',#48,POSITIVE_LENGTH_MEASURE(2.E-2),#41);
#554=PRESENTATION_STYLE_ASSIGNMENT((#553));
#555=STYLED_ITEM('',(#554),#552);
#556=DIRECTION('',(-1.E0,0.E0,0.E0));
#557=VECTOR('',#556,2.5E-1);
#558=CARTESIAN_POINT('',(1.375E0,0.E0,-2.E0));
#559=LINE('',#558,#557);
#560=CURVE_STYLE('',#48,POSITIVE_LENGTH_MEASURE(2.E-2),#41);
#561=PRESENTATION_STYLE_ASSIGNMENT((#560));
#562=STYLED_ITEM('',(#561),#559);
#563=DIRECTION('',(0.E0,0.E0,1.E0));
#564=VECTOR('',#563,4.E-1);
#565=CARTESIAN_POINT('',(1.125E0,0.E0,-2.E0));
#566=LINE('',#565,#564);
#567=CURVE_STYLE('',#48,POSITIVE_LENGTH_MEASURE(2.E-2),#41);
#568=PRESENTATION_STYLE_ASSIGNMENT((#567));
#569=STYLED_ITEM('',(#568),#566);
#570=DIRECTION('',(-1.E0,0.E0,0.E0));
#571=VECTOR('',#570,2.5E-1);
#572=CARTESIAN_POINT('',(1.125E0,0.E0,-1.6E0));
#573=LINE('',#572,#571);
#574=CURVE_STYLE('',#48,POSITIVE_LENGTH_MEASURE(2.E-2),#41);
#575=PRESENTATION_STYLE_ASSIGNMENT((#574));
#576=STYLED_ITEM('',(#575),#573);
#577=DIRECTION('',(0.E0,0.E0,1.E0));
#578=VECTOR('',#577,4.E-1);
#579=CARTESIAN_POINT('',(8.75E-1,0.E0,-2.E0));
#580=LINE('',#579,#578);
#581=CURVE_STYLE('',#48,POSITIVE_LENGTH_MEASURE(2.E-2),#41);
#582=PRESENTATION_STYLE_ASSIGNMENT((#581));
#583=STYLED_ITEM('',(#582),#580);
#584=DIRECTION('',(-1.E0,0.E0,0.E0));
#585=VECTOR('',#584,2.5E-1);
#586=CARTESIAN_POINT('',(8.75E-1,0.E0,-2.E0));
#587=LINE('',#586,#585);
#588=CURVE_STYLE('',#48,POSITIVE_LENGTH_MEASURE(2.E-2),#41);
#589=PRESENTATION_STYLE_ASSIGNMENT((#588));
#590=STYLED_ITEM('',(#589),#587);
#591=DIRECTION('',(0.E0,0.E0,1.E0));
#592=VECTOR('',#591,4.E-1);
#593=CARTESIAN_POINT('',(6.25E-1,0.E0,-2.E0));
#594=LINE('',#593,#592);
#595=CURVE_STYLE('',#48,POSITIVE_LENGTH_MEASURE(2.E-2),#41);
#596=PRESENTATION_STYLE_ASSIGNMENT((#595));
#597=STYLED_ITEM('',(#596),#594);
#598=DIRECTION('',(-1.E0,0.E0,0.E0));
#599=VECTOR('',#598,2.5E-1);
#600=CARTESIAN_POINT('',(6.25E-1,0.E0,-1.6E0));
#601=LINE('',#600,#599);
#602=CURVE_STYLE('',#48,POSITIVE_LENGTH_MEASURE(2.E-2),#41);
#603=PRESENTATION_STYLE_ASSIGNMENT((#602));
#604=STYLED_ITEM('',(#603),#601);
#605=DIRECTION('',(0.E0,0.E0,1.E0));
#606=VECTOR('',#605,4.E-1);
#607=CARTESIAN_POINT('',(3.75E-1,0.E0,-2.E0));
#608=LINE('',#607,#606);
#609=CURVE_STYLE('',#48,POSITIVE_LENGTH_MEASURE(2.E-2),#41);
#610=PRESENTATION_STYLE_ASSIGNMENT((#609));
#611=STYLED_ITEM('',(#610),#608);
#612=DIRECTION('',(-1.E0,0.E0,0.E0));
#613=VECTOR('',#612,2.5E-1);
#614=CARTESIAN_POINT('',(3.75E-1,0.E0,-2.E0));
#615=LINE('',#614,#613);
#616=CURVE_STYLE('',#48,POSITIVE_LENGTH_MEASURE(2.E-2),#41);
#617=PRESENTATION_STYLE_ASSIGNMENT((#616));
#618=STYLED_ITEM('',(#617),#615);
#619=DIRECTION('',(0.E0,0.E0,1.E0));
#620=VECTOR('',#619,4.E-1);
#621=CARTESIAN_POINT('',(1.25E-1,0.E0,-2.E0));
#622=LINE('',#621,#620);
#623=CURVE_STYLE('',#48,POSITIVE_LENGTH_MEASURE(2.E-2),#41);
#624=PRESENTATION_STYLE_ASSIGNMENT((#623));
#625=STYLED_ITEM('',(#624),#622);
#626=DIRECTION('',(-1.E0,0.E0,0.E0));
#627=VECTOR('',#626,2.5E-1);
#628=CARTESIAN_POINT('',(1.25E-1,0.E0,-1.6E0));
#629=LINE('',#628,#627);
#630=CURVE_STYLE('',#48,POSITIVE_LENGTH_MEASURE(2.E-2),#41);
#631=PRESENTATION_STYLE_ASSIGNMENT((#630));
#632=STYLED_ITEM('',(#631),#629);
#633=DIRECTION('',(0.E0,0.E0,1.E0));
#634=VECTOR('',#633,4.E-1);
#635=CARTESIAN_POINT('',(-1.25E-1,0.E0,-2.E0));
#636=LINE('',#635,#634);
#637=CURVE_STYLE('',#48,POSITIVE_LENGTH_MEASURE(2.E-2),#41);
#638=PRESENTATION_STYLE_ASSIGNMENT((#637));
#639=STYLED_ITEM('',(#638),#636);
#640=DIRECTION('',(-1.E0,0.E0,0.E0));
#641=VECTOR('',#640,2.5E-1);
#642=CARTESIAN_POINT('',(-1.25E-1,0.E0,-2.E0));
#643=LINE('',#642,#641);
#644=CURVE_STYLE('',#48,POSITIVE_LENGTH_MEASURE(2.E-2),#41);
#645=PRESENTATION_STYLE_ASSIGNMENT((#644));
#646=STYLED_ITEM('',(#645),#643);
#647=DIRECTION('',(0.E0,0.E0,1.E0));
#648=VECTOR('',#647,4.E-1);
#649=CARTESIAN_POINT('',(-3.75E-1,0.E0,-2.E0));
#650=LINE('',#649,#648);
#651=CURVE_STYLE('',#48,POSITIVE_LENGTH_MEASURE(2.E-2),#41);
#652=PRESENTATION_STYLE_ASSIGNMENT((#651));
#653=STYLED_ITEM('',(#652),#650);
#654=DIRECTION('',(-1.E0,0.E0,0.E0));
#655=VECTOR('',#654,2.5E-1);
#656=CARTESIAN_POINT('',(-3.75E-1,0.E0,-1.6E0));
#657=LINE('',#656,#655);
#658=CURVE_STYLE('',#48,POSITIVE_LENGTH_MEASURE(2.E-2),#41);
#659=PRESENTATION_STYLE_ASSIGNMENT((#658));
#660=STYLED_ITEM('',(#659),#657);
#661=DIRECTION('',(0.E0,0.E0,1.E0));
#662=VECTOR('',#661,4.E-1);
#663=CARTESIAN_POINT('',(-6.25E-1,0.E0,-2.E0));
#664=LINE('',#663,#662);
#665=CURVE_STYLE('',#48,POSITIVE_LENGTH_MEASURE(2.E-2),#41);
#666=PRESENTATION_STYLE_ASSIGNMENT((#665));
#667=STYLED_ITEM('',(#666),#664);
#668=DIRECTION('',(-1.E0,0.E0,0.E0));
#669=VECTOR('',#668,2.5E-1);
#670=CARTESIAN_POINT('',(-6.25E-1,0.E0,-2.E0));
#671=LINE('',#670,#669);
#672=CURVE_STYLE('',#48,POSITIVE_LENGTH_MEASURE(2.E-2),#41);
#673=PRESENTATION_STYLE_ASSIGNMENT((#672));
#674=STYLED_ITEM('',(#673),#671);
#675=DIRECTION('',(0.E0,0.E0,1.E0));
#676=VECTOR('',#675,4.E-1);
#677=CARTESIAN_POINT('',(-8.75E-1,0.E0,-2.E0));
#678=LINE('',#677,#676);
#679=CURVE_STYLE('',#48,POSITIVE_LENGTH_MEASURE(2.E-2),#41);
#680=PRESENTATION_STYLE_ASSIGNMENT((#679));
#681=STYLED_ITEM('',(#680),#678);
#682=DIRECTION('',(-1.E0,0.E0,0.E0));
#683=VECTOR('',#682,2.5E-1);
#684=CARTESIAN_POINT('',(-8.75E-1,0.E0,-1.6E0));
#685=LINE('',#684,#683);
#686=CURVE_STYLE('',#48,POSITIVE_LENGTH_MEASURE(2.E-2),#41);
#687=PRESENTATION_STYLE_ASSIGNMENT((#686));
#688=STYLED_ITEM('',(#687),#685);
#689=DIRECTION('',(0.E0,0.E0,1.E0));
#690=VECTOR('',#689,4.E-1);
#691=CARTESIAN_POINT('',(-1.125E0,0.E0,-2.E0));
#692=LINE('',#691,#690);
#693=CURVE_STYLE('',#48,POSITIVE_LENGTH_MEASURE(2.E-2),#41);
#694=PRESENTATION_STYLE_ASSIGNMENT((#693));
#695=STYLED_ITEM('',(#694),#692);
#696=DIRECTION('',(-1.E0,0.E0,0.E0));
#697=VECTOR('',#696,2.5E-1);
#698=CARTESIAN_POINT('',(-1.125E0,0.E0,-2.E0));
#699=LINE('',#698,#697);
#700=CURVE_STYLE('',#48,POSITIVE_LENGTH_MEASURE(2.E-2),#41);
#701=PRESENTATION_STYLE_ASSIGNMENT((#700));
#702=STYLED_ITEM('',(#701),#699);
#703=DIRECTION('',(0.E0,0.E0,1.E0));
#704=VECTOR('',#703,4.E-1);
#705=CARTESIAN_POINT('',(-1.375E0,0.E0,-2.E0));
#706=LINE('',#705,#704);
#707=CURVE_STYLE('',#48,POSITIVE_LENGTH_MEASURE(2.E-2),#41);
#708=PRESENTATION_STYLE_ASSIGNMENT((#707));
#709=STYLED_ITEM('',(#708),#706);
#710=DIRECTION('',(-1.E0,0.E0,0.E0));
#711=VECTOR('',#710,2.5E-1);
#712=CARTESIAN_POINT('',(-1.375E0,0.E0,-1.6E0));
#713=LINE('',#712,#711);
#714=CURVE_STYLE('',#48,POSITIVE_LENGTH_MEASURE(2.E-2),#41);
#715=PRESENTATION_STYLE_ASSIGNMENT((#714));
#716=STYLED_ITEM('',(#715),#713);
#717=DIRECTION('',(0.E0,0.E0,1.E0));
#718=VECTOR('',#717,4.E-1);
#719=CARTESIAN_POINT('',(-1.625E0,0.E0,-2.E0));
#720=LINE('',#719,#718);
#721=CURVE_STYLE('',#48,POSITIVE_LENGTH_MEASURE(2.E-2),#41);
#722=PRESENTATION_STYLE_ASSIGNMENT((#721));
#723=STYLED_ITEM('',(#722),#720);
#724=DIRECTION('',(-1.E0,0.E0,0.E0));
#725=VECTOR('',#724,8.75E-1);
#726=CARTESIAN_POINT('',(-1.625E0,0.E0,-2.E0));
#727=LINE('',#726,#725);
#728=CURVE_STYLE('',#48,POSITIVE_LENGTH_MEASURE(2.E-2),#41);
#729=PRESENTATION_STYLE_ASSIGNMENT((#728));
#730=STYLED_ITEM('',(#729),#727);
#731=DIRECTION('',(0.E0,0.E0,1.E0));
#732=VECTOR('',#731,8.75E-1);
#733=CARTESIAN_POINT('',(-2.5E0,0.E0,-2.E0));
#734=LINE('',#733,#732);
#735=CURVE_STYLE('',#48,POSITIVE_LENGTH_MEASURE(2.E-2),#41);
#736=PRESENTATION_STYLE_ASSIGNMENT((#735));
#737=STYLED_ITEM('',(#736),#734);
#738=DIRECTION('',(1.E0,0.E0,0.E0));
#739=VECTOR('',#738,4.E-1);
#740=CARTESIAN_POINT('',(-2.5E0,0.E0,-1.125E0));
#741=LINE('',#740,#739);
#742=CURVE_STYLE('',#48,POSITIVE_LENGTH_MEASURE(2.E-2),#41);
#743=PRESENTATION_STYLE_ASSIGNMENT((#742));
#744=STYLED_ITEM('',(#743),#741);
#745=DIRECTION('',(-1.E0,0.E0,0.E0));
#746=VECTOR('',#745,3.348578643763E0);
#747=CARTESIAN_POINT('',(1.548578643763E0,0.E0,-1.3E0));
#748=LINE('',#747,#746);
#749=CURVE_STYLE('',#48,POSITIVE_LENGTH_MEASURE(2.E-2),#41);
#750=PRESENTATION_STYLE_ASSIGNMENT((#749));
#751=STYLED_ITEM('',(#750),#748);
#752=DIRECTION('',(-7.071067811865E-1,0.E0,-7.071067811865E-1));
#753=VECTOR('',#752,3.555634918610E-1);
#754=CARTESIAN_POINT('',(1.8E0,0.E0,-1.048578643763E0));
#755=LINE('',#754,#753);
#756=CURVE_STYLE('',#48,POSITIVE_LENGTH_MEASURE(2.E-2),#41);
#757=PRESENTATION_STYLE_ASSIGNMENT((#756));
#758=STYLED_ITEM('',(#757),#755);
#759=DIRECTION('',(0.E0,0.E0,-1.E0));
#760=VECTOR('',#759,2.348578643763E0);
#761=CARTESIAN_POINT('',(1.8E0,0.E0,1.3E0));
#762=LINE('',#761,#760);
#763=CURVE_STYLE('',#48,POSITIVE_LENGTH_MEASURE(2.E-2),#41);
#764=PRESENTATION_STYLE_ASSIGNMENT((#763));
#765=STYLED_ITEM('',(#764),#762);
#766=DIRECTION('',(1.E0,0.E0,0.E0));
#767=VECTOR('',#766,3.6E0);
#768=CARTESIAN_POINT('',(-1.8E0,0.E0,1.3E0));
#769=LINE('',#768,#767);
#770=CURVE_STYLE('',#48,POSITIVE_LENGTH_MEASURE(2.E-2),#41);
#771=PRESENTATION_STYLE_ASSIGNMENT((#770));
#772=STYLED_ITEM('',(#771),#769);
#773=DIRECTION('',(0.E0,0.E0,1.E0));
#774=VECTOR('',#773,2.6E0);
#775=CARTESIAN_POINT('',(-1.8E0,0.E0,-1.3E0));
#776=LINE('',#775,#774);
#777=CURVE_STYLE('',#48,POSITIVE_LENGTH_MEASURE(2.E-2),#41);
#778=PRESENTATION_STYLE_ASSIGNMENT((#777));
#779=STYLED_ITEM('',(#778),#776);
#780=DIRECTION('',(0.E0,9.805806756909E-1,-1.961161351382E-1));
#781=VECTOR('',#780,1.716818718673E-2);
#782=CARTESIAN_POINT('',(-2.1E0,0.E0,-1.125E0));
#783=LINE('',#782,#781);
#784=CURVE_STYLE('',#48,POSITIVE_LENGTH_MEASURE(2.E-2),#41);
#785=PRESENTATION_STYLE_ASSIGNMENT((#784));
#786=STYLED_ITEM('',(#785),#783);
#787=DIRECTION('',(0.E0,0.E0,1.E0));
#788=VECTOR('',#787,2.567339170368E-1);
#789=CARTESIAN_POINT('',(-2.1E0,1.683479259195E-2,-1.128366958518E0));
#790=LINE('',#789,#788);
#791=CURVE_STYLE('',#48,POSITIVE_LENGTH_MEASURE(2.E-2),#41);
#792=PRESENTATION_STYLE_ASSIGNMENT((#791));
#793=STYLED_ITEM('',(#792),#790);
#794=DIRECTION('',(0.E0,-9.805806756909E-1,-1.961161351382E-1));
#795=VECTOR('',#794,1.716818718673E-2);
#796=CARTESIAN_POINT('',(-2.1E0,1.683479259195E-2,-8.716330414816E-1));
#797=LINE('',#796,#795);
#798=CURVE_STYLE('',#48,POSITIVE_LENGTH_MEASURE(2.E-2),#41);
#799=PRESENTATION_STYLE_ASSIGNMENT((#798));
#800=STYLED_ITEM('',(#799),#797);
#801=CARTESIAN_POINT('',(-2.48E0,1.017544467966E-1,-1.145350889359E0));
#802=CARTESIAN_POINT('',(-2.487162148159E0,1.034530993807E-1,
-1.145690619876E0));
#803=CARTESIAN_POINT('',(-2.493826490790E0,1.062828122876E-1,
-1.146256562458E0));
#804=CARTESIAN_POINT('',(-2.5E0,1.102277442495E-1,-1.147045548850E0));
#806=CURVE_STYLE('',#48,POSITIVE_LENGTH_MEASURE(2.E-2),#41);
#807=PRESENTATION_STYLE_ASSIGNMENT((#806));
#808=STYLED_ITEM('',(#807),#805);
#809=DIRECTION('',(0.E0,-9.805806756909E-1,1.961161351382E-1));
#810=VECTOR('',#809,8.660139477545E-2);
#811=CARTESIAN_POINT('',(-2.48E0,1.017544467966E-1,-1.145350889359E0));
#812=LINE('',#811,#810);
#813=CURVE_STYLE('',#48,POSITIVE_LENGTH_MEASURE(2.E-2),#41);
#814=PRESENTATION_STYLE_ASSIGNMENT((#813));
#815=STYLED_ITEM('',(#814),#812);
#816=DIRECTION('',(-1.E0,0.E0,0.E0));
#817=VECTOR('',#816,3.8E-1);
#818=CARTESIAN_POINT('',(-2.1E0,1.683479259195E-2,-1.128366958518E0));
#819=LINE('',#818,#817);
#820=CURVE_STYLE('',#48,POSITIVE_LENGTH_MEASURE(2.E-2),#41);
#821=PRESENTATION_STYLE_ASSIGNMENT((#820));
#822=STYLED_ITEM('',(#821),#819);
#823=DIRECTION('',(0.E0,0.E0,1.E0));
#824=VECTOR('',#823,1.5E-1);
#825=CARTESIAN_POINT('',(-2.5E0,2.E-1,-1.55E0));
#826=LINE('',#825,#824);
#827=CURVE_STYLE('',#48,POSITIVE_LENGTH_MEASURE(2.E-2),#41);
#828=PRESENTATION_STYLE_ASSIGNMENT((#827));
#829=STYLED_ITEM('',(#828),#826);
#830=DIRECTION('',(0.E0,-1.E0,0.E0));
#831=VECTOR('',#830,1.E-1);
#832=CARTESIAN_POINT('',(-2.5E0,2.E-1,-1.55E0));
#833=LINE('',#832,#831);
#834=CURVE_STYLE('',#48,POSITIVE_LENGTH_MEASURE(2.E-2),#41);
#835=PRESENTATION_STYLE_ASSIGNMENT((#834));
#836=STYLED_ITEM('',(#835),#833);
#837=DIRECTION('',(0.E0,0.E0,1.E0));
#838=VECTOR('',#837,1.5E-1);
#839=CARTESIAN_POINT('',(-2.5E0,1.E-1,-1.55E0));
#840=LINE('',#839,#838);
#841=CURVE_STYLE('',#48,POSITIVE_LENGTH_MEASURE(2.E-2),#41);
#842=PRESENTATION_STYLE_ASSIGNMENT((#841));
#843=STYLED_ITEM('',(#842),#840);
#844=DIRECTION('',(0.E0,-1.E0,0.E0));
#845=VECTOR('',#844,1.E-1);
#846=CARTESIAN_POINT('',(-2.5E0,2.E-1,-1.4E0));
#847=LINE('',#846,#845);
#848=CURVE_STYLE('',#48,POSITIVE_LENGTH_MEASURE(2.E-2),#41);
#849=PRESENTATION_STYLE_ASSIGNMENT((#848));
#850=STYLED_ITEM('',(#849),#847);
#851=DIRECTION('',(0.E0,0.E0,1.E0));
#852=VECTOR('',#851,1.5E-1);
#853=CARTESIAN_POINT('',(-2.5E0,2.E-1,1.4E0));
#854=LINE('',#853,#852);
#855=CURVE_STYLE('',#48,POSITIVE_LENGTH_MEASURE(2.E-2),#41);
#856=PRESENTATION_STYLE_ASSIGNMENT((#855));
#857=STYLED_ITEM('',(#856),#854);
#858=DIRECTION('',(0.E0,-1.E0,0.E0));
#859=VECTOR('',#858,1.E-1);
#860=CARTESIAN_POINT('',(-2.5E0,2.E-1,1.4E0));
#861=LINE('',#860,#859);
#862=CURVE_STYLE('',#48,POSITIVE_LENGTH_MEASURE(2.E-2),#41);
#863=PRESENTATION_STYLE_ASSIGNMENT((#862));
#864=STYLED_ITEM('',(#863),#861);
#865=DIRECTION('',(0.E0,0.E0,-1.E0));
#866=VECTOR('',#865,1.5E-1);
#867=CARTESIAN_POINT('',(-2.5E0,1.E-1,1.55E0));
#868=LINE('',#867,#866);
#869=CURVE_STYLE('',#48,POSITIVE_LENGTH_MEASURE(2.E-2),#41);
#870=PRESENTATION_STYLE_ASSIGNMENT((#869));
#871=STYLED_ITEM('',(#870),#868);
#872=DIRECTION('',(0.E0,-1.E0,0.E0));
#873=VECTOR('',#872,1.E-1);
#874=CARTESIAN_POINT('',(-2.5E0,2.E-1,1.55E0));
#875=LINE('',#874,#873);
#876=CURVE_STYLE('',#48,POSITIVE_LENGTH_MEASURE(2.E-2),#41);
#877=PRESENTATION_STYLE_ASSIGNMENT((#876));
#878=STYLED_ITEM('',(#877),#875);
#879=DIRECTION('',(0.E0,9.805806756909E-1,-1.961161351382E-1));
#880=VECTOR('',#879,1.124106837735E-1);
#881=CARTESIAN_POINT('',(-2.5E0,0.E0,-1.125E0));
#882=LINE('',#881,#880);
#883=CURVE_STYLE('',#48,POSITIVE_LENGTH_MEASURE(2.E-2),#41);
#884=PRESENTATION_STYLE_ASSIGNMENT((#883));
#885=STYLED_ITEM('',(#884),#882);
#886=DIRECTION('',(0.E0,1.E0,0.E0));
#887=VECTOR('',#886,8.E-1);
#888=CARTESIAN_POINT('',(-2.5E0,0.E0,-2.E0));
#889=LINE('',#888,#887);
#890=CURVE_STYLE('',#48,POSITIVE_LENGTH_MEASURE(2.E-2),#41);
#891=PRESENTATION_STYLE_ASSIGNMENT((#890));
#892=STYLED_ITEM('',(#891),#889);
#893=DIRECTION('',(0.E0,-9.805806756909E-1,-1.961161351382E-1));
#894=VECTOR('',#893,1.124106837735E-1);
#895=CARTESIAN_POINT('',(-2.5E0,1.102277442495E-1,1.147045548850E0));
#896=LINE('',#895,#894);
#897=CURVE_STYLE('',#48,POSITIVE_LENGTH_MEASURE(2.E-2),#41);
#898=PRESENTATION_STYLE_ASSIGNMENT((#897));
#899=STYLED_ITEM('',(#898),#896);
#900=DIRECTION('',(0.E0,0.E0,-1.E0));
#901=VECTOR('',#900,2.940910976998E-1);
#902=CARTESIAN_POINT('',(-2.5E0,1.102277442495E-1,1.147045548850E0));
#903=LINE('',#902,#901);
#904=CURVE_STYLE('',#48,POSITIVE_LENGTH_MEASURE(2.E-2),#41);
#905=PRESENTATION_STYLE_ASSIGNMENT((#904));
#906=STYLED_ITEM('',(#905),#903);
#907=DIRECTION('',(0.E0,9.805806756909E-1,-1.961161351382E-1));
#908=VECTOR('',#907,1.124106837735E-1);
#909=CARTESIAN_POINT('',(-2.5E0,0.E0,8.75E-1));
#910=LINE('',#909,#908);
#911=CURVE_STYLE('',#48,POSITIVE_LENGTH_MEASURE(2.E-2),#41);
#912=PRESENTATION_STYLE_ASSIGNMENT((#911));
#913=STYLED_ITEM('',(#912),#910);
#914=DIRECTION('',(0.E0,-9.805806756909E-1,-1.961161351382E-1));
#915=VECTOR('',#914,1.124106837735E-1);
#916=CARTESIAN_POINT('',(-2.5E0,1.102277442495E-1,6.470455488499E-1));
#917=LINE('',#916,#915);
#918=CURVE_STYLE('',#48,POSITIVE_LENGTH_MEASURE(2.E-2),#41);
#919=PRESENTATION_STYLE_ASSIGNMENT((#918));
#920=STYLED_ITEM('',(#919),#917);
#921=DIRECTION('',(0.E0,0.E0,-1.E0));
#922=VECTOR('',#921,2.940910976998E-1);
#923=CARTESIAN_POINT('',(-2.5E0,1.102277442495E-1,6.470455488499E-1));
#924=LINE('',#923,#922);
#925=CURVE_STYLE('',#48,POSITIVE_LENGTH_MEASURE(2.E-2),#41);
#926=PRESENTATION_STYLE_ASSIGNMENT((#925));
#927=STYLED_ITEM('',(#926),#924);
#928=DIRECTION('',(0.E0,9.805806756909E-1,-1.961161351382E-1));
#929=VECTOR('',#928,1.124106837735E-1);
#930=CARTESIAN_POINT('',(-2.5E0,0.E0,3.75E-1));
#931=LINE('',#930,#929);
#932=CURVE_STYLE('',#48,POSITIVE_LENGTH_MEASURE(2.E-2),#41);
#933=PRESENTATION_STYLE_ASSIGNMENT((#932));
#934=STYLED_ITEM('',(#933),#931);
#935=DIRECTION('',(0.E0,-9.805806756909E-1,-1.961161351382E-1));
#936=VECTOR('',#935,1.124106837735E-1);
#937=CARTESIAN_POINT('',(-2.5E0,1.102277442495E-1,1.470455488499E-1));
#938=LINE('',#937,#936);
#939=CURVE_STYLE('',#48,POSITIVE_LENGTH_MEASURE(2.E-2),#41);
#940=PRESENTATION_STYLE_ASSIGNMENT((#939));
#941=STYLED_ITEM('',(#940),#938);
#942=DIRECTION('',(0.E0,0.E0,-1.E0));
#943=VECTOR('',#942,2.940910976998E-1);
#944=CARTESIAN_POINT('',(-2.5E0,1.102277442495E-1,1.470455488499E-1));
#945=LINE('',#944,#943);
#946=CURVE_STYLE('',#48,POSITIVE_LENGTH_MEASURE(2.E-2),#41);
#947=PRESENTATION_STYLE_ASSIGNMENT((#946));
#948=STYLED_ITEM('',(#947),#945);
#949=DIRECTION('',(0.E0,9.805806756909E-1,-1.961161351382E-1));
#950=VECTOR('',#949,1.124106837735E-1);
#951=CARTESIAN_POINT('',(-2.5E0,0.E0,-1.25E-1));
#952=LINE('',#951,#950);
#953=CURVE_STYLE('',#48,POSITIVE_LENGTH_MEASURE(2.E-2),#41);
#954=PRESENTATION_STYLE_ASSIGNMENT((#953));
#955=STYLED_ITEM('',(#954),#952);
#956=DIRECTION('',(0.E0,-9.805806756909E-1,-1.961161351382E-1));
#957=VECTOR('',#956,1.124106837735E-1);
#958=CARTESIAN_POINT('',(-2.5E0,1.102277442495E-1,-3.529544511501E-1));
#959=LINE('',#958,#957);
#960=CURVE_STYLE('',#48,POSITIVE_LENGTH_MEASURE(2.E-2),#41);
#961=PRESENTATION_STYLE_ASSIGNMENT((#960));
#962=STYLED_ITEM('',(#961),#959);
#963=DIRECTION('',(0.E0,0.E0,-1.E0));
#964=VECTOR('',#963,2.940910976998E-1);
#965=CARTESIAN_POINT('',(-2.5E0,1.102277442495E-1,-3.529544511501E-1));
#966=LINE('',#965,#964);
#967=CURVE_STYLE('',#48,POSITIVE_LENGTH_MEASURE(2.E-2),#41);
#968=PRESENTATION_STYLE_ASSIGNMENT((#967));
#969=STYLED_ITEM('',(#968),#966);
#970=DIRECTION('',(0.E0,9.805806756909E-1,-1.961161351382E-1));
#971=VECTOR('',#970,1.124106837735E-1);
#972=CARTESIAN_POINT('',(-2.5E0,0.E0,-6.25E-1));
#973=LINE('',#972,#971);
#974=CURVE_STYLE('',#48,POSITIVE_LENGTH_MEASURE(2.E-2),#41);
#975=PRESENTATION_STYLE_ASSIGNMENT((#974));
#976=STYLED_ITEM('',(#975),#973);
#977=DIRECTION('',(0.E0,-9.805806756909E-1,-1.961161351382E-1));
#978=VECTOR('',#977,1.124106837735E-1);
#979=CARTESIAN_POINT('',(-2.5E0,1.102277442495E-1,-8.529544511501E-1));
#980=LINE('',#979,#978);
#981=CURVE_STYLE('',#48,POSITIVE_LENGTH_MEASURE(2.E-2),#41);
#982=PRESENTATION_STYLE_ASSIGNMENT((#981));
#983=STYLED_ITEM('',(#982),#980);
#984=DIRECTION('',(0.E0,0.E0,-1.E0));
#985=VECTOR('',#984,2.940910976998E-1);
#986=CARTESIAN_POINT('',(-2.5E0,1.102277442495E-1,-8.529544511501E-1));
#987=LINE('',#986,#985);
#988=CURVE_STYLE('',#48,POSITIVE_LENGTH_MEASURE(2.E-2),#41);
#989=PRESENTATION_STYLE_ASSIGNMENT((#988));
#990=STYLED_ITEM('',(#989),#987);
#991=DIRECTION('',(-1.E0,0.E0,0.E0));
#992=VECTOR('',#991,2.E-2);
#993=CARTESIAN_POINT('',(-2.48E0,2.E-1,-1.4E0));
#994=LINE('',#993,#992);
#995=CURVE_STYLE('',#48,POSITIVE_LENGTH_MEASURE(2.E-2),#41);
#996=PRESENTATION_STYLE_ASSIGNMENT((#995));
#997=STYLED_ITEM('',(#996),#994);
#998=DIRECTION('',(0.E0,0.E0,-1.E0));
#999=VECTOR('',#998,1.5E-1);
#1000=CARTESIAN_POINT('',(-2.48E0,2.E-1,-1.4E0));
#1001=LINE('',#1000,#999);
#1002=CURVE_STYLE('',#48,POSITIVE_LENGTH_MEASURE(2.E-2),#41);
#1003=PRESENTATION_STYLE_ASSIGNMENT((#1002));
#1004=STYLED_ITEM('',(#1003),#1001);
#1005=DIRECTION('',(0.E0,0.E0,-1.E0));
#1006=VECTOR('',#1005,1.5E-1);
#1007=CARTESIAN_POINT('',(-2.48E0,2.E-1,1.55E0));
#1008=LINE('',#1007,#1006);
#1009=CURVE_STYLE('',#48,POSITIVE_LENGTH_MEASURE(2.E-2),#41);
#1010=PRESENTATION_STYLE_ASSIGNMENT((#1009));
#1011=STYLED_ITEM('',(#1010),#1008);
#1012=DIRECTION('',(-1.E0,0.E0,0.E0));
#1013=VECTOR('',#1012,2.E-2);
#1014=CARTESIAN_POINT('',(-2.48E0,2.E-1,1.4E0));
#1015=LINE('',#1014,#1013);
#1016=CURVE_STYLE('',#48,POSITIVE_LENGTH_MEASURE(2.E-2),#41);
#1017=PRESENTATION_STYLE_ASSIGNMENT((#1016));
#1018=STYLED_ITEM('',(#1017),#1015);
#1019=DIRECTION('',(0.E0,0.E0,-1.E0));
#1020=VECTOR('',#1019,1.951801111878E-2);
#1021=CARTESIAN_POINT('',(-1.9E0,2.E-1,2.E0));
#1022=LINE('',#1021,#1020);
#1023=CURVE_STYLE('',#48,POSITIVE_LENGTH_MEASURE(2.E-2),#41);
#1024=PRESENTATION_STYLE_ASSIGNMENT((#1023));
#1025=STYLED_ITEM('',(#1024),#1022);
#1026=DIRECTION('',(1.E0,0.E0,0.E0));
#1027=VECTOR('',#1026,1.5E-1);
#1028=CARTESIAN_POINT('',(-2.05E0,2.E-1,1.980481988881E0));
#1029=LINE('',#1028,#1027);
#1030=CURVE_STYLE('',#48,POSITIVE_LENGTH_MEASURE(2.E-2),#41);
#1031=PRESENTATION_STYLE_ASSIGNMENT((#1030));
#1032=STYLED_ITEM('',(#1031),#1029);
#1033=DIRECTION('',(1.E0,0.E0,0.E0));
#1034=VECTOR('',#1033,1.5E-1);
#1035=CARTESIAN_POINT('',(1.9E0,2.E-1,1.980481988881E0));
#1036=LINE('',#1035,#1034);
#1037=CURVE_STYLE('',#48,POSITIVE_LENGTH_MEASURE(2.E-2),#41);
#1038=PRESENTATION_STYLE_ASSIGNMENT((#1037));
#1039=STYLED_ITEM('',(#1038),#1036);
#1040=DIRECTION('',(0.E0,0.E0,-1.E0));
#1041=VECTOR('',#1040,1.951801111878E-2);
#1042=CARTESIAN_POINT('',(1.9E0,2.E-1,2.E0));
#1043=LINE('',#1042,#1041);
#1044=CURVE_STYLE('',#48,POSITIVE_LENGTH_MEASURE(2.E-2),#41);
#1045=PRESENTATION_STYLE_ASSIGNMENT((#1044));
#1046=STYLED_ITEM('',(#1045),#1043);
#1047=DIRECTION('',(1.E0,0.E0,0.E0));
#1048=VECTOR('',#1047,2.E-2);
#1049=CARTESIAN_POINT('',(2.48E0,2.E-1,1.4E0));
#1050=LINE('',#1049,#1048);
#1051=CURVE_STYLE('',#48,POSITIVE_LENGTH_MEASURE(2.E-2),#41);
#1052=PRESENTATION_STYLE_ASSIGNMENT((#1051));
#1053=STYLED_ITEM('',(#1052),#1050);
#1054=DIRECTION('',(0.E0,0.E0,-1.E0));
#1055=VECTOR('',#1054,1.5E-1);
#1056=CARTESIAN_POINT('',(2.48E0,2.E-1,1.55E0));
#1057=LINE('',#1056,#1055);
#1058=CURVE_STYLE('',#48,POSITIVE_LENGTH_MEASURE(2.E-2),#41);
#1059=PRESENTATION_STYLE_ASSIGNMENT((#1058));
#1060=STYLED_ITEM('',(#1059),#1057);
#1061=DIRECTION('',(0.E0,0.E0,-1.E0));
#1062=VECTOR('',#1061,1.5E-1);
#1063=CARTESIAN_POINT('',(2.48E0,2.E-1,-1.4E0));
#1064=LINE('',#1063,#1062);
#1065=CURVE_STYLE('',#48,POSITIVE_LENGTH_MEASURE(2.E-2),#41);
#1066=PRESENTATION_STYLE_ASSIGNMENT((#1065));
#1067=STYLED_ITEM('',(#1066),#1064);
#1068=DIRECTION('',(1.E0,0.E0,0.E0));
#1069=VECTOR('',#1068,2.E-2);
#1070=CARTESIAN_POINT('',(2.48E0,2.E-1,-1.4E0));
#1071=LINE('',#1070,#1069);
#1072=CURVE_STYLE('',#48,POSITIVE_LENGTH_MEASURE(2.E-2),#41);
#1073=PRESENTATION_STYLE_ASSIGNMENT((#1072));
#1074=STYLED_ITEM('',(#1073),#1071);
#1075=DIRECTION('',(0.E0,0.E0,1.E0));
#1076=VECTOR('',#1075,1.934339999200E-2);
#1077=CARTESIAN_POINT('',(1.9E0,2.E-1,-2.E0));
#1078=LINE('',#1077,#1076);
#1079=CURVE_STYLE('',#48,POSITIVE_LENGTH_MEASURE(2.E-2),#41);
#1080=PRESENTATION_STYLE_ASSIGNMENT((#1079));
#1081=STYLED_ITEM('',(#1080),#1078);
#1082=DIRECTION('',(1.E0,0.E0,0.E0));
#1083=VECTOR('',#1082,1.5E-1);
#1084=CARTESIAN_POINT('',(1.9E0,2.E-1,-1.980656600008E0));
#1085=LINE('',#1084,#1083);
#1086=CURVE_STYLE('',#48,POSITIVE_LENGTH_MEASURE(2.E-2),#41);
#1087=PRESENTATION_STYLE_ASSIGNMENT((#1086));
#1088=STYLED_ITEM('',(#1087),#1085);
#1089=DIRECTION('',(1.E0,0.E0,0.E0));
#1090=VECTOR('',#1089,1.5E-1);
#1091=CARTESIAN_POINT('',(-2.05E0,2.E-1,-1.980656600008E0));
#1092=LINE('',#1091,#1090);
#1093=CURVE_STYLE('',#48,POSITIVE_LENGTH_MEASURE(2.E-2),#41);
#1094=PRESENTATION_STYLE_ASSIGNMENT((#1093));
#1095=STYLED_ITEM('',(#1094),#1092);
#1096=DIRECTION('',(0.E0,0.E0,1.E0));
#1097=VECTOR('',#1096,1.934339999200E-2);
#1098=CARTESIAN_POINT('',(-1.9E0,2.E-1,-2.E0));
#1099=LINE('',#1098,#1097);
#1100=CURVE_STYLE('',#48,POSITIVE_LENGTH_MEASURE(2.E-2),#41);
#1101=PRESENTATION_STYLE_ASSIGNMENT((#1100));
#1102=STYLED_ITEM('',(#1101),#1099);
#1103=DIRECTION('',(0.E0,-1.E0,0.E0));
#1104=VECTOR('',#1103,1.E-1);
#1105=CARTESIAN_POINT('',(-2.48E0,2.E-1,-1.4E0));
#1106=LINE('',#1105,#1104);
#1107=CURVE_STYLE('',#48,POSITIVE_LENGTH_MEASURE(2.E-2),#41);
#1108=PRESENTATION_STYLE_ASSIGNMENT((#1107));
#1109=STYLED_ITEM('',(#1108),#1106);
#1110=DIRECTION('',(1.E0,0.E0,0.E0));
#1111=VECTOR('',#1110,2.E-2);
#1112=CARTESIAN_POINT('',(-2.5E0,1.E-1,-1.55E0));
#1113=LINE('',#1112,#1111);
#1114=CURVE_STYLE('',#48,POSITIVE_LENGTH_MEASURE(2.E-2),#41);
#1115=PRESENTATION_STYLE_ASSIGNMENT((#1114));
#1116=STYLED_ITEM('',(#1115),#1113);
#1117=DIRECTION('',(0.E0,0.E0,-1.E0));
#1118=VECTOR('',#1117,1.5E-1);
#1119=CARTESIAN_POINT('',(-2.48E0,1.E-1,-1.4E0));
#1120=LINE('',#1119,#1118);
#1121=CURVE_STYLE('',#48,POSITIVE_LENGTH_MEASURE(2.E-2),#41);
#1122=PRESENTATION_STYLE_ASSIGNMENT((#1121));
#1123=STYLED_ITEM('',(#1122),#1120);
#1124=DIRECTION('',(-1.E0,0.E0,0.E0));
#1125=VECTOR('',#1124,2.E-2);
#1126=CARTESIAN_POINT('',(-2.48E0,1.E-1,-1.4E0));
#1127=LINE('',#1126,#1125);
#1128=CURVE_STYLE('',#48,POSITIVE_LENGTH_MEASURE(2.E-2),#41);
#1129=PRESENTATION_STYLE_ASSIGNMENT((#1128));
#1130=STYLED_ITEM('',(#1129),#1127);
#1131=DIRECTION('',(0.E0,0.E0,1.E0));
#1132=VECTOR('',#1131,1.934339999200E-2);
#1133=CARTESIAN_POINT('',(-1.9E0,1.E-1,-2.E0));
#1134=LINE('',#1133,#1132);
#1135=CURVE_STYLE('',#48,POSITIVE_LENGTH_MEASURE(2.E-2),#41);
#1136=PRESENTATION_STYLE_ASSIGNMENT((#1135));
#1137=STYLED_ITEM('',(#1136),#1134);
#1138=DIRECTION('',(-1.E0,0.E0,0.E0));
#1139=VECTOR('',#1138,1.5E-1);
#1140=CARTESIAN_POINT('',(-1.9E0,1.E-1,-1.980656600008E0));
#1141=LINE('',#1140,#1139);
#1142=CURVE_STYLE('',#48,POSITIVE_LENGTH_MEASURE(2.E-2),#41);
#1143=PRESENTATION_STYLE_ASSIGNMENT((#1142));
#1144=STYLED_ITEM('',(#1143),#1141);
#1145=DIRECTION('',(0.E0,0.E0,-1.E0));
#1146=VECTOR('',#1145,1.934339999200E-2);
#1147=CARTESIAN_POINT('',(-2.05E0,1.E-1,-1.980656600008E0));
#1148=LINE('',#1147,#1146);
#1149=CURVE_STYLE('',#48,POSITIVE_LENGTH_MEASURE(2.E-2),#41);
#1150=PRESENTATION_STYLE_ASSIGNMENT((#1149));
#1151=STYLED_ITEM('',(#1150),#1148);
#1152=DIRECTION('',(-1.E0,0.E0,0.E0));
#1153=VECTOR('',#1152,2.E-2);
#1154=CARTESIAN_POINT('',(-2.48E0,2.E-1,-1.55E0));
#1155=LINE('',#1154,#1153);
#1156=CURVE_STYLE('',#48,POSITIVE_LENGTH_MEASURE(2.E-2),#41);
#1157=PRESENTATION_STYLE_ASSIGNMENT((#1156));
#1158=STYLED_ITEM('',(#1157),#1155);
#1159=DIRECTION('',(0.E0,-1.E0,0.E0));
#1160=VECTOR('',#1159,1.E-1);
#1161=CARTESIAN_POINT('',(-2.48E0,2.E-1,-1.55E0));
#1162=LINE('',#1161,#1160);
#1163=CURVE_STYLE('',#48,POSITIVE_LENGTH_MEASURE(2.E-2),#41);
#1164=PRESENTATION_STYLE_ASSIGNMENT((#1163));
#1165=STYLED_ITEM('',(#1164),#1162);
#1166=DIRECTION('',(0.E0,0.E0,-1.E0));
#1167=VECTOR('',#1166,2.567339170368E-1);
#1168=CARTESIAN_POINT('',(-2.48E0,1.683479259195E-2,-8.716330414816E-1));
#1169=LINE('',#1168,#1167);
#1170=CURVE_STYLE('',#48,POSITIVE_LENGTH_MEASURE(2.E-2),#41);
#1171=PRESENTATION_STYLE_ASSIGNMENT((#1170));
#1172=STYLED_ITEM('',(#1171),#1169);
#1173=DIRECTION('',(0.E0,0.E0,-1.E0));
#1174=VECTOR('',#1173,2.567339170368E-1);
#1175=CARTESIAN_POINT('',(-2.48E0,1.683479259195E-2,-3.716330414816E-1));
#1176=LINE('',#1175,#1174);
#1177=CURVE_STYLE('',#48,POSITIVE_LENGTH_MEASURE(2.E-2),#41);
#1178=PRESENTATION_STYLE_ASSIGNMENT((#1177));
#1179=STYLED_ITEM('',(#1178),#1176);
#1180=DIRECTION('',(0.E0,0.E0,-1.E0));
#1181=VECTOR('',#1180,2.567339170368E-1);
#1182=CARTESIAN_POINT('',(-2.48E0,1.683479259195E-2,1.283669585184E-1));
#1183=LINE('',#1182,#1181);
#1184=CURVE_STYLE('',#48,POSITIVE_LENGTH_MEASURE(2.E-2),#41);
#1185=PRESENTATION_STYLE_ASSIGNMENT((#1184));
#1186=STYLED_ITEM('',(#1185),#1183);
#1187=DIRECTION('',(0.E0,0.E0,-1.E0));
#1188=VECTOR('',#1187,2.567339170368E-1);
#1189=CARTESIAN_POINT('',(-2.48E0,1.683479259195E-2,6.283669585184E-1));
#1190=LINE('',#1189,#1188);
#1191=CURVE_STYLE('',#48,POSITIVE_LENGTH_MEASURE(2.E-2),#41);
#1192=PRESENTATION_STYLE_ASSIGNMENT((#1191));
#1193=STYLED_ITEM('',(#1192),#1190);
#1194=DIRECTION('',(0.E0,0.E0,-1.E0));
#1195=VECTOR('',#1194,2.567339170368E-1);
#1196=CARTESIAN_POINT('',(-2.48E0,1.683479259195E-2,1.128366958518E0));
#1197=LINE('',#1196,#1195);
#1198=CURVE_STYLE('',#48,POSITIVE_LENGTH_MEASURE(2.E-2),#41);
#1199=PRESENTATION_STYLE_ASSIGNMENT((#1198));
#1200=STYLED_ITEM('',(#1199),#1197);
#1201=DIRECTION('',(0.E0,-1.E0,0.E0));
#1202=VECTOR('',#1201,1.E-1);
#1203=CARTESIAN_POINT('',(-2.48E0,2.E-1,1.55E0));
#1204=LINE('',#1203,#1202);
#1205=CURVE_STYLE('',#48,POSITIVE_LENGTH_MEASURE(2.E-2),#41);
#1206=PRESENTATION_STYLE_ASSIGNMENT((#1205));
#1207=STYLED_ITEM('',(#1206),#1204);
#1208=DIRECTION('',(1.E0,0.E0,0.E0));
#1209=VECTOR('',#1208,2.E-2);
#1210=CARTESIAN_POINT('',(-2.5E0,2.E-1,1.55E0));
#1211=LINE('',#1210,#1209);
#1212=CURVE_STYLE('',#48,POSITIVE_LENGTH_MEASURE(2.E-2),#41);
#1213=PRESENTATION_STYLE_ASSIGNMENT((#1212));
#1214=STYLED_ITEM('',(#1213),#1211);
#1215=DIRECTION('',(-1.E0,0.E0,0.E0));
#1216=VECTOR('',#1215,2.E-2);
#1217=CARTESIAN_POINT('',(-2.48E0,1.E-1,1.4E0));
#1218=LINE('',#1217,#1216);
#1219=CURVE_STYLE('',#48,POSITIVE_LENGTH_MEASURE(2.E-2),#41);
#1220=PRESENTATION_STYLE_ASSIGNMENT((#1219));
#1221=STYLED_ITEM('',(#1220),#1218);
#1222=DIRECTION('',(0.E0,0.E0,1.E0));
#1223=VECTOR('',#1222,1.5E-1);
#1224=CARTESIAN_POINT('',(-2.48E0,1.E-1,1.4E0));
#1225=LINE('',#1224,#1223);
#1226=CURVE_STYLE('',#48,POSITIVE_LENGTH_MEASURE(2.E-2),#41);
#1227=PRESENTATION_STYLE_ASSIGNMENT((#1226));
#1228=STYLED_ITEM('',(#1227),#1225);
#1229=DIRECTION('',(1.E0,0.E0,0.E0));
#1230=VECTOR('',#1229,2.E-2);
#1231=CARTESIAN_POINT('',(-2.5E0,1.E-1,1.55E0));
#1232=LINE('',#1231,#1230);
#1233=CURVE_STYLE('',#48,POSITIVE_LENGTH_MEASURE(2.E-2),#41);
#1234=PRESENTATION_STYLE_ASSIGNMENT((#1233));
#1235=STYLED_ITEM('',(#1234),#1232);
#1236=DIRECTION('',(0.E0,0.E0,1.E0));
#1237=VECTOR('',#1236,1.951801111878E-2);
#1238=CARTESIAN_POINT('',(-2.05E0,1.E-1,1.980481988881E0));
#1239=LINE('',#1238,#1237);
#1240=CURVE_STYLE('',#48,POSITIVE_LENGTH_MEASURE(2.E-2),#41);
#1241=PRESENTATION_STYLE_ASSIGNMENT((#1240));
#1242=STYLED_ITEM('',(#1241),#1239);
#1243=DIRECTION('',(-1.E0,0.E0,0.E0));
#1244=VECTOR('',#1243,1.5E-1);
#1245=CARTESIAN_POINT('',(-1.9E0,1.E-1,1.980481988881E0));
#1246=LINE('',#1245,#1244);
#1247=CURVE_STYLE('',#48,POSITIVE_LENGTH_MEASURE(2.E-2),#41);
#1248=PRESENTATION_STYLE_ASSIGNMENT((#1247));
#1249=STYLED_ITEM('',(#1248),#1246);
#1250=DIRECTION('',(0.E0,0.E0,-1.E0));
#1251=VECTOR('',#1250,1.951801111878E-2);
#1252=CARTESIAN_POINT('',(-1.9E0,1.E-1,2.E0));
#1253=LINE('',#1252,#1251);
#1254=CURVE_STYLE('',#48,POSITIVE_LENGTH_MEASURE(2.E-2),#41);
#1255=PRESENTATION_STYLE_ASSIGNMENT((#1254));
#1256=STYLED_ITEM('',(#1255),#1253);
#1257=DIRECTION('',(0.E0,-1.E0,0.E0));
#1258=VECTOR('',#1257,1.E-1);
#1259=CARTESIAN_POINT('',(-2.48E0,2.E-1,1.4E0));
#1260=LINE('',#1259,#1258);
#1261=CURVE_STYLE('',#48,POSITIVE_LENGTH_MEASURE(2.E-2),#41);
#1262=PRESENTATION_STYLE_ASSIGNMENT((#1261));
#1263=STYLED_ITEM('',(#1262),#1260);
#1264=DIRECTION('',(1.E0,0.E0,0.E0));
#1265=VECTOR('',#1264,1.5E-1);
#1266=CARTESIAN_POINT('',(-2.05E0,2.E-1,2.E0));
#1267=LINE('',#1266,#1265);
#1268=CURVE_STYLE('',#48,POSITIVE_LENGTH_MEASURE(2.E-2),#41);
#1269=PRESENTATION_STYLE_ASSIGNMENT((#1268));
#1270=STYLED_ITEM('',(#1269),#1267);
#1271=DIRECTION('',(0.E0,-1.E0,0.E0));
#1272=VECTOR('',#1271,1.E-1);
#1273=CARTESIAN_POINT('',(-2.05E0,2.E-1,2.E0));
#1274=LINE('',#1273,#1272);
#1275=CURVE_STYLE('',#48,POSITIVE_LENGTH_MEASURE(2.E-2),#41);
#1276=PRESENTATION_STYLE_ASSIGNMENT((#1275));
#1277=STYLED_ITEM('',(#1276),#1274);
#1278=DIRECTION('',(1.E0,0.E0,0.E0));
#1279=VECTOR('',#1278,1.5E-1);
#1280=CARTESIAN_POINT('',(-2.05E0,1.E-1,2.E0));
#1281=LINE('',#1280,#1279);
#1282=CURVE_STYLE('',#48,POSITIVE_LENGTH_MEASURE(2.E-2),#41);
#1283=PRESENTATION_STYLE_ASSIGNMENT((#1282));
#1284=STYLED_ITEM('',(#1283),#1281);
#1285=DIRECTION('',(0.E0,-1.E0,0.E0));
#1286=VECTOR('',#1285,1.E-1);
#1287=CARTESIAN_POINT('',(-1.9E0,2.E-1,2.E0));
#1288=LINE('',#1287,#1286);
#1289=CURVE_STYLE('',#48,POSITIVE_LENGTH_MEASURE(2.E-2),#41);
#1290=PRESENTATION_STYLE_ASSIGNMENT((#1289));
#1291=STYLED_ITEM('',(#1290),#1288);
#1292=DIRECTION('',(1.E0,0.E0,0.E0));
#1293=VECTOR('',#1292,1.5E-1);
#1294=CARTESIAN_POINT('',(1.9E0,2.E-1,2.E0));
#1295=LINE('',#1294,#1293);
#1296=CURVE_STYLE('',#48,POSITIVE_LENGTH_MEASURE(2.E-2),#41);
#1297=PRESENTATION_STYLE_ASSIGNMENT((#1296));
#1298=STYLED_ITEM('',(#1297),#1295);
#1299=DIRECTION('',(0.E0,-1.E0,0.E0));
#1300=VECTOR('',#1299,1.E-1);
#1301=CARTESIAN_POINT('',(1.9E0,2.E-1,2.E0));
#1302=LINE('',#1301,#1300);
#1303=CURVE_STYLE('',#48,POSITIVE_LENGTH_MEASURE(2.E-2),#41);
#1304=PRESENTATION_STYLE_ASSIGNMENT((#1303));
#1305=STYLED_ITEM('',(#1304),#1302);
#1306=DIRECTION('',(-1.E0,0.E0,0.E0));
#1307=VECTOR('',#1306,1.5E-1);
#1308=CARTESIAN_POINT('',(2.05E0,1.E-1,2.E0));
#1309=LINE('',#1308,#1307);
#1310=CURVE_STYLE('',#48,POSITIVE_LENGTH_MEASURE(2.E-2),#41);
#1311=PRESENTATION_STYLE_ASSIGNMENT((#1310));
#1312=STYLED_ITEM('',(#1311),#1309);
#1313=DIRECTION('',(0.E0,-1.E0,0.E0));
#1314=VECTOR('',#1313,1.E-1);
#1315=CARTESIAN_POINT('',(2.05E0,2.E-1,2.E0));
#1316=LINE('',#1315,#1314);
#1317=CURVE_STYLE('',#48,POSITIVE_LENGTH_MEASURE(2.E-2),#41);
#1318=PRESENTATION_STYLE_ASSIGNMENT((#1317));
#1319=STYLED_ITEM('',(#1318),#1316);
#1320=DIRECTION('',(1.961161351382E-1,9.805806756909E-1,0.E0));
#1321=VECTOR('',#1320,1.124106837735E-1);
#1322=CARTESIAN_POINT('',(1.625E0,0.E0,2.E0));
#1323=LINE('',#1322,#1321);
#1324=CURVE_STYLE('',#48,POSITIVE_LENGTH_MEASURE(2.E-2),#41);
#1325=PRESENTATION_STYLE_ASSIGNMENT((#1324));
#1326=STYLED_ITEM('',(#1325),#1323);
#1327=DIRECTION('',(-1.E0,0.E0,0.E0));
#1328=VECTOR('',#1327,2.940910976998E-1);
#1329=CARTESIAN_POINT('',(1.647045548850E0,1.102277442495E-1,2.E0));
#1330=LINE('',#1329,#1328);
#1331=CURVE_STYLE('',#48,POSITIVE_LENGTH_MEASURE(2.E-2),#41);
#1332=PRESENTATION_STYLE_ASSIGNMENT((#1331));
#1333=STYLED_ITEM('',(#1332),#1330);
#1334=DIRECTION('',(1.961161351382E-1,-9.805806756909E-1,0.E0));
#1335=VECTOR('',#1334,1.124106837735E-1);
#1336=CARTESIAN_POINT('',(1.352954451150E0,1.102277442495E-1,2.E0));
#1337=LINE('',#1336,#1335);
#1338=CURVE_STYLE('',#48,POSITIVE_LENGTH_MEASURE(2.E-2),#41);
#1339=PRESENTATION_STYLE_ASSIGNMENT((#1338));
#1340=STYLED_ITEM('',(#1339),#1337);
#1341=DIRECTION('',(1.961161351382E-1,9.805806756909E-1,0.E0));
#1342=VECTOR('',#1341,1.124106837735E-1);
#1343=CARTESIAN_POINT('',(1.125E0,0.E0,2.E0));
#1344=LINE('',#1343,#1342);
#1345=CURVE_STYLE('',#48,POSITIVE_LENGTH_MEASURE(2.E-2),#41);
#1346=PRESENTATION_STYLE_ASSIGNMENT((#1345));
#1347=STYLED_ITEM('',(#1346),#1344);
#1348=DIRECTION('',(-1.E0,0.E0,0.E0));
#1349=VECTOR('',#1348,2.940910976998E-1);
#1350=CARTESIAN_POINT('',(1.147045548850E0,1.102277442495E-1,2.E0));
#1351=LINE('',#1350,#1349);
#1352=CURVE_STYLE('',#48,POSITIVE_LENGTH_MEASURE(2.E-2),#41);
#1353=PRESENTATION_STYLE_ASSIGNMENT((#1352));
#1354=STYLED_ITEM('',(#1353),#1351);
#1355=DIRECTION('',(1.961161351382E-1,-9.805806756909E-1,0.E0));
#1356=VECTOR('',#1355,1.124106837735E-1);
#1357=CARTESIAN_POINT('',(8.529544511501E-1,1.102277442495E-1,2.E0));
#1358=LINE('',#1357,#1356);
#1359=CURVE_STYLE('',#48,POSITIVE_LENGTH_MEASURE(2.E-2),#41);
#1360=PRESENTATION_STYLE_ASSIGNMENT((#1359));
#1361=STYLED_ITEM('',(#1360),#1358);
#1362=DIRECTION('',(1.961161351382E-1,9.805806756909E-1,0.E0));
#1363=VECTOR('',#1362,1.124106837735E-1);
#1364=CARTESIAN_POINT('',(6.25E-1,0.E0,2.E0));
#1365=LINE('',#1364,#1363);
#1366=CURVE_STYLE('',#48,POSITIVE_LENGTH_MEASURE(2.E-2),#41);
#1367=PRESENTATION_STYLE_ASSIGNMENT((#1366));
#1368=STYLED_ITEM('',(#1367),#1365);
#1369=DIRECTION('',(-1.E0,0.E0,0.E0));
#1370=VECTOR('',#1369,2.940910976998E-1);
#1371=CARTESIAN_POINT('',(6.470455488499E-1,1.102277442495E-1,2.E0));
#1372=LINE('',#1371,#1370);
#1373=CURVE_STYLE('',#48,POSITIVE_LENGTH_MEASURE(2.E-2),#41);
#1374=PRESENTATION_STYLE_ASSIGNMENT((#1373));
#1375=STYLED_ITEM('',(#1374),#1372);
#1376=DIRECTION('',(1.961161351382E-1,-9.805806756909E-1,0.E0));
#1377=VECTOR('',#1376,1.124106837735E-1);
#1378=CARTESIAN_POINT('',(3.529544511501E-1,1.102277442495E-1,2.E0));
#1379=LINE('',#1378,#1377);
#1380=CURVE_STYLE('',#48,POSITIVE_LENGTH_MEASURE(2.E-2),#41);
#1381=PRESENTATION_STYLE_ASSIGNMENT((#1380));
#1382=STYLED_ITEM('',(#1381),#1379);
#1383=DIRECTION('',(1.961161351382E-1,9.805806756909E-1,0.E0));
#1384=VECTOR('',#1383,1.124106837735E-1);
#1385=CARTESIAN_POINT('',(1.25E-1,0.E0,2.E0));
#1386=LINE('',#1385,#1384);
#1387=CURVE_STYLE('',#48,POSITIVE_LENGTH_MEASURE(2.E-2),#41);
#1388=PRESENTATION_STYLE_ASSIGNMENT((#1387));
#1389=STYLED_ITEM('',(#1388),#1386);
#1390=DIRECTION('',(-1.E0,0.E0,0.E0));
#1391=VECTOR('',#1390,2.940910976998E-1);
#1392=CARTESIAN_POINT('',(1.470455488499E-1,1.102277442495E-1,2.E0));
#1393=LINE('',#1392,#1391);
#1394=CURVE_STYLE('',#48,POSITIVE_LENGTH_MEASURE(2.E-2),#41);
#1395=PRESENTATION_STYLE_ASSIGNMENT((#1394));
#1396=STYLED_ITEM('',(#1395),#1393);
#1397=DIRECTION('',(1.961161351382E-1,-9.805806756909E-1,0.E0));
#1398=VECTOR('',#1397,1.124106837735E-1);
#1399=CARTESIAN_POINT('',(-1.470455488499E-1,1.102277442495E-1,2.E0));
#1400=LINE('',#1399,#1398);
#1401=CURVE_STYLE('',#48,POSITIVE_LENGTH_MEASURE(2.E-2),#41);
#1402=PRESENTATION_STYLE_ASSIGNMENT((#1401));
#1403=STYLED_ITEM('',(#1402),#1400);
#1404=DIRECTION('',(1.961161351382E-1,9.805806756909E-1,0.E0));
#1405=VECTOR('',#1404,1.124106837735E-1);
#1406=CARTESIAN_POINT('',(-3.75E-1,0.E0,2.E0));
#1407=LINE('',#1406,#1405);
#1408=CURVE_STYLE('',#48,POSITIVE_LENGTH_MEASURE(2.E-2),#41);
#1409=PRESENTATION_STYLE_ASSIGNMENT((#1408));
#1410=STYLED_ITEM('',(#1409),#1407);
#1411=DIRECTION('',(-1.E0,0.E0,0.E0));
#1412=VECTOR('',#1411,2.940910976998E-1);
#1413=CARTESIAN_POINT('',(-3.529544511501E-1,1.102277442495E-1,2.E0));
#1414=LINE('',#1413,#1412);
#1415=CURVE_STYLE('',#48,POSITIVE_LENGTH_MEASURE(2.E-2),#41);
#1416=PRESENTATION_STYLE_ASSIGNMENT((#1415));
#1417=STYLED_ITEM('',(#1416),#1414);
#1418=DIRECTION('',(1.961161351382E-1,-9.805806756909E-1,0.E0));
#1419=VECTOR('',#1418,1.124106837735E-1);
#1420=CARTESIAN_POINT('',(-6.470455488499E-1,1.102277442495E-1,2.E0));
#1421=LINE('',#1420,#1419);
#1422=CURVE_STYLE('',#48,POSITIVE_LENGTH_MEASURE(2.E-2),#41);
#1423=PRESENTATION_STYLE_ASSIGNMENT((#1422));
#1424=STYLED_ITEM('',(#1423),#1421);
#1425=DIRECTION('',(1.961161351382E-1,9.805806756909E-1,0.E0));
#1426=VECTOR('',#1425,1.124106837735E-1);
#1427=CARTESIAN_POINT('',(-8.75E-1,0.E0,2.E0));
#1428=LINE('',#1427,#1426);
#1429=CURVE_STYLE('',#48,POSITIVE_LENGTH_MEASURE(2.E-2),#41);
#1430=PRESENTATION_STYLE_ASSIGNMENT((#1429));
#1431=STYLED_ITEM('',(#1430),#1428);
#1432=DIRECTION('',(-1.E0,0.E0,0.E0));
#1433=VECTOR('',#1432,2.940910976998E-1);
#1434=CARTESIAN_POINT('',(-8.529544511501E-1,1.102277442495E-1,2.E0));
#1435=LINE('',#1434,#1433);
#1436=CURVE_STYLE('',#48,POSITIVE_LENGTH_MEASURE(2.E-2),#41);
#1437=PRESENTATION_STYLE_ASSIGNMENT((#1436));
#1438=STYLED_ITEM('',(#1437),#1435);
#1439=DIRECTION('',(1.961161351382E-1,-9.805806756909E-1,0.E0));
#1440=VECTOR('',#1439,1.124106837735E-1);
#1441=CARTESIAN_POINT('',(-1.147045548850E0,1.102277442495E-1,2.E0));
#1442=LINE('',#1441,#1440);
#1443=CURVE_STYLE('',#48,POSITIVE_LENGTH_MEASURE(2.E-2),#41);
#1444=PRESENTATION_STYLE_ASSIGNMENT((#1443));
#1445=STYLED_ITEM('',(#1444),#1442);
#1446=DIRECTION('',(1.961161351382E-1,9.805806756909E-1,0.E0));
#1447=VECTOR('',#1446,1.124106837735E-1);
#1448=CARTESIAN_POINT('',(-1.375E0,0.E0,2.E0));
#1449=LINE('',#1448,#1447);
#1450=CURVE_STYLE('',#48,POSITIVE_LENGTH_MEASURE(2.E-2),#41);
#1451=PRESENTATION_STYLE_ASSIGNMENT((#1450));
#1452=STYLED_ITEM('',(#1451),#1449);
#1453=DIRECTION('',(-1.E0,0.E0,0.E0));
#1454=VECTOR('',#1453,2.940910976998E-1);
#1455=CARTESIAN_POINT('',(-1.352954451150E0,1.102277442495E-1,2.E0));
#1456=LINE('',#1455,#1454);
#1457=CURVE_STYLE('',#48,POSITIVE_LENGTH_MEASURE(2.E-2),#41);
#1458=PRESENTATION_STYLE_ASSIGNMENT((#1457));
#1459=STYLED_ITEM('',(#1458),#1456);
#1460=DIRECTION('',(1.961161351382E-1,-9.805806756909E-1,0.E0));
#1461=VECTOR('',#1460,1.124106837735E-1);
#1462=CARTESIAN_POINT('',(-1.647045548850E0,1.102277442495E-1,2.E0));
#1463=LINE('',#1462,#1461);
#1464=CURVE_STYLE('',#48,POSITIVE_LENGTH_MEASURE(2.E-2),#41);
#1465=PRESENTATION_STYLE_ASSIGNMENT((#1464));
#1466=STYLED_ITEM('',(#1465),#1463);
#1467=DIRECTION('',(0.E0,1.E0,0.E0));
#1468=VECTOR('',#1467,8.E-1);
#1469=CARTESIAN_POINT('',(-2.5E0,0.E0,2.E0));
#1470=LINE('',#1469,#1468);
#1471=CURVE_STYLE('',#48,POSITIVE_LENGTH_MEASURE(2.E-2),#41);
#1472=PRESENTATION_STYLE_ASSIGNMENT((#1471));
#1473=STYLED_ITEM('',(#1472),#1470);
#1474=DIRECTION('',(0.E0,0.E0,1.E0));
#1475=VECTOR('',#1474,1.951801111878E-2);
#1476=CARTESIAN_POINT('',(-2.05E0,2.E-1,1.980481988881E0));
#1477=LINE('',#1476,#1475);
#1478=CURVE_STYLE('',#48,POSITIVE_LENGTH_MEASURE(2.E-2),#41);
#1479=PRESENTATION_STYLE_ASSIGNMENT((#1478));
#1480=STYLED_ITEM('',(#1479),#1477);
#1481=DIRECTION('',(0.E0,-1.E0,0.E0));
#1482=VECTOR('',#1481,1.E-1);
#1483=CARTESIAN_POINT('',(-2.05E0,2.E-1,1.980481988881E0));
#1484=LINE('',#1483,#1482);
#1485=CURVE_STYLE('',#48,POSITIVE_LENGTH_MEASURE(2.E-2),#41);
#1486=PRESENTATION_STYLE_ASSIGNMENT((#1485));
#1487=STYLED_ITEM('',(#1486),#1484);
#1488=DIRECTION('',(0.E0,-1.E0,0.E0));
#1489=VECTOR('',#1488,1.E-1);
#1490=CARTESIAN_POINT('',(-1.9E0,2.E-1,1.980481988881E0));
#1491=LINE('',#1490,#1489);
#1492=CURVE_STYLE('',#48,POSITIVE_LENGTH_MEASURE(2.E-2),#41);
#1493=PRESENTATION_STYLE_ASSIGNMENT((#1492));
#1494=STYLED_ITEM('',(#1493),#1491);
#1495=DIRECTION('',(0.E0,-1.E0,0.E0));
#1496=VECTOR('',#1495,1.E-1);
#1497=CARTESIAN_POINT('',(2.05E0,2.E-1,1.980481988881E0));
#1498=LINE('',#1497,#1496);
#1499=CURVE_STYLE('',#48,POSITIVE_LENGTH_MEASURE(2.E-2),#41);
#1500=PRESENTATION_STYLE_ASSIGNMENT((#1499));
#1501=STYLED_ITEM('',(#1500),#1498);
#1502=DIRECTION('',(0.E0,0.E0,-1.E0));
#1503=VECTOR('',#1502,1.951801111878E-2);
#1504=CARTESIAN_POINT('',(2.05E0,2.E-1,2.E0));
#1505=LINE('',#1504,#1503);
#1506=CURVE_STYLE('',#48,POSITIVE_LENGTH_MEASURE(2.E-2),#41);
#1507=PRESENTATION_STYLE_ASSIGNMENT((#1506));
#1508=STYLED_ITEM('',(#1507),#1505);
#1509=DIRECTION('',(0.E0,0.E0,-1.E0));
#1510=VECTOR('',#1509,1.951801111878E-2);
#1511=CARTESIAN_POINT('',(1.9E0,1.E-1,2.E0));
#1512=LINE('',#1511,#1510);
#1513=CURVE_STYLE('',#48,POSITIVE_LENGTH_MEASURE(2.E-2),#41);
#1514=PRESENTATION_STYLE_ASSIGNMENT((#1513));
#1515=STYLED_ITEM('',(#1514),#1512);
#1516=DIRECTION('',(1.E0,0.E0,0.E0));
#1517=VECTOR('',#1516,1.5E-1);
#1518=CARTESIAN_POINT('',(1.9E0,1.E-1,1.980481988881E0));
#1519=LINE('',#1518,#1517);
#1520=CURVE_STYLE('',#48,POSITIVE_LENGTH_MEASURE(2.E-2),#41);
#1521=PRESENTATION_STYLE_ASSIGNMENT((#1520));
#1522=STYLED_ITEM('',(#1521),#1519);
#1523=DIRECTION('',(0.E0,0.E0,1.E0));
#1524=VECTOR('',#1523,1.951801111878E-2);
#1525=CARTESIAN_POINT('',(2.05E0,1.E-1,1.980481988881E0));
#1526=LINE('',#1525,#1524);
#1527=CURVE_STYLE('',#48,POSITIVE_LENGTH_MEASURE(2.E-2),#41);
#1528=PRESENTATION_STYLE_ASSIGNMENT((#1527));
#1529=STYLED_ITEM('',(#1528),#1526);
#1530=DIRECTION('',(-1.E0,0.E0,0.E0));
#1531=VECTOR('',#1530,2.E-2);
#1532=CARTESIAN_POINT('',(2.5E0,1.E-1,1.55E0));
#1533=LINE('',#1532,#1531);
#1534=CURVE_STYLE('',#48,POSITIVE_LENGTH_MEASURE(2.E-2),#41);
#1535=PRESENTATION_STYLE_ASSIGNMENT((#1534));
#1536=STYLED_ITEM('',(#1535),#1533);
#1537=DIRECTION('',(0.E0,0.E0,1.E0));
#1538=VECTOR('',#1537,1.5E-1);
#1539=CARTESIAN_POINT('',(2.48E0,1.E-1,1.4E0));
#1540=LINE('',#1539,#1538);
#1541=CURVE_STYLE('',#48,POSITIVE_LENGTH_MEASURE(2.E-2),#41);
#1542=PRESENTATION_STYLE_ASSIGNMENT((#1541));
#1543=STYLED_ITEM('',(#1542),#1540);
#1544=DIRECTION('',(1.E0,0.E0,0.E0));
#1545=VECTOR('',#1544,2.E-2);
#1546=CARTESIAN_POINT('',(2.48E0,1.E-1,1.4E0));
#1547=LINE('',#1546,#1545);
#1548=CURVE_STYLE('',#48,POSITIVE_LENGTH_MEASURE(2.E-2),#41);
#1549=PRESENTATION_STYLE_ASSIGNMENT((#1548));
#1550=STYLED_ITEM('',(#1549),#1547);
#1551=DIRECTION('',(0.E0,-1.E0,0.E0));
#1552=VECTOR('',#1551,1.E-1);
#1553=CARTESIAN_POINT('',(1.9E0,2.E-1,1.980481988881E0));
#1554=LINE('',#1553,#1552);
#1555=CURVE_STYLE('',#48,POSITIVE_LENGTH_MEASURE(2.E-2),#41);
#1556=PRESENTATION_STYLE_ASSIGNMENT((#1555));
#1557=STYLED_ITEM('',(#1556),#1554);
#1558=DIRECTION('',(0.E0,0.E0,-1.E0));
#1559=VECTOR('',#1558,1.5E-1);
#1560=CARTESIAN_POINT('',(2.5E0,2.E-1,1.55E0));
#1561=LINE('',#1560,#1559);
#1562=CURVE_STYLE('',#48,POSITIVE_LENGTH_MEASURE(2.E-2),#41);
#1563=PRESENTATION_STYLE_ASSIGNMENT((#1562));
#1564=STYLED_ITEM('',(#1563),#1561);
#1565=DIRECTION('',(0.E0,-1.E0,0.E0));
#1566=VECTOR('',#1565,1.E-1);
#1567=CARTESIAN_POINT('',(2.5E0,2.E-1,1.55E0));
#1568=LINE('',#1567,#1566);
#1569=CURVE_STYLE('',#48,POSITIVE_LENGTH_MEASURE(2.E-2),#41);
#1570=PRESENTATION_STYLE_ASSIGNMENT((#1569));
#1571=STYLED_ITEM('',(#1570),#1568);
#1572=DIRECTION('',(0.E0,0.E0,-1.E0));
#1573=VECTOR('',#1572,1.5E-1);
#1574=CARTESIAN_POINT('',(2.5E0,1.E-1,1.55E0));
#1575=LINE('',#1574,#1573);
#1576=CURVE_STYLE('',#48,POSITIVE_LENGTH_MEASURE(2.E-2),#41);
#1577=PRESENTATION_STYLE_ASSIGNMENT((#1576));
#1578=STYLED_ITEM('',(#1577),#1575);
#1579=DIRECTION('',(0.E0,-1.E0,0.E0));
#1580=VECTOR('',#1579,1.E-1);
#1581=CARTESIAN_POINT('',(2.5E0,2.E-1,1.4E0));
#1582=LINE('',#1581,#1580);
#1583=CURVE_STYLE('',#48,POSITIVE_LENGTH_MEASURE(2.E-2),#41);
#1584=PRESENTATION_STYLE_ASSIGNMENT((#1583));
#1585=STYLED_ITEM('',(#1584),#1582);
#1586=DIRECTION('',(0.E0,0.E0,-1.E0));
#1587=VECTOR('',#1586,1.5E-1);
#1588=CARTESIAN_POINT('',(2.5E0,2.E-1,-1.4E0));
#1589=LINE('',#1588,#1587);
#1590=CURVE_STYLE('',#48,POSITIVE_LENGTH_MEASURE(2.E-2),#41);
#1591=PRESENTATION_STYLE_ASSIGNMENT((#1590));
#1592=STYLED_ITEM('',(#1591),#1589);
#1593=DIRECTION('',(0.E0,-1.E0,0.E0));
#1594=VECTOR('',#1593,1.E-1);
#1595=CARTESIAN_POINT('',(2.5E0,2.E-1,-1.4E0));
#1596=LINE('',#1595,#1594);
#1597=CURVE_STYLE('',#48,POSITIVE_LENGTH_MEASURE(2.E-2),#41);
#1598=PRESENTATION_STYLE_ASSIGNMENT((#1597));
#1599=STYLED_ITEM('',(#1598),#1596);
#1600=DIRECTION('',(0.E0,0.E0,1.E0));
#1601=VECTOR('',#1600,1.5E-1);
#1602=CARTESIAN_POINT('',(2.5E0,1.E-1,-1.55E0));
#1603=LINE('',#1602,#1601);
#1604=CURVE_STYLE('',#48,POSITIVE_LENGTH_MEASURE(2.E-2),#41);
#1605=PRESENTATION_STYLE_ASSIGNMENT((#1604));
#1606=STYLED_ITEM('',(#1605),#1603);
#1607=DIRECTION('',(0.E0,-1.E0,0.E0));
#1608=VECTOR('',#1607,1.E-1);
#1609=CARTESIAN_POINT('',(2.5E0,2.E-1,-1.55E0));
#1610=LINE('',#1609,#1608);
#1611=CURVE_STYLE('',#48,POSITIVE_LENGTH_MEASURE(2.E-2),#41);
#1612=PRESENTATION_STYLE_ASSIGNMENT((#1611));
#1613=STYLED_ITEM('',(#1612),#1610);
#1614=DIRECTION('',(0.E0,9.805806756909E-1,-1.961161351382E-1));
#1615=VECTOR('',#1614,1.124106837735E-1);
#1616=CARTESIAN_POINT('',(2.5E0,0.E0,-1.125E0));
#1617=LINE('',#1616,#1615);
#1618=CURVE_STYLE('',#48,POSITIVE_LENGTH_MEASURE(2.E-2),#41);
#1619=PRESENTATION_STYLE_ASSIGNMENT((#1618));
#1620=STYLED_ITEM('',(#1619),#1617);
#1621=DIRECTION('',(0.E0,0.E0,1.E0));
#1622=VECTOR('',#1621,2.940910976998E-1);
#1623=CARTESIAN_POINT('',(2.5E0,1.102277442495E-1,-1.147045548850E0));
#1624=LINE('',#1623,#1622);
#1625=CURVE_STYLE('',#48,POSITIVE_LENGTH_MEASURE(2.E-2),#41);
#1626=PRESENTATION_STYLE_ASSIGNMENT((#1625));
#1627=STYLED_ITEM('',(#1626),#1624);
#1628=DIRECTION('',(0.E0,-9.805806756909E-1,-1.961161351382E-1));
#1629=VECTOR('',#1628,1.124106837735E-1);
#1630=CARTESIAN_POINT('',(2.5E0,1.102277442495E-1,-8.529544511501E-1));
#1631=LINE('',#1630,#1629);
#1632=CURVE_STYLE('',#48,POSITIVE_LENGTH_MEASURE(2.E-2),#41);
#1633=PRESENTATION_STYLE_ASSIGNMENT((#1632));
#1634=STYLED_ITEM('',(#1633),#1631);
#1635=DIRECTION('',(0.E0,9.805806756909E-1,-1.961161351382E-1));
#1636=VECTOR('',#1635,1.124106837735E-1);
#1637=CARTESIAN_POINT('',(2.5E0,0.E0,-6.25E-1));
#1638=LINE('',#1637,#1636);
#1639=CURVE_STYLE('',#48,POSITIVE_LENGTH_MEASURE(2.E-2),#41);
#1640=PRESENTATION_STYLE_ASSIGNMENT((#1639));
#1641=STYLED_ITEM('',(#1640),#1638);
#1642=DIRECTION('',(0.E0,0.E0,1.E0));
#1643=VECTOR('',#1642,2.940910976998E-1);
#1644=CARTESIAN_POINT('',(2.5E0,1.102277442495E-1,-6.470455488499E-1));
#1645=LINE('',#1644,#1643);
#1646=CURVE_STYLE('',#48,POSITIVE_LENGTH_MEASURE(2.E-2),#41);
#1647=PRESENTATION_STYLE_ASSIGNMENT((#1646));
#1648=STYLED_ITEM('',(#1647),#1645);
#1649=DIRECTION('',(0.E0,-9.805806756909E-1,-1.961161351382E-1));
#1650=VECTOR('',#1649,1.124106837735E-1);
#1651=CARTESIAN_POINT('',(2.5E0,1.102277442495E-1,-3.529544511501E-1));
#1652=LINE('',#1651,#1650);
#1653=CURVE_STYLE('',#48,POSITIVE_LENGTH_MEASURE(2.E-2),#41);
#1654=PRESENTATION_STYLE_ASSIGNMENT((#1653));
#1655=STYLED_ITEM('',(#1654),#1652);
#1656=DIRECTION('',(0.E0,9.805806756909E-1,-1.961161351382E-1));
#1657=VECTOR('',#1656,1.124106837735E-1);
#1658=CARTESIAN_POINT('',(2.5E0,0.E0,-1.25E-1));
#1659=LINE('',#1658,#1657);
#1660=CURVE_STYLE('',#48,POSITIVE_LENGTH_MEASURE(2.E-2),#41);
#1661=PRESENTATION_STYLE_ASSIGNMENT((#1660));
#1662=STYLED_ITEM('',(#1661),#1659);
#1663=DIRECTION('',(0.E0,0.E0,1.E0));
#1664=VECTOR('',#1663,2.940910976998E-1);
#1665=CARTESIAN_POINT('',(2.5E0,1.102277442495E-1,-1.470455488499E-1));
#1666=LINE('',#1665,#1664);
#1667=CURVE_STYLE('',#48,POSITIVE_LENGTH_MEASURE(2.E-2),#41);
#1668=PRESENTATION_STYLE_ASSIGNMENT((#1667));
#1669=STYLED_ITEM('',(#1668),#1666);
#1670=DIRECTION('',(0.E0,-9.805806756909E-1,-1.961161351382E-1));
#1671=VECTOR('',#1670,1.124106837735E-1);
#1672=CARTESIAN_POINT('',(2.5E0,1.102277442495E-1,1.470455488499E-1));
#1673=LINE('',#1672,#1671);
#1674=CURVE_STYLE('',#48,POSITIVE_LENGTH_MEASURE(2.E-2),#41);
#1675=PRESENTATION_STYLE_ASSIGNMENT((#1674));
#1676=STYLED_ITEM('',(#1675),#1673);
#1677=DIRECTION('',(0.E0,9.805806756909E-1,-1.961161351382E-1));
#1678=VECTOR('',#1677,1.124106837735E-1);
#1679=CARTESIAN_POINT('',(2.5E0,0.E0,3.75E-1));
#1680=LINE('',#1679,#1678);
#1681=CURVE_STYLE('',#48,POSITIVE_LENGTH_MEASURE(2.E-2),#41);
#1682=PRESENTATION_STYLE_ASSIGNMENT((#1681));
#1683=STYLED_ITEM('',(#1682),#1680);
#1684=DIRECTION('',(0.E0,0.E0,1.E0));
#1685=VECTOR('',#1684,2.940910976998E-1);
#1686=CARTESIAN_POINT('',(2.5E0,1.102277442495E-1,3.529544511501E-1));
#1687=LINE('',#1686,#1685);
#1688=CURVE_STYLE('',#48,POSITIVE_LENGTH_MEASURE(2.E-2),#41);
#1689=PRESENTATION_STYLE_ASSIGNMENT((#1688));
#1690=STYLED_ITEM('',(#1689),#1687);
#1691=DIRECTION('',(0.E0,-9.805806756909E-1,-1.961161351382E-1));
#1692=VECTOR('',#1691,1.124106837735E-1);
#1693=CARTESIAN_POINT('',(2.5E0,1.102277442495E-1,6.470455488499E-1));
#1694=LINE('',#1693,#1692);
#1695=CURVE_STYLE('',#48,POSITIVE_LENGTH_MEASURE(2.E-2),#41);
#1696=PRESENTATION_STYLE_ASSIGNMENT((#1695));
#1697=STYLED_ITEM('',(#1696),#1694);
#1698=DIRECTION('',(0.E0,9.805806756909E-1,-1.961161351382E-1));
#1699=VECTOR('',#1698,1.124106837735E-1);
#1700=CARTESIAN_POINT('',(2.5E0,0.E0,8.75E-1));
#1701=LINE('',#1700,#1699);
#1702=CURVE_STYLE('',#48,POSITIVE_LENGTH_MEASURE(2.E-2),#41);
#1703=PRESENTATION_STYLE_ASSIGNMENT((#1702));
#1704=STYLED_ITEM('',(#1703),#1701);
#1705=DIRECTION('',(0.E0,0.E0,1.E0));
#1706=VECTOR('',#1705,2.940910976998E-1);
#1707=CARTESIAN_POINT('',(2.5E0,1.102277442495E-1,8.529544511501E-1));
#1708=LINE('',#1707,#1706);
#1709=CURVE_STYLE('',#48,POSITIVE_LENGTH_MEASURE(2.E-2),#41);
#1710=PRESENTATION_STYLE_ASSIGNMENT((#1709));
#1711=STYLED_ITEM('',(#1710),#1708);
#1712=DIRECTION('',(0.E0,-9.805806756909E-1,-1.961161351382E-1));
#1713=VECTOR('',#1712,1.124106837735E-1);
#1714=CARTESIAN_POINT('',(2.5E0,1.102277442495E-1,1.147045548850E0));
#1715=LINE('',#1714,#1713);
#1716=CURVE_STYLE('',#48,POSITIVE_LENGTH_MEASURE(2.E-2),#41);
#1717=PRESENTATION_STYLE_ASSIGNMENT((#1716));
#1718=STYLED_ITEM('',(#1717),#1715);
#1719=DIRECTION('',(0.E0,1.E0,0.E0));
#1720=VECTOR('',#1719,8.E-1);
#1721=CARTESIAN_POINT('',(2.5E0,0.E0,2.E0));
#1722=LINE('',#1721,#1720);
#1723=CURVE_STYLE('',#48,POSITIVE_LENGTH_MEASURE(2.E-2),#41);
#1724=PRESENTATION_STYLE_ASSIGNMENT((#1723));
#1725=STYLED_ITEM('',(#1724),#1722);
#1726=DIRECTION('',(1.E0,0.E0,0.E0));
#1727=VECTOR('',#1726,2.E-2);
#1728=CARTESIAN_POINT('',(2.48E0,2.E-1,1.55E0));
#1729=LINE('',#1728,#1727);
#1730=CURVE_STYLE('',#48,POSITIVE_LENGTH_MEASURE(2.E-2),#41);
#1731=PRESENTATION_STYLE_ASSIGNMENT((#1730));
#1732=STYLED_ITEM('',(#1731),#1729);
#1733=DIRECTION('',(0.E0,-1.E0,0.E0));
#1734=VECTOR('',#1733,1.E-1);
#1735=CARTESIAN_POINT('',(2.48E0,2.E-1,1.55E0));
#1736=LINE('',#1735,#1734);
#1737=CURVE_STYLE('',#48,POSITIVE_LENGTH_MEASURE(2.E-2),#41);
#1738=PRESENTATION_STYLE_ASSIGNMENT((#1737));
#1739=STYLED_ITEM('',(#1738),#1736);
#1740=DIRECTION('',(0.E0,0.E0,-1.E0));
#1741=VECTOR('',#1740,2.567339170368E-1);
#1742=CARTESIAN_POINT('',(2.48E0,1.683479259195E-2,-8.716330414816E-1));
#1743=LINE('',#1742,#1741);
#1744=CURVE_STYLE('',#48,POSITIVE_LENGTH_MEASURE(2.E-2),#41);
#1745=PRESENTATION_STYLE_ASSIGNMENT((#1744));
#1746=STYLED_ITEM('',(#1745),#1743);
#1747=DIRECTION('',(0.E0,0.E0,-1.E0));
#1748=VECTOR('',#1747,2.567339170368E-1);
#1749=CARTESIAN_POINT('',(2.48E0,1.683479259195E-2,-3.716330414816E-1));
#1750=LINE('',#1749,#1748);
#1751=CURVE_STYLE('',#48,POSITIVE_LENGTH_MEASURE(2.E-2),#41);
#1752=PRESENTATION_STYLE_ASSIGNMENT((#1751));
#1753=STYLED_ITEM('',(#1752),#1750);
#1754=DIRECTION('',(0.E0,0.E0,-1.E0));
#1755=VECTOR('',#1754,2.567339170368E-1);
#1756=CARTESIAN_POINT('',(2.48E0,1.683479259195E-2,1.283669585184E-1));
#1757=LINE('',#1756,#1755);
#1758=CURVE_STYLE('',#48,POSITIVE_LENGTH_MEASURE(2.E-2),#41);
#1759=PRESENTATION_STYLE_ASSIGNMENT((#1758));
#1760=STYLED_ITEM('',(#1759),#1757);
#1761=DIRECTION('',(0.E0,0.E0,-1.E0));
#1762=VECTOR('',#1761,2.567339170368E-1);
#1763=CARTESIAN_POINT('',(2.48E0,1.683479259195E-2,6.283669585184E-1));
#1764=LINE('',#1763,#1762);
#1765=CURVE_STYLE('',#48,POSITIVE_LENGTH_MEASURE(2.E-2),#41);
#1766=PRESENTATION_STYLE_ASSIGNMENT((#1765));
#1767=STYLED_ITEM('',(#1766),#1764);
#1768=DIRECTION('',(0.E0,0.E0,-1.E0));
#1769=VECTOR('',#1768,2.567339170368E-1);
#1770=CARTESIAN_POINT('',(2.48E0,1.683479259195E-2,1.128366958518E0));
#1771=LINE('',#1770,#1769);
#1772=CURVE_STYLE('',#48,POSITIVE_LENGTH_MEASURE(2.E-2),#41);
#1773=PRESENTATION_STYLE_ASSIGNMENT((#1772));
#1774=STYLED_ITEM('',(#1773),#1771);
#1775=DIRECTION('',(0.E0,-1.E0,0.E0));
#1776=VECTOR('',#1775,1.E-1);
#1777=CARTESIAN_POINT('',(2.48E0,2.E-1,1.4E0));
#1778=LINE('',#1777,#1776);
#1779=CURVE_STYLE('',#48,POSITIVE_LENGTH_MEASURE(2.E-2),#41);
#1780=PRESENTATION_STYLE_ASSIGNMENT((#1779));
#1781=STYLED_ITEM('',(#1780),#1778);
#1782=DIRECTION('',(0.E0,-1.E0,0.E0));
#1783=VECTOR('',#1782,1.E-1);
#1784=CARTESIAN_POINT('',(2.48E0,2.E-1,-1.55E0));
#1785=LINE('',#1784,#1783);
#1786=CURVE_STYLE('',#48,POSITIVE_LENGTH_MEASURE(2.E-2),#41);
#1787=PRESENTATION_STYLE_ASSIGNMENT((#1786));
#1788=STYLED_ITEM('',(#1787),#1785);
#1789=DIRECTION('',(-1.E0,0.E0,0.E0));
#1790=VECTOR('',#1789,2.E-2);
#1791=CARTESIAN_POINT('',(2.5E0,2.E-1,-1.55E0));
#1792=LINE('',#1791,#1790);
#1793=CURVE_STYLE('',#48,POSITIVE_LENGTH_MEASURE(2.E-2),#41);
#1794=PRESENTATION_STYLE_ASSIGNMENT((#1793));
#1795=STYLED_ITEM('',(#1794),#1792);
#1796=DIRECTION('',(1.E0,0.E0,0.E0));
#1797=VECTOR('',#1796,2.E-2);
#1798=CARTESIAN_POINT('',(2.48E0,1.E-1,-1.4E0));
#1799=LINE('',#1798,#1797);
#1800=CURVE_STYLE('',#48,POSITIVE_LENGTH_MEASURE(2.E-2),#41);
#1801=PRESENTATION_STYLE_ASSIGNMENT((#1800));
#1802=STYLED_ITEM('',(#1801),#1799);
#1803=DIRECTION('',(0.E0,0.E0,-1.E0));
#1804=VECTOR('',#1803,1.5E-1);
#1805=CARTESIAN_POINT('',(2.48E0,1.E-1,-1.4E0));
#1806=LINE('',#1805,#1804);
#1807=CURVE_STYLE('',#48,POSITIVE_LENGTH_MEASURE(2.E-2),#41);
#1808=PRESENTATION_STYLE_ASSIGNMENT((#1807));
#1809=STYLED_ITEM('',(#1808),#1806);
#1810=DIRECTION('',(-1.E0,0.E0,0.E0));
#1811=VECTOR('',#1810,2.E-2);
#1812=CARTESIAN_POINT('',(2.5E0,1.E-1,-1.55E0));
#1813=LINE('',#1812,#1811);
#1814=CURVE_STYLE('',#48,POSITIVE_LENGTH_MEASURE(2.E-2),#41);
#1815=PRESENTATION_STYLE_ASSIGNMENT((#1814));
#1816=STYLED_ITEM('',(#1815),#1813);
#1817=DIRECTION('',(0.E0,0.E0,-1.E0));
#1818=VECTOR('',#1817,1.934339999200E-2);
#1819=CARTESIAN_POINT('',(2.05E0,1.E-1,-1.980656600008E0));
#1820=LINE('',#1819,#1818);
#1821=CURVE_STYLE('',#48,POSITIVE_LENGTH_MEASURE(2.E-2),#41);
#1822=PRESENTATION_STYLE_ASSIGNMENT((#1821));
#1823=STYLED_ITEM('',(#1822),#1820);
#1824=DIRECTION('',(1.E0,0.E0,0.E0));
#1825=VECTOR('',#1824,1.5E-1);
#1826=CARTESIAN_POINT('',(1.9E0,1.E-1,-1.980656600008E0));
#1827=LINE('',#1826,#1825);
#1828=CURVE_STYLE('',#48,POSITIVE_LENGTH_MEASURE(2.E-2),#41);
#1829=PRESENTATION_STYLE_ASSIGNMENT((#1828));
#1830=STYLED_ITEM('',(#1829),#1827);
#1831=DIRECTION('',(0.E0,0.E0,1.E0));
#1832=VECTOR('',#1831,1.934339999200E-2);
#1833=CARTESIAN_POINT('',(1.9E0,1.E-1,-2.E0));
#1834=LINE('',#1833,#1832);
#1835=CURVE_STYLE('',#48,POSITIVE_LENGTH_MEASURE(2.E-2),#41);
#1836=PRESENTATION_STYLE_ASSIGNMENT((#1835));
#1837=STYLED_ITEM('',(#1836),#1834);
#1838=DIRECTION('',(0.E0,-1.E0,0.E0));
#1839=VECTOR('',#1838,1.E-1);
#1840=CARTESIAN_POINT('',(2.48E0,2.E-1,-1.4E0));
#1841=LINE('',#1840,#1839);
#1842=CURVE_STYLE('',#48,POSITIVE_LENGTH_MEASURE(2.E-2),#41);
#1843=PRESENTATION_STYLE_ASSIGNMENT((#1842));
#1844=STYLED_ITEM('',(#1843),#1841);
#1845=DIRECTION('',(-1.E0,0.E0,0.E0));
#1846=VECTOR('',#1845,1.5E-1);
#1847=CARTESIAN_POINT('',(2.05E0,2.E-1,-2.E0));
#1848=LINE('',#1847,#1846);
#1849=CURVE_STYLE('',#48,POSITIVE_LENGTH_MEASURE(2.E-2),#41);
#1850=PRESENTATION_STYLE_ASSIGNMENT((#1849));
#1851=STYLED_ITEM('',(#1850),#1848);
#1852=DIRECTION('',(0.E0,-1.E0,0.E0));
#1853=VECTOR('',#1852,1.E-1);
#1854=CARTESIAN_POINT('',(2.05E0,2.E-1,-2.E0));
#1855=LINE('',#1854,#1853);
#1856=CURVE_STYLE('',#48,POSITIVE_LENGTH_MEASURE(2.E-2),#41);
#1857=PRESENTATION_STYLE_ASSIGNMENT((#1856));
#1858=STYLED_ITEM('',(#1857),#1855);
#1859=DIRECTION('',(-1.E0,0.E0,0.E0));
#1860=VECTOR('',#1859,1.5E-1);
#1861=CARTESIAN_POINT('',(2.05E0,1.E-1,-2.E0));
#1862=LINE('',#1861,#1860);
#1863=CURVE_STYLE('',#48,POSITIVE_LENGTH_MEASURE(2.E-2),#41);
#1864=PRESENTATION_STYLE_ASSIGNMENT((#1863));
#1865=STYLED_ITEM('',(#1864),#1862);
#1866=DIRECTION('',(0.E0,-1.E0,0.E0));
#1867=VECTOR('',#1866,1.E-1);
#1868=CARTESIAN_POINT('',(1.9E0,2.E-1,-2.E0));
#1869=LINE('',#1868,#1867);
#1870=CURVE_STYLE('',#48,POSITIVE_LENGTH_MEASURE(2.E-2),#41);
#1871=PRESENTATION_STYLE_ASSIGNMENT((#1870));
#1872=STYLED_ITEM('',(#1871),#1869);
#1873=DIRECTION('',(-1.E0,0.E0,0.E0));
#1874=VECTOR('',#1873,1.5E-1);
#1875=CARTESIAN_POINT('',(-1.9E0,2.E-1,-2.E0));
#1876=LINE('',#1875,#1874);
#1877=CURVE_STYLE('',#48,POSITIVE_LENGTH_MEASURE(2.E-2),#41);
#1878=PRESENTATION_STYLE_ASSIGNMENT((#1877));
#1879=STYLED_ITEM('',(#1878),#1876);
#1880=DIRECTION('',(0.E0,-1.E0,0.E0));
#1881=VECTOR('',#1880,1.E-1);
#1882=CARTESIAN_POINT('',(-1.9E0,2.E-1,-2.E0));
#1883=LINE('',#1882,#1881);
#1884=CURVE_STYLE('',#48,POSITIVE_LENGTH_MEASURE(2.E-2),#41);
#1885=PRESENTATION_STYLE_ASSIGNMENT((#1884));
#1886=STYLED_ITEM('',(#1885),#1883);
#1887=DIRECTION('',(1.E0,0.E0,0.E0));
#1888=VECTOR('',#1887,1.5E-1);
#1889=CARTESIAN_POINT('',(-2.05E0,1.E-1,-2.E0));
#1890=LINE('',#1889,#1888);
#1891=CURVE_STYLE('',#48,POSITIVE_LENGTH_MEASURE(2.E-2),#41);
#1892=PRESENTATION_STYLE_ASSIGNMENT((#1891));
#1893=STYLED_ITEM('',(#1892),#1890);
#1894=DIRECTION('',(0.E0,-1.E0,0.E0));
#1895=VECTOR('',#1894,1.E-1);
#1896=CARTESIAN_POINT('',(-2.05E0,2.E-1,-2.E0));
#1897=LINE('',#1896,#1895);
#1898=CURVE_STYLE('',#48,POSITIVE_LENGTH_MEASURE(2.E-2),#41);
#1899=PRESENTATION_STYLE_ASSIGNMENT((#1898));
#1900=STYLED_ITEM('',(#1899),#1897);
#1901=DIRECTION('',(1.961161351382E-1,9.805806756909E-1,0.E0));
#1902=VECTOR('',#1901,1.124106837735E-1);
#1903=CARTESIAN_POINT('',(1.625E0,0.E0,-2.E0));
#1904=LINE('',#1903,#1902);
#1905=CURVE_STYLE('',#48,POSITIVE_LENGTH_MEASURE(2.E-2),#41);
#1906=PRESENTATION_STYLE_ASSIGNMENT((#1905));
#1907=STYLED_ITEM('',(#1906),#1904);
#1908=DIRECTION('',(0.E0,1.E0,0.E0));
#1909=VECTOR('',#1908,8.E-1);
#1910=CARTESIAN_POINT('',(2.5E0,0.E0,-2.E0));
#1911=LINE('',#1910,#1909);
#1912=CURVE_STYLE('',#48,POSITIVE_LENGTH_MEASURE(2.E-2),#41);
#1913=PRESENTATION_STYLE_ASSIGNMENT((#1912));
#1914=STYLED_ITEM('',(#1913),#1911);
#1915=DIRECTION('',(1.961161351382E-1,-9.805806756909E-1,0.E0));
#1916=VECTOR('',#1915,1.124106837735E-1);
#1917=CARTESIAN_POINT('',(-1.647045548850E0,1.102277442495E-1,-2.E0));
#1918=LINE('',#1917,#1916);
#1919=CURVE_STYLE('',#48,POSITIVE_LENGTH_MEASURE(2.E-2),#41);
#1920=PRESENTATION_STYLE_ASSIGNMENT((#1919));
#1921=STYLED_ITEM('',(#1920),#1918);
#1922=DIRECTION('',(1.E0,0.E0,0.E0));
#1923=VECTOR('',#1922,2.940910976998E-1);
#1924=CARTESIAN_POINT('',(-1.647045548850E0,1.102277442495E-1,-2.E0));
#1925=LINE('',#1924,#1923);
#1926=CURVE_STYLE('',#48,POSITIVE_LENGTH_MEASURE(2.E-2),#41);
#1927=PRESENTATION_STYLE_ASSIGNMENT((#1926));
#1928=STYLED_ITEM('',(#1927),#1925);
#1929=DIRECTION('',(1.961161351382E-1,9.805806756909E-1,0.E0));
#1930=VECTOR('',#1929,1.124106837735E-1);
#1931=CARTESIAN_POINT('',(-1.375E0,0.E0,-2.E0));
#1932=LINE('',#1931,#1930);
#1933=CURVE_STYLE('',#48,POSITIVE_LENGTH_MEASURE(2.E-2),#41);
#1934=PRESENTATION_STYLE_ASSIGNMENT((#1933));
#1935=STYLED_ITEM('',(#1934),#1932);
#1936=DIRECTION('',(1.961161351382E-1,-9.805806756909E-1,0.E0));
#1937=VECTOR('',#1936,1.124106837735E-1);
#1938=CARTESIAN_POINT('',(-1.147045548850E0,1.102277442495E-1,-2.E0));
#1939=LINE('',#1938,#1937);
#1940=CURVE_STYLE('',#48,POSITIVE_LENGTH_MEASURE(2.E-2),#41);
#1941=PRESENTATION_STYLE_ASSIGNMENT((#1940));
#1942=STYLED_ITEM('',(#1941),#1939);
#1943=DIRECTION('',(1.E0,0.E0,0.E0));
#1944=VECTOR('',#1943,2.940910976998E-1);
#1945=CARTESIAN_POINT('',(-1.147045548850E0,1.102277442495E-1,-2.E0));
#1946=LINE('',#1945,#1944);
#1947=CURVE_STYLE('',#48,POSITIVE_LENGTH_MEASURE(2.E-2),#41);
#1948=PRESENTATION_STYLE_ASSIGNMENT((#1947));
#1949=STYLED_ITEM('',(#1948),#1946);
#1950=DIRECTION('',(1.961161351382E-1,9.805806756909E-1,0.E0));
#1951=VECTOR('',#1950,1.124106837735E-1);
#1952=CARTESIAN_POINT('',(-8.75E-1,0.E0,-2.E0));
#1953=LINE('',#1952,#1951);
#1954=CURVE_STYLE('',#48,POSITIVE_LENGTH_MEASURE(2.E-2),#41);
#1955=PRESENTATION_STYLE_ASSIGNMENT((#1954));
#1956=STYLED_ITEM('',(#1955),#1953);
#1957=DIRECTION('',(1.961161351382E-1,-9.805806756909E-1,0.E0));
#1958=VECTOR('',#1957,1.124106837735E-1);
#1959=CARTESIAN_POINT('',(-6.470455488499E-1,1.102277442495E-1,-2.E0));
#1960=LINE('',#1959,#1958);
#1961=CURVE_STYLE('',#48,POSITIVE_LENGTH_MEASURE(2.E-2),#41);
#1962=PRESENTATION_STYLE_ASSIGNMENT((#1961));
#1963=STYLED_ITEM('',(#1962),#1960);
#1964=DIRECTION('',(1.E0,0.E0,0.E0));
#1965=VECTOR('',#1964,2.940910976998E-1);
#1966=CARTESIAN_POINT('',(-6.470455488499E-1,1.102277442495E-1,-2.E0));
#1967=LINE('',#1966,#1965);
#1968=CURVE_STYLE('',#48,POSITIVE_LENGTH_MEASURE(2.E-2),#41);
#1969=PRESENTATION_STYLE_ASSIGNMENT((#1968));
#1970=STYLED_ITEM('',(#1969),#1967);
#1971=DIRECTION('',(1.961161351382E-1,9.805806756909E-1,0.E0));
#1972=VECTOR('',#1971,1.124106837735E-1);
#1973=CARTESIAN_POINT('',(-3.75E-1,0.E0,-2.E0));
#1974=LINE('',#1973,#1972);
#1975=CURVE_STYLE('',#48,POSITIVE_LENGTH_MEASURE(2.E-2),#41);
#1976=PRESENTATION_STYLE_ASSIGNMENT((#1975));
#1977=STYLED_ITEM('',(#1976),#1974);
#1978=DIRECTION('',(1.961161351382E-1,-9.805806756909E-1,0.E0));
#1979=VECTOR('',#1978,1.124106837735E-1);
#1980=CARTESIAN_POINT('',(-1.470455488499E-1,1.102277442495E-1,-2.E0));
#1981=LINE('',#1980,#1979);
#1982=CURVE_STYLE('',#48,POSITIVE_LENGTH_MEASURE(2.E-2),#41);
#1983=PRESENTATION_STYLE_ASSIGNMENT((#1982));
#1984=STYLED_ITEM('',(#1983),#1981);
#1985=DIRECTION('',(1.E0,0.E0,0.E0));
#1986=VECTOR('',#1985,2.940910976998E-1);
#1987=CARTESIAN_POINT('',(-1.470455488499E-1,1.102277442495E-1,-2.E0));
#1988=LINE('',#1987,#1986);
#1989=CURVE_STYLE('',#48,POSITIVE_LENGTH_MEASURE(2.E-2),#41);
#1990=PRESENTATION_STYLE_ASSIGNMENT((#1989));
#1991=STYLED_ITEM('',(#1990),#1988);
#1992=DIRECTION('',(1.961161351382E-1,9.805806756909E-1,0.E0));
#1993=VECTOR('',#1992,1.124106837735E-1);
#1994=CARTESIAN_POINT('',(1.25E-1,0.E0,-2.E0));
#1995=LINE('',#1994,#1993);
#1996=CURVE_STYLE('',#48,POSITIVE_LENGTH_MEASURE(2.E-2),#41);
#1997=PRESENTATION_STYLE_ASSIGNMENT((#1996));
#1998=STYLED_ITEM('',(#1997),#1995);
#1999=DIRECTION('',(1.961161351382E-1,-9.805806756909E-1,0.E0));
#2000=VECTOR('',#1999,1.124106837735E-1);
#2001=CARTESIAN_POINT('',(3.529544511501E-1,1.102277442495E-1,-2.E0));
#2002=LINE('',#2001,#2000);
#2003=CURVE_STYLE('',#48,POSITIVE_LENGTH_MEASURE(2.E-2),#41);
#2004=PRESENTATION_STYLE_ASSIGNMENT((#2003));
#2005=STYLED_ITEM('',(#2004),#2002);
#2006=DIRECTION('',(1.E0,0.E0,0.E0));
#2007=VECTOR('',#2006,2.940910976998E-1);
#2008=CARTESIAN_POINT('',(3.529544511501E-1,1.102277442495E-1,-2.E0));
#2009=LINE('',#2008,#2007);
#2010=CURVE_STYLE('',#48,POSITIVE_LENGTH_MEASURE(2.E-2),#41);
#2011=PRESENTATION_STYLE_ASSIGNMENT((#2010));
#2012=STYLED_ITEM('',(#2011),#2009);
#2013=DIRECTION('',(1.961161351382E-1,9.805806756909E-1,0.E0));
#2014=VECTOR('',#2013,1.124106837735E-1);
#2015=CARTESIAN_POINT('',(6.25E-1,0.E0,-2.E0));
#2016=LINE('',#2015,#2014);
#2017=CURVE_STYLE('',#48,POSITIVE_LENGTH_MEASURE(2.E-2),#41);
#2018=PRESENTATION_STYLE_ASSIGNMENT((#2017));
#2019=STYLED_ITEM('',(#2018),#2016);
#2020=DIRECTION('',(1.961161351382E-1,-9.805806756909E-1,0.E0));
#2021=VECTOR('',#2020,1.124106837735E-1);
#2022=CARTESIAN_POINT('',(8.529544511501E-1,1.102277442495E-1,-2.E0));
#2023=LINE('',#2022,#2021);
#2024=CURVE_STYLE('',#48,POSITIVE_LENGTH_MEASURE(2.E-2),#41);
#2025=PRESENTATION_STYLE_ASSIGNMENT((#2024));
#2026=STYLED_ITEM('',(#2025),#2023);
#2027=DIRECTION('',(1.E0,0.E0,0.E0));
#2028=VECTOR('',#2027,2.940910976998E-1);
#2029=CARTESIAN_POINT('',(8.529544511501E-1,1.102277442495E-1,-2.E0));
#2030=LINE('',#2029,#2028);
#2031=CURVE_STYLE('',#48,POSITIVE_LENGTH_MEASURE(2.E-2),#41);
#2032=PRESENTATION_STYLE_ASSIGNMENT((#2031));
#2033=STYLED_ITEM('',(#2032),#2030);
#2034=DIRECTION('',(1.961161351382E-1,9.805806756909E-1,0.E0));
#2035=VECTOR('',#2034,1.124106837735E-1);
#2036=CARTESIAN_POINT('',(1.125E0,0.E0,-2.E0));
#2037=LINE('',#2036,#2035);
#2038=CURVE_STYLE('',#48,POSITIVE_LENGTH_MEASURE(2.E-2),#41);
#2039=PRESENTATION_STYLE_ASSIGNMENT((#2038));
#2040=STYLED_ITEM('',(#2039),#2037);
#2041=DIRECTION('',(1.961161351382E-1,-9.805806756909E-1,0.E0));
#2042=VECTOR('',#2041,1.124106837735E-1);
#2043=CARTESIAN_POINT('',(1.352954451150E0,1.102277442495E-1,-2.E0));
#2044=LINE('',#2043,#2042);
#2045=CURVE_STYLE('',#48,POSITIVE_LENGTH_MEASURE(2.E-2),#41);
#2046=PRESENTATION_STYLE_ASSIGNMENT((#2045));
#2047=STYLED_ITEM('',(#2046),#2044);
#2048=DIRECTION('',(1.E0,0.E0,0.E0));
#2049=VECTOR('',#2048,2.940910976998E-1);
#2050=CARTESIAN_POINT('',(1.352954451150E0,1.102277442495E-1,-2.E0));
#2051=LINE('',#2050,#2049);
#2052=CURVE_STYLE('',#48,POSITIVE_LENGTH_MEASURE(2.E-2),#41);
#2053=PRESENTATION_STYLE_ASSIGNMENT((#2052));
#2054=STYLED_ITEM('',(#2053),#2051);
#2055=DIRECTION('',(0.E0,0.E0,-1.E0));
#2056=VECTOR('',#2055,1.934339999200E-2);
#2057=CARTESIAN_POINT('',(2.05E0,2.E-1,-1.980656600008E0));
#2058=LINE('',#2057,#2056);
#2059=CURVE_STYLE('',#48,POSITIVE_LENGTH_MEASURE(2.E-2),#41);
#2060=PRESENTATION_STYLE_ASSIGNMENT((#2059));
#2061=STYLED_ITEM('',(#2060),#2058);
#2062=DIRECTION('',(0.E0,-1.E0,0.E0));
#2063=VECTOR('',#2062,1.E-1);
#2064=CARTESIAN_POINT('',(2.05E0,2.E-1,-1.980656600008E0));
#2065=LINE('',#2064,#2063);
#2066=CURVE_STYLE('',#48,POSITIVE_LENGTH_MEASURE(2.E-2),#41);
#2067=PRESENTATION_STYLE_ASSIGNMENT((#2066));
#2068=STYLED_ITEM('',(#2067),#2065);
#2069=DIRECTION('',(1.E0,0.E0,0.E0));
#2070=VECTOR('',#2069,2.567339170368E-1);
#2071=CARTESIAN_POINT('',(1.371633041482E0,1.683479259195E-2,
-1.980656600008E0));
#2072=LINE('',#2071,#2070);
#2073=CURVE_STYLE('',#48,POSITIVE_LENGTH_MEASURE(2.E-2),#41);
#2074=PRESENTATION_STYLE_ASSIGNMENT((#2073));
#2075=STYLED_ITEM('',(#2074),#2072);
#2076=DIRECTION('',(1.E0,0.E0,0.E0));
#2077=VECTOR('',#2076,2.567339170368E-1);
#2078=CARTESIAN_POINT('',(8.716330414816E-1,1.683479259195E-2,
-1.980656600008E0));
#2079=LINE('',#2078,#2077);
#2080=CURVE_STYLE('',#48,POSITIVE_LENGTH_MEASURE(2.E-2),#41);
#2081=PRESENTATION_STYLE_ASSIGNMENT((#2080));
#2082=STYLED_ITEM('',(#2081),#2079);
#2083=DIRECTION('',(1.E0,0.E0,0.E0));
#2084=VECTOR('',#2083,2.567339170368E-1);
#2085=CARTESIAN_POINT('',(3.716330414816E-1,1.683479259195E-2,
-1.980656600008E0));
#2086=LINE('',#2085,#2084);
#2087=CURVE_STYLE('',#48,POSITIVE_LENGTH_MEASURE(2.E-2),#41);
#2088=PRESENTATION_STYLE_ASSIGNMENT((#2087));
#2089=STYLED_ITEM('',(#2088),#2086);
#2090=DIRECTION('',(1.E0,0.E0,0.E0));
#2091=VECTOR('',#2090,2.567339170368E-1);
#2092=CARTESIAN_POINT('',(-1.283669585184E-1,1.683479259195E-2,
-1.980656600008E0));
#2093=LINE('',#2092,#2091);
#2094=CURVE_STYLE('',#48,POSITIVE_LENGTH_MEASURE(2.E-2),#41);
#2095=PRESENTATION_STYLE_ASSIGNMENT((#2094));
#2096=STYLED_ITEM('',(#2095),#2093);
#2097=DIRECTION('',(1.E0,0.E0,0.E0));
#2098=VECTOR('',#2097,2.567339170368E-1);
#2099=CARTESIAN_POINT('',(-6.283669585184E-1,1.683479259195E-2,
-1.980656600008E0));
#2100=LINE('',#2099,#2098);
#2101=CURVE_STYLE('',#48,POSITIVE_LENGTH_MEASURE(2.E-2),#41);
#2102=PRESENTATION_STYLE_ASSIGNMENT((#2101));
#2103=STYLED_ITEM('',(#2102),#2100);
#2104=DIRECTION('',(1.E0,0.E0,0.E0));
#2105=VECTOR('',#2104,2.567339170368E-1);
#2106=CARTESIAN_POINT('',(-1.128366958518E0,1.683479259195E-2,
-1.980656600008E0));
#2107=LINE('',#2106,#2105);
#2108=CURVE_STYLE('',#48,POSITIVE_LENGTH_MEASURE(2.E-2),#41);
#2109=PRESENTATION_STYLE_ASSIGNMENT((#2108));
#2110=STYLED_ITEM('',(#2109),#2107);
#2111=DIRECTION('',(1.E0,0.E0,0.E0));
#2112=VECTOR('',#2111,2.567339170368E-1);
#2113=CARTESIAN_POINT('',(-1.628366958518E0,1.683479259195E-2,
-1.980656600008E0));
#2114=LINE('',#2113,#2112);
#2115=CURVE_STYLE('',#48,POSITIVE_LENGTH_MEASURE(2.E-2),#41);
#2116=PRESENTATION_STYLE_ASSIGNMENT((#2115));
#2117=STYLED_ITEM('',(#2116),#2114);
#2118=DIRECTION('',(0.E0,-1.E0,0.E0));
#2119=VECTOR('',#2118,1.E-1);
#2120=CARTESIAN_POINT('',(-2.05E0,2.E-1,-1.980656600008E0));
#2121=LINE('',#2120,#2119);
#2122=CURVE_STYLE('',#48,POSITIVE_LENGTH_MEASURE(2.E-2),#41);
#2123=PRESENTATION_STYLE_ASSIGNMENT((#2122));
#2124=STYLED_ITEM('',(#2123),#2121);
#2125=DIRECTION('',(0.E0,0.E0,1.E0));
#2126=VECTOR('',#2125,1.934339999200E-2);
#2127=CARTESIAN_POINT('',(-2.05E0,2.E-1,-2.E0));
#2128=LINE('',#2127,#2126);
#2129=CURVE_STYLE('',#48,POSITIVE_LENGTH_MEASURE(2.E-2),#41);
#2130=PRESENTATION_STYLE_ASSIGNMENT((#2129));
#2131=STYLED_ITEM('',(#2130),#2128);
#2132=DIRECTION('',(0.E0,-1.E0,0.E0));
#2133=VECTOR('',#2132,1.E-1);
#2134=CARTESIAN_POINT('',(-1.9E0,2.E-1,-1.980656600008E0));
#2135=LINE('',#2134,#2133);
#2136=CURVE_STYLE('',#48,POSITIVE_LENGTH_MEASURE(2.E-2),#41);
#2137=PRESENTATION_STYLE_ASSIGNMENT((#2136));
#2138=STYLED_ITEM('',(#2137),#2135);
#2139=DIRECTION('',(0.E0,-1.E0,0.E0));
#2140=VECTOR('',#2139,1.E-1);
#2141=CARTESIAN_POINT('',(1.9E0,2.E-1,-1.980656600008E0));
#2142=LINE('',#2141,#2140);
#2143=CURVE_STYLE('',#48,POSITIVE_LENGTH_MEASURE(2.E-2),#41);
#2144=PRESENTATION_STYLE_ASSIGNMENT((#2143));
#2145=STYLED_ITEM('',(#2144),#2142);
#2146=CARTESIAN_POINT('',(1.645382756440E0,1.019137822009E-1,
-1.980656600008E0));
#2147=CARTESIAN_POINT('',(1.645726163814E0,1.036308190701E-1,
-1.987575175040E0));
#2148=CARTESIAN_POINT('',(1.646281397011E0,1.064069850565E-1,
-1.994020811438E0));
#2149=CARTESIAN_POINT('',(1.647045548850E0,1.102277442495E-1,-2.E0));
#2151=CURVE_STYLE('',#48,POSITIVE_LENGTH_MEASURE(2.E-2),#41);
#2152=PRESENTATION_STYLE_ASSIGNMENT((#2151));
#2153=STYLED_ITEM('',(#2152),#2150);
#2154=DIRECTION('',(-1.961161351382E-1,-9.805806756909E-1,0.E0));
#2155=VECTOR('',#2154,8.676388564261E-2);
#2156=CARTESIAN_POINT('',(1.645382756440E0,1.019137822009E-1,
-1.980656600008E0));
#2157=LINE('',#2156,#2155);
#2158=CURVE_STYLE('',#48,POSITIVE_LENGTH_MEASURE(2.E-2),#41);
#2159=PRESENTATION_STYLE_ASSIGNMENT((#2158));
#2160=STYLED_ITEM('',(#2159),#2157);
#2161=DIRECTION('',(0.E0,0.E0,-1.E0));
#2162=VECTOR('',#2161,3.806566000080E-1);
#2163=CARTESIAN_POINT('',(1.628366958518E0,1.683479259195E-2,-1.6E0));
#2164=LINE('',#2163,#2162);
#2165=CURVE_STYLE('',#48,POSITIVE_LENGTH_MEASURE(2.E-2),#41);
#2166=PRESENTATION_STYLE_ASSIGNMENT((#2165));
#2167=STYLED_ITEM('',(#2166),#2164);
#2168=DIRECTION('',(1.E0,0.E0,0.E0));
#2169=VECTOR('',#2168,2.907655128804E-1);
#2170=CARTESIAN_POINT('',(-1.645382756440E0,1.019137822009E-1,
-1.980656600008E0));
#2171=LINE('',#2170,#2169);
#2172=CURVE_STYLE('',#48,POSITIVE_LENGTH_MEASURE(2.E-2),#41);
#2173=PRESENTATION_STYLE_ASSIGNMENT((#2172));
#2174=STYLED_ITEM('',(#2173),#2171);
#2175=DIRECTION('',(1.E0,0.E0,0.E0));
#2176=VECTOR('',#2175,2.907655128804E-1);
#2177=CARTESIAN_POINT('',(-1.145382756440E0,1.019137822009E-1,
-1.980656600008E0));
#2178=LINE('',#2177,#2176);
#2179=CURVE_STYLE('',#48,POSITIVE_LENGTH_MEASURE(2.E-2),#41);
#2180=PRESENTATION_STYLE_ASSIGNMENT((#2179));
#2181=STYLED_ITEM('',(#2180),#2178);
#2182=DIRECTION('',(1.E0,0.E0,0.E0));
#2183=VECTOR('',#2182,2.907655128804E-1);
#2184=CARTESIAN_POINT('',(-6.453827564402E-1,1.019137822009E-1,
-1.980656600008E0));
#2185=LINE('',#2184,#2183);
#2186=CURVE_STYLE('',#48,POSITIVE_LENGTH_MEASURE(2.E-2),#41);
#2187=PRESENTATION_STYLE_ASSIGNMENT((#2186));
#2188=STYLED_ITEM('',(#2187),#2185);
#2189=DIRECTION('',(1.E0,0.E0,0.E0));
#2190=VECTOR('',#2189,2.907655128804E-1);
#2191=CARTESIAN_POINT('',(-1.453827564402E-1,1.019137822009E-1,
-1.980656600008E0));
#2192=LINE('',#2191,#2190);
#2193=CURVE_STYLE('',#48,POSITIVE_LENGTH_MEASURE(2.E-2),#41);
#2194=PRESENTATION_STYLE_ASSIGNMENT((#2193));
#2195=STYLED_ITEM('',(#2194),#2192);
#2196=DIRECTION('',(1.E0,0.E0,0.E0));
#2197=VECTOR('',#2196,2.907655128804E-1);
#2198=CARTESIAN_POINT('',(3.546172435598E-1,1.019137822009E-1,
-1.980656600008E0));
#2199=LINE('',#2198,#2197);
#2200=CURVE_STYLE('',#48,POSITIVE_LENGTH_MEASURE(2.E-2),#41);
#2201=PRESENTATION_STYLE_ASSIGNMENT((#2200));
#2202=STYLED_ITEM('',(#2201),#2199);
#2203=DIRECTION('',(1.E0,0.E0,0.E0));
#2204=VECTOR('',#2203,2.907655128804E-1);
#2205=CARTESIAN_POINT('',(8.546172435598E-1,1.019137822009E-1,
-1.980656600008E0));
#2206=LINE('',#2205,#2204);
#2207=CURVE_STYLE('',#48,POSITIVE_LENGTH_MEASURE(2.E-2),#41);
#2208=PRESENTATION_STYLE_ASSIGNMENT((#2207));
#2209=STYLED_ITEM('',(#2208),#2206);
#2210=DIRECTION('',(1.E0,0.E0,0.E0));
#2211=VECTOR('',#2210,2.907655128804E-1);
#2212=CARTESIAN_POINT('',(1.354617243560E0,1.019137822009E-1,
-1.980656600008E0));
#2213=LINE('',#2212,#2211);
#2214=CURVE_STYLE('',#48,POSITIVE_LENGTH_MEASURE(2.E-2),#41);
#2215=PRESENTATION_STYLE_ASSIGNMENT((#2214));
#2216=STYLED_ITEM('',(#2215),#2213);
#2217=DIRECTION('',(0.E0,0.E0,-1.E0));
#2218=VECTOR('',#2217,3.806566000080E-1);
#2219=CARTESIAN_POINT('',(-1.628366958518E0,1.683479259195E-2,-1.6E0));
#2220=LINE('',#2219,#2218);
#2221=CURVE_STYLE('',#48,POSITIVE_LENGTH_MEASURE(2.E-2),#41);
#2222=PRESENTATION_STYLE_ASSIGNMENT((#2221));
#2223=STYLED_ITEM('',(#2222),#2220);
#2224=DIRECTION('',(1.961161351382E-1,-9.805806756909E-1,0.E0));
#2225=VECTOR('',#2224,8.676388564261E-2);
#2226=CARTESIAN_POINT('',(-1.645382756440E0,1.019137822009E-1,
-1.980656600008E0));
#2227=LINE('',#2226,#2225);
#2228=CURVE_STYLE('',#48,POSITIVE_LENGTH_MEASURE(2.E-2),#41);
#2229=PRESENTATION_STYLE_ASSIGNMENT((#2228));
#2230=STYLED_ITEM('',(#2229),#2227);
#2231=CARTESIAN_POINT('',(-1.645382756440E0,1.019137822009E-1,
-1.980656600008E0));
#2232=CARTESIAN_POINT('',(-1.645726163814E0,1.036308190701E-1,
-1.987575175040E0));
#2233=CARTESIAN_POINT('',(-1.646281397011E0,1.064069850565E-1,
-1.994020811438E0));
#2234=CARTESIAN_POINT('',(-1.647045548850E0,1.102277442495E-1,-2.E0));
#2236=CURVE_STYLE('',#48,POSITIVE_LENGTH_MEASURE(2.E-2),#41);
#2237=PRESENTATION_STYLE_ASSIGNMENT((#2236));
#2238=STYLED_ITEM('',(#2237),#2235);
#2239=DIRECTION('',(1.961161351382E-1,9.805806756909E-1,1.293349160922E-14));
#2240=VECTOR('',#2239,1.716818718673E-2);
#2241=CARTESIAN_POINT('',(-1.375E0,0.E0,-1.6E0));
#2242=LINE('',#2241,#2240);
#2243=CURVE_STYLE('',#48,POSITIVE_LENGTH_MEASURE(2.E-2),#41);
#2244=PRESENTATION_STYLE_ASSIGNMENT((#2243));
#2245=STYLED_ITEM('',(#2244),#2242);
#2246=DIRECTION('',(-1.E0,0.E0,0.E0));
#2247=VECTOR('',#2246,2.567339170368E-1);
#2248=CARTESIAN_POINT('',(-1.371633041482E0,1.683479259195E-2,-1.6E0));
#2249=LINE('',#2248,#2247);
#2250=CURVE_STYLE('',#48,POSITIVE_LENGTH_MEASURE(2.E-2),#41);
#2251=PRESENTATION_STYLE_ASSIGNMENT((#2250));
#2252=STYLED_ITEM('',(#2251),#2249);
#2253=DIRECTION('',(1.961161351382E-1,-9.805806756909E-1,-1.293349160922E-14));
#2254=VECTOR('',#2253,1.716818718673E-2);
#2255=CARTESIAN_POINT('',(-1.628366958518E0,1.683479259195E-2,-1.6E0));
#2256=LINE('',#2255,#2254);
#2257=CURVE_STYLE('',#48,POSITIVE_LENGTH_MEASURE(2.E-2),#41);
#2258=PRESENTATION_STYLE_ASSIGNMENT((#2257));
#2259=STYLED_ITEM('',(#2258),#2256);
#2260=CARTESIAN_POINT('',(-1.354617243560E0,1.019137822009E-1,
-1.980656600008E0));
#2261=CARTESIAN_POINT('',(-1.354273836186E0,1.036308190701E-1,
-1.987575175040E0));
#2262=CARTESIAN_POINT('',(-1.353718602989E0,1.064069850565E-1,
-1.994020811438E0));
#2263=CARTESIAN_POINT('',(-1.352954451150E0,1.102277442495E-1,-2.E0));
#2265=CURVE_STYLE('',#48,POSITIVE_LENGTH_MEASURE(2.E-2),#41);
#2266=PRESENTATION_STYLE_ASSIGNMENT((#2265));
#2267=STYLED_ITEM('',(#2266),#2264);
#2268=DIRECTION('',(-1.961161351382E-1,-9.805806756909E-1,0.E0));
#2269=VECTOR('',#2268,8.676388564261E-2);
#2270=CARTESIAN_POINT('',(-1.354617243560E0,1.019137822009E-1,
-1.980656600008E0));
#2271=LINE('',#2270,#2269);
#2272=CURVE_STYLE('',#48,POSITIVE_LENGTH_MEASURE(2.E-2),#41);
#2273=PRESENTATION_STYLE_ASSIGNMENT((#2272));
#2274=STYLED_ITEM('',(#2273),#2271);
#2275=DIRECTION('',(0.E0,0.E0,-1.E0));
#2276=VECTOR('',#2275,3.806566000080E-1);
#2277=CARTESIAN_POINT('',(-1.371633041482E0,1.683479259195E-2,-1.6E0));
#2278=LINE('',#2277,#2276);
#2279=CURVE_STYLE('',#48,POSITIVE_LENGTH_MEASURE(2.E-2),#41);
#2280=PRESENTATION_STYLE_ASSIGNMENT((#2279));
#2281=STYLED_ITEM('',(#2280),#2278);
#2282=DIRECTION('',(1.E0,0.E0,0.E0));
#2283=VECTOR('',#2282,2.567339170368E-1);
#2284=CARTESIAN_POINT('',(1.371633041482E0,1.683479259195E-2,1.980481988881E0));
#2285=LINE('',#2284,#2283);
#2286=CURVE_STYLE('',#48,POSITIVE_LENGTH_MEASURE(2.E-2),#41);
#2287=PRESENTATION_STYLE_ASSIGNMENT((#2286));
#2288=STYLED_ITEM('',(#2287),#2285);
#2289=DIRECTION('',(1.E0,0.E0,0.E0));
#2290=VECTOR('',#2289,2.567339170368E-1);
#2291=CARTESIAN_POINT('',(8.716330414816E-1,1.683479259195E-2,
1.980481988881E0));
#2292=LINE('',#2291,#2290);
#2293=CURVE_STYLE('',#48,POSITIVE_LENGTH_MEASURE(2.E-2),#41);
#2294=PRESENTATION_STYLE_ASSIGNMENT((#2293));
#2295=STYLED_ITEM('',(#2294),#2292);
#2296=DIRECTION('',(1.E0,0.E0,0.E0));
#2297=VECTOR('',#2296,2.567339170368E-1);
#2298=CARTESIAN_POINT('',(3.716330414816E-1,1.683479259195E-2,
1.980481988881E0));
#2299=LINE('',#2298,#2297);
#2300=CURVE_STYLE('',#48,POSITIVE_LENGTH_MEASURE(2.E-2),#41);
#2301=PRESENTATION_STYLE_ASSIGNMENT((#2300));
#2302=STYLED_ITEM('',(#2301),#2299);
#2303=DIRECTION('',(1.E0,0.E0,0.E0));
#2304=VECTOR('',#2303,2.567339170368E-1);
#2305=CARTESIAN_POINT('',(-1.283669585184E-1,1.683479259195E-2,
1.980481988881E0));
#2306=LINE('',#2305,#2304);
#2307=CURVE_STYLE('',#48,POSITIVE_LENGTH_MEASURE(2.E-2),#41);
#2308=PRESENTATION_STYLE_ASSIGNMENT((#2307));
#2309=STYLED_ITEM('',(#2308),#2306);
#2310=DIRECTION('',(1.E0,0.E0,0.E0));
#2311=VECTOR('',#2310,2.567339170368E-1);
#2312=CARTESIAN_POINT('',(-6.283669585184E-1,1.683479259195E-2,
1.980481988881E0));
#2313=LINE('',#2312,#2311);
#2314=CURVE_STYLE('',#48,POSITIVE_LENGTH_MEASURE(2.E-2),#41);
#2315=PRESENTATION_STYLE_ASSIGNMENT((#2314));
#2316=STYLED_ITEM('',(#2315),#2313);
#2317=DIRECTION('',(1.E0,0.E0,0.E0));
#2318=VECTOR('',#2317,2.567339170368E-1);
#2319=CARTESIAN_POINT('',(-1.128366958518E0,1.683479259195E-2,
1.980481988881E0));
#2320=LINE('',#2319,#2318);
#2321=CURVE_STYLE('',#48,POSITIVE_LENGTH_MEASURE(2.E-2),#41);
#2322=PRESENTATION_STYLE_ASSIGNMENT((#2321));
#2323=STYLED_ITEM('',(#2322),#2320);
#2324=DIRECTION('',(1.E0,0.E0,0.E0));
#2325=VECTOR('',#2324,2.567339170368E-1);
#2326=CARTESIAN_POINT('',(-1.628366958518E0,1.683479259195E-2,
1.980481988881E0));
#2327=LINE('',#2326,#2325);
#2328=CURVE_STYLE('',#48,POSITIVE_LENGTH_MEASURE(2.E-2),#41);
#2329=PRESENTATION_STYLE_ASSIGNMENT((#2328));
#2330=STYLED_ITEM('',(#2329),#2327);
#2331=DIRECTION('',(-1.E0,0.E0,0.E0));
#2332=VECTOR('',#2331,3.8E-1);
#2333=CARTESIAN_POINT('',(-2.1E0,1.683479259195E-2,-8.716330414816E-1));
#2334=LINE('',#2333,#2332);
#2335=CURVE_STYLE('',#48,POSITIVE_LENGTH_MEASURE(2.E-2),#41);
#2336=PRESENTATION_STYLE_ASSIGNMENT((#2335));
#2337=STYLED_ITEM('',(#2336),#2334);
#2338=DIRECTION('',(0.E0,-9.805806756909E-1,-1.961161351382E-1));
#2339=VECTOR('',#2338,8.660139477545E-2);
#2340=CARTESIAN_POINT('',(-2.48E0,1.017544467966E-1,-8.546491106407E-1));
#2341=LINE('',#2340,#2339);
#2342=CURVE_STYLE('',#48,POSITIVE_LENGTH_MEASURE(2.E-2),#41);
#2343=PRESENTATION_STYLE_ASSIGNMENT((#2342));
#2344=STYLED_ITEM('',(#2343),#2341);
#2345=CARTESIAN_POINT('',(-2.48E0,1.017544467966E-1,-8.546491106407E-1));
#2346=CARTESIAN_POINT('',(-2.487162148159E0,1.034530993807E-1,
-8.543093801239E-1));
#2347=CARTESIAN_POINT('',(-2.493826490790E0,1.062828122876E-1,
-8.537434375425E-1));
#2348=CARTESIAN_POINT('',(-2.5E0,1.102277442495E-1,-8.529544511501E-1));
#2350=CURVE_STYLE('',#48,POSITIVE_LENGTH_MEASURE(2.E-2),#41);
#2351=PRESENTATION_STYLE_ASSIGNMENT((#2350));
#2352=STYLED_ITEM('',(#2351),#2349);
#2353=DIRECTION('',(0.E0,0.E0,-1.E0));
#2354=VECTOR('',#2353,2.907017787187E-1);
#2355=CARTESIAN_POINT('',(-2.48E0,1.017544467966E-1,1.145350889359E0));
#2356=LINE('',#2355,#2354);
#2357=CURVE_STYLE('',#48,POSITIVE_LENGTH_MEASURE(2.E-2),#41);
#2358=PRESENTATION_STYLE_ASSIGNMENT((#2357));
#2359=STYLED_ITEM('',(#2358),#2356);
#2360=DIRECTION('',(0.E0,0.E0,-1.E0));
#2361=VECTOR('',#2360,2.907017787187E-1);
#2362=CARTESIAN_POINT('',(-2.48E0,1.017544467966E-1,6.453508893593E-1));
#2363=LINE('',#2362,#2361);
#2364=CURVE_STYLE('',#48,POSITIVE_LENGTH_MEASURE(2.E-2),#41);
#2365=PRESENTATION_STYLE_ASSIGNMENT((#2364));
#2366=STYLED_ITEM('',(#2365),#2363);
#2367=DIRECTION('',(0.E0,0.E0,-1.E0));
#2368=VECTOR('',#2367,2.907017787187E-1);
#2369=CARTESIAN_POINT('',(-2.48E0,1.017544467966E-1,1.453508893593E-1));
#2370=LINE('',#2369,#2368);
#2371=CURVE_STYLE('',#48,POSITIVE_LENGTH_MEASURE(2.E-2),#41);
#2372=PRESENTATION_STYLE_ASSIGNMENT((#2371));
#2373=STYLED_ITEM('',(#2372),#2370);
#2374=DIRECTION('',(0.E0,0.E0,-1.E0));
#2375=VECTOR('',#2374,2.907017787187E-1);
#2376=CARTESIAN_POINT('',(-2.48E0,1.017544467966E-1,-3.546491106407E-1));
#2377=LINE('',#2376,#2375);
#2378=CURVE_STYLE('',#48,POSITIVE_LENGTH_MEASURE(2.E-2),#41);
#2379=PRESENTATION_STYLE_ASSIGNMENT((#2378));
#2380=STYLED_ITEM('',(#2379),#2377);
#2381=DIRECTION('',(0.E0,0.E0,-1.E0));
#2382=VECTOR('',#2381,2.907017787187E-1);
#2383=CARTESIAN_POINT('',(-2.48E0,1.017544467966E-1,-8.546491106407E-1));
#2384=LINE('',#2383,#2382);
#2385=CURVE_STYLE('',#48,POSITIVE_LENGTH_MEASURE(2.E-2),#41);
#2386=PRESENTATION_STYLE_ASSIGNMENT((#2385));
#2387=STYLED_ITEM('',(#2386),#2384);
#2388=DIRECTION('',(-1.E0,0.E0,0.E0));
#2389=VECTOR('',#2388,3.8E-1);
#2390=CARTESIAN_POINT('',(-2.1E0,1.683479259195E-2,1.128366958518E0));
#2391=LINE('',#2390,#2389);
#2392=CURVE_STYLE('',#48,POSITIVE_LENGTH_MEASURE(2.E-2),#41);
#2393=PRESENTATION_STYLE_ASSIGNMENT((#2392));
#2394=STYLED_ITEM('',(#2393),#2391);
#2395=DIRECTION('',(0.E0,-9.805806756909E-1,-1.961161351382E-1));
#2396=VECTOR('',#2395,8.660139477545E-2);
#2397=CARTESIAN_POINT('',(-2.48E0,1.017544467966E-1,1.145350889359E0));
#2398=LINE('',#2397,#2396);
#2399=CURVE_STYLE('',#48,POSITIVE_LENGTH_MEASURE(2.E-2),#41);
#2400=PRESENTATION_STYLE_ASSIGNMENT((#2399));
#2401=STYLED_ITEM('',(#2400),#2398);
#2402=CARTESIAN_POINT('',(-2.48E0,1.017544467966E-1,1.145350889359E0));
#2403=CARTESIAN_POINT('',(-2.487162148159E0,1.034530993807E-1,
1.145690619876E0));
#2404=CARTESIAN_POINT('',(-2.493826490790E0,1.062828122876E-1,
1.146256562458E0));
#2405=CARTESIAN_POINT('',(-2.5E0,1.102277442495E-1,1.147045548850E0));
#2407=CURVE_STYLE('',#48,POSITIVE_LENGTH_MEASURE(2.E-2),#41);
#2408=PRESENTATION_STYLE_ASSIGNMENT((#2407));
#2409=STYLED_ITEM('',(#2408),#2406);
#2410=DIRECTION('',(0.E0,9.805806756909E-1,-1.961161351382E-1));
#2411=VECTOR('',#2410,1.716818718673E-2);
#2412=CARTESIAN_POINT('',(-2.1E0,0.E0,8.75E-1));
#2413=LINE('',#2412,#2411);
#2414=CURVE_STYLE('',#48,POSITIVE_LENGTH_MEASURE(2.E-2),#41);
#2415=PRESENTATION_STYLE_ASSIGNMENT((#2414));
#2416=STYLED_ITEM('',(#2415),#2413);
#2417=DIRECTION('',(0.E0,0.E0,1.E0));
#2418=VECTOR('',#2417,2.567339170368E-1);
#2419=CARTESIAN_POINT('',(-2.1E0,1.683479259195E-2,8.716330414816E-1));
#2420=LINE('',#2419,#2418);
#2421=CURVE_STYLE('',#48,POSITIVE_LENGTH_MEASURE(2.E-2),#41);
#2422=PRESENTATION_STYLE_ASSIGNMENT((#2421));
#2423=STYLED_ITEM('',(#2422),#2420);
#2424=DIRECTION('',(0.E0,-9.805806756909E-1,-1.961161351382E-1));
#2425=VECTOR('',#2424,1.716818718673E-2);
#2426=CARTESIAN_POINT('',(-2.1E0,1.683479259195E-2,1.128366958518E0));
#2427=LINE('',#2426,#2425);
#2428=CURVE_STYLE('',#48,POSITIVE_LENGTH_MEASURE(2.E-2),#41);
#2429=PRESENTATION_STYLE_ASSIGNMENT((#2428));
#2430=STYLED_ITEM('',(#2429),#2427);
#2431=CARTESIAN_POINT('',(-2.48E0,1.017544467966E-1,8.546491106407E-1));
#2432=CARTESIAN_POINT('',(-2.487162148159E0,1.034530993807E-1,
8.543093801239E-1));
#2433=CARTESIAN_POINT('',(-2.493826490790E0,1.062828122876E-1,
8.537434375425E-1));
#2434=CARTESIAN_POINT('',(-2.5E0,1.102277442495E-1,8.529544511501E-1));
#2436=CURVE_STYLE('',#48,POSITIVE_LENGTH_MEASURE(2.E-2),#41);
#2437=PRESENTATION_STYLE_ASSIGNMENT((#2436));
#2438=STYLED_ITEM('',(#2437),#2435);
#2439=DIRECTION('',(0.E0,-9.805806756909E-1,1.961161351382E-1));
#2440=VECTOR('',#2439,8.660139477545E-2);
#2441=CARTESIAN_POINT('',(-2.48E0,1.017544467966E-1,8.546491106407E-1));
#2442=LINE('',#2441,#2440);
#2443=CURVE_STYLE('',#48,POSITIVE_LENGTH_MEASURE(2.E-2),#41);
#2444=PRESENTATION_STYLE_ASSIGNMENT((#2443));
#2445=STYLED_ITEM('',(#2444),#2442);
#2446=DIRECTION('',(-1.E0,0.E0,0.E0));
#2447=VECTOR('',#2446,3.8E-1);
#2448=CARTESIAN_POINT('',(-2.1E0,1.683479259195E-2,8.716330414816E-1));
#2449=LINE('',#2448,#2447);
#2450=CURVE_STYLE('',#48,POSITIVE_LENGTH_MEASURE(2.E-2),#41);
#2451=PRESENTATION_STYLE_ASSIGNMENT((#2450));
#2452=STYLED_ITEM('',(#2451),#2449);
#2453=DIRECTION('',(-1.E0,0.E0,0.E0));
#2454=VECTOR('',#2453,3.8E-1);
#2455=CARTESIAN_POINT('',(-2.1E0,1.683479259195E-2,6.283669585184E-1));
#2456=LINE('',#2455,#2454);
#2457=CURVE_STYLE('',#48,POSITIVE_LENGTH_MEASURE(2.E-2),#41);
#2458=PRESENTATION_STYLE_ASSIGNMENT((#2457));
#2459=STYLED_ITEM('',(#2458),#2456);
#2460=DIRECTION('',(0.E0,-9.805806756909E-1,-1.961161351382E-1));
#2461=VECTOR('',#2460,8.660139477545E-2);
#2462=CARTESIAN_POINT('',(-2.48E0,1.017544467966E-1,6.453508893593E-1));
#2463=LINE('',#2462,#2461);
#2464=CURVE_STYLE('',#48,POSITIVE_LENGTH_MEASURE(2.E-2),#41);
#2465=PRESENTATION_STYLE_ASSIGNMENT((#2464));
#2466=STYLED_ITEM('',(#2465),#2463);
#2467=CARTESIAN_POINT('',(-2.48E0,1.017544467966E-1,6.453508893593E-1));
#2468=CARTESIAN_POINT('',(-2.487162148159E0,1.034530993807E-1,
6.456906198761E-1));
#2469=CARTESIAN_POINT('',(-2.493826490790E0,1.062828122876E-1,
6.462565624575E-1));
#2470=CARTESIAN_POINT('',(-2.5E0,1.102277442495E-1,6.470455488499E-1));
#2472=CURVE_STYLE('',#48,POSITIVE_LENGTH_MEASURE(2.E-2),#41);
#2473=PRESENTATION_STYLE_ASSIGNMENT((#2472));
#2474=STYLED_ITEM('',(#2473),#2471);
#2475=DIRECTION('',(0.E0,9.805806756909E-1,-1.961161351382E-1));
#2476=VECTOR('',#2475,1.716818718673E-2);
#2477=CARTESIAN_POINT('',(-2.1E0,0.E0,3.75E-1));
#2478=LINE('',#2477,#2476);
#2479=CURVE_STYLE('',#48,POSITIVE_LENGTH_MEASURE(2.E-2),#41);
#2480=PRESENTATION_STYLE_ASSIGNMENT((#2479));
#2481=STYLED_ITEM('',(#2480),#2478);
#2482=DIRECTION('',(0.E0,0.E0,1.E0));
#2483=VECTOR('',#2482,2.567339170368E-1);
#2484=CARTESIAN_POINT('',(-2.1E0,1.683479259195E-2,3.716330414816E-1));
#2485=LINE('',#2484,#2483);
#2486=CURVE_STYLE('',#48,POSITIVE_LENGTH_MEASURE(2.E-2),#41);
#2487=PRESENTATION_STYLE_ASSIGNMENT((#2486));
#2488=STYLED_ITEM('',(#2487),#2485);
#2489=DIRECTION('',(0.E0,-9.805806756909E-1,-1.961161351382E-1));
#2490=VECTOR('',#2489,1.716818718673E-2);
#2491=CARTESIAN_POINT('',(-2.1E0,1.683479259195E-2,6.283669585184E-1));
#2492=LINE('',#2491,#2490);
#2493=CURVE_STYLE('',#48,POSITIVE_LENGTH_MEASURE(2.E-2),#41);
#2494=PRESENTATION_STYLE_ASSIGNMENT((#2493));
#2495=STYLED_ITEM('',(#2494),#2492);
#2496=CARTESIAN_POINT('',(-2.48E0,1.017544467966E-1,3.546491106407E-1));
#2497=CARTESIAN_POINT('',(-2.487162148159E0,1.034530993807E-1,
3.543093801239E-1));
#2498=CARTESIAN_POINT('',(-2.493826490790E0,1.062828122876E-1,
3.537434375425E-1));
#2499=CARTESIAN_POINT('',(-2.5E0,1.102277442495E-1,3.529544511501E-1));
#2501=CURVE_STYLE('',#48,POSITIVE_LENGTH_MEASURE(2.E-2),#41);
#2502=PRESENTATION_STYLE_ASSIGNMENT((#2501));
#2503=STYLED_ITEM('',(#2502),#2500);
#2504=DIRECTION('',(0.E0,-9.805806756909E-1,1.961161351382E-1));
#2505=VECTOR('',#2504,8.660139477545E-2);
#2506=CARTESIAN_POINT('',(-2.48E0,1.017544467966E-1,3.546491106407E-1));
#2507=LINE('',#2506,#2505);
#2508=CURVE_STYLE('',#48,POSITIVE_LENGTH_MEASURE(2.E-2),#41);
#2509=PRESENTATION_STYLE_ASSIGNMENT((#2508));
#2510=STYLED_ITEM('',(#2509),#2507);
#2511=DIRECTION('',(-1.E0,0.E0,0.E0));
#2512=VECTOR('',#2511,3.8E-1);
#2513=CARTESIAN_POINT('',(-2.1E0,1.683479259195E-2,3.716330414816E-1));
#2514=LINE('',#2513,#2512);
#2515=CURVE_STYLE('',#48,POSITIVE_LENGTH_MEASURE(2.E-2),#41);
#2516=PRESENTATION_STYLE_ASSIGNMENT((#2515));
#2517=STYLED_ITEM('',(#2516),#2514);
#2518=DIRECTION('',(-1.E0,0.E0,0.E0));
#2519=VECTOR('',#2518,3.8E-1);
#2520=CARTESIAN_POINT('',(-2.1E0,1.683479259195E-2,1.283669585184E-1));
#2521=LINE('',#2520,#2519);
#2522=CURVE_STYLE('',#48,POSITIVE_LENGTH_MEASURE(2.E-2),#41);
#2523=PRESENTATION_STYLE_ASSIGNMENT((#2522));
#2524=STYLED_ITEM('',(#2523),#2521);
#2525=DIRECTION('',(0.E0,-9.805806756909E-1,-1.961161351382E-1));
#2526=VECTOR('',#2525,8.660139477545E-2);
#2527=CARTESIAN_POINT('',(-2.48E0,1.017544467966E-1,1.453508893593E-1));
#2528=LINE('',#2527,#2526);
#2529=CURVE_STYLE('',#48,POSITIVE_LENGTH_MEASURE(2.E-2),#41);
#2530=PRESENTATION_STYLE_ASSIGNMENT((#2529));
#2531=STYLED_ITEM('',(#2530),#2528);
#2532=CARTESIAN_POINT('',(-2.48E0,1.017544467966E-1,1.453508893593E-1));
#2533=CARTESIAN_POINT('',(-2.487162148159E0,1.034530993807E-1,
1.456906198761E-1));
#2534=CARTESIAN_POINT('',(-2.493826490790E0,1.062828122876E-1,
1.462565624575E-1));
#2535=CARTESIAN_POINT('',(-2.5E0,1.102277442495E-1,1.470455488499E-1));
#2537=CURVE_STYLE('',#48,POSITIVE_LENGTH_MEASURE(2.E-2),#41);
#2538=PRESENTATION_STYLE_ASSIGNMENT((#2537));
#2539=STYLED_ITEM('',(#2538),#2536);
#2540=DIRECTION('',(0.E0,9.805806756909E-1,-1.961161351382E-1));
#2541=VECTOR('',#2540,1.716818718673E-2);
#2542=CARTESIAN_POINT('',(-2.1E0,0.E0,-1.25E-1));
#2543=LINE('',#2542,#2541);
#2544=CURVE_STYLE('',#48,POSITIVE_LENGTH_MEASURE(2.E-2),#41);
#2545=PRESENTATION_STYLE_ASSIGNMENT((#2544));
#2546=STYLED_ITEM('',(#2545),#2543);
#2547=DIRECTION('',(0.E0,0.E0,1.E0));
#2548=VECTOR('',#2547,2.567339170368E-1);
#2549=CARTESIAN_POINT('',(-2.1E0,1.683479259195E-2,-1.283669585184E-1));
#2550=LINE('',#2549,#2548);
#2551=CURVE_STYLE('',#48,POSITIVE_LENGTH_MEASURE(2.E-2),#41);
#2552=PRESENTATION_STYLE_ASSIGNMENT((#2551));
#2553=STYLED_ITEM('',(#2552),#2550);
#2554=DIRECTION('',(0.E0,-9.805806756909E-1,-1.961161351382E-1));
#2555=VECTOR('',#2554,1.716818718673E-2);
#2556=CARTESIAN_POINT('',(-2.1E0,1.683479259195E-2,1.283669585184E-1));
#2557=LINE('',#2556,#2555);
#2558=CURVE_STYLE('',#48,POSITIVE_LENGTH_MEASURE(2.E-2),#41);
#2559=PRESENTATION_STYLE_ASSIGNMENT((#2558));
#2560=STYLED_ITEM('',(#2559),#2557);
#2561=CARTESIAN_POINT('',(-2.48E0,1.017544467966E-1,-1.453508893593E-1));
#2562=CARTESIAN_POINT('',(-2.487162148159E0,1.034530993807E-1,
-1.456906198761E-1));
#2563=CARTESIAN_POINT('',(-2.493826490790E0,1.062828122876E-1,
-1.462565624575E-1));
#2564=CARTESIAN_POINT('',(-2.5E0,1.102277442495E-1,-1.470455488499E-1));
#2566=CURVE_STYLE('',#48,POSITIVE_LENGTH_MEASURE(2.E-2),#41);
#2567=PRESENTATION_STYLE_ASSIGNMENT((#2566));
#2568=STYLED_ITEM('',(#2567),#2565);
#2569=DIRECTION('',(0.E0,-9.805806756909E-1,1.961161351382E-1));
#2570=VECTOR('',#2569,8.660139477545E-2);
#2571=CARTESIAN_POINT('',(-2.48E0,1.017544467966E-1,-1.453508893593E-1));
#2572=LINE('',#2571,#2570);
#2573=CURVE_STYLE('',#48,POSITIVE_LENGTH_MEASURE(2.E-2),#41);
#2574=PRESENTATION_STYLE_ASSIGNMENT((#2573));
#2575=STYLED_ITEM('',(#2574),#2572);
#2576=DIRECTION('',(-1.E0,0.E0,0.E0));
#2577=VECTOR('',#2576,3.8E-1);
#2578=CARTESIAN_POINT('',(-2.1E0,1.683479259195E-2,-1.283669585184E-1));
#2579=LINE('',#2578,#2577);
#2580=CURVE_STYLE('',#48,POSITIVE_LENGTH_MEASURE(2.E-2),#41);
#2581=PRESENTATION_STYLE_ASSIGNMENT((#2580));
#2582=STYLED_ITEM('',(#2581),#2579);
#2583=DIRECTION('',(-1.E0,0.E0,0.E0));
#2584=VECTOR('',#2583,3.8E-1);
#2585=CARTESIAN_POINT('',(-2.1E0,1.683479259195E-2,-3.716330414816E-1));
#2586=LINE('',#2585,#2584);
#2587=CURVE_STYLE('',#48,POSITIVE_LENGTH_MEASURE(2.E-2),#41);
#2588=PRESENTATION_STYLE_ASSIGNMENT((#2587));
#2589=STYLED_ITEM('',(#2588),#2586);
#2590=DIRECTION('',(0.E0,-9.805806756909E-1,-1.961161351382E-1));
#2591=VECTOR('',#2590,8.660139477545E-2);
#2592=CARTESIAN_POINT('',(-2.48E0,1.017544467966E-1,-3.546491106407E-1));
#2593=LINE('',#2592,#2591);
#2594=CURVE_STYLE('',#48,POSITIVE_LENGTH_MEASURE(2.E-2),#41);
#2595=PRESENTATION_STYLE_ASSIGNMENT((#2594));
#2596=STYLED_ITEM('',(#2595),#2593);
#2597=CARTESIAN_POINT('',(-2.48E0,1.017544467966E-1,-3.546491106407E-1));
#2598=CARTESIAN_POINT('',(-2.487162148159E0,1.034530993807E-1,
-3.543093801239E-1));
#2599=CARTESIAN_POINT('',(-2.493826490790E0,1.062828122876E-1,
-3.537434375425E-1));
#2600=CARTESIAN_POINT('',(-2.5E0,1.102277442495E-1,-3.529544511501E-1));
#2602=CURVE_STYLE('',#48,POSITIVE_LENGTH_MEASURE(2.E-2),#41);
#2603=PRESENTATION_STYLE_ASSIGNMENT((#2602));
#2604=STYLED_ITEM('',(#2603),#2601);
#2605=DIRECTION('',(0.E0,9.805806756909E-1,-1.961161351382E-1));
#2606=VECTOR('',#2605,1.716818718673E-2);
#2607=CARTESIAN_POINT('',(-2.1E0,0.E0,-6.25E-1));
#2608=LINE('',#2607,#2606);
#2609=CURVE_STYLE('',#48,POSITIVE_LENGTH_MEASURE(2.E-2),#41);
#2610=PRESENTATION_STYLE_ASSIGNMENT((#2609));
#2611=STYLED_ITEM('',(#2610),#2608);
#2612=DIRECTION('',(0.E0,0.E0,1.E0));
#2613=VECTOR('',#2612,2.567339170368E-1);
#2614=CARTESIAN_POINT('',(-2.1E0,1.683479259195E-2,-6.283669585184E-1));
#2615=LINE('',#2614,#2613);
#2616=CURVE_STYLE('',#48,POSITIVE_LENGTH_MEASURE(2.E-2),#41);
#2617=PRESENTATION_STYLE_ASSIGNMENT((#2616));
#2618=STYLED_ITEM('',(#2617),#2615);
#2619=DIRECTION('',(0.E0,-9.805806756909E-1,-1.961161351382E-1));
#2620=VECTOR('',#2619,1.716818718673E-2);
#2621=CARTESIAN_POINT('',(-2.1E0,1.683479259195E-2,-3.716330414816E-1));
#2622=LINE('',#2621,#2620);
#2623=CURVE_STYLE('',#48,POSITIVE_LENGTH_MEASURE(2.E-2),#41);
#2624=PRESENTATION_STYLE_ASSIGNMENT((#2623));
#2625=STYLED_ITEM('',(#2624),#2622);
#2626=CARTESIAN_POINT('',(-2.48E0,1.017544467966E-1,-6.453508893593E-1));
#2627=CARTESIAN_POINT('',(-2.487162148159E0,1.034530993807E-1,
-6.456906198761E-1));
#2628=CARTESIAN_POINT('',(-2.493826490790E0,1.062828122876E-1,
-6.462565624575E-1));
#2629=CARTESIAN_POINT('',(-2.5E0,1.102277442495E-1,-6.470455488499E-1));
#2631=CURVE_STYLE('',#48,POSITIVE_LENGTH_MEASURE(2.E-2),#41);
#2632=PRESENTATION_STYLE_ASSIGNMENT((#2631));
#2633=STYLED_ITEM('',(#2632),#2630);
#2634=DIRECTION('',(0.E0,-9.805806756909E-1,1.961161351382E-1));
#2635=VECTOR('',#2634,8.660139477545E-2);
#2636=CARTESIAN_POINT('',(-2.48E0,1.017544467966E-1,-6.453508893593E-1));
#2637=LINE('',#2636,#2635);
#2638=CURVE_STYLE('',#48,POSITIVE_LENGTH_MEASURE(2.E-2),#41);
#2639=PRESENTATION_STYLE_ASSIGNMENT((#2638));
#2640=STYLED_ITEM('',(#2639),#2637);
#2641=DIRECTION('',(-1.E0,0.E0,0.E0));
#2642=VECTOR('',#2641,3.8E-1);
#2643=CARTESIAN_POINT('',(-2.1E0,1.683479259195E-2,-6.283669585184E-1));
#2644=LINE('',#2643,#2642);
#2645=CURVE_STYLE('',#48,POSITIVE_LENGTH_MEASURE(2.E-2),#41);
#2646=PRESENTATION_STYLE_ASSIGNMENT((#2645));
#2647=STYLED_ITEM('',(#2646),#2644);
#2648=DIRECTION('',(0.E0,-9.805806756909E-1,-1.961161351382E-1));
#2649=VECTOR('',#2648,1.716818718673E-2);
#2650=CARTESIAN_POINT('',(2.1E0,1.683479259195E-2,-8.716330414816E-1));
#2651=LINE('',#2650,#2649);
#2652=CURVE_STYLE('',#48,POSITIVE_LENGTH_MEASURE(2.E-2),#41);
#2653=PRESENTATION_STYLE_ASSIGNMENT((#2652));
#2654=STYLED_ITEM('',(#2653),#2651);
#2655=DIRECTION('',(0.E0,0.E0,1.E0));
#2656=VECTOR('',#2655,2.567339170368E-1);
#2657=CARTESIAN_POINT('',(2.1E0,1.683479259195E-2,-1.128366958518E0));
#2658=LINE('',#2657,#2656);
#2659=CURVE_STYLE('',#48,POSITIVE_LENGTH_MEASURE(2.E-2),#41);
#2660=PRESENTATION_STYLE_ASSIGNMENT((#2659));
#2661=STYLED_ITEM('',(#2660),#2658);
#2662=DIRECTION('',(0.E0,9.805806756909E-1,-1.961161351382E-1));
#2663=VECTOR('',#2662,1.716818718673E-2);
#2664=CARTESIAN_POINT('',(2.1E0,0.E0,-1.125E0));
#2665=LINE('',#2664,#2663);
#2666=CURVE_STYLE('',#48,POSITIVE_LENGTH_MEASURE(2.E-2),#41);
#2667=PRESENTATION_STYLE_ASSIGNMENT((#2666));
#2668=STYLED_ITEM('',(#2667),#2665);
#2669=CARTESIAN_POINT('',(2.48E0,1.017544467966E-1,-8.546491106407E-1));
#2670=CARTESIAN_POINT('',(2.487162148159E0,1.034530993807E-1,
-8.543093801239E-1));
#2671=CARTESIAN_POINT('',(2.493826490790E0,1.062828122876E-1,
-8.537434375425E-1));
#2672=CARTESIAN_POINT('',(2.5E0,1.102277442495E-1,-8.529544511501E-1));
#2674=CURVE_STYLE('',#48,POSITIVE_LENGTH_MEASURE(2.E-2),#41);
#2675=PRESENTATION_STYLE_ASSIGNMENT((#2674));
#2676=STYLED_ITEM('',(#2675),#2673);
#2677=DIRECTION('',(0.E0,-9.805806756909E-1,-1.961161351382E-1));
#2678=VECTOR('',#2677,8.660139477545E-2);
#2679=CARTESIAN_POINT('',(2.48E0,1.017544467966E-1,-8.546491106407E-1));
#2680=LINE('',#2679,#2678);
#2681=CURVE_STYLE('',#48,POSITIVE_LENGTH_MEASURE(2.E-2),#41);
#2682=PRESENTATION_STYLE_ASSIGNMENT((#2681));
#2683=STYLED_ITEM('',(#2682),#2680);
#2684=DIRECTION('',(1.E0,0.E0,0.E0));
#2685=VECTOR('',#2684,3.8E-1);
#2686=CARTESIAN_POINT('',(2.1E0,1.683479259195E-2,-8.716330414816E-1));
#2687=LINE('',#2686,#2685);
#2688=CURVE_STYLE('',#48,POSITIVE_LENGTH_MEASURE(2.E-2),#41);
#2689=PRESENTATION_STYLE_ASSIGNMENT((#2688));
#2690=STYLED_ITEM('',(#2689),#2687);
#2691=DIRECTION('',(0.E0,0.E0,1.E0));
#2692=VECTOR('',#2691,2.907017787187E-1);
#2693=CARTESIAN_POINT('',(2.48E0,1.017544467966E-1,-1.145350889359E0));
#2694=LINE('',#2693,#2692);
#2695=CURVE_STYLE('',#48,POSITIVE_LENGTH_MEASURE(2.E-2),#41);
#2696=PRESENTATION_STYLE_ASSIGNMENT((#2695));
#2697=STYLED_ITEM('',(#2696),#2694);
#2698=DIRECTION('',(0.E0,0.E0,1.E0));
#2699=VECTOR('',#2698,2.907017787187E-1);
#2700=CARTESIAN_POINT('',(2.48E0,1.017544467966E-1,-6.453508893593E-1));
#2701=LINE('',#2700,#2699);
#2702=CURVE_STYLE('',#48,POSITIVE_LENGTH_MEASURE(2.E-2),#41);
#2703=PRESENTATION_STYLE_ASSIGNMENT((#2702));
#2704=STYLED_ITEM('',(#2703),#2701);
#2705=DIRECTION('',(0.E0,0.E0,1.E0));
#2706=VECTOR('',#2705,2.907017787187E-1);
#2707=CARTESIAN_POINT('',(2.48E0,1.017544467966E-1,-1.453508893593E-1));
#2708=LINE('',#2707,#2706);
#2709=CURVE_STYLE('',#48,POSITIVE_LENGTH_MEASURE(2.E-2),#41);
#2710=PRESENTATION_STYLE_ASSIGNMENT((#2709));
#2711=STYLED_ITEM('',(#2710),#2708);
#2712=DIRECTION('',(0.E0,0.E0,1.E0));
#2713=VECTOR('',#2712,2.907017787187E-1);
#2714=CARTESIAN_POINT('',(2.48E0,1.017544467966E-1,3.546491106407E-1));
#2715=LINE('',#2714,#2713);
#2716=CURVE_STYLE('',#48,POSITIVE_LENGTH_MEASURE(2.E-2),#41);
#2717=PRESENTATION_STYLE_ASSIGNMENT((#2716));
#2718=STYLED_ITEM('',(#2717),#2715);
#2719=DIRECTION('',(0.E0,0.E0,1.E0));
#2720=VECTOR('',#2719,2.907017787187E-1);
#2721=CARTESIAN_POINT('',(2.48E0,1.017544467966E-1,8.546491106407E-1));
#2722=LINE('',#2721,#2720);
#2723=CURVE_STYLE('',#48,POSITIVE_LENGTH_MEASURE(2.E-2),#41);
#2724=PRESENTATION_STYLE_ASSIGNMENT((#2723));
#2725=STYLED_ITEM('',(#2724),#2722);
#2726=DIRECTION('',(1.E0,0.E0,0.E0));
#2727=VECTOR('',#2726,3.8E-1);
#2728=CARTESIAN_POINT('',(2.1E0,1.683479259195E-2,-1.128366958518E0));
#2729=LINE('',#2728,#2727);
#2730=CURVE_STYLE('',#48,POSITIVE_LENGTH_MEASURE(2.E-2),#41);
#2731=PRESENTATION_STYLE_ASSIGNMENT((#2730));
#2732=STYLED_ITEM('',(#2731),#2729);
#2733=DIRECTION('',(0.E0,-9.805806756909E-1,1.961161351382E-1));
#2734=VECTOR('',#2733,8.660139477545E-2);
#2735=CARTESIAN_POINT('',(2.48E0,1.017544467966E-1,-1.145350889359E0));
#2736=LINE('',#2735,#2734);
#2737=CURVE_STYLE('',#48,POSITIVE_LENGTH_MEASURE(2.E-2),#41);
#2738=PRESENTATION_STYLE_ASSIGNMENT((#2737));
#2739=STYLED_ITEM('',(#2738),#2736);
#2740=CARTESIAN_POINT('',(2.48E0,1.017544467966E-1,-1.145350889359E0));
#2741=CARTESIAN_POINT('',(2.487162148159E0,1.034530993807E-1,
-1.145690619876E0));
#2742=CARTESIAN_POINT('',(2.493826490790E0,1.062828122876E-1,
-1.146256562458E0));
#2743=CARTESIAN_POINT('',(2.5E0,1.102277442495E-1,-1.147045548850E0));
#2745=CURVE_STYLE('',#48,POSITIVE_LENGTH_MEASURE(2.E-2),#41);
#2746=PRESENTATION_STYLE_ASSIGNMENT((#2745));
#2747=STYLED_ITEM('',(#2746),#2744);
#2748=DIRECTION('',(1.E0,0.E0,0.E0));
#2749=VECTOR('',#2748,3.8E-1);
#2750=CARTESIAN_POINT('',(2.1E0,1.683479259195E-2,-6.283669585184E-1));
#2751=LINE('',#2750,#2749);
#2752=CURVE_STYLE('',#48,POSITIVE_LENGTH_MEASURE(2.E-2),#41);
#2753=PRESENTATION_STYLE_ASSIGNMENT((#2752));
#2754=STYLED_ITEM('',(#2753),#2751);
#2755=DIRECTION('',(0.E0,-9.805806756909E-1,1.961161351382E-1));
#2756=VECTOR('',#2755,8.660139477545E-2);
#2757=CARTESIAN_POINT('',(2.48E0,1.017544467966E-1,-6.453508893593E-1));
#2758=LINE('',#2757,#2756);
#2759=CURVE_STYLE('',#48,POSITIVE_LENGTH_MEASURE(2.E-2),#41);
#2760=PRESENTATION_STYLE_ASSIGNMENT((#2759));
#2761=STYLED_ITEM('',(#2760),#2758);
#2762=CARTESIAN_POINT('',(2.48E0,1.017544467966E-1,-6.453508893593E-1));
#2763=CARTESIAN_POINT('',(2.487162148159E0,1.034530993807E-1,
-6.456906198761E-1));
#2764=CARTESIAN_POINT('',(2.493826490790E0,1.062828122876E-1,
-6.462565624575E-1));
#2765=CARTESIAN_POINT('',(2.5E0,1.102277442495E-1,-6.470455488499E-1));
#2767=CURVE_STYLE('',#48,POSITIVE_LENGTH_MEASURE(2.E-2),#41);
#2768=PRESENTATION_STYLE_ASSIGNMENT((#2767));
#2769=STYLED_ITEM('',(#2768),#2766);
#2770=DIRECTION('',(0.E0,-9.805806756909E-1,-1.961161351382E-1));
#2771=VECTOR('',#2770,1.716818718673E-2);
#2772=CARTESIAN_POINT('',(2.1E0,1.683479259195E-2,-3.716330414816E-1));
#2773=LINE('',#2772,#2771);
#2774=CURVE_STYLE('',#48,POSITIVE_LENGTH_MEASURE(2.E-2),#41);
#2775=PRESENTATION_STYLE_ASSIGNMENT((#2774));
#2776=STYLED_ITEM('',(#2775),#2773);
#2777=DIRECTION('',(0.E0,0.E0,1.E0));
#2778=VECTOR('',#2777,2.567339170368E-1);
#2779=CARTESIAN_POINT('',(2.1E0,1.683479259195E-2,-6.283669585184E-1));
#2780=LINE('',#2779,#2778);
#2781=CURVE_STYLE('',#48,POSITIVE_LENGTH_MEASURE(2.E-2),#41);
#2782=PRESENTATION_STYLE_ASSIGNMENT((#2781));
#2783=STYLED_ITEM('',(#2782),#2780);
#2784=DIRECTION('',(0.E0,9.805806756909E-1,-1.961161351382E-1));
#2785=VECTOR('',#2784,1.716818718673E-2);
#2786=CARTESIAN_POINT('',(2.1E0,0.E0,-6.25E-1));
#2787=LINE('',#2786,#2785);
#2788=CURVE_STYLE('',#48,POSITIVE_LENGTH_MEASURE(2.E-2),#41);
#2789=PRESENTATION_STYLE_ASSIGNMENT((#2788));
#2790=STYLED_ITEM('',(#2789),#2787);
#2791=CARTESIAN_POINT('',(2.48E0,1.017544467966E-1,-3.546491106407E-1));
#2792=CARTESIAN_POINT('',(2.487162148159E0,1.034530993807E-1,
-3.543093801239E-1));
#2793=CARTESIAN_POINT('',(2.493826490790E0,1.062828122876E-1,
-3.537434375425E-1));
#2794=CARTESIAN_POINT('',(2.5E0,1.102277442495E-1,-3.529544511501E-1));
#2796=CURVE_STYLE('',#48,POSITIVE_LENGTH_MEASURE(2.E-2),#41);
#2797=PRESENTATION_STYLE_ASSIGNMENT((#2796));
#2798=STYLED_ITEM('',(#2797),#2795);
#2799=DIRECTION('',(0.E0,-9.805806756909E-1,-1.961161351382E-1));
#2800=VECTOR('',#2799,8.660139477545E-2);
#2801=CARTESIAN_POINT('',(2.48E0,1.017544467966E-1,-3.546491106407E-1));
#2802=LINE('',#2801,#2800);
#2803=CURVE_STYLE('',#48,POSITIVE_LENGTH_MEASURE(2.E-2),#41);
#2804=PRESENTATION_STYLE_ASSIGNMENT((#2803));
#2805=STYLED_ITEM('',(#2804),#2802);
#2806=DIRECTION('',(1.E0,0.E0,0.E0));
#2807=VECTOR('',#2806,3.8E-1);
#2808=CARTESIAN_POINT('',(2.1E0,1.683479259195E-2,-3.716330414816E-1));
#2809=LINE('',#2808,#2807);
#2810=CURVE_STYLE('',#48,POSITIVE_LENGTH_MEASURE(2.E-2),#41);
#2811=PRESENTATION_STYLE_ASSIGNMENT((#2810));
#2812=STYLED_ITEM('',(#2811),#2809);
#2813=DIRECTION('',(1.E0,0.E0,0.E0));
#2814=VECTOR('',#2813,3.8E-1);
#2815=CARTESIAN_POINT('',(2.1E0,1.683479259195E-2,-1.283669585184E-1));
#2816=LINE('',#2815,#2814);
#2817=CURVE_STYLE('',#48,POSITIVE_LENGTH_MEASURE(2.E-2),#41);
#2818=PRESENTATION_STYLE_ASSIGNMENT((#2817));
#2819=STYLED_ITEM('',(#2818),#2816);
#2820=DIRECTION('',(0.E0,-9.805806756909E-1,1.961161351382E-1));
#2821=VECTOR('',#2820,8.660139477545E-2);
#2822=CARTESIAN_POINT('',(2.48E0,1.017544467966E-1,-1.453508893593E-1));
#2823=LINE('',#2822,#2821);
#2824=CURVE_STYLE('',#48,POSITIVE_LENGTH_MEASURE(2.E-2),#41);
#2825=PRESENTATION_STYLE_ASSIGNMENT((#2824));
#2826=STYLED_ITEM('',(#2825),#2823);
#2827=CARTESIAN_POINT('',(2.48E0,1.017544467966E-1,-1.453508893593E-1));
#2828=CARTESIAN_POINT('',(2.487162148159E0,1.034530993807E-1,
-1.456906198761E-1));
#2829=CARTESIAN_POINT('',(2.493826490790E0,1.062828122876E-1,
-1.462565624575E-1));
#2830=CARTESIAN_POINT('',(2.5E0,1.102277442495E-1,-1.470455488499E-1));
#2832=CURVE_STYLE('',#48,POSITIVE_LENGTH_MEASURE(2.E-2),#41);
#2833=PRESENTATION_STYLE_ASSIGNMENT((#2832));
#2834=STYLED_ITEM('',(#2833),#2831);
#2835=DIRECTION('',(0.E0,-9.805806756909E-1,-1.961161351382E-1));
#2836=VECTOR('',#2835,1.716818718673E-2);
#2837=CARTESIAN_POINT('',(2.1E0,1.683479259195E-2,1.283669585184E-1));
#2838=LINE('',#2837,#2836);
#2839=CURVE_STYLE('',#48,POSITIVE_LENGTH_MEASURE(2.E-2),#41);
#2840=PRESENTATION_STYLE_ASSIGNMENT((#2839));
#2841=STYLED_ITEM('',(#2840),#2838);
#2842=DIRECTION('',(0.E0,0.E0,1.E0));
#2843=VECTOR('',#2842,2.567339170368E-1);
#2844=CARTESIAN_POINT('',(2.1E0,1.683479259195E-2,-1.283669585184E-1));
#2845=LINE('',#2844,#2843);
#2846=CURVE_STYLE('',#48,POSITIVE_LENGTH_MEASURE(2.E-2),#41);
#2847=PRESENTATION_STYLE_ASSIGNMENT((#2846));
#2848=STYLED_ITEM('',(#2847),#2845);
#2849=DIRECTION('',(0.E0,9.805806756909E-1,-1.961161351382E-1));
#2850=VECTOR('',#2849,1.716818718673E-2);
#2851=CARTESIAN_POINT('',(2.1E0,0.E0,-1.25E-1));
#2852=LINE('',#2851,#2850);
#2853=CURVE_STYLE('',#48,POSITIVE_LENGTH_MEASURE(2.E-2),#41);
#2854=PRESENTATION_STYLE_ASSIGNMENT((#2853));
#2855=STYLED_ITEM('',(#2854),#2852);
#2856=CARTESIAN_POINT('',(2.48E0,1.017544467966E-1,1.453508893593E-1));
#2857=CARTESIAN_POINT('',(2.487162148159E0,1.034530993807E-1,
1.456906198761E-1));
#2858=CARTESIAN_POINT('',(2.493826490790E0,1.062828122876E-1,
1.462565624575E-1));
#2859=CARTESIAN_POINT('',(2.5E0,1.102277442495E-1,1.470455488499E-1));
#2861=CURVE_STYLE('',#48,POSITIVE_LENGTH_MEASURE(2.E-2),#41);
#2862=PRESENTATION_STYLE_ASSIGNMENT((#2861));
#2863=STYLED_ITEM('',(#2862),#2860);
#2864=DIRECTION('',(0.E0,-9.805806756909E-1,-1.961161351382E-1));
#2865=VECTOR('',#2864,8.660139477545E-2);
#2866=CARTESIAN_POINT('',(2.48E0,1.017544467966E-1,1.453508893593E-1));
#2867=LINE('',#2866,#2865);
#2868=CURVE_STYLE('',#48,POSITIVE_LENGTH_MEASURE(2.E-2),#41);
#2869=PRESENTATION_STYLE_ASSIGNMENT((#2868));
#2870=STYLED_ITEM('',(#2869),#2867);
#2871=DIRECTION('',(1.E0,0.E0,0.E0));
#2872=VECTOR('',#2871,3.8E-1);
#2873=CARTESIAN_POINT('',(2.1E0,1.683479259195E-2,1.283669585184E-1));
#2874=LINE('',#2873,#2872);
#2875=CURVE_STYLE('',#48,POSITIVE_LENGTH_MEASURE(2.E-2),#41);
#2876=PRESENTATION_STYLE_ASSIGNMENT((#2875));
#2877=STYLED_ITEM('',(#2876),#2874);
#2878=DIRECTION('',(1.E0,0.E0,0.E0));
#2879=VECTOR('',#2878,3.8E-1);
#2880=CARTESIAN_POINT('',(2.1E0,1.683479259195E-2,3.716330414816E-1));
#2881=LINE('',#2880,#2879);
#2882=CURVE_STYLE('',#48,POSITIVE_LENGTH_MEASURE(2.E-2),#41);
#2883=PRESENTATION_STYLE_ASSIGNMENT((#2882));
#2884=STYLED_ITEM('',(#2883),#2881);
#2885=DIRECTION('',(0.E0,-9.805806756909E-1,1.961161351382E-1));
#2886=VECTOR('',#2885,8.660139477545E-2);
#2887=CARTESIAN_POINT('',(2.48E0,1.017544467966E-1,3.546491106407E-1));
#2888=LINE('',#2887,#2886);
#2889=CURVE_STYLE('',#48,POSITIVE_LENGTH_MEASURE(2.E-2),#41);
#2890=PRESENTATION_STYLE_ASSIGNMENT((#2889));
#2891=STYLED_ITEM('',(#2890),#2888);
#2892=CARTESIAN_POINT('',(2.48E0,1.017544467966E-1,3.546491106407E-1));
#2893=CARTESIAN_POINT('',(2.487162148159E0,1.034530993807E-1,
3.543093801239E-1));
#2894=CARTESIAN_POINT('',(2.493826490790E0,1.062828122876E-1,
3.537434375425E-1));
#2895=CARTESIAN_POINT('',(2.5E0,1.102277442495E-1,3.529544511501E-1));
#2897=CURVE_STYLE('',#48,POSITIVE_LENGTH_MEASURE(2.E-2),#41);
#2898=PRESENTATION_STYLE_ASSIGNMENT((#2897));
#2899=STYLED_ITEM('',(#2898),#2896);
#2900=DIRECTION('',(0.E0,-9.805806756909E-1,-1.961161351382E-1));
#2901=VECTOR('',#2900,1.716818718673E-2);
#2902=CARTESIAN_POINT('',(2.1E0,1.683479259195E-2,6.283669585184E-1));
#2903=LINE('',#2902,#2901);
#2904=CURVE_STYLE('',#48,POSITIVE_LENGTH_MEASURE(2.E-2),#41);
#2905=PRESENTATION_STYLE_ASSIGNMENT((#2904));
#2906=STYLED_ITEM('',(#2905),#2903);
#2907=DIRECTION('',(0.E0,0.E0,1.E0));
#2908=VECTOR('',#2907,2.567339170368E-1);
#2909=CARTESIAN_POINT('',(2.1E0,1.683479259195E-2,3.716330414816E-1));
#2910=LINE('',#2909,#2908);
#2911=CURVE_STYLE('',#48,POSITIVE_LENGTH_MEASURE(2.E-2),#41);
#2912=PRESENTATION_STYLE_ASSIGNMENT((#2911));
#2913=STYLED_ITEM('',(#2912),#2910);
#2914=DIRECTION('',(0.E0,9.805806756909E-1,-1.961161351382E-1));
#2915=VECTOR('',#2914,1.716818718673E-2);
#2916=CARTESIAN_POINT('',(2.1E0,0.E0,3.75E-1));
#2917=LINE('',#2916,#2915);
#2918=CURVE_STYLE('',#48,POSITIVE_LENGTH_MEASURE(2.E-2),#41);
#2919=PRESENTATION_STYLE_ASSIGNMENT((#2918));
#2920=STYLED_ITEM('',(#2919),#2917);
#2921=CARTESIAN_POINT('',(2.48E0,1.017544467966E-1,6.453508893593E-1));
#2922=CARTESIAN_POINT('',(2.487162148159E0,1.034530993807E-1,
6.456906198761E-1));
#2923=CARTESIAN_POINT('',(2.493826490790E0,1.062828122876E-1,
6.462565624575E-1));
#2924=CARTESIAN_POINT('',(2.5E0,1.102277442495E-1,6.470455488499E-1));
#2926=CURVE_STYLE('',#48,POSITIVE_LENGTH_MEASURE(2.E-2),#41);
#2927=PRESENTATION_STYLE_ASSIGNMENT((#2926));
#2928=STYLED_ITEM('',(#2927),#2925);
#2929=DIRECTION('',(0.E0,-9.805806756909E-1,-1.961161351382E-1));
#2930=VECTOR('',#2929,8.660139477545E-2);
#2931=CARTESIAN_POINT('',(2.48E0,1.017544467966E-1,6.453508893593E-1));
#2932=LINE('',#2931,#2930);
#2933=CURVE_STYLE('',#48,POSITIVE_LENGTH_MEASURE(2.E-2),#41);
#2934=PRESENTATION_STYLE_ASSIGNMENT((#2933));
#2935=STYLED_ITEM('',(#2934),#2932);
#2936=DIRECTION('',(1.E0,0.E0,0.E0));
#2937=VECTOR('',#2936,3.8E-1);
#2938=CARTESIAN_POINT('',(2.1E0,1.683479259195E-2,6.283669585184E-1));
#2939=LINE('',#2938,#2937);
#2940=CURVE_STYLE('',#48,POSITIVE_LENGTH_MEASURE(2.E-2),#41);
#2941=PRESENTATION_STYLE_ASSIGNMENT((#2940));
#2942=STYLED_ITEM('',(#2941),#2939);
#2943=DIRECTION('',(1.E0,0.E0,0.E0));
#2944=VECTOR('',#2943,3.8E-1);
#2945=CARTESIAN_POINT('',(2.1E0,1.683479259195E-2,8.716330414816E-1));
#2946=LINE('',#2945,#2944);
#2947=CURVE_STYLE('',#48,POSITIVE_LENGTH_MEASURE(2.E-2),#41);
#2948=PRESENTATION_STYLE_ASSIGNMENT((#2947));
#2949=STYLED_ITEM('',(#2948),#2946);
#2950=DIRECTION('',(0.E0,-9.805806756909E-1,1.961161351382E-1));
#2951=VECTOR('',#2950,8.660139477545E-2);
#2952=CARTESIAN_POINT('',(2.48E0,1.017544467966E-1,8.546491106407E-1));
#2953=LINE('',#2952,#2951);
#2954=CURVE_STYLE('',#48,POSITIVE_LENGTH_MEASURE(2.E-2),#41);
#2955=PRESENTATION_STYLE_ASSIGNMENT((#2954));
#2956=STYLED_ITEM('',(#2955),#2953);
#2957=CARTESIAN_POINT('',(2.48E0,1.017544467966E-1,8.546491106407E-1));
#2958=CARTESIAN_POINT('',(2.487162148159E0,1.034530993807E-1,
8.543093801239E-1));
#2959=CARTESIAN_POINT('',(2.493826490790E0,1.062828122876E-1,
8.537434375425E-1));
#2960=CARTESIAN_POINT('',(2.5E0,1.102277442495E-1,8.529544511501E-1));
#2962=CURVE_STYLE('',#48,POSITIVE_LENGTH_MEASURE(2.E-2),#41);
#2963=PRESENTATION_STYLE_ASSIGNMENT((#2962));
#2964=STYLED_ITEM('',(#2963),#2961);
#2965=DIRECTION('',(0.E0,-9.805806756909E-1,-1.961161351382E-1));
#2966=VECTOR('',#2965,1.716818718673E-2);
#2967=CARTESIAN_POINT('',(2.1E0,1.683479259195E-2,1.128366958518E0));
#2968=LINE('',#2967,#2966);
#2969=CURVE_STYLE('',#48,POSITIVE_LENGTH_MEASURE(2.E-2),#41);
#2970=PRESENTATION_STYLE_ASSIGNMENT((#2969));
#2971=STYLED_ITEM('',(#2970),#2968);
#2972=DIRECTION('',(0.E0,0.E0,1.E0));
#2973=VECTOR('',#2972,2.567339170368E-1);
#2974=CARTESIAN_POINT('',(2.1E0,1.683479259195E-2,8.716330414816E-1));
#2975=LINE('',#2974,#2973);
#2976=CURVE_STYLE('',#48,POSITIVE_LENGTH_MEASURE(2.E-2),#41);
#2977=PRESENTATION_STYLE_ASSIGNMENT((#2976));
#2978=STYLED_ITEM('',(#2977),#2975);
#2979=DIRECTION('',(0.E0,9.805806756909E-1,-1.961161351382E-1));
#2980=VECTOR('',#2979,1.716818718673E-2);
#2981=CARTESIAN_POINT('',(2.1E0,0.E0,8.75E-1));
#2982=LINE('',#2981,#2980);
#2983=CURVE_STYLE('',#48,POSITIVE_LENGTH_MEASURE(2.E-2),#41);
#2984=PRESENTATION_STYLE_ASSIGNMENT((#2983));
#2985=STYLED_ITEM('',(#2984),#2982);
#2986=CARTESIAN_POINT('',(2.48E0,1.017544467966E-1,1.145350889359E0));
#2987=CARTESIAN_POINT('',(2.487162148159E0,1.034530993807E-1,1.145690619876E0));
#2988=CARTESIAN_POINT('',(2.493826490790E0,1.062828122876E-1,1.146256562458E0));
#2989=CARTESIAN_POINT('',(2.5E0,1.102277442495E-1,1.147045548850E0));
#2991=CURVE_STYLE('',#48,POSITIVE_LENGTH_MEASURE(2.E-2),#41);
#2992=PRESENTATION_STYLE_ASSIGNMENT((#2991));
#2993=STYLED_ITEM('',(#2992),#2990);
#2994=DIRECTION('',(0.E0,-9.805806756909E-1,-1.961161351382E-1));
#2995=VECTOR('',#2994,8.660139477545E-2);
#2996=CARTESIAN_POINT('',(2.48E0,1.017544467966E-1,1.145350889359E0));
#2997=LINE('',#2996,#2995);
#2998=CURVE_STYLE('',#48,POSITIVE_LENGTH_MEASURE(2.E-2),#41);
#2999=PRESENTATION_STYLE_ASSIGNMENT((#2998));
#3000=STYLED_ITEM('',(#2999),#2997);
#3001=DIRECTION('',(1.E0,0.E0,0.E0));
#3002=VECTOR('',#3001,3.8E-1);
#3003=CARTESIAN_POINT('',(2.1E0,1.683479259195E-2,1.128366958518E0));
#3004=LINE('',#3003,#3002);
#3005=CURVE_STYLE('',#48,POSITIVE_LENGTH_MEASURE(2.E-2),#41);
#3006=PRESENTATION_STYLE_ASSIGNMENT((#3005));
#3007=STYLED_ITEM('',(#3006),#3004);
#3008=DIRECTION('',(1.961161351382E-1,9.805806756909E-1,1.293349160922E-14));
#3009=VECTOR('',#3008,1.716818718673E-2);
#3010=CARTESIAN_POINT('',(1.625E0,0.E0,-1.6E0));
#3011=LINE('',#3010,#3009);
#3012=CURVE_STYLE('',#48,POSITIVE_LENGTH_MEASURE(2.E-2),#41);
#3013=PRESENTATION_STYLE_ASSIGNMENT((#3012));
#3014=STYLED_ITEM('',(#3013),#3011);
#3015=DIRECTION('',(-1.E0,0.E0,0.E0));
#3016=VECTOR('',#3015,2.567339170368E-1);
#3017=CARTESIAN_POINT('',(1.628366958518E0,1.683479259195E-2,-1.6E0));
#3018=LINE('',#3017,#3016);
#3019=CURVE_STYLE('',#48,POSITIVE_LENGTH_MEASURE(2.E-2),#41);
#3020=PRESENTATION_STYLE_ASSIGNMENT((#3019));
#3021=STYLED_ITEM('',(#3020),#3018);
#3022=DIRECTION('',(1.961161351382E-1,-9.805806756909E-1,-1.293349160922E-14));
#3023=VECTOR('',#3022,1.716818718673E-2);
#3024=CARTESIAN_POINT('',(1.371633041482E0,1.683479259195E-2,-1.6E0));
#3025=LINE('',#3024,#3023);
#3026=CURVE_STYLE('',#48,POSITIVE_LENGTH_MEASURE(2.E-2),#41);
#3027=PRESENTATION_STYLE_ASSIGNMENT((#3026));
#3028=STYLED_ITEM('',(#3027),#3025);
#3029=DIRECTION('',(0.E0,0.E0,-1.E0));
#3030=VECTOR('',#3029,3.806566000080E-1);
#3031=CARTESIAN_POINT('',(1.371633041482E0,1.683479259195E-2,-1.6E0));
#3032=LINE('',#3031,#3030);
#3033=CURVE_STYLE('',#48,POSITIVE_LENGTH_MEASURE(2.E-2),#41);
#3034=PRESENTATION_STYLE_ASSIGNMENT((#3033));
#3035=STYLED_ITEM('',(#3034),#3032);
#3036=DIRECTION('',(1.961161351382E-1,-9.805806756909E-1,0.E0));
#3037=VECTOR('',#3036,8.676388564261E-2);
#3038=CARTESIAN_POINT('',(1.354617243560E0,1.019137822009E-1,
-1.980656600008E0));
#3039=LINE('',#3038,#3037);
#3040=CURVE_STYLE('',#48,POSITIVE_LENGTH_MEASURE(2.E-2),#41);
#3041=PRESENTATION_STYLE_ASSIGNMENT((#3040));
#3042=STYLED_ITEM('',(#3041),#3039);
#3043=CARTESIAN_POINT('',(1.354617243560E0,1.019137822009E-1,
-1.980656600008E0));
#3044=CARTESIAN_POINT('',(1.354273836186E0,1.036308190701E-1,
-1.987575175040E0));
#3045=CARTESIAN_POINT('',(1.353718602989E0,1.064069850565E-1,
-1.994020811438E0));
#3046=CARTESIAN_POINT('',(1.352954451150E0,1.102277442495E-1,-2.E0));
#3048=CURVE_STYLE('',#48,POSITIVE_LENGTH_MEASURE(2.E-2),#41);
#3049=PRESENTATION_STYLE_ASSIGNMENT((#3048));
#3050=STYLED_ITEM('',(#3049),#3047);
#3051=DIRECTION('',(1.961161351382E-1,9.805806756909E-1,1.293349160922E-14));
#3052=VECTOR('',#3051,1.716818718673E-2);
#3053=CARTESIAN_POINT('',(1.125E0,0.E0,-1.6E0));
#3054=LINE('',#3053,#3052);
#3055=CURVE_STYLE('',#48,POSITIVE_LENGTH_MEASURE(2.E-2),#41);
#3056=PRESENTATION_STYLE_ASSIGNMENT((#3055));
#3057=STYLED_ITEM('',(#3056),#3054);
#3058=DIRECTION('',(-1.E0,0.E0,0.E0));
#3059=VECTOR('',#3058,2.567339170368E-1);
#3060=CARTESIAN_POINT('',(1.128366958518E0,1.683479259195E-2,-1.6E0));
#3061=LINE('',#3060,#3059);
#3062=CURVE_STYLE('',#48,POSITIVE_LENGTH_MEASURE(2.E-2),#41);
#3063=PRESENTATION_STYLE_ASSIGNMENT((#3062));
#3064=STYLED_ITEM('',(#3063),#3061);
#3065=DIRECTION('',(1.961161351382E-1,-9.805806756909E-1,-1.293349160922E-14));
#3066=VECTOR('',#3065,1.716818718673E-2);
#3067=CARTESIAN_POINT('',(8.716330414816E-1,1.683479259195E-2,-1.6E0));
#3068=LINE('',#3067,#3066);
#3069=CURVE_STYLE('',#48,POSITIVE_LENGTH_MEASURE(2.E-2),#41);
#3070=PRESENTATION_STYLE_ASSIGNMENT((#3069));
#3071=STYLED_ITEM('',(#3070),#3068);
#3072=CARTESIAN_POINT('',(1.145382756440E0,1.019137822009E-1,
-1.980656600008E0));
#3073=CARTESIAN_POINT('',(1.145726163814E0,1.036308190701E-1,
-1.987575175040E0));
#3074=CARTESIAN_POINT('',(1.146281397011E0,1.064069850565E-1,
-1.994020811438E0));
#3075=CARTESIAN_POINT('',(1.147045548850E0,1.102277442495E-1,-2.E0));
#3077=CURVE_STYLE('',#48,POSITIVE_LENGTH_MEASURE(2.E-2),#41);
#3078=PRESENTATION_STYLE_ASSIGNMENT((#3077));
#3079=STYLED_ITEM('',(#3078),#3076);
#3080=DIRECTION('',(-1.961161351382E-1,-9.805806756909E-1,0.E0));
#3081=VECTOR('',#3080,8.676388564261E-2);
#3082=CARTESIAN_POINT('',(1.145382756440E0,1.019137822009E-1,
-1.980656600008E0));
#3083=LINE('',#3082,#3081);
#3084=CURVE_STYLE('',#48,POSITIVE_LENGTH_MEASURE(2.E-2),#41);
#3085=PRESENTATION_STYLE_ASSIGNMENT((#3084));
#3086=STYLED_ITEM('',(#3085),#3083);
#3087=DIRECTION('',(0.E0,0.E0,-1.E0));
#3088=VECTOR('',#3087,3.806566000080E-1);
#3089=CARTESIAN_POINT('',(1.128366958518E0,1.683479259195E-2,-1.6E0));
#3090=LINE('',#3089,#3088);
#3091=CURVE_STYLE('',#48,POSITIVE_LENGTH_MEASURE(2.E-2),#41);
#3092=PRESENTATION_STYLE_ASSIGNMENT((#3091));
#3093=STYLED_ITEM('',(#3092),#3090);
#3094=DIRECTION('',(0.E0,0.E0,-1.E0));
#3095=VECTOR('',#3094,3.806566000080E-1);
#3096=CARTESIAN_POINT('',(8.716330414816E-1,1.683479259195E-2,-1.6E0));
#3097=LINE('',#3096,#3095);
#3098=CURVE_STYLE('',#48,POSITIVE_LENGTH_MEASURE(2.E-2),#41);
#3099=PRESENTATION_STYLE_ASSIGNMENT((#3098));
#3100=STYLED_ITEM('',(#3099),#3097);
#3101=DIRECTION('',(1.961161351382E-1,-9.805806756909E-1,0.E0));
#3102=VECTOR('',#3101,8.676388564261E-2);
#3103=CARTESIAN_POINT('',(8.546172435598E-1,1.019137822009E-1,
-1.980656600008E0));
#3104=LINE('',#3103,#3102);
#3105=CURVE_STYLE('',#48,POSITIVE_LENGTH_MEASURE(2.E-2),#41);
#3106=PRESENTATION_STYLE_ASSIGNMENT((#3105));
#3107=STYLED_ITEM('',(#3106),#3104);
#3108=CARTESIAN_POINT('',(8.546172435598E-1,1.019137822009E-1,
-1.980656600008E0));
#3109=CARTESIAN_POINT('',(8.542738361860E-1,1.036308190701E-1,
-1.987575175040E0));
#3110=CARTESIAN_POINT('',(8.537186029887E-1,1.064069850565E-1,
-1.994020811438E0));
#3111=CARTESIAN_POINT('',(8.529544511501E-1,1.102277442495E-1,-2.E0));
#3113=CURVE_STYLE('',#48,POSITIVE_LENGTH_MEASURE(2.E-2),#41);
#3114=PRESENTATION_STYLE_ASSIGNMENT((#3113));
#3115=STYLED_ITEM('',(#3114),#3112);
#3116=DIRECTION('',(1.961161351382E-1,9.805806756909E-1,1.293349160922E-14));
#3117=VECTOR('',#3116,1.716818718673E-2);
#3118=CARTESIAN_POINT('',(6.25E-1,0.E0,-1.6E0));
#3119=LINE('',#3118,#3117);
#3120=CURVE_STYLE('',#48,POSITIVE_LENGTH_MEASURE(2.E-2),#41);
#3121=PRESENTATION_STYLE_ASSIGNMENT((#3120));
#3122=STYLED_ITEM('',(#3121),#3119);
#3123=DIRECTION('',(-1.E0,0.E0,0.E0));
#3124=VECTOR('',#3123,2.567339170368E-1);
#3125=CARTESIAN_POINT('',(6.283669585184E-1,1.683479259195E-2,-1.6E0));
#3126=LINE('',#3125,#3124);
#3127=CURVE_STYLE('',#48,POSITIVE_LENGTH_MEASURE(2.E-2),#41);
#3128=PRESENTATION_STYLE_ASSIGNMENT((#3127));
#3129=STYLED_ITEM('',(#3128),#3126);
#3130=DIRECTION('',(1.961161351382E-1,-9.805806756909E-1,-1.293349160922E-14));
#3131=VECTOR('',#3130,1.716818718673E-2);
#3132=CARTESIAN_POINT('',(3.716330414816E-1,1.683479259195E-2,-1.6E0));
#3133=LINE('',#3132,#3131);
#3134=CURVE_STYLE('',#48,POSITIVE_LENGTH_MEASURE(2.E-2),#41);
#3135=PRESENTATION_STYLE_ASSIGNMENT((#3134));
#3136=STYLED_ITEM('',(#3135),#3133);
#3137=CARTESIAN_POINT('',(6.453827564402E-1,1.019137822009E-1,
-1.980656600008E0));
#3138=CARTESIAN_POINT('',(6.457261638140E-1,1.036308190701E-1,
-1.987575175040E0));
#3139=CARTESIAN_POINT('',(6.462813970113E-1,1.064069850565E-1,
-1.994020811438E0));
#3140=CARTESIAN_POINT('',(6.470455488499E-1,1.102277442495E-1,-2.E0));
#3142=CURVE_STYLE('',#48,POSITIVE_LENGTH_MEASURE(2.E-2),#41);
#3143=PRESENTATION_STYLE_ASSIGNMENT((#3142));
#3144=STYLED_ITEM('',(#3143),#3141);
#3145=DIRECTION('',(-1.961161351382E-1,-9.805806756909E-1,0.E0));
#3146=VECTOR('',#3145,8.676388564261E-2);
#3147=CARTESIAN_POINT('',(6.453827564402E-1,1.019137822009E-1,
-1.980656600008E0));
#3148=LINE('',#3147,#3146);
#3149=CURVE_STYLE('',#48,POSITIVE_LENGTH_MEASURE(2.E-2),#41);
#3150=PRESENTATION_STYLE_ASSIGNMENT((#3149));
#3151=STYLED_ITEM('',(#3150),#3148);
#3152=DIRECTION('',(0.E0,0.E0,-1.E0));
#3153=VECTOR('',#3152,3.806566000080E-1);
#3154=CARTESIAN_POINT('',(6.283669585184E-1,1.683479259195E-2,-1.6E0));
#3155=LINE('',#3154,#3153);
#3156=CURVE_STYLE('',#48,POSITIVE_LENGTH_MEASURE(2.E-2),#41);
#3157=PRESENTATION_STYLE_ASSIGNMENT((#3156));
#3158=STYLED_ITEM('',(#3157),#3155);
#3159=DIRECTION('',(0.E0,0.E0,-1.E0));
#3160=VECTOR('',#3159,3.806566000080E-1);
#3161=CARTESIAN_POINT('',(3.716330414816E-1,1.683479259195E-2,-1.6E0));
#3162=LINE('',#3161,#3160);
#3163=CURVE_STYLE('',#48,POSITIVE_LENGTH_MEASURE(2.E-2),#41);
#3164=PRESENTATION_STYLE_ASSIGNMENT((#3163));
#3165=STYLED_ITEM('',(#3164),#3162);
#3166=DIRECTION('',(1.961161351382E-1,-9.805806756909E-1,0.E0));
#3167=VECTOR('',#3166,8.676388564261E-2);
#3168=CARTESIAN_POINT('',(3.546172435598E-1,1.019137822009E-1,
-1.980656600008E0));
#3169=LINE('',#3168,#3167);
#3170=CURVE_STYLE('',#48,POSITIVE_LENGTH_MEASURE(2.E-2),#41);
#3171=PRESENTATION_STYLE_ASSIGNMENT((#3170));
#3172=STYLED_ITEM('',(#3171),#3169);
#3173=CARTESIAN_POINT('',(3.546172435598E-1,1.019137822009E-1,
-1.980656600008E0));
#3174=CARTESIAN_POINT('',(3.542738361860E-1,1.036308190701E-1,
-1.987575175040E0));
#3175=CARTESIAN_POINT('',(3.537186029887E-1,1.064069850565E-1,
-1.994020811438E0));
#3176=CARTESIAN_POINT('',(3.529544511501E-1,1.102277442495E-1,-2.E0));
#3178=CURVE_STYLE('',#48,POSITIVE_LENGTH_MEASURE(2.E-2),#41);
#3179=PRESENTATION_STYLE_ASSIGNMENT((#3178));
#3180=STYLED_ITEM('',(#3179),#3177);
#3181=DIRECTION('',(1.961161351382E-1,9.805806756909E-1,1.293349160922E-14));
#3182=VECTOR('',#3181,1.716818718673E-2);
#3183=CARTESIAN_POINT('',(1.25E-1,0.E0,-1.6E0));
#3184=LINE('',#3183,#3182);
#3185=CURVE_STYLE('',#48,POSITIVE_LENGTH_MEASURE(2.E-2),#41);
#3186=PRESENTATION_STYLE_ASSIGNMENT((#3185));
#3187=STYLED_ITEM('',(#3186),#3184);
#3188=DIRECTION('',(-1.E0,0.E0,0.E0));
#3189=VECTOR('',#3188,2.567339170368E-1);
#3190=CARTESIAN_POINT('',(1.283669585184E-1,1.683479259195E-2,-1.6E0));
#3191=LINE('',#3190,#3189);
#3192=CURVE_STYLE('',#48,POSITIVE_LENGTH_MEASURE(2.E-2),#41);
#3193=PRESENTATION_STYLE_ASSIGNMENT((#3192));
#3194=STYLED_ITEM('',(#3193),#3191);
#3195=DIRECTION('',(1.961161351382E-1,-9.805806756909E-1,-1.293349160922E-14));
#3196=VECTOR('',#3195,1.716818718673E-2);
#3197=CARTESIAN_POINT('',(-1.283669585184E-1,1.683479259195E-2,-1.6E0));
#3198=LINE('',#3197,#3196);
#3199=CURVE_STYLE('',#48,POSITIVE_LENGTH_MEASURE(2.E-2),#41);
#3200=PRESENTATION_STYLE_ASSIGNMENT((#3199));
#3201=STYLED_ITEM('',(#3200),#3198);
#3202=CARTESIAN_POINT('',(1.453827564402E-1,1.019137822009E-1,
-1.980656600008E0));
#3203=CARTESIAN_POINT('',(1.457261638140E-1,1.036308190701E-1,
-1.987575175040E0));
#3204=CARTESIAN_POINT('',(1.462813970113E-1,1.064069850565E-1,
-1.994020811438E0));
#3205=CARTESIAN_POINT('',(1.470455488499E-1,1.102277442495E-1,-2.E0));
#3207=CURVE_STYLE('',#48,POSITIVE_LENGTH_MEASURE(2.E-2),#41);
#3208=PRESENTATION_STYLE_ASSIGNMENT((#3207));
#3209=STYLED_ITEM('',(#3208),#3206);
#3210=DIRECTION('',(-1.961161351382E-1,-9.805806756909E-1,0.E0));
#3211=VECTOR('',#3210,8.676388564261E-2);
#3212=CARTESIAN_POINT('',(1.453827564402E-1,1.019137822009E-1,
-1.980656600008E0));
#3213=LINE('',#3212,#3211);
#3214=CURVE_STYLE('',#48,POSITIVE_LENGTH_MEASURE(2.E-2),#41);
#3215=PRESENTATION_STYLE_ASSIGNMENT((#3214));
#3216=STYLED_ITEM('',(#3215),#3213);
#3217=DIRECTION('',(0.E0,0.E0,-1.E0));
#3218=VECTOR('',#3217,3.806566000080E-1);
#3219=CARTESIAN_POINT('',(1.283669585184E-1,1.683479259195E-2,-1.6E0));
#3220=LINE('',#3219,#3218);
#3221=CURVE_STYLE('',#48,POSITIVE_LENGTH_MEASURE(2.E-2),#41);
#3222=PRESENTATION_STYLE_ASSIGNMENT((#3221));
#3223=STYLED_ITEM('',(#3222),#3220);
#3224=DIRECTION('',(0.E0,0.E0,-1.E0));
#3225=VECTOR('',#3224,3.806566000080E-1);
#3226=CARTESIAN_POINT('',(-1.283669585184E-1,1.683479259195E-2,-1.6E0));
#3227=LINE('',#3226,#3225);
#3228=CURVE_STYLE('',#48,POSITIVE_LENGTH_MEASURE(2.E-2),#41);
#3229=PRESENTATION_STYLE_ASSIGNMENT((#3228));
#3230=STYLED_ITEM('',(#3229),#3227);
#3231=DIRECTION('',(1.961161351382E-1,-9.805806756909E-1,0.E0));
#3232=VECTOR('',#3231,8.676388564261E-2);
#3233=CARTESIAN_POINT('',(-1.453827564402E-1,1.019137822009E-1,
-1.980656600008E0));
#3234=LINE('',#3233,#3232);
#3235=CURVE_STYLE('',#48,POSITIVE_LENGTH_MEASURE(2.E-2),#41);
#3236=PRESENTATION_STYLE_ASSIGNMENT((#3235));
#3237=STYLED_ITEM('',(#3236),#3234);
#3238=CARTESIAN_POINT('',(-1.453827564402E-1,1.019137822009E-1,
-1.980656600008E0));
#3239=CARTESIAN_POINT('',(-1.457261638140E-1,1.036308190701E-1,
-1.987575175040E0));
#3240=CARTESIAN_POINT('',(-1.462813970113E-1,1.064069850565E-1,
-1.994020811438E0));
#3241=CARTESIAN_POINT('',(-1.470455488499E-1,1.102277442495E-1,-2.E0));
#3243=CURVE_STYLE('',#48,POSITIVE_LENGTH_MEASURE(2.E-2),#41);
#3244=PRESENTATION_STYLE_ASSIGNMENT((#3243));
#3245=STYLED_ITEM('',(#3244),#3242);
#3246=DIRECTION('',(1.961161351382E-1,9.805806756909E-1,1.293349160922E-14));
#3247=VECTOR('',#3246,1.716818718673E-2);
#3248=CARTESIAN_POINT('',(-3.75E-1,0.E0,-1.6E0));
#3249=LINE('',#3248,#3247);
#3250=CURVE_STYLE('',#48,POSITIVE_LENGTH_MEASURE(2.E-2),#41);
#3251=PRESENTATION_STYLE_ASSIGNMENT((#3250));
#3252=STYLED_ITEM('',(#3251),#3249);
#3253=DIRECTION('',(-1.E0,0.E0,0.E0));
#3254=VECTOR('',#3253,2.567339170368E-1);
#3255=CARTESIAN_POINT('',(-3.716330414816E-1,1.683479259195E-2,-1.6E0));
#3256=LINE('',#3255,#3254);
#3257=CURVE_STYLE('',#48,POSITIVE_LENGTH_MEASURE(2.E-2),#41);
#3258=PRESENTATION_STYLE_ASSIGNMENT((#3257));
#3259=STYLED_ITEM('',(#3258),#3256);
#3260=DIRECTION('',(1.961161351382E-1,-9.805806756909E-1,-1.293349160922E-14));
#3261=VECTOR('',#3260,1.716818718673E-2);
#3262=CARTESIAN_POINT('',(-6.283669585184E-1,1.683479259195E-2,-1.6E0));
#3263=LINE('',#3262,#3261);
#3264=CURVE_STYLE('',#48,POSITIVE_LENGTH_MEASURE(2.E-2),#41);
#3265=PRESENTATION_STYLE_ASSIGNMENT((#3264));
#3266=STYLED_ITEM('',(#3265),#3263);
#3267=CARTESIAN_POINT('',(-3.546172435598E-1,1.019137822009E-1,
-1.980656600008E0));
#3268=CARTESIAN_POINT('',(-3.542738361860E-1,1.036308190701E-1,
-1.987575175040E0));
#3269=CARTESIAN_POINT('',(-3.537186029887E-1,1.064069850565E-1,
-1.994020811438E0));
#3270=CARTESIAN_POINT('',(-3.529544511501E-1,1.102277442495E-1,-2.E0));
#3272=CURVE_STYLE('',#48,POSITIVE_LENGTH_MEASURE(2.E-2),#41);
#3273=PRESENTATION_STYLE_ASSIGNMENT((#3272));
#3274=STYLED_ITEM('',(#3273),#3271);
#3275=DIRECTION('',(-1.961161351382E-1,-9.805806756909E-1,0.E0));
#3276=VECTOR('',#3275,8.676388564261E-2);
#3277=CARTESIAN_POINT('',(-3.546172435598E-1,1.019137822009E-1,
-1.980656600008E0));
#3278=LINE('',#3277,#3276);
#3279=CURVE_STYLE('',#48,POSITIVE_LENGTH_MEASURE(2.E-2),#41);
#3280=PRESENTATION_STYLE_ASSIGNMENT((#3279));
#3281=STYLED_ITEM('',(#3280),#3278);
#3282=DIRECTION('',(0.E0,0.E0,-1.E0));
#3283=VECTOR('',#3282,3.806566000080E-1);
#3284=CARTESIAN_POINT('',(-3.716330414816E-1,1.683479259195E-2,-1.6E0));
#3285=LINE('',#3284,#3283);
#3286=CURVE_STYLE('',#48,POSITIVE_LENGTH_MEASURE(2.E-2),#41);
#3287=PRESENTATION_STYLE_ASSIGNMENT((#3286));
#3288=STYLED_ITEM('',(#3287),#3285);
#3289=DIRECTION('',(0.E0,0.E0,-1.E0));
#3290=VECTOR('',#3289,3.806566000080E-1);
#3291=CARTESIAN_POINT('',(-6.283669585184E-1,1.683479259195E-2,-1.6E0));
#3292=LINE('',#3291,#3290);
#3293=CURVE_STYLE('',#48,POSITIVE_LENGTH_MEASURE(2.E-2),#41);
#3294=PRESENTATION_STYLE_ASSIGNMENT((#3293));
#3295=STYLED_ITEM('',(#3294),#3292);
#3296=DIRECTION('',(1.961161351382E-1,-9.805806756909E-1,0.E0));
#3297=VECTOR('',#3296,8.676388564261E-2);
#3298=CARTESIAN_POINT('',(-6.453827564402E-1,1.019137822009E-1,
-1.980656600008E0));
#3299=LINE('',#3298,#3297);
#3300=CURVE_STYLE('',#48,POSITIVE_LENGTH_MEASURE(2.E-2),#41);
#3301=PRESENTATION_STYLE_ASSIGNMENT((#3300));
#3302=STYLED_ITEM('',(#3301),#3299);
#3303=CARTESIAN_POINT('',(-6.453827564402E-1,1.019137822009E-1,
-1.980656600008E0));
#3304=CARTESIAN_POINT('',(-6.457261638140E-1,1.036308190701E-1,
-1.987575175040E0));
#3305=CARTESIAN_POINT('',(-6.462813970113E-1,1.064069850565E-1,
-1.994020811438E0));
#3306=CARTESIAN_POINT('',(-6.470455488499E-1,1.102277442495E-1,-2.E0));
#3308=CURVE_STYLE('',#48,POSITIVE_LENGTH_MEASURE(2.E-2),#41);
#3309=PRESENTATION_STYLE_ASSIGNMENT((#3308));
#3310=STYLED_ITEM('',(#3309),#3307);
#3311=DIRECTION('',(1.961161351382E-1,9.805806756909E-1,1.293349160922E-14));
#3312=VECTOR('',#3311,1.716818718673E-2);
#3313=CARTESIAN_POINT('',(-8.75E-1,0.E0,-1.6E0));
#3314=LINE('',#3313,#3312);
#3315=CURVE_STYLE('',#48,POSITIVE_LENGTH_MEASURE(2.E-2),#41);
#3316=PRESENTATION_STYLE_ASSIGNMENT((#3315));
#3317=STYLED_ITEM('',(#3316),#3314);
#3318=DIRECTION('',(-1.E0,0.E0,0.E0));
#3319=VECTOR('',#3318,2.567339170368E-1);
#3320=CARTESIAN_POINT('',(-8.716330414816E-1,1.683479259195E-2,-1.6E0));
#3321=LINE('',#3320,#3319);
#3322=CURVE_STYLE('',#48,POSITIVE_LENGTH_MEASURE(2.E-2),#41);
#3323=PRESENTATION_STYLE_ASSIGNMENT((#3322));
#3324=STYLED_ITEM('',(#3323),#3321);
#3325=DIRECTION('',(1.961161351382E-1,-9.805806756909E-1,-1.293349160922E-14));
#3326=VECTOR('',#3325,1.716818718673E-2);
#3327=CARTESIAN_POINT('',(-1.128366958518E0,1.683479259195E-2,-1.6E0));
#3328=LINE('',#3327,#3326);
#3329=CURVE_STYLE('',#48,POSITIVE_LENGTH_MEASURE(2.E-2),#41);
#3330=PRESENTATION_STYLE_ASSIGNMENT((#3329));
#3331=STYLED_ITEM('',(#3330),#3328);
#3332=CARTESIAN_POINT('',(-8.546172435598E-1,1.019137822009E-1,
-1.980656600008E0));
#3333=CARTESIAN_POINT('',(-8.542738361860E-1,1.036308190701E-1,
-1.987575175040E0));
#3334=CARTESIAN_POINT('',(-8.537186029887E-1,1.064069850565E-1,
-1.994020811438E0));
#3335=CARTESIAN_POINT('',(-8.529544511501E-1,1.102277442495E-1,-2.E0));
#3337=CURVE_STYLE('',#48,POSITIVE_LENGTH_MEASURE(2.E-2),#41);
#3338=PRESENTATION_STYLE_ASSIGNMENT((#3337));
#3339=STYLED_ITEM('',(#3338),#3336);
#3340=DIRECTION('',(-1.961161351382E-1,-9.805806756909E-1,0.E0));
#3341=VECTOR('',#3340,8.676388564261E-2);
#3342=CARTESIAN_POINT('',(-8.546172435598E-1,1.019137822009E-1,
-1.980656600008E0));
#3343=LINE('',#3342,#3341);
#3344=CURVE_STYLE('',#48,POSITIVE_LENGTH_MEASURE(2.E-2),#41);
#3345=PRESENTATION_STYLE_ASSIGNMENT((#3344));
#3346=STYLED_ITEM('',(#3345),#3343);
#3347=DIRECTION('',(0.E0,0.E0,-1.E0));
#3348=VECTOR('',#3347,3.806566000080E-1);
#3349=CARTESIAN_POINT('',(-8.716330414816E-1,1.683479259195E-2,-1.6E0));
#3350=LINE('',#3349,#3348);
#3351=CURVE_STYLE('',#48,POSITIVE_LENGTH_MEASURE(2.E-2),#41);
#3352=PRESENTATION_STYLE_ASSIGNMENT((#3351));
#3353=STYLED_ITEM('',(#3352),#3350);
#3354=DIRECTION('',(0.E0,0.E0,-1.E0));
#3355=VECTOR('',#3354,3.806566000080E-1);
#3356=CARTESIAN_POINT('',(-1.128366958518E0,1.683479259195E-2,-1.6E0));
#3357=LINE('',#3356,#3355);
#3358=CURVE_STYLE('',#48,POSITIVE_LENGTH_MEASURE(2.E-2),#41);
#3359=PRESENTATION_STYLE_ASSIGNMENT((#3358));
#3360=STYLED_ITEM('',(#3359),#3357);
#3361=DIRECTION('',(1.961161351382E-1,-9.805806756909E-1,0.E0));
#3362=VECTOR('',#3361,8.676388564261E-2);
#3363=CARTESIAN_POINT('',(-1.145382756440E0,1.019137822009E-1,
-1.980656600008E0));
#3364=LINE('',#3363,#3362);
#3365=CURVE_STYLE('',#48,POSITIVE_LENGTH_MEASURE(2.E-2),#41);
#3366=PRESENTATION_STYLE_ASSIGNMENT((#3365));
#3367=STYLED_ITEM('',(#3366),#3364);
#3368=CARTESIAN_POINT('',(-1.145382756440E0,1.019137822009E-1,
-1.980656600008E0));
#3369=CARTESIAN_POINT('',(-1.145726163814E0,1.036308190701E-1,
-1.987575175040E0));
#3370=CARTESIAN_POINT('',(-1.146281397011E0,1.064069850565E-1,
-1.994020811438E0));
#3371=CARTESIAN_POINT('',(-1.147045548850E0,1.102277442495E-1,-2.E0));
#3373=CURVE_STYLE('',#48,POSITIVE_LENGTH_MEASURE(2.E-2),#41);
#3374=PRESENTATION_STYLE_ASSIGNMENT((#3373));
#3375=STYLED_ITEM('',(#3374),#3372);
#3376=DIRECTION('',(1.961161351382E-1,-9.805806756909E-1,0.E0));
#3377=VECTOR('',#3376,1.716818718673E-2);
#3378=CARTESIAN_POINT('',(1.371633041482E0,1.683479259195E-2,1.6E0));
#3379=LINE('',#3378,#3377);
#3380=CURVE_STYLE('',#48,POSITIVE_LENGTH_MEASURE(2.E-2),#41);
#3381=PRESENTATION_STYLE_ASSIGNMENT((#3380));
#3382=STYLED_ITEM('',(#3381),#3379);
#3383=DIRECTION('',(-1.E0,0.E0,0.E0));
#3384=VECTOR('',#3383,2.567339170368E-1);
#3385=CARTESIAN_POINT('',(1.628366958518E0,1.683479259195E-2,1.6E0));
#3386=LINE('',#3385,#3384);
#3387=CURVE_STYLE('',#48,POSITIVE_LENGTH_MEASURE(2.E-2),#41);
#3388=PRESENTATION_STYLE_ASSIGNMENT((#3387));
#3389=STYLED_ITEM('',(#3388),#3386);
#3390=DIRECTION('',(1.961161351382E-1,9.805806756909E-1,0.E0));
#3391=VECTOR('',#3390,1.716818718673E-2);
#3392=CARTESIAN_POINT('',(1.625E0,0.E0,1.6E0));
#3393=LINE('',#3392,#3391);
#3394=CURVE_STYLE('',#48,POSITIVE_LENGTH_MEASURE(2.E-2),#41);
#3395=PRESENTATION_STYLE_ASSIGNMENT((#3394));
#3396=STYLED_ITEM('',(#3395),#3393);
#3397=CARTESIAN_POINT('',(1.354625859211E0,1.018707039459E-1,1.980481988881E0));
#3398=CARTESIAN_POINT('',(1.354283337157E0,1.035833142152E-1,1.987465321678E0));
#3399=CARTESIAN_POINT('',(1.353725209323E0,1.063739533855E-1,1.993969119463E0));
#3400=CARTESIAN_POINT('',(1.352954451150E0,1.102277442495E-1,2.E0));
#3402=CURVE_STYLE('',#48,POSITIVE_LENGTH_MEASURE(2.E-2),#41);
#3403=PRESENTATION_STYLE_ASSIGNMENT((#3402));
#3404=STYLED_ITEM('',(#3403),#3401);
#3405=DIRECTION('',(1.961161351382E-1,-9.805806756909E-1,0.E0));
#3406=VECTOR('',#3405,8.671995427002E-2);
#3407=CARTESIAN_POINT('',(1.354625859211E0,1.018707039459E-1,1.980481988881E0));
#3408=LINE('',#3407,#3406);
#3409=CURVE_STYLE('',#48,POSITIVE_LENGTH_MEASURE(2.E-2),#41);
#3410=PRESENTATION_STYLE_ASSIGNMENT((#3409));
#3411=STYLED_ITEM('',(#3410),#3408);
#3412=DIRECTION('',(0.E0,0.E0,1.E0));
#3413=VECTOR('',#3412,3.804819888812E-1);
#3414=CARTESIAN_POINT('',(1.371633041482E0,1.683479259195E-2,1.6E0));
#3415=LINE('',#3414,#3413);
#3416=CURVE_STYLE('',#48,POSITIVE_LENGTH_MEASURE(2.E-2),#41);
#3417=PRESENTATION_STYLE_ASSIGNMENT((#3416));
#3418=STYLED_ITEM('',(#3417),#3415);
#3419=DIRECTION('',(-1.E0,0.E0,0.E0));
#3420=VECTOR('',#3419,2.907482815784E-1);
#3421=CARTESIAN_POINT('',(1.645374140789E0,1.018707039459E-1,1.980481988881E0));
#3422=LINE('',#3421,#3420);
#3423=CURVE_STYLE('',#48,POSITIVE_LENGTH_MEASURE(2.E-2),#41);
#3424=PRESENTATION_STYLE_ASSIGNMENT((#3423));
#3425=STYLED_ITEM('',(#3424),#3422);
#3426=DIRECTION('',(-1.E0,0.E0,0.E0));
#3427=VECTOR('',#3426,2.907482815784E-1);
#3428=CARTESIAN_POINT('',(1.145374140789E0,1.018707039459E-1,1.980481988881E0));
#3429=LINE('',#3428,#3427);
#3430=CURVE_STYLE('',#48,POSITIVE_LENGTH_MEASURE(2.E-2),#41);
#3431=PRESENTATION_STYLE_ASSIGNMENT((#3430));
#3432=STYLED_ITEM('',(#3431),#3429);
#3433=DIRECTION('',(-1.E0,0.E0,0.E0));
#3434=VECTOR('',#3433,2.907482815784E-1);
#3435=CARTESIAN_POINT('',(6.453741407892E-1,1.018707039459E-1,
1.980481988881E0));
#3436=LINE('',#3435,#3434);
#3437=CURVE_STYLE('',#48,POSITIVE_LENGTH_MEASURE(2.E-2),#41);
#3438=PRESENTATION_STYLE_ASSIGNMENT((#3437));
#3439=STYLED_ITEM('',(#3438),#3436);
#3440=DIRECTION('',(-1.E0,0.E0,0.E0));
#3441=VECTOR('',#3440,2.907482815784E-1);
#3442=CARTESIAN_POINT('',(1.453741407892E-1,1.018707039459E-1,
1.980481988881E0));
#3443=LINE('',#3442,#3441);
#3444=CURVE_STYLE('',#48,POSITIVE_LENGTH_MEASURE(2.E-2),#41);
#3445=PRESENTATION_STYLE_ASSIGNMENT((#3444));
#3446=STYLED_ITEM('',(#3445),#3443);
#3447=DIRECTION('',(-1.E0,0.E0,0.E0));
#3448=VECTOR('',#3447,2.907482815784E-1);
#3449=CARTESIAN_POINT('',(-3.546258592108E-1,1.018707039459E-1,
1.980481988881E0));
#3450=LINE('',#3449,#3448);
#3451=CURVE_STYLE('',#48,POSITIVE_LENGTH_MEASURE(2.E-2),#41);
#3452=PRESENTATION_STYLE_ASSIGNMENT((#3451));
#3453=STYLED_ITEM('',(#3452),#3450);
#3454=DIRECTION('',(-1.E0,0.E0,0.E0));
#3455=VECTOR('',#3454,2.907482815784E-1);
#3456=CARTESIAN_POINT('',(-8.546258592108E-1,1.018707039459E-1,
1.980481988881E0));
#3457=LINE('',#3456,#3455);
#3458=CURVE_STYLE('',#48,POSITIVE_LENGTH_MEASURE(2.E-2),#41);
#3459=PRESENTATION_STYLE_ASSIGNMENT((#3458));
#3460=STYLED_ITEM('',(#3459),#3457);
#3461=DIRECTION('',(-1.E0,0.E0,0.E0));
#3462=VECTOR('',#3461,2.907482815784E-1);
#3463=CARTESIAN_POINT('',(-1.354625859211E0,1.018707039459E-1,
1.980481988881E0));
#3464=LINE('',#3463,#3462);
#3465=CURVE_STYLE('',#48,POSITIVE_LENGTH_MEASURE(2.E-2),#41);
#3466=PRESENTATION_STYLE_ASSIGNMENT((#3465));
#3467=STYLED_ITEM('',(#3466),#3464);
#3468=DIRECTION('',(0.E0,0.E0,1.E0));
#3469=VECTOR('',#3468,3.804819888812E-1);
#3470=CARTESIAN_POINT('',(1.628366958518E0,1.683479259195E-2,1.6E0));
#3471=LINE('',#3470,#3469);
#3472=CURVE_STYLE('',#48,POSITIVE_LENGTH_MEASURE(2.E-2),#41);
#3473=PRESENTATION_STYLE_ASSIGNMENT((#3472));
#3474=STYLED_ITEM('',(#3473),#3471);
#3475=DIRECTION('',(-1.961161351382E-1,-9.805806756909E-1,0.E0));
#3476=VECTOR('',#3475,8.671995427002E-2);
#3477=CARTESIAN_POINT('',(1.645374140789E0,1.018707039459E-1,1.980481988881E0));
#3478=LINE('',#3477,#3476);
#3479=CURVE_STYLE('',#48,POSITIVE_LENGTH_MEASURE(2.E-2),#41);
#3480=PRESENTATION_STYLE_ASSIGNMENT((#3479));
#3481=STYLED_ITEM('',(#3480),#3478);
#3482=CARTESIAN_POINT('',(1.645374140789E0,1.018707039459E-1,1.980481988881E0));
#3483=CARTESIAN_POINT('',(1.645716662843E0,1.035833142152E-1,1.987465321678E0));
#3484=CARTESIAN_POINT('',(1.646274790677E0,1.063739533855E-1,1.993969119463E0));
#3485=CARTESIAN_POINT('',(1.647045548850E0,1.102277442495E-1,2.E0));
#3487=CURVE_STYLE('',#48,POSITIVE_LENGTH_MEASURE(2.E-2),#41);
#3488=PRESENTATION_STYLE_ASSIGNMENT((#3487));
#3489=STYLED_ITEM('',(#3488),#3486);
#3490=DIRECTION('',(0.E0,0.E0,1.E0));
#3491=VECTOR('',#3490,3.804819888812E-1);
#3492=CARTESIAN_POINT('',(1.128366958518E0,1.683479259195E-2,1.6E0));
#3493=LINE('',#3492,#3491);
#3494=CURVE_STYLE('',#48,POSITIVE_LENGTH_MEASURE(2.E-2),#41);
#3495=PRESENTATION_STYLE_ASSIGNMENT((#3494));
#3496=STYLED_ITEM('',(#3495),#3493);
#3497=DIRECTION('',(-1.961161351382E-1,-9.805806756909E-1,0.E0));
#3498=VECTOR('',#3497,8.671995427002E-2);
#3499=CARTESIAN_POINT('',(1.145374140789E0,1.018707039459E-1,1.980481988881E0));
#3500=LINE('',#3499,#3498);
#3501=CURVE_STYLE('',#48,POSITIVE_LENGTH_MEASURE(2.E-2),#41);
#3502=PRESENTATION_STYLE_ASSIGNMENT((#3501));
#3503=STYLED_ITEM('',(#3502),#3500);
#3504=CARTESIAN_POINT('',(1.145374140789E0,1.018707039459E-1,1.980481988881E0));
#3505=CARTESIAN_POINT('',(1.145716662843E0,1.035833142152E-1,1.987465321678E0));
#3506=CARTESIAN_POINT('',(1.146274790677E0,1.063739533855E-1,1.993969119463E0));
#3507=CARTESIAN_POINT('',(1.147045548850E0,1.102277442495E-1,2.E0));
#3509=CURVE_STYLE('',#48,POSITIVE_LENGTH_MEASURE(2.E-2),#41);
#3510=PRESENTATION_STYLE_ASSIGNMENT((#3509));
#3511=STYLED_ITEM('',(#3510),#3508);
#3512=DIRECTION('',(1.961161351382E-1,-9.805806756909E-1,0.E0));
#3513=VECTOR('',#3512,1.716818718673E-2);
#3514=CARTESIAN_POINT('',(8.716330414816E-1,1.683479259195E-2,1.6E0));
#3515=LINE('',#3514,#3513);
#3516=CURVE_STYLE('',#48,POSITIVE_LENGTH_MEASURE(2.E-2),#41);
#3517=PRESENTATION_STYLE_ASSIGNMENT((#3516));
#3518=STYLED_ITEM('',(#3517),#3515);
#3519=DIRECTION('',(-1.E0,0.E0,0.E0));
#3520=VECTOR('',#3519,2.567339170368E-1);
#3521=CARTESIAN_POINT('',(1.128366958518E0,1.683479259195E-2,1.6E0));
#3522=LINE('',#3521,#3520);
#3523=CURVE_STYLE('',#48,POSITIVE_LENGTH_MEASURE(2.E-2),#41);
#3524=PRESENTATION_STYLE_ASSIGNMENT((#3523));
#3525=STYLED_ITEM('',(#3524),#3522);
#3526=DIRECTION('',(1.961161351382E-1,9.805806756909E-1,0.E0));
#3527=VECTOR('',#3526,1.716818718673E-2);
#3528=CARTESIAN_POINT('',(1.125E0,0.E0,1.6E0));
#3529=LINE('',#3528,#3527);
#3530=CURVE_STYLE('',#48,POSITIVE_LENGTH_MEASURE(2.E-2),#41);
#3531=PRESENTATION_STYLE_ASSIGNMENT((#3530));
#3532=STYLED_ITEM('',(#3531),#3529);
#3533=CARTESIAN_POINT('',(8.546258592108E-1,1.018707039459E-1,
1.980481988881E0));
#3534=CARTESIAN_POINT('',(8.542833371570E-1,1.035833142152E-1,
1.987465321678E0));
#3535=CARTESIAN_POINT('',(8.537252093229E-1,1.063739533855E-1,
1.993969119463E0));
#3536=CARTESIAN_POINT('',(8.529544511501E-1,1.102277442495E-1,2.E0));
#3538=CURVE_STYLE('',#48,POSITIVE_LENGTH_MEASURE(2.E-2),#41);
#3539=PRESENTATION_STYLE_ASSIGNMENT((#3538));
#3540=STYLED_ITEM('',(#3539),#3537);
#3541=DIRECTION('',(1.961161351382E-1,-9.805806756909E-1,0.E0));
#3542=VECTOR('',#3541,8.671995427002E-2);
#3543=CARTESIAN_POINT('',(8.546258592108E-1,1.018707039459E-1,
1.980481988881E0));
#3544=LINE('',#3543,#3542);
#3545=CURVE_STYLE('',#48,POSITIVE_LENGTH_MEASURE(2.E-2),#41);
#3546=PRESENTATION_STYLE_ASSIGNMENT((#3545));
#3547=STYLED_ITEM('',(#3546),#3544);
#3548=DIRECTION('',(0.E0,0.E0,1.E0));
#3549=VECTOR('',#3548,3.804819888812E-1);
#3550=CARTESIAN_POINT('',(8.716330414816E-1,1.683479259195E-2,1.6E0));
#3551=LINE('',#3550,#3549);
#3552=CURVE_STYLE('',#48,POSITIVE_LENGTH_MEASURE(2.E-2),#41);
#3553=PRESENTATION_STYLE_ASSIGNMENT((#3552));
#3554=STYLED_ITEM('',(#3553),#3551);
#3555=DIRECTION('',(0.E0,0.E0,1.E0));
#3556=VECTOR('',#3555,3.804819888812E-1);
#3557=CARTESIAN_POINT('',(6.283669585184E-1,1.683479259195E-2,1.6E0));
#3558=LINE('',#3557,#3556);
#3559=CURVE_STYLE('',#48,POSITIVE_LENGTH_MEASURE(2.E-2),#41);
#3560=PRESENTATION_STYLE_ASSIGNMENT((#3559));
#3561=STYLED_ITEM('',(#3560),#3558);
#3562=DIRECTION('',(-1.961161351382E-1,-9.805806756909E-1,0.E0));
#3563=VECTOR('',#3562,8.671995427002E-2);
#3564=CARTESIAN_POINT('',(6.453741407892E-1,1.018707039459E-1,
1.980481988881E0));
#3565=LINE('',#3564,#3563);
#3566=CURVE_STYLE('',#48,POSITIVE_LENGTH_MEASURE(2.E-2),#41);
#3567=PRESENTATION_STYLE_ASSIGNMENT((#3566));
#3568=STYLED_ITEM('',(#3567),#3565);
#3569=CARTESIAN_POINT('',(6.453741407892E-1,1.018707039459E-1,
1.980481988881E0));
#3570=CARTESIAN_POINT('',(6.457166628430E-1,1.035833142152E-1,
1.987465321678E0));
#3571=CARTESIAN_POINT('',(6.462747906771E-1,1.063739533855E-1,
1.993969119463E0));
#3572=CARTESIAN_POINT('',(6.470455488499E-1,1.102277442495E-1,2.E0));
#3574=CURVE_STYLE('',#48,POSITIVE_LENGTH_MEASURE(2.E-2),#41);
#3575=PRESENTATION_STYLE_ASSIGNMENT((#3574));
#3576=STYLED_ITEM('',(#3575),#3573);
#3577=DIRECTION('',(1.961161351382E-1,-9.805806756909E-1,0.E0));
#3578=VECTOR('',#3577,1.716818718673E-2);
#3579=CARTESIAN_POINT('',(3.716330414816E-1,1.683479259195E-2,1.6E0));
#3580=LINE('',#3579,#3578);
#3581=CURVE_STYLE('',#48,POSITIVE_LENGTH_MEASURE(2.E-2),#41);
#3582=PRESENTATION_STYLE_ASSIGNMENT((#3581));
#3583=STYLED_ITEM('',(#3582),#3580);
#3584=DIRECTION('',(-1.E0,0.E0,0.E0));
#3585=VECTOR('',#3584,2.567339170368E-1);
#3586=CARTESIAN_POINT('',(6.283669585184E-1,1.683479259195E-2,1.6E0));
#3587=LINE('',#3586,#3585);
#3588=CURVE_STYLE('',#48,POSITIVE_LENGTH_MEASURE(2.E-2),#41);
#3589=PRESENTATION_STYLE_ASSIGNMENT((#3588));
#3590=STYLED_ITEM('',(#3589),#3587);
#3591=DIRECTION('',(1.961161351382E-1,9.805806756909E-1,0.E0));
#3592=VECTOR('',#3591,1.716818718673E-2);
#3593=CARTESIAN_POINT('',(6.25E-1,0.E0,1.6E0));
#3594=LINE('',#3593,#3592);
#3595=CURVE_STYLE('',#48,POSITIVE_LENGTH_MEASURE(2.E-2),#41);
#3596=PRESENTATION_STYLE_ASSIGNMENT((#3595));
#3597=STYLED_ITEM('',(#3596),#3594);
#3598=CARTESIAN_POINT('',(3.546258592108E-1,1.018707039459E-1,
1.980481988881E0));
#3599=CARTESIAN_POINT('',(3.542833371570E-1,1.035833142152E-1,
1.987465321678E0));
#3600=CARTESIAN_POINT('',(3.537252093229E-1,1.063739533855E-1,
1.993969119463E0));
#3601=CARTESIAN_POINT('',(3.529544511501E-1,1.102277442495E-1,2.E0));
#3603=CURVE_STYLE('',#48,POSITIVE_LENGTH_MEASURE(2.E-2),#41);
#3604=PRESENTATION_STYLE_ASSIGNMENT((#3603));
#3605=STYLED_ITEM('',(#3604),#3602);
#3606=DIRECTION('',(1.961161351382E-1,-9.805806756909E-1,0.E0));
#3607=VECTOR('',#3606,8.671995427002E-2);
#3608=CARTESIAN_POINT('',(3.546258592108E-1,1.018707039459E-1,
1.980481988881E0));
#3609=LINE('',#3608,#3607);
#3610=CURVE_STYLE('',#48,POSITIVE_LENGTH_MEASURE(2.E-2),#41);
#3611=PRESENTATION_STYLE_ASSIGNMENT((#3610));
#3612=STYLED_ITEM('',(#3611),#3609);
#3613=DIRECTION('',(0.E0,0.E0,1.E0));
#3614=VECTOR('',#3613,3.804819888812E-1);
#3615=CARTESIAN_POINT('',(3.716330414816E-1,1.683479259195E-2,1.6E0));
#3616=LINE('',#3615,#3614);
#3617=CURVE_STYLE('',#48,POSITIVE_LENGTH_MEASURE(2.E-2),#41);
#3618=PRESENTATION_STYLE_ASSIGNMENT((#3617));
#3619=STYLED_ITEM('',(#3618),#3616);
#3620=DIRECTION('',(0.E0,0.E0,1.E0));
#3621=VECTOR('',#3620,3.804819888812E-1);
#3622=CARTESIAN_POINT('',(1.283669585184E-1,1.683479259195E-2,1.6E0));
#3623=LINE('',#3622,#3621);
#3624=CURVE_STYLE('',#48,POSITIVE_LENGTH_MEASURE(2.E-2),#41);
#3625=PRESENTATION_STYLE_ASSIGNMENT((#3624));
#3626=STYLED_ITEM('',(#3625),#3623);
#3627=DIRECTION('',(-1.961161351382E-1,-9.805806756909E-1,0.E0));
#3628=VECTOR('',#3627,8.671995427002E-2);
#3629=CARTESIAN_POINT('',(1.453741407892E-1,1.018707039459E-1,
1.980481988881E0));
#3630=LINE('',#3629,#3628);
#3631=CURVE_STYLE('',#48,POSITIVE_LENGTH_MEASURE(2.E-2),#41);
#3632=PRESENTATION_STYLE_ASSIGNMENT((#3631));
#3633=STYLED_ITEM('',(#3632),#3630);
#3634=CARTESIAN_POINT('',(1.453741407892E-1,1.018707039459E-1,
1.980481988881E0));
#3635=CARTESIAN_POINT('',(1.457166628430E-1,1.035833142152E-1,
1.987465321678E0));
#3636=CARTESIAN_POINT('',(1.462747906771E-1,1.063739533855E-1,
1.993969119463E0));
#3637=CARTESIAN_POINT('',(1.470455488499E-1,1.102277442495E-1,2.E0));
#3639=CURVE_STYLE('',#48,POSITIVE_LENGTH_MEASURE(2.E-2),#41);
#3640=PRESENTATION_STYLE_ASSIGNMENT((#3639));
#3641=STYLED_ITEM('',(#3640),#3638);
#3642=DIRECTION('',(1.961161351382E-1,-9.805806756909E-1,0.E0));
#3643=VECTOR('',#3642,1.716818718673E-2);
#3644=CARTESIAN_POINT('',(-1.283669585184E-1,1.683479259195E-2,1.6E0));
#3645=LINE('',#3644,#3643);
#3646=CURVE_STYLE('',#48,POSITIVE_LENGTH_MEASURE(2.E-2),#41);
#3647=PRESENTATION_STYLE_ASSIGNMENT((#3646));
#3648=STYLED_ITEM('',(#3647),#3645);
#3649=DIRECTION('',(-1.E0,0.E0,0.E0));
#3650=VECTOR('',#3649,2.567339170368E-1);
#3651=CARTESIAN_POINT('',(1.283669585184E-1,1.683479259195E-2,1.6E0));
#3652=LINE('',#3651,#3650);
#3653=CURVE_STYLE('',#48,POSITIVE_LENGTH_MEASURE(2.E-2),#41);
#3654=PRESENTATION_STYLE_ASSIGNMENT((#3653));
#3655=STYLED_ITEM('',(#3654),#3652);
#3656=DIRECTION('',(1.961161351382E-1,9.805806756909E-1,0.E0));
#3657=VECTOR('',#3656,1.716818718673E-2);
#3658=CARTESIAN_POINT('',(1.25E-1,0.E0,1.6E0));
#3659=LINE('',#3658,#3657);
#3660=CURVE_STYLE('',#48,POSITIVE_LENGTH_MEASURE(2.E-2),#41);
#3661=PRESENTATION_STYLE_ASSIGNMENT((#3660));
#3662=STYLED_ITEM('',(#3661),#3659);
#3663=CARTESIAN_POINT('',(-1.453741407892E-1,1.018707039459E-1,
1.980481988881E0));
#3664=CARTESIAN_POINT('',(-1.457166628430E-1,1.035833142152E-1,
1.987465321678E0));
#3665=CARTESIAN_POINT('',(-1.462747906771E-1,1.063739533855E-1,
1.993969119463E0));
#3666=CARTESIAN_POINT('',(-1.470455488499E-1,1.102277442495E-1,2.E0));
#3668=CURVE_STYLE('',#48,POSITIVE_LENGTH_MEASURE(2.E-2),#41);
#3669=PRESENTATION_STYLE_ASSIGNMENT((#3668));
#3670=STYLED_ITEM('',(#3669),#3667);
#3671=DIRECTION('',(1.961161351382E-1,-9.805806756909E-1,0.E0));
#3672=VECTOR('',#3671,8.671995427002E-2);
#3673=CARTESIAN_POINT('',(-1.453741407892E-1,1.018707039459E-1,
1.980481988881E0));
#3674=LINE('',#3673,#3672);
#3675=CURVE_STYLE('',#48,POSITIVE_LENGTH_MEASURE(2.E-2),#41);
#3676=PRESENTATION_STYLE_ASSIGNMENT((#3675));
#3677=STYLED_ITEM('',(#3676),#3674);
#3678=DIRECTION('',(0.E0,0.E0,1.E0));
#3679=VECTOR('',#3678,3.804819888812E-1);
#3680=CARTESIAN_POINT('',(-1.283669585184E-1,1.683479259195E-2,1.6E0));
#3681=LINE('',#3680,#3679);
#3682=CURVE_STYLE('',#48,POSITIVE_LENGTH_MEASURE(2.E-2),#41);
#3683=PRESENTATION_STYLE_ASSIGNMENT((#3682));
#3684=STYLED_ITEM('',(#3683),#3681);
#3685=DIRECTION('',(0.E0,0.E0,1.E0));
#3686=VECTOR('',#3685,3.804819888812E-1);
#3687=CARTESIAN_POINT('',(-3.716330414816E-1,1.683479259195E-2,1.6E0));
#3688=LINE('',#3687,#3686);
#3689=CURVE_STYLE('',#48,POSITIVE_LENGTH_MEASURE(2.E-2),#41);
#3690=PRESENTATION_STYLE_ASSIGNMENT((#3689));
#3691=STYLED_ITEM('',(#3690),#3688);
#3692=DIRECTION('',(-1.961161351382E-1,-9.805806756909E-1,0.E0));
#3693=VECTOR('',#3692,8.671995427002E-2);
#3694=CARTESIAN_POINT('',(-3.546258592108E-1,1.018707039459E-1,
1.980481988881E0));
#3695=LINE('',#3694,#3693);
#3696=CURVE_STYLE('',#48,POSITIVE_LENGTH_MEASURE(2.E-2),#41);
#3697=PRESENTATION_STYLE_ASSIGNMENT((#3696));
#3698=STYLED_ITEM('',(#3697),#3695);
#3699=CARTESIAN_POINT('',(-3.546258592108E-1,1.018707039459E-1,
1.980481988881E0));
#3700=CARTESIAN_POINT('',(-3.542833371570E-1,1.035833142152E-1,
1.987465321678E0));
#3701=CARTESIAN_POINT('',(-3.537252093229E-1,1.063739533855E-1,
1.993969119463E0));
#3702=CARTESIAN_POINT('',(-3.529544511501E-1,1.102277442495E-1,2.E0));
#3704=CURVE_STYLE('',#48,POSITIVE_LENGTH_MEASURE(2.E-2),#41);
#3705=PRESENTATION_STYLE_ASSIGNMENT((#3704));
#3706=STYLED_ITEM('',(#3705),#3703);
#3707=DIRECTION('',(1.961161351382E-1,-9.805806756909E-1,0.E0));
#3708=VECTOR('',#3707,1.716818718673E-2);
#3709=CARTESIAN_POINT('',(-6.283669585184E-1,1.683479259195E-2,1.6E0));
#3710=LINE('',#3709,#3708);
#3711=CURVE_STYLE('',#48,POSITIVE_LENGTH_MEASURE(2.E-2),#41);
#3712=PRESENTATION_STYLE_ASSIGNMENT((#3711));
#3713=STYLED_ITEM('',(#3712),#3710);
#3714=DIRECTION('',(-1.E0,0.E0,0.E0));
#3715=VECTOR('',#3714,2.567339170368E-1);
#3716=CARTESIAN_POINT('',(-3.716330414816E-1,1.683479259195E-2,1.6E0));
#3717=LINE('',#3716,#3715);
#3718=CURVE_STYLE('',#48,POSITIVE_LENGTH_MEASURE(2.E-2),#41);
#3719=PRESENTATION_STYLE_ASSIGNMENT((#3718));
#3720=STYLED_ITEM('',(#3719),#3717);
#3721=DIRECTION('',(1.961161351382E-1,9.805806756909E-1,0.E0));
#3722=VECTOR('',#3721,1.716818718673E-2);
#3723=CARTESIAN_POINT('',(-3.75E-1,0.E0,1.6E0));
#3724=LINE('',#3723,#3722);
#3725=CURVE_STYLE('',#48,POSITIVE_LENGTH_MEASURE(2.E-2),#41);
#3726=PRESENTATION_STYLE_ASSIGNMENT((#3725));
#3727=STYLED_ITEM('',(#3726),#3724);
#3728=CARTESIAN_POINT('',(-6.453741407892E-1,1.018707039459E-1,
1.980481988881E0));
#3729=CARTESIAN_POINT('',(-6.457166628430E-1,1.035833142152E-1,
1.987465321678E0));
#3730=CARTESIAN_POINT('',(-6.462747906771E-1,1.063739533855E-1,
1.993969119463E0));
#3731=CARTESIAN_POINT('',(-6.470455488499E-1,1.102277442495E-1,2.E0));
#3733=CURVE_STYLE('',#48,POSITIVE_LENGTH_MEASURE(2.E-2),#41);
#3734=PRESENTATION_STYLE_ASSIGNMENT((#3733));
#3735=STYLED_ITEM('',(#3734),#3732);
#3736=DIRECTION('',(1.961161351382E-1,-9.805806756909E-1,0.E0));
#3737=VECTOR('',#3736,8.671995427002E-2);
#3738=CARTESIAN_POINT('',(-6.453741407892E-1,1.018707039459E-1,
1.980481988881E0));
#3739=LINE('',#3738,#3737);
#3740=CURVE_STYLE('',#48,POSITIVE_LENGTH_MEASURE(2.E-2),#41);
#3741=PRESENTATION_STYLE_ASSIGNMENT((#3740));
#3742=STYLED_ITEM('',(#3741),#3739);
#3743=DIRECTION('',(0.E0,0.E0,1.E0));
#3744=VECTOR('',#3743,3.804819888812E-1);
#3745=CARTESIAN_POINT('',(-6.283669585184E-1,1.683479259195E-2,1.6E0));
#3746=LINE('',#3745,#3744);
#3747=CURVE_STYLE('',#48,POSITIVE_LENGTH_MEASURE(2.E-2),#41);
#3748=PRESENTATION_STYLE_ASSIGNMENT((#3747));
#3749=STYLED_ITEM('',(#3748),#3746);
#3750=DIRECTION('',(0.E0,0.E0,1.E0));
#3751=VECTOR('',#3750,3.804819888812E-1);
#3752=CARTESIAN_POINT('',(-8.716330414816E-1,1.683479259195E-2,1.6E0));
#3753=LINE('',#3752,#3751);
#3754=CURVE_STYLE('',#48,POSITIVE_LENGTH_MEASURE(2.E-2),#41);
#3755=PRESENTATION_STYLE_ASSIGNMENT((#3754));
#3756=STYLED_ITEM('',(#3755),#3753);
#3757=DIRECTION('',(-1.961161351382E-1,-9.805806756909E-1,0.E0));
#3758=VECTOR('',#3757,8.671995427002E-2);
#3759=CARTESIAN_POINT('',(-8.546258592108E-1,1.018707039459E-1,
1.980481988881E0));
#3760=LINE('',#3759,#3758);
#3761=CURVE_STYLE('',#48,POSITIVE_LENGTH_MEASURE(2.E-2),#41);
#3762=PRESENTATION_STYLE_ASSIGNMENT((#3761));
#3763=STYLED_ITEM('',(#3762),#3760);
#3764=CARTESIAN_POINT('',(-8.546258592108E-1,1.018707039459E-1,
1.980481988881E0));
#3765=CARTESIAN_POINT('',(-8.542833371570E-1,1.035833142152E-1,
1.987465321678E0));
#3766=CARTESIAN_POINT('',(-8.537252093229E-1,1.063739533855E-1,
1.993969119463E0));
#3767=CARTESIAN_POINT('',(-8.529544511501E-1,1.102277442495E-1,2.E0));
#3769=CURVE_STYLE('',#48,POSITIVE_LENGTH_MEASURE(2.E-2),#41);
#3770=PRESENTATION_STYLE_ASSIGNMENT((#3769));
#3771=STYLED_ITEM('',(#3770),#3768);
#3772=DIRECTION('',(1.961161351382E-1,-9.805806756909E-1,0.E0));
#3773=VECTOR('',#3772,1.716818718673E-2);
#3774=CARTESIAN_POINT('',(-1.128366958518E0,1.683479259195E-2,1.6E0));
#3775=LINE('',#3774,#3773);
#3776=CURVE_STYLE('',#48,POSITIVE_LENGTH_MEASURE(2.E-2),#41);
#3777=PRESENTATION_STYLE_ASSIGNMENT((#3776));
#3778=STYLED_ITEM('',(#3777),#3775);
#3779=DIRECTION('',(-1.E0,0.E0,0.E0));
#3780=VECTOR('',#3779,2.567339170368E-1);
#3781=CARTESIAN_POINT('',(-8.716330414816E-1,1.683479259195E-2,1.6E0));
#3782=LINE('',#3781,#3780);
#3783=CURVE_STYLE('',#48,POSITIVE_LENGTH_MEASURE(2.E-2),#41);
#3784=PRESENTATION_STYLE_ASSIGNMENT((#3783));
#3785=STYLED_ITEM('',(#3784),#3782);
#3786=DIRECTION('',(1.961161351382E-1,9.805806756909E-1,0.E0));
#3787=VECTOR('',#3786,1.716818718673E-2);
#3788=CARTESIAN_POINT('',(-8.75E-1,0.E0,1.6E0));
#3789=LINE('',#3788,#3787);
#3790=CURVE_STYLE('',#48,POSITIVE_LENGTH_MEASURE(2.E-2),#41);
#3791=PRESENTATION_STYLE_ASSIGNMENT((#3790));
#3792=STYLED_ITEM('',(#3791),#3789);
#3793=CARTESIAN_POINT('',(-1.145374140789E0,1.018707039459E-1,
1.980481988881E0));
#3794=CARTESIAN_POINT('',(-1.145716662843E0,1.035833142152E-1,
1.987465321678E0));
#3795=CARTESIAN_POINT('',(-1.146274790677E0,1.063739533855E-1,
1.993969119463E0));
#3796=CARTESIAN_POINT('',(-1.147045548850E0,1.102277442495E-1,2.E0));
#3798=CURVE_STYLE('',#48,POSITIVE_LENGTH_MEASURE(2.E-2),#41);
#3799=PRESENTATION_STYLE_ASSIGNMENT((#3798));
#3800=STYLED_ITEM('',(#3799),#3797);
#3801=DIRECTION('',(1.961161351382E-1,-9.805806756909E-1,0.E0));
#3802=VECTOR('',#3801,8.671995427002E-2);
#3803=CARTESIAN_POINT('',(-1.145374140789E0,1.018707039459E-1,
1.980481988881E0));
#3804=LINE('',#3803,#3802);
#3805=CURVE_STYLE('',#48,POSITIVE_LENGTH_MEASURE(2.E-2),#41);
#3806=PRESENTATION_STYLE_ASSIGNMENT((#3805));
#3807=STYLED_ITEM('',(#3806),#3804);
#3808=DIRECTION('',(0.E0,0.E0,1.E0));
#3809=VECTOR('',#3808,3.804819888812E-1);
#3810=CARTESIAN_POINT('',(-1.128366958518E0,1.683479259195E-2,1.6E0));
#3811=LINE('',#3810,#3809);
#3812=CURVE_STYLE('',#48,POSITIVE_LENGTH_MEASURE(2.E-2),#41);
#3813=PRESENTATION_STYLE_ASSIGNMENT((#3812));
#3814=STYLED_ITEM('',(#3813),#3811);
#3815=DIRECTION('',(0.E0,0.E0,1.E0));
#3816=VECTOR('',#3815,3.804819888812E-1);
#3817=CARTESIAN_POINT('',(-1.371633041482E0,1.683479259195E-2,1.6E0));
#3818=LINE('',#3817,#3816);
#3819=CURVE_STYLE('',#48,POSITIVE_LENGTH_MEASURE(2.E-2),#41);
#3820=PRESENTATION_STYLE_ASSIGNMENT((#3819));
#3821=STYLED_ITEM('',(#3820),#3818);
#3822=DIRECTION('',(-1.961161351382E-1,-9.805806756909E-1,0.E0));
#3823=VECTOR('',#3822,8.671995427002E-2);
#3824=CARTESIAN_POINT('',(-1.354625859211E0,1.018707039459E-1,
1.980481988881E0));
#3825=LINE('',#3824,#3823);
#3826=CURVE_STYLE('',#48,POSITIVE_LENGTH_MEASURE(2.E-2),#41);
#3827=PRESENTATION_STYLE_ASSIGNMENT((#3826));
#3828=STYLED_ITEM('',(#3827),#3825);
#3829=CARTESIAN_POINT('',(-1.354625859211E0,1.018707039459E-1,
1.980481988881E0));
#3830=CARTESIAN_POINT('',(-1.354283337157E0,1.035833142152E-1,
1.987465321678E0));
#3831=CARTESIAN_POINT('',(-1.353725209323E0,1.063739533855E-1,
1.993969119463E0));
#3832=CARTESIAN_POINT('',(-1.352954451150E0,1.102277442495E-1,2.E0));
#3834=CURVE_STYLE('',#48,POSITIVE_LENGTH_MEASURE(2.E-2),#41);
#3835=PRESENTATION_STYLE_ASSIGNMENT((#3834));
#3836=STYLED_ITEM('',(#3835),#3833);
#3837=DIRECTION('',(1.961161351382E-1,-9.805806756909E-1,0.E0));
#3838=VECTOR('',#3837,1.716818718673E-2);
#3839=CARTESIAN_POINT('',(-1.628366958518E0,1.683479259195E-2,1.6E0));
#3840=LINE('',#3839,#3838);
#3841=CURVE_STYLE('',#48,POSITIVE_LENGTH_MEASURE(2.E-2),#41);
#3842=PRESENTATION_STYLE_ASSIGNMENT((#3841));
#3843=STYLED_ITEM('',(#3842),#3840);
#3844=DIRECTION('',(-1.E0,0.E0,0.E0));
#3845=VECTOR('',#3844,2.567339170368E-1);
#3846=CARTESIAN_POINT('',(-1.371633041482E0,1.683479259195E-2,1.6E0));
#3847=LINE('',#3846,#3845);
#3848=CURVE_STYLE('',#48,POSITIVE_LENGTH_MEASURE(2.E-2),#41);
#3849=PRESENTATION_STYLE_ASSIGNMENT((#3848));
#3850=STYLED_ITEM('',(#3849),#3847);
#3851=DIRECTION('',(1.961161351382E-1,9.805806756909E-1,0.E0));
#3852=VECTOR('',#3851,1.716818718673E-2);
#3853=CARTESIAN_POINT('',(-1.375E0,0.E0,1.6E0));
#3854=LINE('',#3853,#3852);
#3855=CURVE_STYLE('',#48,POSITIVE_LENGTH_MEASURE(2.E-2),#41);
#3856=PRESENTATION_STYLE_ASSIGNMENT((#3855));
#3857=STYLED_ITEM('',(#3856),#3854);
#3858=CARTESIAN_POINT('',(-1.645374140789E0,1.018707039459E-1,
1.980481988881E0));
#3859=CARTESIAN_POINT('',(-1.645716662843E0,1.035833142152E-1,
1.987465321678E0));
#3860=CARTESIAN_POINT('',(-1.646274790677E0,1.063739533855E-1,
1.993969119463E0));
#3861=CARTESIAN_POINT('',(-1.647045548850E0,1.102277442495E-1,2.E0));
#3863=CURVE_STYLE('',#48,POSITIVE_LENGTH_MEASURE(2.E-2),#41);
#3864=PRESENTATION_STYLE_ASSIGNMENT((#3863));
#3865=STYLED_ITEM('',(#3864),#3862);
#3866=DIRECTION('',(1.961161351382E-1,-9.805806756909E-1,0.E0));
#3867=VECTOR('',#3866,8.671995427002E-2);
#3868=CARTESIAN_POINT('',(-1.645374140789E0,1.018707039459E-1,
1.980481988881E0));
#3869=LINE('',#3868,#3867);
#3870=CURVE_STYLE('',#48,POSITIVE_LENGTH_MEASURE(2.E-2),#41);
#3871=PRESENTATION_STYLE_ASSIGNMENT((#3870));
#3872=STYLED_ITEM('',(#3871),#3869);
#3873=DIRECTION('',(0.E0,0.E0,1.E0));
#3874=VECTOR('',#3873,3.804819888812E-1);
#3875=CARTESIAN_POINT('',(-1.628366958518E0,1.683479259195E-2,1.6E0));
#3876=LINE('',#3875,#3874);
#3877=CURVE_STYLE('',#48,POSITIVE_LENGTH_MEASURE(2.E-2),#41);
#3878=PRESENTATION_STYLE_ASSIGNMENT((#3877));
#3879=STYLED_ITEM('',(#3878),#3876);
#3880=DIRECTION('',(-9.999999999977E-1,0.E0,2.123992750266E-6));
#3881=VECTOR('',#3880,3.350589835758E0);
#3882=CARTESIAN_POINT('',(1.549169794181E0,1.683479259195E-2,
-1.301427163424E0));
#3883=LINE('',#3882,#3881);
#3884=CURVE_STYLE('',#48,POSITIVE_LENGTH_MEASURE(2.E-2),#41);
#3885=PRESENTATION_STYLE_ASSIGNMENT((#3884));
#3886=STYLED_ITEM('',(#3885),#3883);
#3887=DIRECTION('',(-2.008322594300E-9,0.E0,1.E0));
#3888=VECTOR('',#3887,2.602840088364E0);
#3889=CARTESIAN_POINT('',(-1.801420041569E0,1.683479259195E-2,
-1.301420046796E0));
#3890=LINE('',#3889,#3888);
#3891=CURVE_STYLE('',#48,POSITIVE_LENGTH_MEASURE(2.E-2),#41);
#3892=PRESENTATION_STYLE_ASSIGNMENT((#3891));
#3893=STYLED_ITEM('',(#3892),#3890);
#3894=CARTESIAN_POINT('',(-1.8E0,0.E0,-1.3E0));
#3895=CARTESIAN_POINT('',(-1.8E0,2.724427346891E-3,-1.299984170186E0));
#3896=CARTESIAN_POINT('',(-1.800226337068E0,8.268399255070E-3,
-1.300195428934E0));
#3897=CARTESIAN_POINT('',(-1.800929472270E0,1.396236209663E-2,
-1.300935661002E0));
#3898=CARTESIAN_POINT('',(-1.801420041569E0,1.683479259195E-2,
-1.301420046796E0));
#3900=CURVE_STYLE('',#48,POSITIVE_LENGTH_MEASURE(2.E-2),#41);
#3901=PRESENTATION_STYLE_ASSIGNMENT((#3900));
#3902=STYLED_ITEM('',(#3901),#3899);
#3903=DIRECTION('',(1.E0,0.E0,1.450895092397E-9));
#3904=VECTOR('',#3903,3.602840088364E0);
#3905=CARTESIAN_POINT('',(-1.801420046796E0,1.683479259195E-2,
1.301420041569E0));
#3906=LINE('',#3905,#3904);
#3907=CURVE_STYLE('',#48,POSITIVE_LENGTH_MEASURE(2.E-2),#41);
#3908=PRESENTATION_STYLE_ASSIGNMENT((#3907));
#3909=STYLED_ITEM('',(#3908),#3906);
#3910=CARTESIAN_POINT('',(-1.8E0,0.E0,1.3E0));
#3911=CARTESIAN_POINT('',(-1.799984170186E0,2.724427346891E-3,1.3E0));
#3912=CARTESIAN_POINT('',(-1.800195428934E0,8.268399255070E-3,
1.300226337068E0));
#3913=CARTESIAN_POINT('',(-1.800935661002E0,1.396236209663E-2,
1.300929472270E0));
#3914=CARTESIAN_POINT('',(-1.801420046796E0,1.683479259195E-2,
1.301420041569E0));
#3916=CURVE_STYLE('',#48,POSITIVE_LENGTH_MEASURE(2.E-2),#41);
#3917=PRESENTATION_STYLE_ASSIGNMENT((#3916));
#3918=STYLED_ITEM('',(#3917),#3915);
#3919=DIRECTION('',(3.029816490961E-6,0.E0,-9.999999999954E-1));
#3920=VECTOR('',#3919,2.350589840988E0);
#3921=CARTESIAN_POINT('',(1.801420041569E0,1.683479259195E-2,1.301420046796E0));
#3922=LINE('',#3921,#3920);
#3923=CURVE_STYLE('',#48,POSITIVE_LENGTH_MEASURE(2.E-2),#41);
#3924=PRESENTATION_STYLE_ASSIGNMENT((#3923));
#3925=STYLED_ITEM('',(#3924),#3922);
#3926=CARTESIAN_POINT('',(1.8E0,0.E0,1.3E0));
#3927=CARTESIAN_POINT('',(1.8E0,2.724427346891E-3,1.299984170186E0));
#3928=CARTESIAN_POINT('',(1.800226337068E0,8.268399255070E-3,1.300195428934E0));
#3929=CARTESIAN_POINT('',(1.800929472270E0,1.396236209663E-2,1.300935661002E0));
#3930=CARTESIAN_POINT('',(1.801420041569E0,1.683479259195E-2,1.301420046796E0));
#3932=CURVE_STYLE('',#48,POSITIVE_LENGTH_MEASURE(2.E-2),#41);
#3933=PRESENTATION_STYLE_ASSIGNMENT((#3932));
#3934=STYLED_ITEM('',(#3933),#3931);
#3935=CARTESIAN_POINT('',(1.548578643763E0,0.E0,-1.3E0));
#3936=CARTESIAN_POINT('',(1.548580093432E0,2.794169532642E-3,
-1.299998550331E0));
#3937=CARTESIAN_POINT('',(1.548677747535E0,8.407649237153E-3,
-1.300232377810E0));
#3938=CARTESIAN_POINT('',(1.548971930883E0,1.403110889664E-2,
-1.300947861180E0));
#3939=CARTESIAN_POINT('',(1.549169794181E0,1.683479259195E-2,
-1.301427163424E0));
#3941=CURVE_STYLE('',#48,POSITIVE_LENGTH_MEASURE(2.E-2),#41);
#3942=PRESENTATION_STYLE_ASSIGNMENT((#3941));
#3943=STYLED_ITEM('',(#3942),#3940);
#3944=DIRECTION('',(-7.071067811865E-1,0.E0,-7.071067811865E-1));
#3945=VECTOR('',#3944,3.567457927921E-1);
#3946=CARTESIAN_POINT('',(1.801427163424E0,1.683479259195E-2,
-1.049169794181E0));
#3947=LINE('',#3946,#3945);
#3948=CURVE_STYLE('',#48,POSITIVE_LENGTH_MEASURE(2.E-2),#41);
#3949=PRESENTATION_STYLE_ASSIGNMENT((#3948));
#3950=STYLED_ITEM('',(#3949),#3947);
#3951=CARTESIAN_POINT('',(1.8E0,0.E0,-1.048578643763E0));
#3952=CARTESIAN_POINT('',(1.799998550331E0,2.794169532642E-3,
-1.048580093432E0));
#3953=CARTESIAN_POINT('',(1.800232377810E0,8.407649237153E-3,
-1.048677747535E0));
#3954=CARTESIAN_POINT('',(1.800947861180E0,1.403110889664E-2,
-1.048971930883E0));
#3955=CARTESIAN_POINT('',(1.801427163424E0,1.683479259195E-2,
-1.049169794181E0));
#3957=CURVE_STYLE('',#48,POSITIVE_LENGTH_MEASURE(2.E-2),#41);
#3958=PRESENTATION_STYLE_ASSIGNMENT((#3957));
#3959=STYLED_ITEM('',(#3958),#3956);
#3960=DIRECTION('',(0.E0,0.E0,1.E0));
#3961=VECTOR('',#3960,4.E0);
#3962=CARTESIAN_POINT('',(-2.5E0,8.E-1,-2.E0));
#3963=LINE('',#3962,#3961);
#3964=CURVE_STYLE('',#48,POSITIVE_LENGTH_MEASURE(2.E-2),#41);
#3965=PRESENTATION_STYLE_ASSIGNMENT((#3964));
#3966=STYLED_ITEM('',(#3965),#3963);
#3967=DIRECTION('',(-1.E0,0.E0,0.E0));
#3968=VECTOR('',#3967,5.E0);
#3969=CARTESIAN_POINT('',(2.5E0,8.E-1,-2.E0));
#3970=LINE('',#3969,#3968);
#3971=CURVE_STYLE('',#48,POSITIVE_LENGTH_MEASURE(2.E-2),#41);
#3972=PRESENTATION_STYLE_ASSIGNMENT((#3971));
#3973=STYLED_ITEM('',(#3972),#3970);
#3974=DIRECTION('',(0.E0,0.E0,-1.E0));
#3975=VECTOR('',#3974,4.E0);
#3976=CARTESIAN_POINT('',(2.5E0,8.E-1,2.E0));
#3977=LINE('',#3976,#3975);
#3978=CURVE_STYLE('',#48,POSITIVE_LENGTH_MEASURE(2.E-2),#41);
#3979=PRESENTATION_STYLE_ASSIGNMENT((#3978));
#3980=STYLED_ITEM('',(#3979),#3977);
#3981=DIRECTION('',(1.E0,0.E0,0.E0));
#3982=VECTOR('',#3981,5.E0);
#3983=CARTESIAN_POINT('',(-2.5E0,8.E-1,2.E0));
#3984=LINE('',#3983,#3982);
#3985=CURVE_STYLE('',#48,POSITIVE_LENGTH_MEASURE(2.E-2),#41);
#3986=PRESENTATION_STYLE_ASSIGNMENT((#3985));
#3987=STYLED_ITEM('',(#3986),#3984);
#3988=CARTESIAN_POINT('',(-2.5E0,8.E-1,-2.E0));
#3989=CARTESIAN_POINT('',(-2.5E0,8.E-1,2.E0));
#3990=VERTEX_POINT('',#3988);
#3991=VERTEX_POINT('',#3989);
#3992=CARTESIAN_POINT('',(2.5E0,8.E-1,2.E0));
#3993=VERTEX_POINT('',#3992);
#3994=CARTESIAN_POINT('',(2.5E0,8.E-1,-2.E0));
#3995=VERTEX_POINT('',#3994);
#3996=CARTESIAN_POINT('',(-2.5E0,0.E0,-2.E0));
#3997=VERTEX_POINT('',#3996);
#3998=CARTESIAN_POINT('',(-2.5E0,0.E0,2.E0));
#3999=VERTEX_POINT('',#3998);
#4000=CARTESIAN_POINT('',(2.5E0,0.E0,2.E0));
#4001=VERTEX_POINT('',#4000);
#4002=CARTESIAN_POINT('',(2.5E0,0.E0,-2.E0));
#4003=VERTEX_POINT('',#4002);
#4004=CARTESIAN_POINT('',(-2.1E0,0.E0,-1.125E0));
#4005=CARTESIAN_POINT('',(-2.1E0,0.E0,-8.75E-1));
#4006=VERTEX_POINT('',#4004);
#4007=VERTEX_POINT('',#4005);
#4008=CARTESIAN_POINT('',(-2.5E0,0.E0,-1.125E0));
#4009=VERTEX_POINT('',#4008);
#4010=CARTESIAN_POINT('',(-2.5E0,0.E0,-8.75E-1));
#4011=VERTEX_POINT('',#4010);
#4012=CARTESIAN_POINT('',(-2.1E0,0.E0,-6.25E-1));
#4013=CARTESIAN_POINT('',(-2.1E0,0.E0,-3.75E-1));
#4014=VERTEX_POINT('',#4012);
#4015=VERTEX_POINT('',#4013);
#4016=CARTESIAN_POINT('',(-2.5E0,0.E0,-6.25E-1));
#4017=VERTEX_POINT('',#4016);
#4018=CARTESIAN_POINT('',(-2.5E0,0.E0,-3.75E-1));
#4019=VERTEX_POINT('',#4018);
#4020=CARTESIAN_POINT('',(-2.1E0,0.E0,-1.25E-1));
#4021=CARTESIAN_POINT('',(-2.1E0,0.E0,1.25E-1));
#4022=VERTEX_POINT('',#4020);
#4023=VERTEX_POINT('',#4021);
#4024=CARTESIAN_POINT('',(-2.5E0,0.E0,-1.25E-1));
#4025=VERTEX_POINT('',#4024);
#4026=CARTESIAN_POINT('',(-2.5E0,0.E0,1.25E-1));
#4027=VERTEX_POINT('',#4026);
#4028=CARTESIAN_POINT('',(-2.1E0,0.E0,3.75E-1));
#4029=CARTESIAN_POINT('',(-2.1E0,0.E0,6.25E-1));
#4030=VERTEX_POINT('',#4028);
#4031=VERTEX_POINT('',#4029);
#4032=CARTESIAN_POINT('',(-2.5E0,0.E0,3.75E-1));
#4033=VERTEX_POINT('',#4032);
#4034=CARTESIAN_POINT('',(-2.5E0,0.E0,6.25E-1));
#4035=VERTEX_POINT('',#4034);
#4036=CARTESIAN_POINT('',(-2.1E0,0.E0,8.75E-1));
#4037=CARTESIAN_POINT('',(-2.1E0,0.E0,1.125E0));
#4038=VERTEX_POINT('',#4036);
#4039=VERTEX_POINT('',#4037);
#4040=CARTESIAN_POINT('',(-2.5E0,0.E0,8.75E-1));
#4041=VERTEX_POINT('',#4040);
#4042=CARTESIAN_POINT('',(-2.5E0,0.E0,1.125E0));
#4043=VERTEX_POINT('',#4042);
#4044=CARTESIAN_POINT('',(2.1E0,0.E0,-1.125E0));
#4045=CARTESIAN_POINT('',(2.1E0,0.E0,-8.75E-1));
#4046=VERTEX_POINT('',#4044);
#4047=VERTEX_POINT('',#4045);
#4048=CARTESIAN_POINT('',(2.5E0,0.E0,-1.125E0));
#4049=VERTEX_POINT('',#4048);
#4050=CARTESIAN_POINT('',(2.5E0,0.E0,-8.75E-1));
#4051=VERTEX_POINT('',#4050);
#4052=CARTESIAN_POINT('',(2.1E0,0.E0,-6.25E-1));
#4053=CARTESIAN_POINT('',(2.1E0,0.E0,-3.75E-1));
#4054=VERTEX_POINT('',#4052);
#4055=VERTEX_POINT('',#4053);
#4056=CARTESIAN_POINT('',(2.5E0,0.E0,-6.25E-1));
#4057=VERTEX_POINT('',#4056);
#4058=CARTESIAN_POINT('',(2.5E0,0.E0,-3.75E-1));
#4059=VERTEX_POINT('',#4058);
#4060=CARTESIAN_POINT('',(2.1E0,0.E0,-1.25E-1));
#4061=CARTESIAN_POINT('',(2.1E0,0.E0,1.25E-1));
#4062=VERTEX_POINT('',#4060);
#4063=VERTEX_POINT('',#4061);
#4064=CARTESIAN_POINT('',(2.5E0,0.E0,-1.25E-1));
#4065=VERTEX_POINT('',#4064);
#4066=CARTESIAN_POINT('',(2.5E0,0.E0,1.25E-1));
#4067=VERTEX_POINT('',#4066);
#4068=CARTESIAN_POINT('',(2.1E0,0.E0,3.75E-1));
#4069=CARTESIAN_POINT('',(2.1E0,0.E0,6.25E-1));
#4070=VERTEX_POINT('',#4068);
#4071=VERTEX_POINT('',#4069);
#4072=CARTESIAN_POINT('',(2.5E0,0.E0,3.75E-1));
#4073=VERTEX_POINT('',#4072);
#4074=CARTESIAN_POINT('',(2.5E0,0.E0,6.25E-1));
#4075=VERTEX_POINT('',#4074);
#4076=CARTESIAN_POINT('',(2.1E0,0.E0,8.75E-1));
#4077=CARTESIAN_POINT('',(2.1E0,0.E0,1.125E0));
#4078=VERTEX_POINT('',#4076);
#4079=VERTEX_POINT('',#4077);
#4080=CARTESIAN_POINT('',(2.5E0,0.E0,8.75E-1));
#4081=VERTEX_POINT('',#4080);
#4082=CARTESIAN_POINT('',(2.5E0,0.E0,1.125E0));
#4083=VERTEX_POINT('',#4082);
#4084=CARTESIAN_POINT('',(1.625E0,0.E0,-1.6E0));
#4085=CARTESIAN_POINT('',(1.375E0,0.E0,-1.6E0));
#4086=VERTEX_POINT('',#4084);
#4087=VERTEX_POINT('',#4085);
#4088=CARTESIAN_POINT('',(1.625E0,0.E0,-2.E0));
#4089=VERTEX_POINT('',#4088);
#4090=CARTESIAN_POINT('',(1.375E0,0.E0,-2.E0));
#4091=VERTEX_POINT('',#4090);
#4092=CARTESIAN_POINT('',(1.125E0,0.E0,-1.6E0));
#4093=CARTESIAN_POINT('',(8.75E-1,0.E0,-1.6E0));
#4094=VERTEX_POINT('',#4092);
#4095=VERTEX_POINT('',#4093);
#4096=CARTESIAN_POINT('',(1.125E0,0.E0,-2.E0));
#4097=VERTEX_POINT('',#4096);
#4098=CARTESIAN_POINT('',(8.75E-1,0.E0,-2.E0));
#4099=VERTEX_POINT('',#4098);
#4100=CARTESIAN_POINT('',(6.25E-1,0.E0,-1.6E0));
#4101=CARTESIAN_POINT('',(3.75E-1,0.E0,-1.6E0));
#4102=VERTEX_POINT('',#4100);
#4103=VERTEX_POINT('',#4101);
#4104=CARTESIAN_POINT('',(6.25E-1,0.E0,-2.E0));
#4105=VERTEX_POINT('',#4104);
#4106=CARTESIAN_POINT('',(3.75E-1,0.E0,-2.E0));
#4107=VERTEX_POINT('',#4106);
#4108=CARTESIAN_POINT('',(1.25E-1,0.E0,-1.6E0));
#4109=CARTESIAN_POINT('',(-1.25E-1,0.E0,-1.6E0));
#4110=VERTEX_POINT('',#4108);
#4111=VERTEX_POINT('',#4109);
#4112=CARTESIAN_POINT('',(1.25E-1,0.E0,-2.E0));
#4113=VERTEX_POINT('',#4112);
#4114=CARTESIAN_POINT('',(-1.25E-1,0.E0,-2.E0));
#4115=VERTEX_POINT('',#4114);
#4116=CARTESIAN_POINT('',(-3.75E-1,0.E0,-1.6E0));
#4117=CARTESIAN_POINT('',(-6.25E-1,0.E0,-1.6E0));
#4118=VERTEX_POINT('',#4116);
#4119=VERTEX_POINT('',#4117);
#4120=CARTESIAN_POINT('',(-3.75E-1,0.E0,-2.E0));
#4121=VERTEX_POINT('',#4120);
#4122=CARTESIAN_POINT('',(-6.25E-1,0.E0,-2.E0));
#4123=VERTEX_POINT('',#4122);
#4124=CARTESIAN_POINT('',(-8.75E-1,0.E0,-1.6E0));
#4125=CARTESIAN_POINT('',(-1.125E0,0.E0,-1.6E0));
#4126=VERTEX_POINT('',#4124);
#4127=VERTEX_POINT('',#4125);
#4128=CARTESIAN_POINT('',(-8.75E-1,0.E0,-2.E0));
#4129=VERTEX_POINT('',#4128);
#4130=CARTESIAN_POINT('',(-1.125E0,0.E0,-2.E0));
#4131=VERTEX_POINT('',#4130);
#4132=CARTESIAN_POINT('',(-1.375E0,0.E0,-1.6E0));
#4133=CARTESIAN_POINT('',(-1.625E0,0.E0,-1.6E0));
#4134=VERTEX_POINT('',#4132);
#4135=VERTEX_POINT('',#4133);
#4136=CARTESIAN_POINT('',(-1.375E0,0.E0,-2.E0));
#4137=VERTEX_POINT('',#4136);
#4138=CARTESIAN_POINT('',(-1.625E0,0.E0,-2.E0));
#4139=VERTEX_POINT('',#4138);
#4140=CARTESIAN_POINT('',(1.625E0,0.E0,1.6E0));
#4141=CARTESIAN_POINT('',(1.375E0,0.E0,1.6E0));
#4142=VERTEX_POINT('',#4140);
#4143=VERTEX_POINT('',#4141);
#4144=CARTESIAN_POINT('',(1.625E0,0.E0,2.E0));
#4145=VERTEX_POINT('',#4144);
#4146=CARTESIAN_POINT('',(1.375E0,0.E0,2.E0));
#4147=VERTEX_POINT('',#4146);
#4148=CARTESIAN_POINT('',(1.125E0,0.E0,1.6E0));
#4149=CARTESIAN_POINT('',(8.75E-1,0.E0,1.6E0));
#4150=VERTEX_POINT('',#4148);
#4151=VERTEX_POINT('',#4149);
#4152=CARTESIAN_POINT('',(1.125E0,0.E0,2.E0));
#4153=VERTEX_POINT('',#4152);
#4154=CARTESIAN_POINT('',(8.75E-1,0.E0,2.E0));
#4155=VERTEX_POINT('',#4154);
#4156=CARTESIAN_POINT('',(6.25E-1,0.E0,1.6E0));
#4157=CARTESIAN_POINT('',(3.75E-1,0.E0,1.6E0));
#4158=VERTEX_POINT('',#4156);
#4159=VERTEX_POINT('',#4157);
#4160=CARTESIAN_POINT('',(6.25E-1,0.E0,2.E0));
#4161=VERTEX_POINT('',#4160);
#4162=CARTESIAN_POINT('',(3.75E-1,0.E0,2.E0));
#4163=VERTEX_POINT('',#4162);
#4164=CARTESIAN_POINT('',(1.25E-1,0.E0,1.6E0));
#4165=CARTESIAN_POINT('',(-1.25E-1,0.E0,1.6E0));
#4166=VERTEX_POINT('',#4164);
#4167=VERTEX_POINT('',#4165);
#4168=CARTESIAN_POINT('',(1.25E-1,0.E0,2.E0));
#4169=VERTEX_POINT('',#4168);
#4170=CARTESIAN_POINT('',(-1.25E-1,0.E0,2.E0));
#4171=VERTEX_POINT('',#4170);
#4172=CARTESIAN_POINT('',(-3.75E-1,0.E0,1.6E0));
#4173=CARTESIAN_POINT('',(-6.25E-1,0.E0,1.6E0));
#4174=VERTEX_POINT('',#4172);
#4175=VERTEX_POINT('',#4173);
#4176=CARTESIAN_POINT('',(-3.75E-1,0.E0,2.E0));
#4177=VERTEX_POINT('',#4176);
#4178=CARTESIAN_POINT('',(-6.25E-1,0.E0,2.E0));
#4179=VERTEX_POINT('',#4178);
#4180=CARTESIAN_POINT('',(-8.75E-1,0.E0,1.6E0));
#4181=CARTESIAN_POINT('',(-1.125E0,0.E0,1.6E0));
#4182=VERTEX_POINT('',#4180);
#4183=VERTEX_POINT('',#4181);
#4184=CARTESIAN_POINT('',(-8.75E-1,0.E0,2.E0));
#4185=VERTEX_POINT('',#4184);
#4186=CARTESIAN_POINT('',(-1.125E0,0.E0,2.E0));
#4187=VERTEX_POINT('',#4186);
#4188=CARTESIAN_POINT('',(-1.375E0,0.E0,1.6E0));
#4189=CARTESIAN_POINT('',(-1.625E0,0.E0,1.6E0));
#4190=VERTEX_POINT('',#4188);
#4191=VERTEX_POINT('',#4189);
#4192=CARTESIAN_POINT('',(-1.375E0,0.E0,2.E0));
#4193=VERTEX_POINT('',#4192);
#4194=CARTESIAN_POINT('',(-1.625E0,0.E0,2.E0));
#4195=VERTEX_POINT('',#4194);
#4196=CARTESIAN_POINT('',(1.548578643763E0,0.E0,-1.3E0));
#4197=CARTESIAN_POINT('',(-1.8E0,0.E0,-1.3E0));
#4198=VERTEX_POINT('',#4196);
#4199=VERTEX_POINT('',#4197);
#4200=CARTESIAN_POINT('',(-1.8E0,0.E0,1.3E0));
#4201=VERTEX_POINT('',#4200);
#4202=CARTESIAN_POINT('',(1.8E0,0.E0,1.3E0));
#4203=VERTEX_POINT('',#4202);
#4204=CARTESIAN_POINT('',(1.8E0,0.E0,-1.048578643763E0));
#4205=VERTEX_POINT('',#4204);
#4206=CARTESIAN_POINT('',(-2.5E0,2.E-1,-1.55E0));
#4207=CARTESIAN_POINT('',(-2.5E0,2.E-1,-1.4E0));
#4208=VERTEX_POINT('',#4206);
#4209=VERTEX_POINT('',#4207);
#4210=CARTESIAN_POINT('',(-2.5E0,2.E-1,1.4E0));
#4211=CARTESIAN_POINT('',(-2.5E0,2.E-1,1.55E0));
#4212=VERTEX_POINT('',#4210);
#4213=VERTEX_POINT('',#4211);
#4214=CARTESIAN_POINT('',(-2.5E0,1.E-1,-1.55E0));
#4215=CARTESIAN_POINT('',(-2.5E0,1.E-1,-1.4E0));
#4216=VERTEX_POINT('',#4214);
#4217=VERTEX_POINT('',#4215);
#4218=CARTESIAN_POINT('',(-2.5E0,1.E-1,1.55E0));
#4219=CARTESIAN_POINT('',(-2.5E0,1.E-1,1.4E0));
#4220=VERTEX_POINT('',#4218);
#4221=VERTEX_POINT('',#4219);
#4222=CARTESIAN_POINT('',(-2.5E0,1.102277442495E-1,-1.147045548850E0));
#4223=VERTEX_POINT('',#4222);
#4224=CARTESIAN_POINT('',(-2.5E0,1.102277442495E-1,-8.529544511501E-1));
#4225=VERTEX_POINT('',#4224);
#4226=CARTESIAN_POINT('',(-2.5E0,1.102277442495E-1,-6.470455488499E-1));
#4227=VERTEX_POINT('',#4226);
#4228=CARTESIAN_POINT('',(-2.5E0,1.102277442495E-1,-3.529544511501E-1));
#4229=VERTEX_POINT('',#4228);
#4230=CARTESIAN_POINT('',(-2.5E0,1.102277442495E-1,-1.470455488499E-1));
#4231=VERTEX_POINT('',#4230);
#4232=CARTESIAN_POINT('',(-2.5E0,1.102277442495E-1,1.470455488499E-1));
#4233=VERTEX_POINT('',#4232);
#4234=CARTESIAN_POINT('',(-2.5E0,1.102277442495E-1,3.529544511501E-1));
#4235=VERTEX_POINT('',#4234);
#4236=CARTESIAN_POINT('',(-2.5E0,1.102277442495E-1,6.470455488499E-1));
#4237=VERTEX_POINT('',#4236);
#4238=CARTESIAN_POINT('',(-2.5E0,1.102277442495E-1,8.529544511501E-1));
#4239=VERTEX_POINT('',#4238);
#4240=CARTESIAN_POINT('',(-2.5E0,1.102277442495E-1,1.147045548850E0));
#4241=VERTEX_POINT('',#4240);
#4242=CARTESIAN_POINT('',(-2.05E0,2.E-1,2.E0));
#4243=CARTESIAN_POINT('',(-1.9E0,2.E-1,2.E0));
#4244=VERTEX_POINT('',#4242);
#4245=VERTEX_POINT('',#4243);
#4246=CARTESIAN_POINT('',(1.9E0,2.E-1,2.E0));
#4247=CARTESIAN_POINT('',(2.05E0,2.E-1,2.E0));
#4248=VERTEX_POINT('',#4246);
#4249=VERTEX_POINT('',#4247);
#4250=CARTESIAN_POINT('',(-2.05E0,1.E-1,2.E0));
#4251=CARTESIAN_POINT('',(-1.9E0,1.E-1,2.E0));
#4252=VERTEX_POINT('',#4250);
#4253=VERTEX_POINT('',#4251);
#4254=CARTESIAN_POINT('',(2.05E0,1.E-1,2.E0));
#4255=CARTESIAN_POINT('',(1.9E0,1.E-1,2.E0));
#4256=VERTEX_POINT('',#4254);
#4257=VERTEX_POINT('',#4255);
#4258=CARTESIAN_POINT('',(1.647045548850E0,1.102277442495E-1,2.E0));
#4259=VERTEX_POINT('',#4258);
#4260=CARTESIAN_POINT('',(1.352954451150E0,1.102277442495E-1,2.E0));
#4261=VERTEX_POINT('',#4260);
#4262=CARTESIAN_POINT('',(1.147045548850E0,1.102277442495E-1,2.E0));
#4263=VERTEX_POINT('',#4262);
#4264=CARTESIAN_POINT('',(8.529544511501E-1,1.102277442495E-1,2.E0));
#4265=VERTEX_POINT('',#4264);
#4266=CARTESIAN_POINT('',(6.470455488499E-1,1.102277442495E-1,2.E0));
#4267=VERTEX_POINT('',#4266);
#4268=CARTESIAN_POINT('',(3.529544511501E-1,1.102277442495E-1,2.E0));
#4269=VERTEX_POINT('',#4268);
#4270=CARTESIAN_POINT('',(1.470455488499E-1,1.102277442495E-1,2.E0));
#4271=VERTEX_POINT('',#4270);
#4272=CARTESIAN_POINT('',(-1.470455488499E-1,1.102277442495E-1,2.E0));
#4273=VERTEX_POINT('',#4272);
#4274=CARTESIAN_POINT('',(-3.529544511501E-1,1.102277442495E-1,2.E0));
#4275=VERTEX_POINT('',#4274);
#4276=CARTESIAN_POINT('',(-6.470455488499E-1,1.102277442495E-1,2.E0));
#4277=VERTEX_POINT('',#4276);
#4278=CARTESIAN_POINT('',(-8.529544511501E-1,1.102277442495E-1,2.E0));
#4279=VERTEX_POINT('',#4278);
#4280=CARTESIAN_POINT('',(-1.147045548850E0,1.102277442495E-1,2.E0));
#4281=VERTEX_POINT('',#4280);
#4282=CARTESIAN_POINT('',(-1.352954451150E0,1.102277442495E-1,2.E0));
#4283=VERTEX_POINT('',#4282);
#4284=CARTESIAN_POINT('',(-1.647045548850E0,1.102277442495E-1,2.E0));
#4285=VERTEX_POINT('',#4284);
#4286=CARTESIAN_POINT('',(2.5E0,2.E-1,1.55E0));
#4287=CARTESIAN_POINT('',(2.5E0,2.E-1,1.4E0));
#4288=VERTEX_POINT('',#4286);
#4289=VERTEX_POINT('',#4287);
#4290=CARTESIAN_POINT('',(2.5E0,2.E-1,-1.4E0));
#4291=CARTESIAN_POINT('',(2.5E0,2.E-1,-1.55E0));
#4292=VERTEX_POINT('',#4290);
#4293=VERTEX_POINT('',#4291);
#4294=CARTESIAN_POINT('',(2.5E0,1.E-1,-1.55E0));
#4295=CARTESIAN_POINT('',(2.5E0,1.E-1,-1.4E0));
#4296=VERTEX_POINT('',#4294);
#4297=VERTEX_POINT('',#4295);
#4298=CARTESIAN_POINT('',(2.5E0,1.E-1,1.55E0));
#4299=CARTESIAN_POINT('',(2.5E0,1.E-1,1.4E0));
#4300=VERTEX_POINT('',#4298);
#4301=VERTEX_POINT('',#4299);
#4302=CARTESIAN_POINT('',(2.5E0,1.102277442495E-1,-1.147045548850E0));
#4303=VERTEX_POINT('',#4302);
#4304=CARTESIAN_POINT('',(2.5E0,1.102277442495E-1,-8.529544511501E-1));
#4305=VERTEX_POINT('',#4304);
#4306=CARTESIAN_POINT('',(2.5E0,1.102277442495E-1,-6.470455488499E-1));
#4307=VERTEX_POINT('',#4306);
#4308=CARTESIAN_POINT('',(2.5E0,1.102277442495E-1,-3.529544511501E-1));
#4309=VERTEX_POINT('',#4308);
#4310=CARTESIAN_POINT('',(2.5E0,1.102277442495E-1,-1.470455488499E-1));
#4311=VERTEX_POINT('',#4310);
#4312=CARTESIAN_POINT('',(2.5E0,1.102277442495E-1,1.470455488499E-1));
#4313=VERTEX_POINT('',#4312);
#4314=CARTESIAN_POINT('',(2.5E0,1.102277442495E-1,3.529544511501E-1));
#4315=VERTEX_POINT('',#4314);
#4316=CARTESIAN_POINT('',(2.5E0,1.102277442495E-1,6.470455488499E-1));
#4317=VERTEX_POINT('',#4316);
#4318=CARTESIAN_POINT('',(2.5E0,1.102277442495E-1,8.529544511501E-1));
#4319=VERTEX_POINT('',#4318);
#4320=CARTESIAN_POINT('',(2.5E0,1.102277442495E-1,1.147045548850E0));
#4321=VERTEX_POINT('',#4320);
#4322=CARTESIAN_POINT('',(2.05E0,2.E-1,-2.E0));
#4323=CARTESIAN_POINT('',(1.9E0,2.E-1,-2.E0));
#4324=VERTEX_POINT('',#4322);
#4325=VERTEX_POINT('',#4323);
#4326=CARTESIAN_POINT('',(-1.9E0,2.E-1,-2.E0));
#4327=CARTESIAN_POINT('',(-2.05E0,2.E-1,-2.E0));
#4328=VERTEX_POINT('',#4326);
#4329=VERTEX_POINT('',#4327);
#4330=CARTESIAN_POINT('',(-2.05E0,1.E-1,-2.E0));
#4331=CARTESIAN_POINT('',(-1.9E0,1.E-1,-2.E0));
#4332=VERTEX_POINT('',#4330);
#4333=VERTEX_POINT('',#4331);
#4334=CARTESIAN_POINT('',(2.05E0,1.E-1,-2.E0));
#4335=CARTESIAN_POINT('',(1.9E0,1.E-1,-2.E0));
#4336=VERTEX_POINT('',#4334);
#4337=VERTEX_POINT('',#4335);
#4338=CARTESIAN_POINT('',(1.647045548850E0,1.102277442495E-1,-2.E0));
#4339=VERTEX_POINT('',#4338);
#4340=CARTESIAN_POINT('',(1.352954451150E0,1.102277442495E-1,-2.E0));
#4341=VERTEX_POINT('',#4340);
#4342=CARTESIAN_POINT('',(1.147045548850E0,1.102277442495E-1,-2.E0));
#4343=VERTEX_POINT('',#4342);
#4344=CARTESIAN_POINT('',(8.529544511501E-1,1.102277442495E-1,-2.E0));
#4345=VERTEX_POINT('',#4344);
#4346=CARTESIAN_POINT('',(6.470455488499E-1,1.102277442495E-1,-2.E0));
#4347=VERTEX_POINT('',#4346);
#4348=CARTESIAN_POINT('',(3.529544511501E-1,1.102277442495E-1,-2.E0));
#4349=VERTEX_POINT('',#4348);
#4350=CARTESIAN_POINT('',(1.470455488499E-1,1.102277442495E-1,-2.E0));
#4351=VERTEX_POINT('',#4350);
#4352=CARTESIAN_POINT('',(-1.470455488499E-1,1.102277442495E-1,-2.E0));
#4353=VERTEX_POINT('',#4352);
#4354=CARTESIAN_POINT('',(-3.529544511501E-1,1.102277442495E-1,-2.E0));
#4355=VERTEX_POINT('',#4354);
#4356=CARTESIAN_POINT('',(-6.470455488499E-1,1.102277442495E-1,-2.E0));
#4357=VERTEX_POINT('',#4356);
#4358=CARTESIAN_POINT('',(-8.529544511501E-1,1.102277442495E-1,-2.E0));
#4359=VERTEX_POINT('',#4358);
#4360=CARTESIAN_POINT('',(-1.147045548850E0,1.102277442495E-1,-2.E0));
#4361=VERTEX_POINT('',#4360);
#4362=CARTESIAN_POINT('',(-1.352954451150E0,1.102277442495E-1,-2.E0));
#4363=VERTEX_POINT('',#4362);
#4364=CARTESIAN_POINT('',(-1.647045548850E0,1.102277442495E-1,-2.E0));
#4365=VERTEX_POINT('',#4364);
#4366=CARTESIAN_POINT('',(-2.48E0,2.E-1,1.55E0));
#4367=CARTESIAN_POINT('',(-2.48E0,2.E-1,1.4E0));
#4368=VERTEX_POINT('',#4366);
#4369=VERTEX_POINT('',#4367);
#4370=CARTESIAN_POINT('',(-2.48E0,2.E-1,-1.4E0));
#4371=CARTESIAN_POINT('',(-2.48E0,2.E-1,-1.55E0));
#4372=VERTEX_POINT('',#4370);
#4373=VERTEX_POINT('',#4371);
#4374=CARTESIAN_POINT('',(2.48E0,2.E-1,1.55E0));
#4375=CARTESIAN_POINT('',(2.48E0,2.E-1,1.4E0));
#4376=VERTEX_POINT('',#4374);
#4377=VERTEX_POINT('',#4375);
#4378=CARTESIAN_POINT('',(2.48E0,2.E-1,-1.4E0));
#4379=CARTESIAN_POINT('',(2.48E0,2.E-1,-1.55E0));
#4380=VERTEX_POINT('',#4378);
#4381=VERTEX_POINT('',#4379);
#4382=CARTESIAN_POINT('',(-2.05E0,2.E-1,-1.980656600008E0));
#4383=CARTESIAN_POINT('',(-1.9E0,2.E-1,-1.980656600008E0));
#4384=VERTEX_POINT('',#4382);
#4385=VERTEX_POINT('',#4383);
#4386=CARTESIAN_POINT('',(1.9E0,2.E-1,-1.980656600008E0));
#4387=CARTESIAN_POINT('',(2.05E0,2.E-1,-1.980656600008E0));
#4388=VERTEX_POINT('',#4386);
#4389=VERTEX_POINT('',#4387);
#4390=CARTESIAN_POINT('',(-2.05E0,2.E-1,1.980481988881E0));
#4391=CARTESIAN_POINT('',(-1.9E0,2.E-1,1.980481988881E0));
#4392=VERTEX_POINT('',#4390);
#4393=VERTEX_POINT('',#4391);
#4394=CARTESIAN_POINT('',(1.9E0,2.E-1,1.980481988881E0));
#4395=CARTESIAN_POINT('',(2.05E0,2.E-1,1.980481988881E0));
#4396=VERTEX_POINT('',#4394);
#4397=VERTEX_POINT('',#4395);
#4398=CARTESIAN_POINT('',(-2.48E0,1.E-1,-1.4E0));
#4399=CARTESIAN_POINT('',(-2.48E0,1.E-1,-1.55E0));
#4400=VERTEX_POINT('',#4398);
#4401=VERTEX_POINT('',#4399);
#4402=CARTESIAN_POINT('',(-1.9E0,1.E-1,-1.980656600008E0));
#4403=CARTESIAN_POINT('',(-2.05E0,1.E-1,-1.980656600008E0));
#4404=VERTEX_POINT('',#4402);
#4405=VERTEX_POINT('',#4403);
#4406=CARTESIAN_POINT('',(2.48E0,1.E-1,-1.4E0));
#4407=CARTESIAN_POINT('',(2.48E0,1.E-1,-1.55E0));
#4408=VERTEX_POINT('',#4406);
#4409=VERTEX_POINT('',#4407);
#4410=CARTESIAN_POINT('',(1.9E0,1.E-1,-1.980656600008E0));
#4411=CARTESIAN_POINT('',(2.05E0,1.E-1,-1.980656600008E0));
#4412=VERTEX_POINT('',#4410);
#4413=VERTEX_POINT('',#4411);
#4414=CARTESIAN_POINT('',(-2.48E0,1.E-1,1.4E0));
#4415=CARTESIAN_POINT('',(-2.48E0,1.E-1,1.55E0));
#4416=VERTEX_POINT('',#4414);
#4417=VERTEX_POINT('',#4415);
#4418=CARTESIAN_POINT('',(-1.9E0,1.E-1,1.980481988881E0));
#4419=CARTESIAN_POINT('',(-2.05E0,1.E-1,1.980481988881E0));
#4420=VERTEX_POINT('',#4418);
#4421=VERTEX_POINT('',#4419);
#4422=CARTESIAN_POINT('',(2.48E0,1.E-1,1.4E0));
#4423=CARTESIAN_POINT('',(2.48E0,1.E-1,1.55E0));
#4424=VERTEX_POINT('',#4422);
#4425=VERTEX_POINT('',#4423);
#4426=CARTESIAN_POINT('',(1.9E0,1.E-1,1.980481988881E0));
#4427=CARTESIAN_POINT('',(2.05E0,1.E-1,1.980481988881E0));
#4428=VERTEX_POINT('',#4426);
#4429=VERTEX_POINT('',#4427);
#4430=CARTESIAN_POINT('',(-2.1E0,1.683479259195E-2,-1.128366958518E0));
#4431=CARTESIAN_POINT('',(-2.1E0,1.683479259195E-2,-8.716330414816E-1));
#4432=VERTEX_POINT('',#4430);
#4433=VERTEX_POINT('',#4431);
#4434=CARTESIAN_POINT('',(-2.48E0,1.017544467966E-1,-1.145350889359E0));
#4435=CARTESIAN_POINT('',(-2.48E0,1.683479259195E-2,-1.128366958518E0));
#4436=VERTEX_POINT('',#4434);
#4437=VERTEX_POINT('',#4435);
#4438=CARTESIAN_POINT('',(-2.48E0,1.017544467966E-1,-8.546491106407E-1));
#4439=CARTESIAN_POINT('',(-2.48E0,1.683479259195E-2,-8.716330414816E-1));
#4440=VERTEX_POINT('',#4438);
#4441=VERTEX_POINT('',#4439);
#4442=CARTESIAN_POINT('',(-2.1E0,1.683479259195E-2,-6.283669585184E-1));
#4443=CARTESIAN_POINT('',(-2.1E0,1.683479259195E-2,-3.716330414816E-1));
#4444=VERTEX_POINT('',#4442);
#4445=VERTEX_POINT('',#4443);
#4446=CARTESIAN_POINT('',(-2.48E0,1.017544467966E-1,-6.453508893593E-1));
#4447=CARTESIAN_POINT('',(-2.48E0,1.683479259195E-2,-6.283669585184E-1));
#4448=VERTEX_POINT('',#4446);
#4449=VERTEX_POINT('',#4447);
#4450=CARTESIAN_POINT('',(-2.48E0,1.017544467966E-1,-3.546491106407E-1));
#4451=CARTESIAN_POINT('',(-2.48E0,1.683479259195E-2,-3.716330414816E-1));
#4452=VERTEX_POINT('',#4450);
#4453=VERTEX_POINT('',#4451);
#4454=CARTESIAN_POINT('',(-2.1E0,1.683479259195E-2,-1.283669585184E-1));
#4455=CARTESIAN_POINT('',(-2.1E0,1.683479259195E-2,1.283669585184E-1));
#4456=VERTEX_POINT('',#4454);
#4457=VERTEX_POINT('',#4455);
#4458=CARTESIAN_POINT('',(-2.48E0,1.017544467966E-1,-1.453508893593E-1));
#4459=CARTESIAN_POINT('',(-2.48E0,1.683479259195E-2,-1.283669585184E-1));
#4460=VERTEX_POINT('',#4458);
#4461=VERTEX_POINT('',#4459);
#4462=CARTESIAN_POINT('',(-2.48E0,1.017544467966E-1,1.453508893593E-1));
#4463=CARTESIAN_POINT('',(-2.48E0,1.683479259195E-2,1.283669585184E-1));
#4464=VERTEX_POINT('',#4462);
#4465=VERTEX_POINT('',#4463);
#4466=CARTESIAN_POINT('',(-2.1E0,1.683479259195E-2,3.716330414816E-1));
#4467=CARTESIAN_POINT('',(-2.1E0,1.683479259195E-2,6.283669585184E-1));
#4468=VERTEX_POINT('',#4466);
#4469=VERTEX_POINT('',#4467);
#4470=CARTESIAN_POINT('',(-2.48E0,1.017544467966E-1,3.546491106407E-1));
#4471=CARTESIAN_POINT('',(-2.48E0,1.683479259195E-2,3.716330414816E-1));
#4472=VERTEX_POINT('',#4470);
#4473=VERTEX_POINT('',#4471);
#4474=CARTESIAN_POINT('',(-2.48E0,1.017544467966E-1,6.453508893593E-1));
#4475=CARTESIAN_POINT('',(-2.48E0,1.683479259195E-2,6.283669585184E-1));
#4476=VERTEX_POINT('',#4474);
#4477=VERTEX_POINT('',#4475);
#4478=CARTESIAN_POINT('',(-2.1E0,1.683479259195E-2,8.716330414816E-1));
#4479=CARTESIAN_POINT('',(-2.1E0,1.683479259195E-2,1.128366958518E0));
#4480=VERTEX_POINT('',#4478);
#4481=VERTEX_POINT('',#4479);
#4482=CARTESIAN_POINT('',(-2.48E0,1.017544467966E-1,8.546491106407E-1));
#4483=CARTESIAN_POINT('',(-2.48E0,1.683479259195E-2,8.716330414816E-1));
#4484=VERTEX_POINT('',#4482);
#4485=VERTEX_POINT('',#4483);
#4486=CARTESIAN_POINT('',(-2.48E0,1.017544467966E-1,1.145350889359E0));
#4487=CARTESIAN_POINT('',(-2.48E0,1.683479259195E-2,1.128366958518E0));
#4488=VERTEX_POINT('',#4486);
#4489=VERTEX_POINT('',#4487);
#4490=CARTESIAN_POINT('',(2.1E0,1.683479259195E-2,-1.128366958518E0));
#4491=CARTESIAN_POINT('',(2.1E0,1.683479259195E-2,-8.716330414816E-1));
#4492=VERTEX_POINT('',#4490);
#4493=VERTEX_POINT('',#4491);
#4494=CARTESIAN_POINT('',(2.48E0,1.017544467966E-1,-1.145350889359E0));
#4495=CARTESIAN_POINT('',(2.48E0,1.683479259195E-2,-1.128366958518E0));
#4496=VERTEX_POINT('',#4494);
#4497=VERTEX_POINT('',#4495);
#4498=CARTESIAN_POINT('',(2.48E0,1.017544467966E-1,-8.546491106407E-1));
#4499=CARTESIAN_POINT('',(2.48E0,1.683479259195E-2,-8.716330414816E-1));
#4500=VERTEX_POINT('',#4498);
#4501=VERTEX_POINT('',#4499);
#4502=CARTESIAN_POINT('',(2.1E0,1.683479259195E-2,-6.283669585184E-1));
#4503=CARTESIAN_POINT('',(2.1E0,1.683479259195E-2,-3.716330414816E-1));
#4504=VERTEX_POINT('',#4502);
#4505=VERTEX_POINT('',#4503);
#4506=CARTESIAN_POINT('',(2.48E0,1.017544467966E-1,-6.453508893593E-1));
#4507=CARTESIAN_POINT('',(2.48E0,1.683479259195E-2,-6.283669585184E-1));
#4508=VERTEX_POINT('',#4506);
#4509=VERTEX_POINT('',#4507);
#4510=CARTESIAN_POINT('',(2.48E0,1.017544467966E-1,-3.546491106407E-1));
#4511=CARTESIAN_POINT('',(2.48E0,1.683479259195E-2,-3.716330414816E-1));
#4512=VERTEX_POINT('',#4510);
#4513=VERTEX_POINT('',#4511);
#4514=CARTESIAN_POINT('',(2.1E0,1.683479259195E-2,-1.283669585184E-1));
#4515=CARTESIAN_POINT('',(2.1E0,1.683479259195E-2,1.283669585184E-1));
#4516=VERTEX_POINT('',#4514);
#4517=VERTEX_POINT('',#4515);
#4518=CARTESIAN_POINT('',(2.48E0,1.017544467966E-1,-1.453508893593E-1));
#4519=CARTESIAN_POINT('',(2.48E0,1.683479259195E-2,-1.283669585184E-1));
#4520=VERTEX_POINT('',#4518);
#4521=VERTEX_POINT('',#4519);
#4522=CARTESIAN_POINT('',(2.48E0,1.017544467966E-1,1.453508893593E-1));
#4523=CARTESIAN_POINT('',(2.48E0,1.683479259195E-2,1.283669585184E-1));
#4524=VERTEX_POINT('',#4522);
#4525=VERTEX_POINT('',#4523);
#4526=CARTESIAN_POINT('',(2.1E0,1.683479259195E-2,3.716330414816E-1));
#4527=CARTESIAN_POINT('',(2.1E0,1.683479259195E-2,6.283669585184E-1));
#4528=VERTEX_POINT('',#4526);
#4529=VERTEX_POINT('',#4527);
#4530=CARTESIAN_POINT('',(2.48E0,1.017544467966E-1,3.546491106407E-1));
#4531=CARTESIAN_POINT('',(2.48E0,1.683479259195E-2,3.716330414816E-1));
#4532=VERTEX_POINT('',#4530);
#4533=VERTEX_POINT('',#4531);
#4534=CARTESIAN_POINT('',(2.48E0,1.017544467966E-1,6.453508893593E-1));
#4535=CARTESIAN_POINT('',(2.48E0,1.683479259195E-2,6.283669585184E-1));
#4536=VERTEX_POINT('',#4534);
#4537=VERTEX_POINT('',#4535);
#4538=CARTESIAN_POINT('',(2.1E0,1.683479259195E-2,8.716330414816E-1));
#4539=CARTESIAN_POINT('',(2.1E0,1.683479259195E-2,1.128366958518E0));
#4540=VERTEX_POINT('',#4538);
#4541=VERTEX_POINT('',#4539);
#4542=CARTESIAN_POINT('',(2.48E0,1.017544467966E-1,8.546491106407E-1));
#4543=CARTESIAN_POINT('',(2.48E0,1.683479259195E-2,8.716330414816E-1));
#4544=VERTEX_POINT('',#4542);
#4545=VERTEX_POINT('',#4543);
#4546=CARTESIAN_POINT('',(2.48E0,1.017544467966E-1,1.145350889359E0));
#4547=CARTESIAN_POINT('',(2.48E0,1.683479259195E-2,1.128366958518E0));
#4548=VERTEX_POINT('',#4546);
#4549=VERTEX_POINT('',#4547);
#4550=CARTESIAN_POINT('',(1.628366958518E0,1.683479259195E-2,-1.6E0));
#4551=CARTESIAN_POINT('',(1.371633041482E0,1.683479259195E-2,-1.6E0));
#4552=VERTEX_POINT('',#4550);
#4553=VERTEX_POINT('',#4551);
#4554=CARTESIAN_POINT('',(1.628366958518E0,1.683479259195E-2,
-1.980656600008E0));
#4555=VERTEX_POINT('',#4554);
#4556=CARTESIAN_POINT('',(1.645382756440E0,1.019137822009E-1,
-1.980656600008E0));
#4557=VERTEX_POINT('',#4556);
#4558=CARTESIAN_POINT('',(1.371633041482E0,1.683479259195E-2,
-1.980656600008E0));
#4559=VERTEX_POINT('',#4558);
#4560=CARTESIAN_POINT('',(1.354617243560E0,1.019137822009E-1,
-1.980656600008E0));
#4561=VERTEX_POINT('',#4560);
#4562=CARTESIAN_POINT('',(1.128366958518E0,1.683479259195E-2,-1.6E0));
#4563=CARTESIAN_POINT('',(8.716330414816E-1,1.683479259195E-2,-1.6E0));
#4564=VERTEX_POINT('',#4562);
#4565=VERTEX_POINT('',#4563);
#4566=CARTESIAN_POINT('',(1.128366958518E0,1.683479259195E-2,
-1.980656600008E0));
#4567=VERTEX_POINT('',#4566);
#4568=CARTESIAN_POINT('',(1.145382756440E0,1.019137822009E-1,
-1.980656600008E0));
#4569=VERTEX_POINT('',#4568);
#4570=CARTESIAN_POINT('',(8.716330414816E-1,1.683479259195E-2,
-1.980656600008E0));
#4571=VERTEX_POINT('',#4570);
#4572=CARTESIAN_POINT('',(8.546172435598E-1,1.019137822009E-1,
-1.980656600008E0));
#4573=VERTEX_POINT('',#4572);
#4574=CARTESIAN_POINT('',(6.283669585184E-1,1.683479259195E-2,-1.6E0));
#4575=CARTESIAN_POINT('',(3.716330414816E-1,1.683479259195E-2,-1.6E0));
#4576=VERTEX_POINT('',#4574);
#4577=VERTEX_POINT('',#4575);
#4578=CARTESIAN_POINT('',(6.283669585184E-1,1.683479259195E-2,
-1.980656600008E0));
#4579=VERTEX_POINT('',#4578);
#4580=CARTESIAN_POINT('',(6.453827564402E-1,1.019137822009E-1,
-1.980656600008E0));
#4581=VERTEX_POINT('',#4580);
#4582=CARTESIAN_POINT('',(3.716330414816E-1,1.683479259195E-2,
-1.980656600008E0));
#4583=VERTEX_POINT('',#4582);
#4584=CARTESIAN_POINT('',(3.546172435598E-1,1.019137822009E-1,
-1.980656600008E0));
#4585=VERTEX_POINT('',#4584);
#4586=CARTESIAN_POINT('',(1.283669585184E-1,1.683479259195E-2,-1.6E0));
#4587=CARTESIAN_POINT('',(-1.283669585184E-1,1.683479259195E-2,-1.6E0));
#4588=VERTEX_POINT('',#4586);
#4589=VERTEX_POINT('',#4587);
#4590=CARTESIAN_POINT('',(1.283669585184E-1,1.683479259195E-2,
-1.980656600008E0));
#4591=VERTEX_POINT('',#4590);
#4592=CARTESIAN_POINT('',(1.453827564402E-1,1.019137822009E-1,
-1.980656600008E0));
#4593=VERTEX_POINT('',#4592);
#4594=CARTESIAN_POINT('',(-1.283669585184E-1,1.683479259195E-2,
-1.980656600008E0));
#4595=VERTEX_POINT('',#4594);
#4596=CARTESIAN_POINT('',(-1.453827564402E-1,1.019137822009E-1,
-1.980656600008E0));
#4597=VERTEX_POINT('',#4596);
#4598=CARTESIAN_POINT('',(-3.716330414816E-1,1.683479259195E-2,-1.6E0));
#4599=CARTESIAN_POINT('',(-6.283669585184E-1,1.683479259195E-2,-1.6E0));
#4600=VERTEX_POINT('',#4598);
#4601=VERTEX_POINT('',#4599);
#4602=CARTESIAN_POINT('',(-3.716330414816E-1,1.683479259195E-2,
-1.980656600008E0));
#4603=VERTEX_POINT('',#4602);
#4604=CARTESIAN_POINT('',(-3.546172435598E-1,1.019137822009E-1,
-1.980656600008E0));
#4605=VERTEX_POINT('',#4604);
#4606=CARTESIAN_POINT('',(-6.283669585184E-1,1.683479259195E-2,
-1.980656600008E0));
#4607=VERTEX_POINT('',#4606);
#4608=CARTESIAN_POINT('',(-6.453827564402E-1,1.019137822009E-1,
-1.980656600008E0));
#4609=VERTEX_POINT('',#4608);
#4610=CARTESIAN_POINT('',(-8.716330414816E-1,1.683479259195E-2,-1.6E0));
#4611=CARTESIAN_POINT('',(-1.128366958518E0,1.683479259195E-2,-1.6E0));
#4612=VERTEX_POINT('',#4610);
#4613=VERTEX_POINT('',#4611);
#4614=CARTESIAN_POINT('',(-8.716330414816E-1,1.683479259195E-2,
-1.980656600008E0));
#4615=VERTEX_POINT('',#4614);
#4616=CARTESIAN_POINT('',(-8.546172435598E-1,1.019137822009E-1,
-1.980656600008E0));
#4617=VERTEX_POINT('',#4616);
#4618=CARTESIAN_POINT('',(-1.128366958518E0,1.683479259195E-2,
-1.980656600008E0));
#4619=VERTEX_POINT('',#4618);
#4620=CARTESIAN_POINT('',(-1.145382756440E0,1.019137822009E-1,
-1.980656600008E0));
#4621=VERTEX_POINT('',#4620);
#4622=CARTESIAN_POINT('',(-1.371633041482E0,1.683479259195E-2,-1.6E0));
#4623=CARTESIAN_POINT('',(-1.628366958518E0,1.683479259195E-2,-1.6E0));
#4624=VERTEX_POINT('',#4622);
#4625=VERTEX_POINT('',#4623);
#4626=CARTESIAN_POINT('',(-1.371633041482E0,1.683479259195E-2,
-1.980656600008E0));
#4627=VERTEX_POINT('',#4626);
#4628=CARTESIAN_POINT('',(-1.354617243560E0,1.019137822009E-1,
-1.980656600008E0));
#4629=VERTEX_POINT('',#4628);
#4630=CARTESIAN_POINT('',(-1.628366958518E0,1.683479259195E-2,
-1.980656600008E0));
#4631=VERTEX_POINT('',#4630);
#4632=CARTESIAN_POINT('',(-1.645382756440E0,1.019137822009E-1,
-1.980656600008E0));
#4633=VERTEX_POINT('',#4632);
#4634=CARTESIAN_POINT('',(1.628366958518E0,1.683479259195E-2,1.6E0));
#4635=CARTESIAN_POINT('',(1.371633041482E0,1.683479259195E-2,1.6E0));
#4636=VERTEX_POINT('',#4634);
#4637=VERTEX_POINT('',#4635);
#4638=CARTESIAN_POINT('',(1.628366958518E0,1.683479259195E-2,1.980481988881E0));
#4639=VERTEX_POINT('',#4638);
#4640=CARTESIAN_POINT('',(1.645374140789E0,1.018707039459E-1,1.980481988881E0));
#4641=VERTEX_POINT('',#4640);
#4642=CARTESIAN_POINT('',(1.371633041482E0,1.683479259195E-2,1.980481988881E0));
#4643=VERTEX_POINT('',#4642);
#4644=CARTESIAN_POINT('',(1.354625859211E0,1.018707039459E-1,1.980481988881E0));
#4645=VERTEX_POINT('',#4644);
#4646=CARTESIAN_POINT('',(1.128366958518E0,1.683479259195E-2,1.6E0));
#4647=CARTESIAN_POINT('',(8.716330414816E-1,1.683479259195E-2,1.6E0));
#4648=VERTEX_POINT('',#4646);
#4649=VERTEX_POINT('',#4647);
#4650=CARTESIAN_POINT('',(1.128366958518E0,1.683479259195E-2,1.980481988881E0));
#4651=VERTEX_POINT('',#4650);
#4652=CARTESIAN_POINT('',(1.145374140789E0,1.018707039459E-1,1.980481988881E0));
#4653=VERTEX_POINT('',#4652);
#4654=CARTESIAN_POINT('',(8.716330414816E-1,1.683479259195E-2,
1.980481988881E0));
#4655=VERTEX_POINT('',#4654);
#4656=CARTESIAN_POINT('',(8.546258592108E-1,1.018707039459E-1,
1.980481988881E0));
#4657=VERTEX_POINT('',#4656);
#4658=CARTESIAN_POINT('',(6.283669585184E-1,1.683479259195E-2,1.6E0));
#4659=CARTESIAN_POINT('',(3.716330414816E-1,1.683479259195E-2,1.6E0));
#4660=VERTEX_POINT('',#4658);
#4661=VERTEX_POINT('',#4659);
#4662=CARTESIAN_POINT('',(6.283669585184E-1,1.683479259195E-2,
1.980481988881E0));
#4663=VERTEX_POINT('',#4662);
#4664=CARTESIAN_POINT('',(6.453741407892E-1,1.018707039459E-1,
1.980481988881E0));
#4665=VERTEX_POINT('',#4664);
#4666=CARTESIAN_POINT('',(3.716330414816E-1,1.683479259195E-2,
1.980481988881E0));
#4667=VERTEX_POINT('',#4666);
#4668=CARTESIAN_POINT('',(3.546258592108E-1,1.018707039459E-1,
1.980481988881E0));
#4669=VERTEX_POINT('',#4668);
#4670=CARTESIAN_POINT('',(1.283669585184E-1,1.683479259195E-2,1.6E0));
#4671=CARTESIAN_POINT('',(-1.283669585184E-1,1.683479259195E-2,1.6E0));
#4672=VERTEX_POINT('',#4670);
#4673=VERTEX_POINT('',#4671);
#4674=CARTESIAN_POINT('',(1.283669585184E-1,1.683479259195E-2,
1.980481988881E0));
#4675=VERTEX_POINT('',#4674);
#4676=CARTESIAN_POINT('',(1.453741407892E-1,1.018707039459E-1,
1.980481988881E0));
#4677=VERTEX_POINT('',#4676);
#4678=CARTESIAN_POINT('',(-1.283669585184E-1,1.683479259195E-2,
1.980481988881E0));
#4679=VERTEX_POINT('',#4678);
#4680=CARTESIAN_POINT('',(-1.453741407892E-1,1.018707039459E-1,
1.980481988881E0));
#4681=VERTEX_POINT('',#4680);
#4682=CARTESIAN_POINT('',(-3.716330414816E-1,1.683479259195E-2,1.6E0));
#4683=CARTESIAN_POINT('',(-6.283669585184E-1,1.683479259195E-2,1.6E0));
#4684=VERTEX_POINT('',#4682);
#4685=VERTEX_POINT('',#4683);
#4686=CARTESIAN_POINT('',(-3.716330414816E-1,1.683479259195E-2,
1.980481988881E0));
#4687=VERTEX_POINT('',#4686);
#4688=CARTESIAN_POINT('',(-3.546258592108E-1,1.018707039459E-1,
1.980481988881E0));
#4689=VERTEX_POINT('',#4688);
#4690=CARTESIAN_POINT('',(-6.283669585184E-1,1.683479259195E-2,
1.980481988881E0));
#4691=VERTEX_POINT('',#4690);
#4692=CARTESIAN_POINT('',(-6.453741407892E-1,1.018707039459E-1,
1.980481988881E0));
#4693=VERTEX_POINT('',#4692);
#4694=CARTESIAN_POINT('',(-8.716330414816E-1,1.683479259195E-2,1.6E0));
#4695=CARTESIAN_POINT('',(-1.128366958518E0,1.683479259195E-2,1.6E0));
#4696=VERTEX_POINT('',#4694);
#4697=VERTEX_POINT('',#4695);
#4698=CARTESIAN_POINT('',(-8.716330414816E-1,1.683479259195E-2,
1.980481988881E0));
#4699=VERTEX_POINT('',#4698);
#4700=CARTESIAN_POINT('',(-8.546258592108E-1,1.018707039459E-1,
1.980481988881E0));
#4701=VERTEX_POINT('',#4700);
#4702=CARTESIAN_POINT('',(-1.128366958518E0,1.683479259195E-2,
1.980481988881E0));
#4703=VERTEX_POINT('',#4702);
#4704=CARTESIAN_POINT('',(-1.145374140789E0,1.018707039459E-1,
1.980481988881E0));
#4705=VERTEX_POINT('',#4704);
#4706=CARTESIAN_POINT('',(-1.371633041482E0,1.683479259195E-2,1.6E0));
#4707=CARTESIAN_POINT('',(-1.628366958518E0,1.683479259195E-2,1.6E0));
#4708=VERTEX_POINT('',#4706);
#4709=VERTEX_POINT('',#4707);
#4710=CARTESIAN_POINT('',(-1.371633041482E0,1.683479259195E-2,
1.980481988881E0));
#4711=VERTEX_POINT('',#4710);
#4712=CARTESIAN_POINT('',(-1.354625859211E0,1.018707039459E-1,
1.980481988881E0));
#4713=VERTEX_POINT('',#4712);
#4714=CARTESIAN_POINT('',(-1.628366958518E0,1.683479259195E-2,
1.980481988881E0));
#4715=VERTEX_POINT('',#4714);
#4716=CARTESIAN_POINT('',(-1.645374140789E0,1.018707039459E-1,
1.980481988881E0));
#4717=VERTEX_POINT('',#4716);
#4718=CARTESIAN_POINT('',(1.549169794181E0,1.683479259195E-2,
-1.301427163424E0));
#4719=CARTESIAN_POINT('',(-1.801420041569E0,1.683479259195E-2,
-1.301420046796E0));
#4720=VERTEX_POINT('',#4718);
#4721=VERTEX_POINT('',#4719);
#4722=CARTESIAN_POINT('',(-1.801420046796E0,1.683479259195E-2,
1.301420041569E0));
#4723=VERTEX_POINT('',#4722);
#4724=CARTESIAN_POINT('',(1.801420041569E0,1.683479259195E-2,1.301420046796E0));
#4725=VERTEX_POINT('',#4724);
#4726=CARTESIAN_POINT('',(1.801427163424E0,1.683479259195E-2,
-1.049169794181E0));
#4727=VERTEX_POINT('',#4726);
#4728=CARTESIAN_POINT('',(0.E0,0.E0,0.E0));
#4729=DIRECTION('',(0.E0,1.E0,0.E0));
#4730=DIRECTION('',(1.E0,0.E0,0.E0));
#4731=AXIS2_PLACEMENT_3D('',#4728,#4729,#4730);
#4732=PLANE('',#4731);
#4734=ORIENTED_EDGE('',*,*,#4733,.T.);
#4736=ORIENTED_EDGE('',*,*,#4735,.F.);
#4738=ORIENTED_EDGE('',*,*,#4737,.T.);
#4740=ORIENTED_EDGE('',*,*,#4739,.T.);
#4742=ORIENTED_EDGE('',*,*,#4741,.T.);
#4744=ORIENTED_EDGE('',*,*,#4743,.F.);
#4746=ORIENTED_EDGE('',*,*,#4745,.T.);
#4748=ORIENTED_EDGE('',*,*,#4747,.T.);
#4750=ORIENTED_EDGE('',*,*,#4749,.T.);
#4752=ORIENTED_EDGE('',*,*,#4751,.F.);
#4754=ORIENTED_EDGE('',*,*,#4753,.T.);
#4756=ORIENTED_EDGE('',*,*,#4755,.T.);
#4758=ORIENTED_EDGE('',*,*,#4757,.T.);
#4760=ORIENTED_EDGE('',*,*,#4759,.F.);
#4762=ORIENTED_EDGE('',*,*,#4761,.T.);
#4764=ORIENTED_EDGE('',*,*,#4763,.T.);
#4766=ORIENTED_EDGE('',*,*,#4765,.T.);
#4768=ORIENTED_EDGE('',*,*,#4767,.F.);
#4770=ORIENTED_EDGE('',*,*,#4769,.T.);
#4772=ORIENTED_EDGE('',*,*,#4771,.T.);
#4774=ORIENTED_EDGE('',*,*,#4773,.T.);
#4776=ORIENTED_EDGE('',*,*,#4775,.F.);
#4778=ORIENTED_EDGE('',*,*,#4777,.F.);
#4780=ORIENTED_EDGE('',*,*,#4779,.T.);
#4782=ORIENTED_EDGE('',*,*,#4781,.T.);
#4784=ORIENTED_EDGE('',*,*,#4783,.F.);
#4786=ORIENTED_EDGE('',*,*,#4785,.F.);
#4788=ORIENTED_EDGE('',*,*,#4787,.T.);
#4790=ORIENTED_EDGE('',*,*,#4789,.T.);
#4792=ORIENTED_EDGE('',*,*,#4791,.F.);
#4794=ORIENTED_EDGE('',*,*,#4793,.F.);
#4796=ORIENTED_EDGE('',*,*,#4795,.T.);
#4798=ORIENTED_EDGE('',*,*,#4797,.T.);
#4800=ORIENTED_EDGE('',*,*,#4799,.F.);
#4802=ORIENTED_EDGE('',*,*,#4801,.F.);
#4804=ORIENTED_EDGE('',*,*,#4803,.T.);
#4806=ORIENTED_EDGE('',*,*,#4805,.T.);
#4808=ORIENTED_EDGE('',*,*,#4807,.F.);
#4810=ORIENTED_EDGE('',*,*,#4809,.F.);
#4812=ORIENTED_EDGE('',*,*,#4811,.T.);
#4814=ORIENTED_EDGE('',*,*,#4813,.T.);
#4816=ORIENTED_EDGE('',*,*,#4815,.F.);
#4818=ORIENTED_EDGE('',*,*,#4817,.F.);
#4820=ORIENTED_EDGE('',*,*,#4819,.T.);
#4822=ORIENTED_EDGE('',*,*,#4821,.T.);
#4824=ORIENTED_EDGE('',*,*,#4823,.F.);
#4826=ORIENTED_EDGE('',*,*,#4825,.F.);
#4828=ORIENTED_EDGE('',*,*,#4827,.T.);
#4830=ORIENTED_EDGE('',*,*,#4829,.T.);
#4832=ORIENTED_EDGE('',*,*,#4831,.T.);
#4834=ORIENTED_EDGE('',*,*,#4833,.F.);
#4836=ORIENTED_EDGE('',*,*,#4835,.F.);
#4838=ORIENTED_EDGE('',*,*,#4837,.T.);
#4840=ORIENTED_EDGE('',*,*,#4839,.T.);
#4842=ORIENTED_EDGE('',*,*,#4841,.F.);
#4844=ORIENTED_EDGE('',*,*,#4843,.F.);
#4846=ORIENTED_EDGE('',*,*,#4845,.T.);
#4848=ORIENTED_EDGE('',*,*,#4847,.T.);
#4850=ORIENTED_EDGE('',*,*,#4849,.F.);
#4852=ORIENTED_EDGE('',*,*,#4851,.F.);
#4854=ORIENTED_EDGE('',*,*,#4853,.T.);
#4856=ORIENTED_EDGE('',*,*,#4855,.T.);
#4858=ORIENTED_EDGE('',*,*,#4857,.F.);
#4860=ORIENTED_EDGE('',*,*,#4859,.F.);
#4862=ORIENTED_EDGE('',*,*,#4861,.T.);
#4864=ORIENTED_EDGE('',*,*,#4863,.T.);
#4866=ORIENTED_EDGE('',*,*,#4865,.F.);
#4868=ORIENTED_EDGE('',*,*,#4867,.F.);
#4870=ORIENTED_EDGE('',*,*,#4869,.T.);
#4872=ORIENTED_EDGE('',*,*,#4871,.T.);
#4874=ORIENTED_EDGE('',*,*,#4873,.T.);
#4876=ORIENTED_EDGE('',*,*,#4875,.T.);
#4878=ORIENTED_EDGE('',*,*,#4877,.F.);
#4880=ORIENTED_EDGE('',*,*,#4879,.T.);
#4882=ORIENTED_EDGE('',*,*,#4881,.T.);
#4884=ORIENTED_EDGE('',*,*,#4883,.T.);
#4886=ORIENTED_EDGE('',*,*,#4885,.F.);
#4888=ORIENTED_EDGE('',*,*,#4887,.T.);
#4890=ORIENTED_EDGE('',*,*,#4889,.T.);
#4892=ORIENTED_EDGE('',*,*,#4891,.T.);
#4894=ORIENTED_EDGE('',*,*,#4893,.F.);
#4896=ORIENTED_EDGE('',*,*,#4895,.T.);
#4898=ORIENTED_EDGE('',*,*,#4897,.T.);
#4900=ORIENTED_EDGE('',*,*,#4899,.T.);
#4902=ORIENTED_EDGE('',*,*,#4901,.F.);
#4904=ORIENTED_EDGE('',*,*,#4903,.T.);
#4906=ORIENTED_EDGE('',*,*,#4905,.T.);
#4908=ORIENTED_EDGE('',*,*,#4907,.T.);
#4910=ORIENTED_EDGE('',*,*,#4909,.F.);
#4912=ORIENTED_EDGE('',*,*,#4911,.T.);
#4914=ORIENTED_EDGE('',*,*,#4913,.T.);
#4916=ORIENTED_EDGE('',*,*,#4915,.T.);
#4918=ORIENTED_EDGE('',*,*,#4917,.F.);
#4920=ORIENTED_EDGE('',*,*,#4919,.T.);
#4922=ORIENTED_EDGE('',*,*,#4921,.T.);
#4924=ORIENTED_EDGE('',*,*,#4923,.T.);
#4926=ORIENTED_EDGE('',*,*,#4925,.F.);
#4928=ORIENTED_EDGE('',*,*,#4927,.T.);
#4930=ORIENTED_EDGE('',*,*,#4929,.T.);
#4932=ORIENTED_EDGE('',*,*,#4931,.T.);
#4933=EDGE_LOOP('',(#4734,#4736,#4738,#4740,#4742,#4744,#4746,#4748,#4750,#4752,
#4754,#4756,#4758,#4760,#4762,#4764,#4766,#4768,#4770,#4772,#4774,#4776,#4778,
#4780,#4782,#4784,#4786,#4788,#4790,#4792,#4794,#4796,#4798,#4800,#4802,#4804,
#4806,#4808,#4810,#4812,#4814,#4816,#4818,#4820,#4822,#4824,#4826,#4828,#4830,
#4832,#4834,#4836,#4838,#4840,#4842,#4844,#4846,#4848,#4850,#4852,#4854,#4856,
#4858,#4860,#4862,#4864,#4866,#4868,#4870,#4872,#4874,#4876,#4878,#4880,#4882,
#4884,#4886,#4888,#4890,#4892,#4894,#4896,#4898,#4900,#4902,#4904,#4906,#4908,
#4910,#4912,#4914,#4916,#4918,#4920,#4922,#4924,#4926,#4928,#4930,#4932));
#4934=FACE_OUTER_BOUND('',#4933,.F.);
#4936=ORIENTED_EDGE('',*,*,#4935,.F.);
#4938=ORIENTED_EDGE('',*,*,#4937,.F.);
#4940=ORIENTED_EDGE('',*,*,#4939,.F.);
#4942=ORIENTED_EDGE('',*,*,#4941,.F.);
#4944=ORIENTED_EDGE('',*,*,#4943,.F.);
#4945=EDGE_LOOP('',(#4936,#4938,#4940,#4942,#4944));
#4946=FACE_BOUND('',#4945,.F.);
#4947=ADVANCED_FACE('',(#4934,#4946),#4732,.F.);
#4948=CARTESIAN_POINT('',(-2.1E0,0.E0,0.E0));
#4949=DIRECTION('',(1.E0,0.E0,0.E0));
#4950=DIRECTION('',(0.E0,0.E0,1.E0));
#4951=AXIS2_PLACEMENT_3D('',#4948,#4949,#4950);
#4952=PLANE('',#4951);
#4953=ORIENTED_EDGE('',*,*,#4733,.F.);
#4955=ORIENTED_EDGE('',*,*,#4954,.T.);
#4957=ORIENTED_EDGE('',*,*,#4956,.T.);
#4959=ORIENTED_EDGE('',*,*,#4958,.T.);
#4960=EDGE_LOOP('',(#4953,#4955,#4957,#4959));
#4961=FACE_OUTER_BOUND('',#4960,.F.);
#4962=ADVANCED_FACE('',(#4961),#4952,.F.);
#4963=CARTESIAN_POINT('',(-2.55E0,0.E0,-1.125E0));
#4964=DIRECTION('',(0.E0,-1.961161351382E-1,-9.805806756909E-1));
#4965=DIRECTION('',(0.E0,9.805806756909E-1,-1.961161351382E-1));
#4966=AXIS2_PLACEMENT_3D('',#4963,#4964,#4965);
#4967=PLANE('',#4966);
#4968=ORIENTED_EDGE('',*,*,#4931,.F.);
#4970=ORIENTED_EDGE('',*,*,#4969,.T.);
#4972=ORIENTED_EDGE('',*,*,#4971,.F.);
#4974=ORIENTED_EDGE('',*,*,#4973,.T.);
#4976=ORIENTED_EDGE('',*,*,#4975,.F.);
#4977=ORIENTED_EDGE('',*,*,#4954,.F.);
#4978=EDGE_LOOP('',(#4968,#4970,#4972,#4974,#4976,#4977));
#4979=FACE_OUTER_BOUND('',#4978,.F.);
#4980=ADVANCED_FACE('',(#4979),#4967,.F.);
#4981=CARTESIAN_POINT('',(-2.5E0,0.E0,-2.E0));
#4982=DIRECTION('',(-1.E0,0.E0,0.E0));
#4983=DIRECTION('',(0.E0,0.E0,1.E0));
#4984=AXIS2_PLACEMENT_3D('',#4981,#4982,#4983);
#4985=PLANE('',#4984);
#4986=ORIENTED_EDGE('',*,*,#4969,.F.);
#4987=ORIENTED_EDGE('',*,*,#4929,.F.);
#4989=ORIENTED_EDGE('',*,*,#4988,.T.);
#4991=ORIENTED_EDGE('',*,*,#4990,.T.);
#4993=ORIENTED_EDGE('',*,*,#4992,.F.);
#4994=ORIENTED_EDGE('',*,*,#4769,.F.);
#4996=ORIENTED_EDGE('',*,*,#4995,.F.);
#4998=ORIENTED_EDGE('',*,*,#4997,.T.);
#5000=ORIENTED_EDGE('',*,*,#4999,.F.);
#5001=ORIENTED_EDGE('',*,*,#4761,.F.);
#5003=ORIENTED_EDGE('',*,*,#5002,.F.);
#5005=ORIENTED_EDGE('',*,*,#5004,.T.);
#5007=ORIENTED_EDGE('',*,*,#5006,.F.);
#5008=ORIENTED_EDGE('',*,*,#4753,.F.);
#5010=ORIENTED_EDGE('',*,*,#5009,.F.);
#5012=ORIENTED_EDGE('',*,*,#5011,.T.);
#5014=ORIENTED_EDGE('',*,*,#5013,.F.);
#5015=ORIENTED_EDGE('',*,*,#4745,.F.);
#5017=ORIENTED_EDGE('',*,*,#5016,.F.);
#5019=ORIENTED_EDGE('',*,*,#5018,.T.);
#5021=ORIENTED_EDGE('',*,*,#5020,.F.);
#5022=ORIENTED_EDGE('',*,*,#4737,.F.);
#5024=ORIENTED_EDGE('',*,*,#5023,.F.);
#5026=ORIENTED_EDGE('',*,*,#5025,.T.);
#5027=EDGE_LOOP('',(#4986,#4987,#4989,#4991,#4993,#4994,#4996,#4998,#5000,#5001,
#5003,#5005,#5007,#5008,#5010,#5012,#5014,#5015,#5017,#5019,#5021,#5022,#5024,
#5026));
#5028=FACE_OUTER_BOUND('',#5027,.F.);
#5030=ORIENTED_EDGE('',*,*,#5029,.F.);
#5032=ORIENTED_EDGE('',*,*,#5031,.T.);
#5034=ORIENTED_EDGE('',*,*,#5033,.T.);
#5036=ORIENTED_EDGE('',*,*,#5035,.F.);
#5037=EDGE_LOOP('',(#5030,#5032,#5034,#5036));
#5038=FACE_BOUND('',#5037,.F.);
#5040=ORIENTED_EDGE('',*,*,#5039,.F.);
#5042=ORIENTED_EDGE('',*,*,#5041,.T.);
#5044=ORIENTED_EDGE('',*,*,#5043,.F.);
#5046=ORIENTED_EDGE('',*,*,#5045,.F.);
#5047=EDGE_LOOP('',(#5040,#5042,#5044,#5046));
#5048=FACE_BOUND('',#5047,.F.);
#5049=ADVANCED_FACE('',(#5028,#5038,#5048),#4985,.T.);
#5050=CARTESIAN_POINT('',(0.E0,2.E-1,0.E0));
#5051=DIRECTION('',(0.E0,1.E0,0.E0));
#5052=DIRECTION('',(1.E0,0.E0,0.E0));
#5053=AXIS2_PLACEMENT_3D('',#5050,#5051,#5052);
#5054=PLANE('',#5053);
#5055=ORIENTED_EDGE('',*,*,#5029,.T.);
#5057=ORIENTED_EDGE('',*,*,#5056,.F.);
#5059=ORIENTED_EDGE('',*,*,#5058,.T.);
#5061=ORIENTED_EDGE('',*,*,#5060,.T.);
#5062=EDGE_LOOP('',(#5055,#5057,#5059,#5061));
#5063=FACE_OUTER_BOUND('',#5062,.F.);
#5064=ADVANCED_FACE('',(#5063),#5054,.F.);
#5065=CARTESIAN_POINT('',(0.E0,2.E-1,0.E0));
#5066=DIRECTION('',(0.E0,1.E0,0.E0));
#5067=DIRECTION('',(1.E0,0.E0,0.E0));
#5068=AXIS2_PLACEMENT_3D('',#5065,#5066,#5067);
#5069=PLANE('',#5068);
#5070=ORIENTED_EDGE('',*,*,#5039,.T.);
#5072=ORIENTED_EDGE('',*,*,#5071,.T.);
#5074=ORIENTED_EDGE('',*,*,#5073,.T.);
#5076=ORIENTED_EDGE('',*,*,#5075,.T.);
#5077=EDGE_LOOP('',(#5070,#5072,#5074,#5076));
#5078=FACE_OUTER_BOUND('',#5077,.F.);
#5079=ADVANCED_FACE('',(#5078),#5069,.F.);
#5080=CARTESIAN_POINT('',(0.E0,2.E-1,0.E0));
#5081=DIRECTION('',(0.E0,1.E0,0.E0));
#5082=DIRECTION('',(1.E0,0.E0,0.E0));
#5083=AXIS2_PLACEMENT_3D('',#5080,#5081,#5082);
#5084=PLANE('',#5083);
#5086=ORIENTED_EDGE('',*,*,#5085,.T.);
#5088=ORIENTED_EDGE('',*,*,#5087,.T.);
#5090=ORIENTED_EDGE('',*,*,#5089,.F.);
#5092=ORIENTED_EDGE('',*,*,#5091,.T.);
#5093=EDGE_LOOP('',(#5086,#5088,#5090,#5092));
#5094=FACE_OUTER_BOUND('',#5093,.F.);
#5095=ADVANCED_FACE('',(#5094),#5084,.F.);
#5096=CARTESIAN_POINT('',(0.E0,2.E-1,0.E0));
#5097=DIRECTION('',(0.E0,1.E0,0.E0));
#5098=DIRECTION('',(1.E0,0.E0,0.E0));
#5099=AXIS2_PLACEMENT_3D('',#5096,#5097,#5098);
#5100=PLANE('',#5099);
#5102=ORIENTED_EDGE('',*,*,#5101,.T.);
#5104=ORIENTED_EDGE('',*,*,#5103,.T.);
#5106=ORIENTED_EDGE('',*,*,#5105,.F.);
#5108=ORIENTED_EDGE('',*,*,#5107,.F.);
#5109=EDGE_LOOP('',(#5102,#5104,#5106,#5108));
#5110=FACE_OUTER_BOUND('',#5109,.F.);
#5111=ADVANCED_FACE('',(#5110),#5100,.F.);
#5112=CARTESIAN_POINT('',(0.E0,2.E-1,0.E0));
#5113=DIRECTION('',(0.E0,1.E0,0.E0));
#5114=DIRECTION('',(1.E0,0.E0,0.E0));
#5115=AXIS2_PLACEMENT_3D('',#5112,#5113,#5114);
#5116=PLANE('',#5115);
#5118=ORIENTED_EDGE('',*,*,#5117,.T.);
#5120=ORIENTED_EDGE('',*,*,#5119,.F.);
#5122=ORIENTED_EDGE('',*,*,#5121,.F.);
#5124=ORIENTED_EDGE('',*,*,#5123,.T.);
#5125=EDGE_LOOP('',(#5118,#5120,#5122,#5124));
#5126=FACE_OUTER_BOUND('',#5125,.F.);
#5127=ADVANCED_FACE('',(#5126),#5116,.F.);
#5128=CARTESIAN_POINT('',(0.E0,2.E-1,0.E0));
#5129=DIRECTION('',(0.E0,1.E0,0.E0));
#5130=DIRECTION('',(1.E0,0.E0,0.E0));
#5131=AXIS2_PLACEMENT_3D('',#5128,#5129,#5130);
#5132=PLANE('',#5131);
#5134=ORIENTED_EDGE('',*,*,#5133,.T.);
#5136=ORIENTED_EDGE('',*,*,#5135,.T.);
#5138=ORIENTED_EDGE('',*,*,#5137,.F.);
#5140=ORIENTED_EDGE('',*,*,#5139,.T.);
#5141=EDGE_LOOP('',(#5134,#5136,#5138,#5140));
#5142=FACE_OUTER_BOUND('',#5141,.F.);
#5143=ADVANCED_FACE('',(#5142),#5132,.F.);
#5144=CARTESIAN_POINT('',(0.E0,2.E-1,0.E0));
#5145=DIRECTION('',(0.E0,1.E0,0.E0));
#5146=DIRECTION('',(1.E0,0.E0,0.E0));
#5147=AXIS2_PLACEMENT_3D('',#5144,#5145,#5146);
#5148=PLANE('',#5147);
#5150=ORIENTED_EDGE('',*,*,#5149,.T.);
#5152=ORIENTED_EDGE('',*,*,#5151,.T.);
#5154=ORIENTED_EDGE('',*,*,#5153,.T.);
#5156=ORIENTED_EDGE('',*,*,#5155,.T.);
#5157=EDGE_LOOP('',(#5150,#5152,#5154,#5156));
#5158=FACE_OUTER_BOUND('',#5157,.F.);
#5159=ADVANCED_FACE('',(#5158),#5148,.F.);
#5160=CARTESIAN_POINT('',(0.E0,2.E-1,0.E0));
#5161=DIRECTION('',(0.E0,1.E0,0.E0));
#5162=DIRECTION('',(1.E0,0.E0,0.E0));
#5163=AXIS2_PLACEMENT_3D('',#5160,#5161,#5162);
#5164=PLANE('',#5163);
#5166=ORIENTED_EDGE('',*,*,#5165,.T.);
#5168=ORIENTED_EDGE('',*,*,#5167,.T.);
#5170=ORIENTED_EDGE('',*,*,#5169,.T.);
#5172=ORIENTED_EDGE('',*,*,#5171,.F.);
#5173=EDGE_LOOP('',(#5166,#5168,#5170,#5172));
#5174=FACE_OUTER_BOUND('',#5173,.F.);
#5175=ADVANCED_FACE('',(#5174),#5164,.F.);
#5176=CARTESIAN_POINT('',(-2.006066017178E0,2.E-1,-1.4E0));
#5177=DIRECTION('',(0.E0,0.E0,1.E0));
#5178=DIRECTION('',(-1.E0,0.E0,0.E0));
#5179=AXIS2_PLACEMENT_3D('',#5176,#5177,#5178);
#5180=PLANE('',#5179);
#5181=ORIENTED_EDGE('',*,*,#5035,.T.);
#5183=ORIENTED_EDGE('',*,*,#5182,.F.);
#5185=ORIENTED_EDGE('',*,*,#5184,.F.);
#5186=ORIENTED_EDGE('',*,*,#5056,.T.);
#5187=EDGE_LOOP('',(#5181,#5183,#5185,#5186));
#5188=FACE_OUTER_BOUND('',#5187,.F.);
#5189=ADVANCED_FACE('',(#5188),#5180,.F.);
#5190=CARTESIAN_POINT('',(0.E0,1.E-1,0.E0));
#5191=DIRECTION('',(0.E0,-1.E0,0.E0));
#5192=DIRECTION('',(-1.E0,0.E0,0.E0));
#5193=AXIS2_PLACEMENT_3D('',#5190,#5191,#5192);
#5194=PLANE('',#5193);
#5195=ORIENTED_EDGE('',*,*,#5033,.F.);
#5197=ORIENTED_EDGE('',*,*,#5196,.T.);
#5199=ORIENTED_EDGE('',*,*,#5198,.F.);
#5200=ORIENTED_EDGE('',*,*,#5182,.T.);
#5201=EDGE_LOOP('',(#5195,#5197,#5199,#5200));
#5202=FACE_OUTER_BOUND('',#5201,.F.);
#5203=ADVANCED_FACE('',(#5202),#5194,.F.);
#5204=CARTESIAN_POINT('',(0.E0,1.E-1,0.E0));
#5205=DIRECTION('',(0.E0,-1.E0,0.E0));
#5206=DIRECTION('',(-1.E0,0.E0,0.E0));
#5207=AXIS2_PLACEMENT_3D('',#5204,#5205,#5206);
#5208=PLANE('',#5207);
#5210=ORIENTED_EDGE('',*,*,#5209,.T.);
#5212=ORIENTED_EDGE('',*,*,#5211,.T.);
#5214=ORIENTED_EDGE('',*,*,#5213,.T.);
#5216=ORIENTED_EDGE('',*,*,#5215,.T.);
#5217=EDGE_LOOP('',(#5210,#5212,#5214,#5216));
#5218=FACE_OUTER_BOUND('',#5217,.F.);
#5219=ADVANCED_FACE('',(#5218),#5208,.F.);
#5220=CARTESIAN_POINT('',(-2.55E0,2.E-1,-1.55E0));
#5221=DIRECTION('',(0.E0,0.E0,-1.E0));
#5222=DIRECTION('',(1.E0,0.E0,0.E0));
#5223=AXIS2_PLACEMENT_3D('',#5220,#5221,#5222);
#5224=PLANE('',#5223);
#5225=ORIENTED_EDGE('',*,*,#5031,.F.);
#5226=ORIENTED_EDGE('',*,*,#5060,.F.);
#5228=ORIENTED_EDGE('',*,*,#5227,.T.);
#5229=ORIENTED_EDGE('',*,*,#5196,.F.);
#5230=EDGE_LOOP('',(#5225,#5226,#5228,#5229));
#5231=FACE_OUTER_BOUND('',#5230,.F.);
#5232=ADVANCED_FACE('',(#5231),#5224,.F.);
#5233=CARTESIAN_POINT('',(-2.48E0,0.E0,0.E0));
#5234=DIRECTION('',(1.E0,0.E0,0.E0));
#5235=DIRECTION('',(0.E0,0.E0,-1.E0));
#5236=AXIS2_PLACEMENT_3D('',#5233,#5234,#5235);
#5237=PLANE('',#5236);
#5238=ORIENTED_EDGE('',*,*,#5073,.F.);
#5240=ORIENTED_EDGE('',*,*,#5239,.T.);
#5242=ORIENTED_EDGE('',*,*,#5241,.F.);
#5244=ORIENTED_EDGE('',*,*,#5243,.F.);
#5245=EDGE_LOOP('',(#5238,#5240,#5242,#5244));
#5246=FACE_OUTER_BOUND('',#5245,.F.);
#5247=ADVANCED_FACE('',(#5246),#5237,.F.);
#5248=CARTESIAN_POINT('',(-2.48E0,0.E0,0.E0));
#5249=DIRECTION('',(1.E0,0.E0,0.E0));
#5250=DIRECTION('',(0.E0,0.E0,-1.E0));
#5251=AXIS2_PLACEMENT_3D('',#5248,#5249,#5250);
#5252=PLANE('',#5251);
#5253=ORIENTED_EDGE('',*,*,#5058,.F.);
#5254=ORIENTED_EDGE('',*,*,#5184,.T.);
#5255=ORIENTED_EDGE('',*,*,#5198,.T.);
#5256=ORIENTED_EDGE('',*,*,#5227,.F.);
#5257=EDGE_LOOP('',(#5253,#5254,#5255,#5256));
#5258=FACE_OUTER_BOUND('',#5257,.F.);
#5259=ADVANCED_FACE('',(#5258),#5252,.F.);
#5260=CARTESIAN_POINT('',(-2.48E0,0.E0,0.E0));
#5261=DIRECTION('',(1.E0,0.E0,0.E0));
#5262=DIRECTION('',(0.E0,0.E0,-1.E0));
#5263=AXIS2_PLACEMENT_3D('',#5260,#5261,#5262);
#5264=PLANE('',#5263);
#5265=ORIENTED_EDGE('',*,*,#4973,.F.);
#5267=ORIENTED_EDGE('',*,*,#5266,.F.);
#5269=ORIENTED_EDGE('',*,*,#5268,.T.);
#5271=ORIENTED_EDGE('',*,*,#5270,.T.);
#5272=EDGE_LOOP('',(#5265,#5267,#5269,#5271));
#5273=FACE_OUTER_BOUND('',#5272,.F.);
#5274=ADVANCED_FACE('',(#5273),#5264,.F.);
#5275=CARTESIAN_POINT('',(-2.48E0,0.E0,0.E0));
#5276=DIRECTION('',(1.E0,0.E0,0.E0));
#5277=DIRECTION('',(0.E0,0.E0,-1.E0));
#5278=AXIS2_PLACEMENT_3D('',#5275,#5276,#5277);
#5279=PLANE('',#5278);
#5281=ORIENTED_EDGE('',*,*,#5280,.F.);
#5283=ORIENTED_EDGE('',*,*,#5282,.F.);
#5285=ORIENTED_EDGE('',*,*,#5284,.T.);
#5287=ORIENTED_EDGE('',*,*,#5286,.T.);
#5288=EDGE_LOOP('',(#5281,#5283,#5285,#5287));
#5289=FACE_OUTER_BOUND('',#5288,.F.);
#5290=ADVANCED_FACE('',(#5289),#5279,.F.);
#5291=CARTESIAN_POINT('',(-2.48E0,0.E0,0.E0));
#5292=DIRECTION('',(1.E0,0.E0,0.E0));
#5293=DIRECTION('',(0.E0,0.E0,-1.E0));
#5294=AXIS2_PLACEMENT_3D('',#5291,#5292,#5293);
#5295=PLANE('',#5294);
#5297=ORIENTED_EDGE('',*,*,#5296,.F.);
#5299=ORIENTED_EDGE('',*,*,#5298,.F.);
#5301=ORIENTED_EDGE('',*,*,#5300,.T.);
#5303=ORIENTED_EDGE('',*,*,#5302,.T.);
#5304=EDGE_LOOP('',(#5297,#5299,#5301,#5303));
#5305=FACE_OUTER_BOUND('',#5304,.F.);
#5306=ADVANCED_FACE('',(#5305),#5295,.F.);
#5307=CARTESIAN_POINT('',(-2.48E0,0.E0,0.E0));
#5308=DIRECTION('',(1.E0,0.E0,0.E0));
#5309=DIRECTION('',(0.E0,0.E0,-1.E0));
#5310=AXIS2_PLACEMENT_3D('',#5307,#5308,#5309);
#5311=PLANE('',#5310);
#5313=ORIENTED_EDGE('',*,*,#5312,.F.);
#5315=ORIENTED_EDGE('',*,*,#5314,.F.);
#5317=ORIENTED_EDGE('',*,*,#5316,.T.);
#5319=ORIENTED_EDGE('',*,*,#5318,.T.);
#5320=EDGE_LOOP('',(#5313,#5315,#5317,#5319));
#5321=FACE_OUTER_BOUND('',#5320,.F.);
#5322=ADVANCED_FACE('',(#5321),#5311,.F.);
#5323=CARTESIAN_POINT('',(-2.48E0,0.E0,0.E0));
#5324=DIRECTION('',(1.E0,0.E0,0.E0));
#5325=DIRECTION('',(0.E0,0.E0,-1.E0));
#5326=AXIS2_PLACEMENT_3D('',#5323,#5324,#5325);
#5327=PLANE('',#5326);
#5329=ORIENTED_EDGE('',*,*,#5328,.F.);
#5331=ORIENTED_EDGE('',*,*,#5330,.F.);
#5333=ORIENTED_EDGE('',*,*,#5332,.T.);
#5335=ORIENTED_EDGE('',*,*,#5334,.T.);
#5336=EDGE_LOOP('',(#5329,#5331,#5333,#5335));
#5337=FACE_OUTER_BOUND('',#5336,.F.);
#5338=ADVANCED_FACE('',(#5337),#5327,.F.);
#5339=CARTESIAN_POINT('',(-2.55E0,2.E-1,1.55E0));
#5340=DIRECTION('',(0.E0,0.E0,-1.E0));
#5341=DIRECTION('',(1.E0,0.E0,0.E0));
#5342=AXIS2_PLACEMENT_3D('',#5339,#5340,#5341);
#5343=PLANE('',#5342);
#5344=ORIENTED_EDGE('',*,*,#5045,.T.);
#5346=ORIENTED_EDGE('',*,*,#5345,.T.);
#5347=ORIENTED_EDGE('',*,*,#5239,.F.);
#5348=ORIENTED_EDGE('',*,*,#5071,.F.);
#5349=EDGE_LOOP('',(#5344,#5346,#5347,#5348));
#5350=FACE_OUTER_BOUND('',#5349,.F.);
#5351=ADVANCED_FACE('',(#5350),#5343,.T.);
#5352=CARTESIAN_POINT('',(0.E0,1.E-1,0.E0));
#5353=DIRECTION('',(0.E0,1.E0,0.E0));
#5354=DIRECTION('',(-1.E0,0.E0,0.E0));
#5355=AXIS2_PLACEMENT_3D('',#5352,#5353,#5354);
#5356=PLANE('',#5355);
#5357=ORIENTED_EDGE('',*,*,#5043,.T.);
#5359=ORIENTED_EDGE('',*,*,#5358,.F.);
#5360=ORIENTED_EDGE('',*,*,#5241,.T.);
#5361=ORIENTED_EDGE('',*,*,#5345,.F.);
#5362=EDGE_LOOP('',(#5357,#5359,#5360,#5361));
#5363=FACE_OUTER_BOUND('',#5362,.F.);
#5364=ADVANCED_FACE('',(#5363),#5356,.T.);
#5365=CARTESIAN_POINT('',(0.E0,1.E-1,0.E0));
#5366=DIRECTION('',(0.E0,1.E0,0.E0));
#5367=DIRECTION('',(-1.E0,0.E0,0.E0));
#5368=AXIS2_PLACEMENT_3D('',#5365,#5366,#5367);
#5369=PLANE('',#5368);
#5371=ORIENTED_EDGE('',*,*,#5370,.F.);
#5373=ORIENTED_EDGE('',*,*,#5372,.F.);
#5375=ORIENTED_EDGE('',*,*,#5374,.F.);
#5377=ORIENTED_EDGE('',*,*,#5376,.F.);
#5378=EDGE_LOOP('',(#5371,#5373,#5375,#5377));
#5379=FACE_OUTER_BOUND('',#5378,.F.);
#5380=ADVANCED_FACE('',(#5379),#5369,.T.);
#5381=CARTESIAN_POINT('',(-2.006066017178E0,2.E-1,1.4E0));
#5382=DIRECTION('',(0.E0,0.E0,1.E0));
#5383=DIRECTION('',(-1.E0,0.E0,0.E0));
#5384=AXIS2_PLACEMENT_3D('',#5381,#5382,#5383);
#5385=PLANE('',#5384);
#5386=ORIENTED_EDGE('',*,*,#5041,.F.);
#5387=ORIENTED_EDGE('',*,*,#5075,.F.);
#5388=ORIENTED_EDGE('',*,*,#5243,.T.);
#5389=ORIENTED_EDGE('',*,*,#5358,.T.);
#5390=EDGE_LOOP('',(#5386,#5387,#5388,#5389));
#5391=FACE_OUTER_BOUND('',#5390,.F.);
#5392=ADVANCED_FACE('',(#5391),#5385,.T.);
#5393=CARTESIAN_POINT('',(-2.5E0,0.E0,2.E0));
#5394=DIRECTION('',(0.E0,0.E0,1.E0));
#5395=DIRECTION('',(1.E0,0.E0,0.E0));
#5396=AXIS2_PLACEMENT_3D('',#5393,#5394,#5395);
#5397=PLANE('',#5396);
#5399=ORIENTED_EDGE('',*,*,#5398,.T.);
#5401=ORIENTED_EDGE('',*,*,#5400,.T.);
#5403=ORIENTED_EDGE('',*,*,#5402,.T.);
#5404=ORIENTED_EDGE('',*,*,#4819,.F.);
#5406=ORIENTED_EDGE('',*,*,#5405,.T.);
#5408=ORIENTED_EDGE('',*,*,#5407,.T.);
#5410=ORIENTED_EDGE('',*,*,#5409,.T.);
#5411=ORIENTED_EDGE('',*,*,#4811,.F.);
#5413=ORIENTED_EDGE('',*,*,#5412,.T.);
#5415=ORIENTED_EDGE('',*,*,#5414,.T.);
#5417=ORIENTED_EDGE('',*,*,#5416,.T.);
#5418=ORIENTED_EDGE('',*,*,#4803,.F.);
#5420=ORIENTED_EDGE('',*,*,#5419,.T.);
#5422=ORIENTED_EDGE('',*,*,#5421,.T.);
#5424=ORIENTED_EDGE('',*,*,#5423,.T.);
#5425=ORIENTED_EDGE('',*,*,#4795,.F.);
#5427=ORIENTED_EDGE('',*,*,#5426,.T.);
#5429=ORIENTED_EDGE('',*,*,#5428,.T.);
#5431=ORIENTED_EDGE('',*,*,#5430,.T.);
#5432=ORIENTED_EDGE('',*,*,#4787,.F.);
#5434=ORIENTED_EDGE('',*,*,#5433,.T.);
#5436=ORIENTED_EDGE('',*,*,#5435,.T.);
#5438=ORIENTED_EDGE('',*,*,#5437,.T.);
#5439=ORIENTED_EDGE('',*,*,#4779,.F.);
#5441=ORIENTED_EDGE('',*,*,#5440,.T.);
#5443=ORIENTED_EDGE('',*,*,#5442,.T.);
#5445=ORIENTED_EDGE('',*,*,#5444,.T.);
#5446=ORIENTED_EDGE('',*,*,#4771,.F.);
#5447=ORIENTED_EDGE('',*,*,#4992,.T.);
#5449=ORIENTED_EDGE('',*,*,#5448,.T.);
#5451=ORIENTED_EDGE('',*,*,#5450,.F.);
#5452=ORIENTED_EDGE('',*,*,#4827,.F.);
#5453=EDGE_LOOP('',(#5399,#5401,#5403,#5404,#5406,#5408,#5410,#5411,#5413,#5415,
#5417,#5418,#5420,#5422,#5424,#5425,#5427,#5429,#5431,#5432,#5434,#5436,#5438,
#5439,#5441,#5443,#5445,#5446,#5447,#5449,#5451,#5452));
#5454=FACE_OUTER_BOUND('',#5453,.F.);
#5455=ORIENTED_EDGE('',*,*,#5085,.F.);
#5457=ORIENTED_EDGE('',*,*,#5456,.T.);
#5458=ORIENTED_EDGE('',*,*,#5370,.T.);
#5460=ORIENTED_EDGE('',*,*,#5459,.F.);
#5461=EDGE_LOOP('',(#5455,#5457,#5458,#5460));
#5462=FACE_BOUND('',#5461,.F.);
#5463=ORIENTED_EDGE('',*,*,#5101,.F.);
#5465=ORIENTED_EDGE('',*,*,#5464,.T.);
#5467=ORIENTED_EDGE('',*,*,#5466,.F.);
#5469=ORIENTED_EDGE('',*,*,#5468,.F.);
#5470=EDGE_LOOP('',(#5463,#5465,#5467,#5469));
#5471=FACE_BOUND('',#5470,.F.);
#5472=ADVANCED_FACE('',(#5454,#5462,#5471),#5397,.T.);
#5473=CARTESIAN_POINT('',(-2.05E0,2.E-1,1.55E0));
#5474=DIRECTION('',(1.E0,0.E0,0.E0));
#5475=DIRECTION('',(0.E0,0.E0,1.E0));
#5476=AXIS2_PLACEMENT_3D('',#5473,#5474,#5475);
#5477=PLANE('',#5476);
#5478=ORIENTED_EDGE('',*,*,#5456,.F.);
#5479=ORIENTED_EDGE('',*,*,#5091,.F.);
#5481=ORIENTED_EDGE('',*,*,#5480,.T.);
#5482=ORIENTED_EDGE('',*,*,#5372,.T.);
#5483=EDGE_LOOP('',(#5478,#5479,#5481,#5482));
#5484=FACE_OUTER_BOUND('',#5483,.F.);
#5485=ADVANCED_FACE('',(#5484),#5477,.T.);
#5486=CARTESIAN_POINT('',(-2.48E0,2.281676324467E-1,1.980481988881E0));
#5487=DIRECTION('',(0.E0,0.E0,1.E0));
#5488=DIRECTION('',(0.E0,-1.E0,0.E0));
#5489=AXIS2_PLACEMENT_3D('',#5486,#5487,#5488);
#5490=PLANE('',#5489);
#5491=ORIENTED_EDGE('',*,*,#5089,.T.);
#5493=ORIENTED_EDGE('',*,*,#5492,.T.);
#5494=ORIENTED_EDGE('',*,*,#5374,.T.);
#5495=ORIENTED_EDGE('',*,*,#5480,.F.);
#5496=EDGE_LOOP('',(#5491,#5493,#5494,#5495));
#5497=FACE_OUTER_BOUND('',#5496,.F.);
#5498=ADVANCED_FACE('',(#5497),#5490,.T.);
#5499=CARTESIAN_POINT('',(-2.48E0,2.281676324467E-1,1.980481988881E0));
#5500=DIRECTION('',(0.E0,0.E0,1.E0));
#5501=DIRECTION('',(0.E0,-1.E0,0.E0));
#5502=AXIS2_PLACEMENT_3D('',#5499,#5500,#5501);
#5503=PLANE('',#5502);
#5504=ORIENTED_EDGE('',*,*,#5105,.T.);
#5506=ORIENTED_EDGE('',*,*,#5505,.T.);
#5508=ORIENTED_EDGE('',*,*,#5507,.F.);
#5510=ORIENTED_EDGE('',*,*,#5509,.F.);
#5511=EDGE_LOOP('',(#5504,#5506,#5508,#5510));
#5512=FACE_OUTER_BOUND('',#5511,.F.);
#5513=ADVANCED_FACE('',(#5512),#5503,.T.);
#5514=CARTESIAN_POINT('',(-2.48E0,2.281676324467E-1,1.980481988881E0));
#5515=DIRECTION('',(0.E0,0.E0,1.E0));
#5516=DIRECTION('',(0.E0,-1.E0,0.E0));
#5517=AXIS2_PLACEMENT_3D('',#5514,#5515,#5516);
#5518=PLANE('',#5517);
#5520=ORIENTED_EDGE('',*,*,#5519,.T.);
#5522=ORIENTED_EDGE('',*,*,#5521,.F.);
#5524=ORIENTED_EDGE('',*,*,#5523,.F.);
#5526=ORIENTED_EDGE('',*,*,#5525,.F.);
#5527=EDGE_LOOP('',(#5520,#5522,#5524,#5526));
#5528=FACE_OUTER_BOUND('',#5527,.F.);
#5529=ADVANCED_FACE('',(#5528),#5518,.T.);
#5530=CARTESIAN_POINT('',(-2.48E0,2.281676324467E-1,1.980481988881E0));
#5531=DIRECTION('',(0.E0,0.E0,1.E0));
#5532=DIRECTION('',(0.E0,-1.E0,0.E0));
#5533=AXIS2_PLACEMENT_3D('',#5530,#5531,#5532);
#5534=PLANE('',#5533);
#5536=ORIENTED_EDGE('',*,*,#5535,.T.);
#5538=ORIENTED_EDGE('',*,*,#5537,.F.);
#5540=ORIENTED_EDGE('',*,*,#5539,.F.);
#5542=ORIENTED_EDGE('',*,*,#5541,.F.);
#5543=EDGE_LOOP('',(#5536,#5538,#5540,#5542));
#5544=FACE_OUTER_BOUND('',#5543,.F.);
#5545=ADVANCED_FACE('',(#5544),#5534,.T.);
#5546=CARTESIAN_POINT('',(-2.48E0,2.281676324467E-1,1.980481988881E0));
#5547=DIRECTION('',(0.E0,0.E0,1.E0));
#5548=DIRECTION('',(0.E0,-1.E0,0.E0));
#5549=AXIS2_PLACEMENT_3D('',#5546,#5547,#5548);
#5550=PLANE('',#5549);
#5552=ORIENTED_EDGE('',*,*,#5551,.T.);
#5554=ORIENTED_EDGE('',*,*,#5553,.F.);
#5556=ORIENTED_EDGE('',*,*,#5555,.F.);
#5558=ORIENTED_EDGE('',*,*,#5557,.F.);
#5559=EDGE_LOOP('',(#5552,#5554,#5556,#5558));
#5560=FACE_OUTER_BOUND('',#5559,.F.);
#5561=ADVANCED_FACE('',(#5560),#5550,.T.);
#5562=CARTESIAN_POINT('',(-2.48E0,2.281676324467E-1,1.980481988881E0));
#5563=DIRECTION('',(0.E0,0.E0,1.E0));
#5564=DIRECTION('',(0.E0,-1.E0,0.E0));
#5565=AXIS2_PLACEMENT_3D('',#5562,#5563,#5564);
#5566=PLANE('',#5565);
#5568=ORIENTED_EDGE('',*,*,#5567,.T.);
#5570=ORIENTED_EDGE('',*,*,#5569,.F.);
#5572=ORIENTED_EDGE('',*,*,#5571,.F.);
#5574=ORIENTED_EDGE('',*,*,#5573,.F.);
#5575=EDGE_LOOP('',(#5568,#5570,#5572,#5574));
#5576=FACE_OUTER_BOUND('',#5575,.F.);
#5577=ADVANCED_FACE('',(#5576),#5566,.T.);
#5578=CARTESIAN_POINT('',(-2.48E0,2.281676324467E-1,1.980481988881E0));
#5579=DIRECTION('',(0.E0,0.E0,1.E0));
#5580=DIRECTION('',(0.E0,-1.E0,0.E0));
#5581=AXIS2_PLACEMENT_3D('',#5578,#5579,#5580);
#5582=PLANE('',#5581);
#5584=ORIENTED_EDGE('',*,*,#5583,.T.);
#5586=ORIENTED_EDGE('',*,*,#5585,.F.);
#5588=ORIENTED_EDGE('',*,*,#5587,.F.);
#5590=ORIENTED_EDGE('',*,*,#5589,.F.);
#5591=EDGE_LOOP('',(#5584,#5586,#5588,#5590));
#5592=FACE_OUTER_BOUND('',#5591,.F.);
#5593=ADVANCED_FACE('',(#5592),#5582,.T.);
#5594=CARTESIAN_POINT('',(-2.48E0,2.281676324467E-1,1.980481988881E0));
#5595=DIRECTION('',(0.E0,0.E0,1.E0));
#5596=DIRECTION('',(0.E0,-1.E0,0.E0));
#5597=AXIS2_PLACEMENT_3D('',#5594,#5595,#5596);
#5598=PLANE('',#5597);
#5600=ORIENTED_EDGE('',*,*,#5599,.T.);
#5602=ORIENTED_EDGE('',*,*,#5601,.F.);
#5604=ORIENTED_EDGE('',*,*,#5603,.F.);
#5606=ORIENTED_EDGE('',*,*,#5605,.F.);
#5607=EDGE_LOOP('',(#5600,#5602,#5604,#5606));
#5608=FACE_OUTER_BOUND('',#5607,.F.);
#5609=ADVANCED_FACE('',(#5608),#5598,.T.);
#5610=CARTESIAN_POINT('',(-2.48E0,2.281676324467E-1,1.980481988881E0));
#5611=DIRECTION('',(0.E0,0.E0,1.E0));
#5612=DIRECTION('',(0.E0,-1.E0,0.E0));
#5613=AXIS2_PLACEMENT_3D('',#5610,#5611,#5612);
#5614=PLANE('',#5613);
#5616=ORIENTED_EDGE('',*,*,#5615,.T.);
#5618=ORIENTED_EDGE('',*,*,#5617,.F.);
#5620=ORIENTED_EDGE('',*,*,#5619,.F.);
#5622=ORIENTED_EDGE('',*,*,#5621,.F.);
#5623=EDGE_LOOP('',(#5616,#5618,#5620,#5622));
#5624=FACE_OUTER_BOUND('',#5623,.F.);
#5625=ADVANCED_FACE('',(#5624),#5614,.T.);
#5626=CARTESIAN_POINT('',(-1.9E0,2.E-1,2.05E0));
#5627=DIRECTION('',(-1.E0,0.E0,0.E0));
#5628=DIRECTION('',(0.E0,0.E0,-1.E0));
#5629=AXIS2_PLACEMENT_3D('',#5626,#5627,#5628);
#5630=PLANE('',#5629);
#5631=ORIENTED_EDGE('',*,*,#5459,.T.);
#5632=ORIENTED_EDGE('',*,*,#5376,.T.);
#5633=ORIENTED_EDGE('',*,*,#5492,.F.);
#5634=ORIENTED_EDGE('',*,*,#5087,.F.);
#5635=EDGE_LOOP('',(#5631,#5632,#5633,#5634));
#5636=FACE_OUTER_BOUND('',#5635,.F.);
#5637=ADVANCED_FACE('',(#5636),#5630,.T.);
#5638=CARTESIAN_POINT('',(2.05E0,2.E-1,1.55E0));
#5639=DIRECTION('',(1.E0,0.E0,0.E0));
#5640=DIRECTION('',(0.E0,0.E0,1.E0));
#5641=AXIS2_PLACEMENT_3D('',#5638,#5639,#5640);
#5642=PLANE('',#5641);
#5643=ORIENTED_EDGE('',*,*,#5468,.T.);
#5645=ORIENTED_EDGE('',*,*,#5644,.F.);
#5646=ORIENTED_EDGE('',*,*,#5505,.F.);
#5647=ORIENTED_EDGE('',*,*,#5103,.F.);
#5648=EDGE_LOOP('',(#5643,#5645,#5646,#5647));
#5649=FACE_OUTER_BOUND('',#5648,.F.);
#5650=ADVANCED_FACE('',(#5649),#5642,.F.);
#5651=CARTESIAN_POINT('',(0.E0,1.E-1,0.E0));
#5652=DIRECTION('',(0.E0,-1.E0,0.E0));
#5653=DIRECTION('',(1.E0,0.E0,0.E0));
#5654=AXIS2_PLACEMENT_3D('',#5651,#5652,#5653);
#5655=PLANE('',#5654);
#5656=ORIENTED_EDGE('',*,*,#5466,.T.);
#5658=ORIENTED_EDGE('',*,*,#5657,.T.);
#5659=ORIENTED_EDGE('',*,*,#5507,.T.);
#5660=ORIENTED_EDGE('',*,*,#5644,.T.);
#5661=EDGE_LOOP('',(#5656,#5658,#5659,#5660));
#5662=FACE_OUTER_BOUND('',#5661,.F.);
#5663=ADVANCED_FACE('',(#5662),#5655,.F.);
#5664=CARTESIAN_POINT('',(0.E0,1.E-1,0.E0));
#5665=DIRECTION('',(0.E0,-1.E0,0.E0));
#5666=DIRECTION('',(1.E0,0.E0,0.E0));
#5667=AXIS2_PLACEMENT_3D('',#5664,#5665,#5666);
#5668=PLANE('',#5667);
#5670=ORIENTED_EDGE('',*,*,#5669,.F.);
#5672=ORIENTED_EDGE('',*,*,#5671,.T.);
#5674=ORIENTED_EDGE('',*,*,#5673,.F.);
#5676=ORIENTED_EDGE('',*,*,#5675,.T.);
#5677=EDGE_LOOP('',(#5670,#5672,#5674,#5676));
#5678=FACE_OUTER_BOUND('',#5677,.F.);
#5679=ADVANCED_FACE('',(#5678),#5668,.F.);
#5680=CARTESIAN_POINT('',(1.9E0,2.E-1,2.05E0));
#5681=DIRECTION('',(-1.E0,0.E0,0.E0));
#5682=DIRECTION('',(0.E0,0.E0,-1.E0));
#5683=AXIS2_PLACEMENT_3D('',#5680,#5681,#5682);
#5684=PLANE('',#5683);
#5685=ORIENTED_EDGE('',*,*,#5464,.F.);
#5686=ORIENTED_EDGE('',*,*,#5107,.T.);
#5687=ORIENTED_EDGE('',*,*,#5509,.T.);
#5688=ORIENTED_EDGE('',*,*,#5657,.F.);
#5689=EDGE_LOOP('',(#5685,#5686,#5687,#5688));
#5690=FACE_OUTER_BOUND('',#5689,.F.);
#5691=ADVANCED_FACE('',(#5690),#5684,.F.);
#5692=CARTESIAN_POINT('',(2.5E0,0.E0,2.E0));
#5693=DIRECTION('',(1.E0,0.E0,0.E0));
#5694=DIRECTION('',(0.E0,0.E0,-1.E0));
#5695=AXIS2_PLACEMENT_3D('',#5692,#5693,#5694);
#5696=PLANE('',#5695);
#5698=ORIENTED_EDGE('',*,*,#5697,.T.);
#5700=ORIENTED_EDGE('',*,*,#5699,.T.);
#5702=ORIENTED_EDGE('',*,*,#5701,.T.);
#5703=ORIENTED_EDGE('',*,*,#4861,.F.);
#5705=ORIENTED_EDGE('',*,*,#5704,.T.);
#5707=ORIENTED_EDGE('',*,*,#5706,.T.);
#5709=ORIENTED_EDGE('',*,*,#5708,.T.);
#5710=ORIENTED_EDGE('',*,*,#4853,.F.);
#5712=ORIENTED_EDGE('',*,*,#5711,.T.);
#5714=ORIENTED_EDGE('',*,*,#5713,.T.);
#5716=ORIENTED_EDGE('',*,*,#5715,.T.);
#5717=ORIENTED_EDGE('',*,*,#4845,.F.);
#5719=ORIENTED_EDGE('',*,*,#5718,.T.);
#5721=ORIENTED_EDGE('',*,*,#5720,.T.);
#5723=ORIENTED_EDGE('',*,*,#5722,.T.);
#5724=ORIENTED_EDGE('',*,*,#4837,.F.);
#5726=ORIENTED_EDGE('',*,*,#5725,.T.);
#5728=ORIENTED_EDGE('',*,*,#5727,.T.);
#5730=ORIENTED_EDGE('',*,*,#5729,.T.);
#5731=ORIENTED_EDGE('',*,*,#4829,.F.);
#5732=ORIENTED_EDGE('',*,*,#5450,.T.);
#5734=ORIENTED_EDGE('',*,*,#5733,.T.);
#5736=ORIENTED_EDGE('',*,*,#5735,.F.);
#5737=ORIENTED_EDGE('',*,*,#4869,.F.);
#5738=EDGE_LOOP('',(#5698,#5700,#5702,#5703,#5705,#5707,#5709,#5710,#5712,#5714,
#5716,#5717,#5719,#5721,#5723,#5724,#5726,#5728,#5730,#5731,#5732,#5734,#5736,
#5737));
#5739=FACE_OUTER_BOUND('',#5738,.F.);
#5740=ORIENTED_EDGE('',*,*,#5117,.F.);
#5742=ORIENTED_EDGE('',*,*,#5741,.T.);
#5743=ORIENTED_EDGE('',*,*,#5669,.T.);
#5745=ORIENTED_EDGE('',*,*,#5744,.F.);
#5746=EDGE_LOOP('',(#5740,#5742,#5743,#5745));
#5747=FACE_BOUND('',#5746,.F.);
#5748=ORIENTED_EDGE('',*,*,#5133,.F.);
#5750=ORIENTED_EDGE('',*,*,#5749,.T.);
#5752=ORIENTED_EDGE('',*,*,#5751,.F.);
#5754=ORIENTED_EDGE('',*,*,#5753,.F.);
#5755=EDGE_LOOP('',(#5748,#5750,#5752,#5754));
#5756=FACE_BOUND('',#5755,.F.);
#5757=ADVANCED_FACE('',(#5739,#5747,#5756),#5696,.T.);
#5758=CARTESIAN_POINT('',(2.55E0,2.E-1,1.55E0));
#5759=DIRECTION('',(0.E0,0.E0,1.E0));
#5760=DIRECTION('',(-1.E0,0.E0,0.E0));
#5761=AXIS2_PLACEMENT_3D('',#5758,#5759,#5760);
#5762=PLANE('',#5761);
#5763=ORIENTED_EDGE('',*,*,#5741,.F.);
#5764=ORIENTED_EDGE('',*,*,#5123,.F.);
#5766=ORIENTED_EDGE('',*,*,#5765,.T.);
#5767=ORIENTED_EDGE('',*,*,#5671,.F.);
#5768=EDGE_LOOP('',(#5763,#5764,#5766,#5767));
#5769=FACE_OUTER_BOUND('',#5768,.F.);
#5770=ADVANCED_FACE('',(#5769),#5762,.F.);
#5771=CARTESIAN_POINT('',(2.48E0,0.E0,0.E0));
#5772=DIRECTION('',(1.E0,0.E0,0.E0));
#5773=DIRECTION('',(0.E0,0.E0,-1.E0));
#5774=AXIS2_PLACEMENT_3D('',#5771,#5772,#5773);
#5775=PLANE('',#5774);
#5776=ORIENTED_EDGE('',*,*,#5121,.T.);
#5778=ORIENTED_EDGE('',*,*,#5777,.T.);
#5779=ORIENTED_EDGE('',*,*,#5673,.T.);
#5780=ORIENTED_EDGE('',*,*,#5765,.F.);
#5781=EDGE_LOOP('',(#5776,#5778,#5779,#5780));
#5782=FACE_OUTER_BOUND('',#5781,.F.);
#5783=ADVANCED_FACE('',(#5782),#5775,.T.);
#5784=CARTESIAN_POINT('',(2.48E0,0.E0,0.E0));
#5785=DIRECTION('',(1.E0,0.E0,0.E0));
#5786=DIRECTION('',(0.E0,0.E0,-1.E0));
#5787=AXIS2_PLACEMENT_3D('',#5784,#5785,#5786);
#5788=PLANE('',#5787);
#5789=ORIENTED_EDGE('',*,*,#5137,.T.);
#5791=ORIENTED_EDGE('',*,*,#5790,.T.);
#5793=ORIENTED_EDGE('',*,*,#5792,.F.);
#5795=ORIENTED_EDGE('',*,*,#5794,.F.);
#5796=EDGE_LOOP('',(#5789,#5791,#5793,#5795));
#5797=FACE_OUTER_BOUND('',#5796,.F.);
#5798=ADVANCED_FACE('',(#5797),#5788,.T.);
#5799=CARTESIAN_POINT('',(2.48E0,0.E0,0.E0));
#5800=DIRECTION('',(1.E0,0.E0,0.E0));
#5801=DIRECTION('',(0.E0,0.E0,-1.E0));
#5802=AXIS2_PLACEMENT_3D('',#5799,#5800,#5801);
#5803=PLANE('',#5802);
#5805=ORIENTED_EDGE('',*,*,#5804,.T.);
#5807=ORIENTED_EDGE('',*,*,#5806,.F.);
#5809=ORIENTED_EDGE('',*,*,#5808,.F.);
#5811=ORIENTED_EDGE('',*,*,#5810,.F.);
#5812=EDGE_LOOP('',(#5805,#5807,#5809,#5811));
#5813=FACE_OUTER_BOUND('',#5812,.F.);
#5814=ADVANCED_FACE('',(#5813),#5803,.T.);
#5815=CARTESIAN_POINT('',(2.48E0,0.E0,0.E0));
#5816=DIRECTION('',(1.E0,0.E0,0.E0));
#5817=DIRECTION('',(0.E0,0.E0,-1.E0));
#5818=AXIS2_PLACEMENT_3D('',#5815,#5816,#5817);
#5819=PLANE('',#5818);
#5821=ORIENTED_EDGE('',*,*,#5820,.T.);
#5823=ORIENTED_EDGE('',*,*,#5822,.F.);
#5825=ORIENTED_EDGE('',*,*,#5824,.F.);
#5827=ORIENTED_EDGE('',*,*,#5826,.F.);
#5828=EDGE_LOOP('',(#5821,#5823,#5825,#5827));
#5829=FACE_OUTER_BOUND('',#5828,.F.);
#5830=ADVANCED_FACE('',(#5829),#5819,.T.);
#5831=CARTESIAN_POINT('',(2.48E0,0.E0,0.E0));
#5832=DIRECTION('',(1.E0,0.E0,0.E0));
#5833=DIRECTION('',(0.E0,0.E0,-1.E0));
#5834=AXIS2_PLACEMENT_3D('',#5831,#5832,#5833);
#5835=PLANE('',#5834);
#5837=ORIENTED_EDGE('',*,*,#5836,.T.);
#5839=ORIENTED_EDGE('',*,*,#5838,.F.);
#5841=ORIENTED_EDGE('',*,*,#5840,.F.);
#5843=ORIENTED_EDGE('',*,*,#5842,.F.);
#5844=EDGE_LOOP('',(#5837,#5839,#5841,#5843));
#5845=FACE_OUTER_BOUND('',#5844,.F.);
#5846=ADVANCED_FACE('',(#5845),#5835,.T.);
#5847=CARTESIAN_POINT('',(2.48E0,0.E0,0.E0));
#5848=DIRECTION('',(1.E0,0.E0,0.E0));
#5849=DIRECTION('',(0.E0,0.E0,-1.E0));
#5850=AXIS2_PLACEMENT_3D('',#5847,#5848,#5849);
#5851=PLANE('',#5850);
#5853=ORIENTED_EDGE('',*,*,#5852,.T.);
#5855=ORIENTED_EDGE('',*,*,#5854,.F.);
#5857=ORIENTED_EDGE('',*,*,#5856,.F.);
#5859=ORIENTED_EDGE('',*,*,#5858,.F.);
#5860=EDGE_LOOP('',(#5853,#5855,#5857,#5859));
#5861=FACE_OUTER_BOUND('',#5860,.F.);
#5862=ADVANCED_FACE('',(#5861),#5851,.T.);
#5863=CARTESIAN_POINT('',(2.48E0,0.E0,0.E0));
#5864=DIRECTION('',(1.E0,0.E0,0.E0));
#5865=DIRECTION('',(0.E0,0.E0,-1.E0));
#5866=AXIS2_PLACEMENT_3D('',#5863,#5864,#5865);
#5867=PLANE('',#5866);
#5869=ORIENTED_EDGE('',*,*,#5868,.T.);
#5871=ORIENTED_EDGE('',*,*,#5870,.F.);
#5873=ORIENTED_EDGE('',*,*,#5872,.F.);
#5875=ORIENTED_EDGE('',*,*,#5874,.F.);
#5876=EDGE_LOOP('',(#5869,#5871,#5873,#5875));
#5877=FACE_OUTER_BOUND('',#5876,.F.);
#5878=ADVANCED_FACE('',(#5877),#5867,.T.);
#5879=CARTESIAN_POINT('',(2.006066017178E0,2.E-1,1.4E0));
#5880=DIRECTION('',(0.E0,0.E0,-1.E0));
#5881=DIRECTION('',(1.E0,0.E0,0.E0));
#5882=AXIS2_PLACEMENT_3D('',#5879,#5880,#5881);
#5883=PLANE('',#5882);
#5884=ORIENTED_EDGE('',*,*,#5744,.T.);
#5885=ORIENTED_EDGE('',*,*,#5675,.F.);
#5886=ORIENTED_EDGE('',*,*,#5777,.F.);
#5887=ORIENTED_EDGE('',*,*,#5119,.T.);
#5888=EDGE_LOOP('',(#5884,#5885,#5886,#5887));
#5889=FACE_OUTER_BOUND('',#5888,.F.);
#5890=ADVANCED_FACE('',(#5889),#5883,.F.);
#5891=CARTESIAN_POINT('',(2.55E0,2.E-1,-1.55E0));
#5892=DIRECTION('',(0.E0,0.E0,1.E0));
#5893=DIRECTION('',(-1.E0,0.E0,0.E0));
#5894=AXIS2_PLACEMENT_3D('',#5891,#5892,#5893);
#5895=PLANE('',#5894);
#5896=ORIENTED_EDGE('',*,*,#5753,.T.);
#5898=ORIENTED_EDGE('',*,*,#5897,.T.);
#5899=ORIENTED_EDGE('',*,*,#5790,.F.);
#5900=ORIENTED_EDGE('',*,*,#5135,.F.);
#5901=EDGE_LOOP('',(#5896,#5898,#5899,#5900));
#5902=FACE_OUTER_BOUND('',#5901,.F.);
#5903=ADVANCED_FACE('',(#5902),#5895,.T.);
#5904=CARTESIAN_POINT('',(0.E0,1.E-1,0.E0));
#5905=DIRECTION('',(0.E0,1.E0,0.E0));
#5906=DIRECTION('',(1.E0,0.E0,0.E0));
#5907=AXIS2_PLACEMENT_3D('',#5904,#5905,#5906);
#5908=PLANE('',#5907);
#5909=ORIENTED_EDGE('',*,*,#5751,.T.);
#5911=ORIENTED_EDGE('',*,*,#5910,.F.);
#5912=ORIENTED_EDGE('',*,*,#5792,.T.);
#5913=ORIENTED_EDGE('',*,*,#5897,.F.);
#5914=EDGE_LOOP('',(#5909,#5911,#5912,#5913));
#5915=FACE_OUTER_BOUND('',#5914,.F.);
#5916=ADVANCED_FACE('',(#5915),#5908,.T.);
#5917=CARTESIAN_POINT('',(0.E0,1.E-1,0.E0));
#5918=DIRECTION('',(0.E0,1.E0,0.E0));
#5919=DIRECTION('',(1.E0,0.E0,0.E0));
#5920=AXIS2_PLACEMENT_3D('',#5917,#5918,#5919);
#5921=PLANE('',#5920);
#5923=ORIENTED_EDGE('',*,*,#5922,.F.);
#5925=ORIENTED_EDGE('',*,*,#5924,.F.);
#5927=ORIENTED_EDGE('',*,*,#5926,.F.);
#5929=ORIENTED_EDGE('',*,*,#5928,.F.);
#5930=EDGE_LOOP('',(#5923,#5925,#5927,#5929));
#5931=FACE_OUTER_BOUND('',#5930,.F.);
#5932=ADVANCED_FACE('',(#5931),#5921,.T.);
#5933=CARTESIAN_POINT('',(2.006066017178E0,2.E-1,-1.4E0));
#5934=DIRECTION('',(0.E0,0.E0,-1.E0));
#5935=DIRECTION('',(1.E0,0.E0,0.E0));
#5936=AXIS2_PLACEMENT_3D('',#5933,#5934,#5935);
#5937=PLANE('',#5936);
#5938=ORIENTED_EDGE('',*,*,#5749,.F.);
#5939=ORIENTED_EDGE('',*,*,#5139,.F.);
#5940=ORIENTED_EDGE('',*,*,#5794,.T.);
#5941=ORIENTED_EDGE('',*,*,#5910,.T.);
#5942=EDGE_LOOP('',(#5938,#5939,#5940,#5941));
#5943=FACE_OUTER_BOUND('',#5942,.F.);
#5944=ADVANCED_FACE('',(#5943),#5937,.T.);
#5945=CARTESIAN_POINT('',(2.5E0,0.E0,-2.E0));
#5946=DIRECTION('',(0.E0,0.E0,-1.E0));
#5947=DIRECTION('',(-1.E0,0.E0,0.E0));
#5948=AXIS2_PLACEMENT_3D('',#5945,#5946,#5947);
#5949=PLANE('',#5948);
#5951=ORIENTED_EDGE('',*,*,#5950,.F.);
#5952=ORIENTED_EDGE('',*,*,#4871,.F.);
#5953=ORIENTED_EDGE('',*,*,#5735,.T.);
#5955=ORIENTED_EDGE('',*,*,#5954,.T.);
#5956=ORIENTED_EDGE('',*,*,#4988,.F.);
#5957=ORIENTED_EDGE('',*,*,#4927,.F.);
#5959=ORIENTED_EDGE('',*,*,#5958,.F.);
#5961=ORIENTED_EDGE('',*,*,#5960,.T.);
#5963=ORIENTED_EDGE('',*,*,#5962,.F.);
#5964=ORIENTED_EDGE('',*,*,#4919,.F.);
#5966=ORIENTED_EDGE('',*,*,#5965,.F.);
#5968=ORIENTED_EDGE('',*,*,#5967,.T.);
#5970=ORIENTED_EDGE('',*,*,#5969,.F.);
#5971=ORIENTED_EDGE('',*,*,#4911,.F.);
#5973=ORIENTED_EDGE('',*,*,#5972,.F.);
#5975=ORIENTED_EDGE('',*,*,#5974,.T.);
#5977=ORIENTED_EDGE('',*,*,#5976,.F.);
#5978=ORIENTED_EDGE('',*,*,#4903,.F.);
#5980=ORIENTED_EDGE('',*,*,#5979,.F.);
#5982=ORIENTED_EDGE('',*,*,#5981,.T.);
#5984=ORIENTED_EDGE('',*,*,#5983,.F.);
#5985=ORIENTED_EDGE('',*,*,#4895,.F.);
#5987=ORIENTED_EDGE('',*,*,#5986,.F.);
#5989=ORIENTED_EDGE('',*,*,#5988,.T.);
#5991=ORIENTED_EDGE('',*,*,#5990,.F.);
#5992=ORIENTED_EDGE('',*,*,#4887,.F.);
#5994=ORIENTED_EDGE('',*,*,#5993,.F.);
#5996=ORIENTED_EDGE('',*,*,#5995,.T.);
#5998=ORIENTED_EDGE('',*,*,#5997,.F.);
#5999=ORIENTED_EDGE('',*,*,#4879,.F.);
#6001=ORIENTED_EDGE('',*,*,#6000,.F.);
#6003=ORIENTED_EDGE('',*,*,#6002,.T.);
#6004=EDGE_LOOP('',(#5951,#5952,#5953,#5955,#5956,#5957,#5959,#5961,#5963,#5964,
#5966,#5968,#5970,#5971,#5973,#5975,#5977,#5978,#5980,#5982,#5984,#5985,#5987,
#5989,#5991,#5992,#5994,#5996,#5998,#5999,#6001,#6003));
#6005=FACE_OUTER_BOUND('',#6004,.F.);
#6006=ORIENTED_EDGE('',*,*,#5149,.F.);
#6008=ORIENTED_EDGE('',*,*,#6007,.T.);
#6009=ORIENTED_EDGE('',*,*,#5922,.T.);
#6011=ORIENTED_EDGE('',*,*,#6010,.F.);
#6012=EDGE_LOOP('',(#6006,#6008,#6009,#6011));
#6013=FACE_BOUND('',#6012,.F.);
#6014=ORIENTED_EDGE('',*,*,#5165,.F.);
#6016=ORIENTED_EDGE('',*,*,#6015,.T.);
#6017=ORIENTED_EDGE('',*,*,#5209,.F.);
#6019=ORIENTED_EDGE('',*,*,#6018,.F.);
#6020=EDGE_LOOP('',(#6014,#6016,#6017,#6019));
#6021=FACE_BOUND('',#6020,.F.);
#6022=ADVANCED_FACE('',(#6005,#6013,#6021),#5949,.T.);
#6023=CARTESIAN_POINT('',(2.05E0,2.E-1,-1.55E0));
#6024=DIRECTION('',(-1.E0,0.E0,0.E0));
#6025=DIRECTION('',(0.E0,0.E0,-1.E0));
#6026=AXIS2_PLACEMENT_3D('',#6023,#6024,#6025);
#6027=PLANE('',#6026);
#6028=ORIENTED_EDGE('',*,*,#6007,.F.);
#6029=ORIENTED_EDGE('',*,*,#5155,.F.);
#6031=ORIENTED_EDGE('',*,*,#6030,.T.);
#6032=ORIENTED_EDGE('',*,*,#5924,.T.);
#6033=EDGE_LOOP('',(#6028,#6029,#6031,#6032));
#6034=FACE_OUTER_BOUND('',#6033,.F.);
#6035=ADVANCED_FACE('',(#6034),#6027,.T.);
#6036=CARTESIAN_POINT('',(-2.48E0,1.683479259195E-2,-1.980656600008E0));
#6037=DIRECTION('',(0.E0,0.E0,-1.E0));
#6038=DIRECTION('',(0.E0,1.E0,0.E0));
#6039=AXIS2_PLACEMENT_3D('',#6036,#6037,#6038);
#6040=PLANE('',#6039);
#6041=ORIENTED_EDGE('',*,*,#5169,.F.);
#6043=ORIENTED_EDGE('',*,*,#6042,.T.);
#6044=ORIENTED_EDGE('',*,*,#5213,.F.);
#6046=ORIENTED_EDGE('',*,*,#6045,.F.);
#6047=EDGE_LOOP('',(#6041,#6043,#6044,#6046));
#6048=FACE_OUTER_BOUND('',#6047,.F.);
#6049=ADVANCED_FACE('',(#6048),#6040,.T.);
#6050=CARTESIAN_POINT('',(-2.48E0,1.683479259195E-2,-1.980656600008E0));
#6051=DIRECTION('',(0.E0,0.E0,-1.E0));
#6052=DIRECTION('',(0.E0,1.E0,0.E0));
#6053=AXIS2_PLACEMENT_3D('',#6050,#6051,#6052);
#6054=PLANE('',#6053);
#6055=ORIENTED_EDGE('',*,*,#5153,.F.);
#6057=ORIENTED_EDGE('',*,*,#6056,.T.);
#6058=ORIENTED_EDGE('',*,*,#5926,.T.);
#6059=ORIENTED_EDGE('',*,*,#6030,.F.);
#6060=EDGE_LOOP('',(#6055,#6057,#6058,#6059));
#6061=FACE_OUTER_BOUND('',#6060,.F.);
#6062=ADVANCED_FACE('',(#6061),#6054,.T.);
#6063=CARTESIAN_POINT('',(-2.48E0,1.683479259195E-2,-1.980656600008E0));
#6064=DIRECTION('',(0.E0,0.E0,-1.E0));
#6065=DIRECTION('',(0.E0,1.E0,0.E0));
#6066=AXIS2_PLACEMENT_3D('',#6063,#6064,#6065);
#6067=PLANE('',#6066);
#6069=ORIENTED_EDGE('',*,*,#6068,.F.);
#6071=ORIENTED_EDGE('',*,*,#6070,.F.);
#6073=ORIENTED_EDGE('',*,*,#6072,.T.);
#6075=ORIENTED_EDGE('',*,*,#6074,.T.);
#6076=EDGE_LOOP('',(#6069,#6071,#6073,#6075));
#6077=FACE_OUTER_BOUND('',#6076,.F.);
#6078=ADVANCED_FACE('',(#6077),#6067,.T.);
#6079=CARTESIAN_POINT('',(-2.48E0,1.683479259195E-2,-1.980656600008E0));
#6080=DIRECTION('',(0.E0,0.E0,-1.E0));
#6081=DIRECTION('',(0.E0,1.E0,0.E0));
#6082=AXIS2_PLACEMENT_3D('',#6079,#6080,#6081);
#6083=PLANE('',#6082);
#6085=ORIENTED_EDGE('',*,*,#6084,.F.);
#6087=ORIENTED_EDGE('',*,*,#6086,.F.);
#6089=ORIENTED_EDGE('',*,*,#6088,.T.);
#6091=ORIENTED_EDGE('',*,*,#6090,.T.);
#6092=EDGE_LOOP('',(#6085,#6087,#6089,#6091));
#6093=FACE_OUTER_BOUND('',#6092,.F.);
#6094=ADVANCED_FACE('',(#6093),#6083,.T.);
#6095=CARTESIAN_POINT('',(-2.48E0,1.683479259195E-2,-1.980656600008E0));
#6096=DIRECTION('',(0.E0,0.E0,-1.E0));
#6097=DIRECTION('',(0.E0,1.E0,0.E0));
#6098=AXIS2_PLACEMENT_3D('',#6095,#6096,#6097);
#6099=PLANE('',#6098);
#6101=ORIENTED_EDGE('',*,*,#6100,.F.);
#6103=ORIENTED_EDGE('',*,*,#6102,.F.);
#6105=ORIENTED_EDGE('',*,*,#6104,.T.);
#6107=ORIENTED_EDGE('',*,*,#6106,.T.);
#6108=EDGE_LOOP('',(#6101,#6103,#6105,#6107));
#6109=FACE_OUTER_BOUND('',#6108,.F.);
#6110=ADVANCED_FACE('',(#6109),#6099,.T.);
#6111=CARTESIAN_POINT('',(-2.48E0,1.683479259195E-2,-1.980656600008E0));
#6112=DIRECTION('',(0.E0,0.E0,-1.E0));
#6113=DIRECTION('',(0.E0,1.E0,0.E0));
#6114=AXIS2_PLACEMENT_3D('',#6111,#6112,#6113);
#6115=PLANE('',#6114);
#6117=ORIENTED_EDGE('',*,*,#6116,.F.);
#6119=ORIENTED_EDGE('',*,*,#6118,.F.);
#6121=ORIENTED_EDGE('',*,*,#6120,.T.);
#6123=ORIENTED_EDGE('',*,*,#6122,.T.);
#6124=EDGE_LOOP('',(#6117,#6119,#6121,#6123));
#6125=FACE_OUTER_BOUND('',#6124,.F.);
#6126=ADVANCED_FACE('',(#6125),#6115,.T.);
#6127=CARTESIAN_POINT('',(-2.48E0,1.683479259195E-2,-1.980656600008E0));
#6128=DIRECTION('',(0.E0,0.E0,-1.E0));
#6129=DIRECTION('',(0.E0,1.E0,0.E0));
#6130=AXIS2_PLACEMENT_3D('',#6127,#6128,#6129);
#6131=PLANE('',#6130);
#6133=ORIENTED_EDGE('',*,*,#6132,.F.);
#6135=ORIENTED_EDGE('',*,*,#6134,.F.);
#6137=ORIENTED_EDGE('',*,*,#6136,.T.);
#6139=ORIENTED_EDGE('',*,*,#6138,.T.);
#6140=EDGE_LOOP('',(#6133,#6135,#6137,#6139));
#6141=FACE_OUTER_BOUND('',#6140,.F.);
#6142=ADVANCED_FACE('',(#6141),#6131,.T.);
#6143=CARTESIAN_POINT('',(-2.48E0,1.683479259195E-2,-1.980656600008E0));
#6144=DIRECTION('',(0.E0,0.E0,-1.E0));
#6145=DIRECTION('',(0.E0,1.E0,0.E0));
#6146=AXIS2_PLACEMENT_3D('',#6143,#6144,#6145);
#6147=PLANE('',#6146);
#6149=ORIENTED_EDGE('',*,*,#6148,.F.);
#6151=ORIENTED_EDGE('',*,*,#6150,.F.);
#6153=ORIENTED_EDGE('',*,*,#6152,.T.);
#6155=ORIENTED_EDGE('',*,*,#6154,.T.);
#6156=EDGE_LOOP('',(#6149,#6151,#6153,#6155));
#6157=FACE_OUTER_BOUND('',#6156,.F.);
#6158=ADVANCED_FACE('',(#6157),#6147,.T.);
#6159=CARTESIAN_POINT('',(-2.48E0,1.683479259195E-2,-1.980656600008E0));
#6160=DIRECTION('',(0.E0,0.E0,-1.E0));
#6161=DIRECTION('',(0.E0,1.E0,0.E0));
#6162=AXIS2_PLACEMENT_3D('',#6159,#6160,#6161);
#6163=PLANE('',#6162);
#6165=ORIENTED_EDGE('',*,*,#6164,.F.);
#6167=ORIENTED_EDGE('',*,*,#6166,.F.);
#6169=ORIENTED_EDGE('',*,*,#6168,.T.);
#6171=ORIENTED_EDGE('',*,*,#6170,.T.);
#6172=EDGE_LOOP('',(#6165,#6167,#6169,#6171));
#6173=FACE_OUTER_BOUND('',#6172,.F.);
#6174=ADVANCED_FACE('',(#6173),#6163,.T.);
#6175=CARTESIAN_POINT('',(-2.05E0,2.E-1,-1.55E0));
#6176=DIRECTION('',(-1.E0,0.E0,0.E0));
#6177=DIRECTION('',(0.E0,0.E0,-1.E0));
#6178=AXIS2_PLACEMENT_3D('',#6175,#6176,#6177);
#6179=PLANE('',#6178);
#6180=ORIENTED_EDGE('',*,*,#6018,.T.);
#6181=ORIENTED_EDGE('',*,*,#5215,.F.);
#6182=ORIENTED_EDGE('',*,*,#6042,.F.);
#6183=ORIENTED_EDGE('',*,*,#5167,.F.);
#6184=EDGE_LOOP('',(#6180,#6181,#6182,#6183));
#6185=FACE_OUTER_BOUND('',#6184,.F.);
#6186=ADVANCED_FACE('',(#6185),#6179,.F.);
#6187=CARTESIAN_POINT('',(-1.9E0,2.E-1,-2.05E0));
#6188=DIRECTION('',(1.E0,0.E0,0.E0));
#6189=DIRECTION('',(0.E0,0.E0,1.E0));
#6190=AXIS2_PLACEMENT_3D('',#6187,#6188,#6189);
#6191=PLANE('',#6190);
#6192=ORIENTED_EDGE('',*,*,#6015,.F.);
#6193=ORIENTED_EDGE('',*,*,#5171,.T.);
#6194=ORIENTED_EDGE('',*,*,#6045,.T.);
#6195=ORIENTED_EDGE('',*,*,#5211,.F.);
#6196=EDGE_LOOP('',(#6192,#6193,#6194,#6195));
#6197=FACE_OUTER_BOUND('',#6196,.F.);
#6198=ADVANCED_FACE('',(#6197),#6191,.F.);
#6199=CARTESIAN_POINT('',(1.9E0,2.E-1,-2.05E0));
#6200=DIRECTION('',(1.E0,0.E0,0.E0));
#6201=DIRECTION('',(0.E0,0.E0,1.E0));
#6202=AXIS2_PLACEMENT_3D('',#6199,#6200,#6201);
#6203=PLANE('',#6202);
#6204=ORIENTED_EDGE('',*,*,#6010,.T.);
#6205=ORIENTED_EDGE('',*,*,#5928,.T.);
#6206=ORIENTED_EDGE('',*,*,#6056,.F.);
#6207=ORIENTED_EDGE('',*,*,#5151,.F.);
#6208=EDGE_LOOP('',(#6204,#6205,#6206,#6207));
#6209=FACE_OUTER_BOUND('',#6208,.F.);
#6210=ADVANCED_FACE('',(#6209),#6203,.T.);
#6211=CARTESIAN_POINT('',(1.625E0,0.E0,-2.05E0));
#6212=DIRECTION('',(9.805806756909E-1,-1.961161351382E-1,0.E0));
#6213=DIRECTION('',(1.961161351382E-1,9.805806756909E-1,0.E0));
#6214=AXIS2_PLACEMENT_3D('',#6211,#6212,#6213);
#6215=PLANE('',#6214);
#6216=ORIENTED_EDGE('',*,*,#4873,.F.);
#6217=ORIENTED_EDGE('',*,*,#5950,.T.);
#6219=ORIENTED_EDGE('',*,*,#6218,.F.);
#6220=ORIENTED_EDGE('',*,*,#6068,.T.);
#6222=ORIENTED_EDGE('',*,*,#6221,.F.);
#6224=ORIENTED_EDGE('',*,*,#6223,.F.);
#6225=EDGE_LOOP('',(#6216,#6217,#6219,#6220,#6222,#6224));
#6226=FACE_OUTER_BOUND('',#6225,.F.);
#6227=ADVANCED_FACE('',(#6226),#6215,.F.);
#6228=CARTESIAN_POINT('',(1.75E0,1.65E-1,-1.965E0));
#6229=DIRECTION('',(1.E0,0.E0,0.E0));
#6230=DIRECTION('',(0.E0,0.E0,1.E0));
#6231=AXIS2_PLACEMENT_3D('',#6228,#6229,#6230);
#6232=CYLINDRICAL_SURFACE('',#6231,6.5E-2);
#6233=ORIENTED_EDGE('',*,*,#5960,.F.);
#6235=ORIENTED_EDGE('',*,*,#6234,.F.);
#6236=ORIENTED_EDGE('',*,*,#6166,.T.);
#6238=ORIENTED_EDGE('',*,*,#6237,.T.);
#6239=EDGE_LOOP('',(#6233,#6235,#6236,#6238));
#6240=FACE_OUTER_BOUND('',#6239,.F.);
#6241=ADVANCED_FACE('',(#6240),#6232,.T.);
#6242=CARTESIAN_POINT('',(1.75E0,1.65E-1,-1.965E0));
#6243=DIRECTION('',(1.E0,0.E0,0.E0));
#6244=DIRECTION('',(0.E0,0.E0,1.E0));
#6245=AXIS2_PLACEMENT_3D('',#6242,#6243,#6244);
#6246=CYLINDRICAL_SURFACE('',#6245,6.5E-2);
#6247=ORIENTED_EDGE('',*,*,#5967,.F.);
#6249=ORIENTED_EDGE('',*,*,#6248,.F.);
#6250=ORIENTED_EDGE('',*,*,#6150,.T.);
#6252=ORIENTED_EDGE('',*,*,#6251,.T.);
#6253=EDGE_LOOP('',(#6247,#6249,#6250,#6252));
#6254=FACE_OUTER_BOUND('',#6253,.F.);
#6255=ADVANCED_FACE('',(#6254),#6246,.T.);
#6256=CARTESIAN_POINT('',(1.75E0,1.65E-1,-1.965E0));
#6257=DIRECTION('',(1.E0,0.E0,0.E0));
#6258=DIRECTION('',(0.E0,0.E0,1.E0));
#6259=AXIS2_PLACEMENT_3D('',#6256,#6257,#6258);
#6260=CYLINDRICAL_SURFACE('',#6259,6.5E-2);
#6261=ORIENTED_EDGE('',*,*,#5974,.F.);
#6263=ORIENTED_EDGE('',*,*,#6262,.F.);
#6264=ORIENTED_EDGE('',*,*,#6134,.T.);
#6266=ORIENTED_EDGE('',*,*,#6265,.T.);
#6267=EDGE_LOOP('',(#6261,#6263,#6264,#6266));
#6268=FACE_OUTER_BOUND('',#6267,.F.);
#6269=ADVANCED_FACE('',(#6268),#6260,.T.);
#6270=CARTESIAN_POINT('',(1.75E0,1.65E-1,-1.965E0));
#6271=DIRECTION('',(1.E0,0.E0,0.E0));
#6272=DIRECTION('',(0.E0,0.E0,1.E0));
#6273=AXIS2_PLACEMENT_3D('',#6270,#6271,#6272);
#6274=CYLINDRICAL_SURFACE('',#6273,6.5E-2);
#6275=ORIENTED_EDGE('',*,*,#5981,.F.);
#6277=ORIENTED_EDGE('',*,*,#6276,.F.);
#6278=ORIENTED_EDGE('',*,*,#6118,.T.);
#6280=ORIENTED_EDGE('',*,*,#6279,.T.);
#6281=EDGE_LOOP('',(#6275,#6277,#6278,#6280));
#6282=FACE_OUTER_BOUND('',#6281,.F.);
#6283=ADVANCED_FACE('',(#6282),#6274,.T.);
#6284=CARTESIAN_POINT('',(1.75E0,1.65E-1,-1.965E0));
#6285=DIRECTION('',(1.E0,0.E0,0.E0));
#6286=DIRECTION('',(0.E0,0.E0,1.E0));
#6287=AXIS2_PLACEMENT_3D('',#6284,#6285,#6286);
#6288=CYLINDRICAL_SURFACE('',#6287,6.5E-2);
#6289=ORIENTED_EDGE('',*,*,#5988,.F.);
#6291=ORIENTED_EDGE('',*,*,#6290,.F.);
#6292=ORIENTED_EDGE('',*,*,#6102,.T.);
#6294=ORIENTED_EDGE('',*,*,#6293,.T.);
#6295=EDGE_LOOP('',(#6289,#6291,#6292,#6294));
#6296=FACE_OUTER_BOUND('',#6295,.F.);
#6297=ADVANCED_FACE('',(#6296),#6288,.T.);
#6298=CARTESIAN_POINT('',(1.75E0,1.65E-1,-1.965E0));
#6299=DIRECTION('',(1.E0,0.E0,0.E0));
#6300=DIRECTION('',(0.E0,0.E0,1.E0));
#6301=AXIS2_PLACEMENT_3D('',#6298,#6299,#6300);
#6302=CYLINDRICAL_SURFACE('',#6301,6.5E-2);
#6303=ORIENTED_EDGE('',*,*,#5995,.F.);
#6305=ORIENTED_EDGE('',*,*,#6304,.F.);
#6306=ORIENTED_EDGE('',*,*,#6086,.T.);
#6308=ORIENTED_EDGE('',*,*,#6307,.T.);
#6309=EDGE_LOOP('',(#6303,#6305,#6306,#6308));
#6310=FACE_OUTER_BOUND('',#6309,.F.);
#6311=ADVANCED_FACE('',(#6310),#6302,.T.);
#6312=CARTESIAN_POINT('',(1.75E0,1.65E-1,-1.965E0));
#6313=DIRECTION('',(1.E0,0.E0,0.E0));
#6314=DIRECTION('',(0.E0,0.E0,1.E0));
#6315=AXIS2_PLACEMENT_3D('',#6312,#6313,#6314);
#6316=CYLINDRICAL_SURFACE('',#6315,6.5E-2);
#6317=ORIENTED_EDGE('',*,*,#6002,.F.);
#6319=ORIENTED_EDGE('',*,*,#6318,.F.);
#6320=ORIENTED_EDGE('',*,*,#6070,.T.);
#6321=ORIENTED_EDGE('',*,*,#6218,.T.);
#6322=EDGE_LOOP('',(#6317,#6319,#6320,#6321));
#6323=FACE_OUTER_BOUND('',#6322,.F.);
#6324=ADVANCED_FACE('',(#6323),#6316,.T.);
#6325=CARTESIAN_POINT('',(-1.665E0,2.E-1,-2.05E0));
#6326=DIRECTION('',(-9.805806756909E-1,-1.961161351382E-1,0.E0));
#6327=DIRECTION('',(1.961161351382E-1,-9.805806756909E-1,0.E0));
#6328=AXIS2_PLACEMENT_3D('',#6325,#6326,#6327);
#6329=PLANE('',#6328);
#6330=ORIENTED_EDGE('',*,*,#4925,.T.);
#6332=ORIENTED_EDGE('',*,*,#6331,.F.);
#6334=ORIENTED_EDGE('',*,*,#6333,.T.);
#6335=ORIENTED_EDGE('',*,*,#6168,.F.);
#6336=ORIENTED_EDGE('',*,*,#6234,.T.);
#6337=ORIENTED_EDGE('',*,*,#5958,.T.);
#6338=EDGE_LOOP('',(#6330,#6332,#6334,#6335,#6336,#6337));
#6339=FACE_OUTER_BOUND('',#6338,.F.);
#6340=ADVANCED_FACE('',(#6339),#6329,.F.);
#6341=CARTESIAN_POINT('',(0.E0,0.E0,-1.6E0));
#6342=DIRECTION('',(0.E0,0.E0,1.E0));
#6343=DIRECTION('',(-1.E0,0.E0,0.E0));
#6344=AXIS2_PLACEMENT_3D('',#6341,#6342,#6343);
#6345=PLANE('',#6344);
#6346=ORIENTED_EDGE('',*,*,#4923,.F.);
#6348=ORIENTED_EDGE('',*,*,#6347,.T.);
#6350=ORIENTED_EDGE('',*,*,#6349,.T.);
#6351=ORIENTED_EDGE('',*,*,#6331,.T.);
#6352=EDGE_LOOP('',(#6346,#6348,#6350,#6351));
#6353=FACE_OUTER_BOUND('',#6352,.F.);
#6354=ADVANCED_FACE('',(#6353),#6345,.F.);
#6355=CARTESIAN_POINT('',(-1.375E0,0.E0,-2.05E0));
#6356=DIRECTION('',(9.805806756909E-1,-1.961161351382E-1,0.E0));
#6357=DIRECTION('',(1.961161351382E-1,9.805806756909E-1,0.E0));
#6358=AXIS2_PLACEMENT_3D('',#6355,#6356,#6357);
#6359=PLANE('',#6358);
#6360=ORIENTED_EDGE('',*,*,#4921,.F.);
#6361=ORIENTED_EDGE('',*,*,#5962,.T.);
#6362=ORIENTED_EDGE('',*,*,#6237,.F.);
#6363=ORIENTED_EDGE('',*,*,#6164,.T.);
#6365=ORIENTED_EDGE('',*,*,#6364,.F.);
#6366=ORIENTED_EDGE('',*,*,#6347,.F.);
#6367=EDGE_LOOP('',(#6360,#6361,#6362,#6363,#6365,#6366));
#6368=FACE_OUTER_BOUND('',#6367,.F.);
#6369=ADVANCED_FACE('',(#6368),#6359,.F.);
#6370=CARTESIAN_POINT('',(-2.48E0,1.683479259195E-2,1.980481988881E0));
#6371=DIRECTION('',(0.E0,-1.E0,0.E0));
#6372=DIRECTION('',(0.E0,0.E0,-1.E0));
#6373=AXIS2_PLACEMENT_3D('',#6370,#6371,#6372);
#6374=PLANE('',#6373);
#6375=ORIENTED_EDGE('',*,*,#4956,.F.);
#6376=ORIENTED_EDGE('',*,*,#4975,.T.);
#6377=ORIENTED_EDGE('',*,*,#5270,.F.);
#6379=ORIENTED_EDGE('',*,*,#6378,.F.);
#6380=EDGE_LOOP('',(#6375,#6376,#6377,#6379));
#6381=FACE_OUTER_BOUND('',#6380,.F.);
#6382=ADVANCED_FACE('',(#6381),#6374,.T.);
#6383=CARTESIAN_POINT('',(-2.48E0,1.683479259195E-2,1.980481988881E0));
#6384=DIRECTION('',(0.E0,-1.E0,0.E0));
#6385=DIRECTION('',(0.E0,0.E0,-1.E0));
#6386=AXIS2_PLACEMENT_3D('',#6383,#6384,#6385);
#6387=PLANE('',#6386);
#6389=ORIENTED_EDGE('',*,*,#6388,.F.);
#6391=ORIENTED_EDGE('',*,*,#6390,.T.);
#6392=ORIENTED_EDGE('',*,*,#5286,.F.);
#6394=ORIENTED_EDGE('',*,*,#6393,.F.);
#6395=EDGE_LOOP('',(#6389,#6391,#6392,#6394));
#6396=FACE_OUTER_BOUND('',#6395,.F.);
#6397=ADVANCED_FACE('',(#6396),#6387,.T.);
#6398=CARTESIAN_POINT('',(-2.48E0,1.683479259195E-2,1.980481988881E0));
#6399=DIRECTION('',(0.E0,-1.E0,0.E0));
#6400=DIRECTION('',(0.E0,0.E0,-1.E0));
#6401=AXIS2_PLACEMENT_3D('',#6398,#6399,#6400);
#6402=PLANE('',#6401);
#6404=ORIENTED_EDGE('',*,*,#6403,.F.);
#6406=ORIENTED_EDGE('',*,*,#6405,.T.);
#6407=ORIENTED_EDGE('',*,*,#5302,.F.);
#6409=ORIENTED_EDGE('',*,*,#6408,.F.);
#6410=EDGE_LOOP('',(#6404,#6406,#6407,#6409));
#6411=FACE_OUTER_BOUND('',#6410,.F.);
#6412=ADVANCED_FACE('',(#6411),#6402,.T.);
#6413=CARTESIAN_POINT('',(-2.48E0,1.683479259195E-2,1.980481988881E0));
#6414=DIRECTION('',(0.E0,-1.E0,0.E0));
#6415=DIRECTION('',(0.E0,0.E0,-1.E0));
#6416=AXIS2_PLACEMENT_3D('',#6413,#6414,#6415);
#6417=PLANE('',#6416);
#6419=ORIENTED_EDGE('',*,*,#6418,.F.);
#6421=ORIENTED_EDGE('',*,*,#6420,.T.);
#6422=ORIENTED_EDGE('',*,*,#5318,.F.);
#6424=ORIENTED_EDGE('',*,*,#6423,.F.);
#6425=EDGE_LOOP('',(#6419,#6421,#6422,#6424));
#6426=FACE_OUTER_BOUND('',#6425,.F.);
#6427=ADVANCED_FACE('',(#6426),#6417,.T.);
#6428=CARTESIAN_POINT('',(-2.48E0,1.683479259195E-2,1.980481988881E0));
#6429=DIRECTION('',(0.E0,-1.E0,0.E0));
#6430=DIRECTION('',(0.E0,0.E0,-1.E0));
#6431=AXIS2_PLACEMENT_3D('',#6428,#6429,#6430);
#6432=PLANE('',#6431);
#6434=ORIENTED_EDGE('',*,*,#6433,.F.);
#6436=ORIENTED_EDGE('',*,*,#6435,.T.);
#6437=ORIENTED_EDGE('',*,*,#5334,.F.);
#6439=ORIENTED_EDGE('',*,*,#6438,.F.);
#6440=EDGE_LOOP('',(#6434,#6436,#6437,#6439));
#6441=FACE_OUTER_BOUND('',#6440,.F.);
#6442=ADVANCED_FACE('',(#6441),#6432,.T.);
#6443=CARTESIAN_POINT('',(-2.48E0,1.683479259195E-2,1.980481988881E0));
#6444=DIRECTION('',(0.E0,-1.E0,0.E0));
#6445=DIRECTION('',(0.E0,0.E0,-1.E0));
#6446=AXIS2_PLACEMENT_3D('',#6443,#6444,#6445);
#6447=PLANE('',#6446);
#6449=ORIENTED_EDGE('',*,*,#6448,.T.);
#6451=ORIENTED_EDGE('',*,*,#6450,.T.);
#6452=ORIENTED_EDGE('',*,*,#5806,.T.);
#6454=ORIENTED_EDGE('',*,*,#6453,.F.);
#6455=EDGE_LOOP('',(#6449,#6451,#6452,#6454));
#6456=FACE_OUTER_BOUND('',#6455,.F.);
#6457=ADVANCED_FACE('',(#6456),#6447,.T.);
#6458=CARTESIAN_POINT('',(-2.48E0,1.683479259195E-2,1.980481988881E0));
#6459=DIRECTION('',(0.E0,-1.E0,0.E0));
#6460=DIRECTION('',(0.E0,0.E0,-1.E0));
#6461=AXIS2_PLACEMENT_3D('',#6458,#6459,#6460);
#6462=PLANE('',#6461);
#6464=ORIENTED_EDGE('',*,*,#6463,.T.);
#6466=ORIENTED_EDGE('',*,*,#6465,.T.);
#6467=ORIENTED_EDGE('',*,*,#5822,.T.);
#6469=ORIENTED_EDGE('',*,*,#6468,.F.);
#6470=EDGE_LOOP('',(#6464,#6466,#6467,#6469));
#6471=FACE_OUTER_BOUND('',#6470,.F.);
#6472=ADVANCED_FACE('',(#6471),#6462,.T.);
#6473=CARTESIAN_POINT('',(-2.48E0,1.683479259195E-2,1.980481988881E0));
#6474=DIRECTION('',(0.E0,-1.E0,0.E0));
#6475=DIRECTION('',(0.E0,0.E0,-1.E0));
#6476=AXIS2_PLACEMENT_3D('',#6473,#6474,#6475);
#6477=PLANE('',#6476);
#6479=ORIENTED_EDGE('',*,*,#6478,.T.);
#6481=ORIENTED_EDGE('',*,*,#6480,.T.);
#6482=ORIENTED_EDGE('',*,*,#5838,.T.);
#6484=ORIENTED_EDGE('',*,*,#6483,.F.);
#6485=EDGE_LOOP('',(#6479,#6481,#6482,#6484));
#6486=FACE_OUTER_BOUND('',#6485,.F.);
#6487=ADVANCED_FACE('',(#6486),#6477,.T.);
#6488=CARTESIAN_POINT('',(-2.48E0,1.683479259195E-2,1.980481988881E0));
#6489=DIRECTION('',(0.E0,-1.E0,0.E0));
#6490=DIRECTION('',(0.E0,0.E0,-1.E0));
#6491=AXIS2_PLACEMENT_3D('',#6488,#6489,#6490);
#6492=PLANE('',#6491);
#6494=ORIENTED_EDGE('',*,*,#6493,.T.);
#6496=ORIENTED_EDGE('',*,*,#6495,.T.);
#6497=ORIENTED_EDGE('',*,*,#5854,.T.);
#6499=ORIENTED_EDGE('',*,*,#6498,.F.);
#6500=EDGE_LOOP('',(#6494,#6496,#6497,#6499));
#6501=FACE_OUTER_BOUND('',#6500,.F.);
#6502=ADVANCED_FACE('',(#6501),#6492,.T.);
#6503=CARTESIAN_POINT('',(-2.48E0,1.683479259195E-2,1.980481988881E0));
#6504=DIRECTION('',(0.E0,-1.E0,0.E0));
#6505=DIRECTION('',(0.E0,0.E0,-1.E0));
#6506=AXIS2_PLACEMENT_3D('',#6503,#6504,#6505);
#6507=PLANE('',#6506);
#6509=ORIENTED_EDGE('',*,*,#6508,.T.);
#6511=ORIENTED_EDGE('',*,*,#6510,.T.);
#6512=ORIENTED_EDGE('',*,*,#5870,.T.);
#6514=ORIENTED_EDGE('',*,*,#6513,.F.);
#6515=EDGE_LOOP('',(#6509,#6511,#6512,#6514));
#6516=FACE_OUTER_BOUND('',#6515,.F.);
#6517=ADVANCED_FACE('',(#6516),#6507,.T.);
#6518=CARTESIAN_POINT('',(-2.48E0,1.683479259195E-2,1.980481988881E0));
#6519=DIRECTION('',(0.E0,-1.E0,0.E0));
#6520=DIRECTION('',(0.E0,0.E0,-1.E0));
#6521=AXIS2_PLACEMENT_3D('',#6518,#6519,#6520);
#6522=PLANE('',#6521);
#6524=ORIENTED_EDGE('',*,*,#6523,.F.);
#6525=ORIENTED_EDGE('',*,*,#6221,.T.);
#6526=ORIENTED_EDGE('',*,*,#6074,.F.);
#6528=ORIENTED_EDGE('',*,*,#6527,.F.);
#6529=EDGE_LOOP('',(#6524,#6525,#6526,#6528));
#6530=FACE_OUTER_BOUND('',#6529,.F.);
#6531=ADVANCED_FACE('',(#6530),#6522,.T.);
#6532=CARTESIAN_POINT('',(-2.48E0,1.683479259195E-2,1.980481988881E0));
#6533=DIRECTION('',(0.E0,-1.E0,0.E0));
#6534=DIRECTION('',(0.E0,0.E0,-1.E0));
#6535=AXIS2_PLACEMENT_3D('',#6532,#6533,#6534);
#6536=PLANE('',#6535);
#6538=ORIENTED_EDGE('',*,*,#6537,.F.);
#6540=ORIENTED_EDGE('',*,*,#6539,.T.);
#6541=ORIENTED_EDGE('',*,*,#6090,.F.);
#6543=ORIENTED_EDGE('',*,*,#6542,.F.);
#6544=EDGE_LOOP('',(#6538,#6540,#6541,#6543));
#6545=FACE_OUTER_BOUND('',#6544,.F.);
#6546=ADVANCED_FACE('',(#6545),#6536,.T.);
#6547=CARTESIAN_POINT('',(-2.48E0,1.683479259195E-2,1.980481988881E0));
#6548=DIRECTION('',(0.E0,-1.E0,0.E0));
#6549=DIRECTION('',(0.E0,0.E0,-1.E0));
#6550=AXIS2_PLACEMENT_3D('',#6547,#6548,#6549);
#6551=PLANE('',#6550);
#6553=ORIENTED_EDGE('',*,*,#6552,.F.);
#6555=ORIENTED_EDGE('',*,*,#6554,.T.);
#6556=ORIENTED_EDGE('',*,*,#6106,.F.);
#6558=ORIENTED_EDGE('',*,*,#6557,.F.);
#6559=EDGE_LOOP('',(#6553,#6555,#6556,#6558));
#6560=FACE_OUTER_BOUND('',#6559,.F.);
#6561=ADVANCED_FACE('',(#6560),#6551,.T.);
#6562=CARTESIAN_POINT('',(-2.48E0,1.683479259195E-2,1.980481988881E0));
#6563=DIRECTION('',(0.E0,-1.E0,0.E0));
#6564=DIRECTION('',(0.E0,0.E0,-1.E0));
#6565=AXIS2_PLACEMENT_3D('',#6562,#6563,#6564);
#6566=PLANE('',#6565);
#6568=ORIENTED_EDGE('',*,*,#6567,.F.);
#6570=ORIENTED_EDGE('',*,*,#6569,.T.);
#6571=ORIENTED_EDGE('',*,*,#6122,.F.);
#6573=ORIENTED_EDGE('',*,*,#6572,.F.);
#6574=EDGE_LOOP('',(#6568,#6570,#6571,#6573));
#6575=FACE_OUTER_BOUND('',#6574,.F.);
#6576=ADVANCED_FACE('',(#6575),#6566,.T.);
#6577=CARTESIAN_POINT('',(-2.48E0,1.683479259195E-2,1.980481988881E0));
#6578=DIRECTION('',(0.E0,-1.E0,0.E0));
#6579=DIRECTION('',(0.E0,0.E0,-1.E0));
#6580=AXIS2_PLACEMENT_3D('',#6577,#6578,#6579);
#6581=PLANE('',#6580);
#6583=ORIENTED_EDGE('',*,*,#6582,.F.);
#6585=ORIENTED_EDGE('',*,*,#6584,.T.);
#6586=ORIENTED_EDGE('',*,*,#6138,.F.);
#6588=ORIENTED_EDGE('',*,*,#6587,.F.);
#6589=EDGE_LOOP('',(#6583,#6585,#6586,#6588));
#6590=FACE_OUTER_BOUND('',#6589,.F.);
#6591=ADVANCED_FACE('',(#6590),#6581,.T.);
#6592=CARTESIAN_POINT('',(-2.48E0,1.683479259195E-2,1.980481988881E0));
#6593=DIRECTION('',(0.E0,-1.E0,0.E0));
#6594=DIRECTION('',(0.E0,0.E0,-1.E0));
#6595=AXIS2_PLACEMENT_3D('',#6592,#6593,#6594);
#6596=PLANE('',#6595);
#6598=ORIENTED_EDGE('',*,*,#6597,.F.);
#6600=ORIENTED_EDGE('',*,*,#6599,.T.);
#6601=ORIENTED_EDGE('',*,*,#6154,.F.);
#6603=ORIENTED_EDGE('',*,*,#6602,.F.);
#6604=EDGE_LOOP('',(#6598,#6600,#6601,#6603));
#6605=FACE_OUTER_BOUND('',#6604,.F.);
#6606=ADVANCED_FACE('',(#6605),#6596,.T.);
#6607=CARTESIAN_POINT('',(-2.48E0,1.683479259195E-2,1.980481988881E0));
#6608=DIRECTION('',(0.E0,-1.E0,0.E0));
#6609=DIRECTION('',(0.E0,0.E0,-1.E0));
#6610=AXIS2_PLACEMENT_3D('',#6607,#6608,#6609);
#6611=PLANE('',#6610);
#6612=ORIENTED_EDGE('',*,*,#6349,.F.);
#6613=ORIENTED_EDGE('',*,*,#6364,.T.);
#6614=ORIENTED_EDGE('',*,*,#6170,.F.);
#6615=ORIENTED_EDGE('',*,*,#6333,.F.);
#6616=EDGE_LOOP('',(#6612,#6613,#6614,#6615));
#6617=FACE_OUTER_BOUND('',#6616,.F.);
#6618=ADVANCED_FACE('',(#6617),#6611,.T.);
#6619=CARTESIAN_POINT('',(-2.48E0,1.683479259195E-2,1.980481988881E0));
#6620=DIRECTION('',(0.E0,-1.E0,0.E0));
#6621=DIRECTION('',(0.E0,0.E0,-1.E0));
#6622=AXIS2_PLACEMENT_3D('',#6619,#6620,#6621);
#6623=PLANE('',#6622);
#6625=ORIENTED_EDGE('',*,*,#6624,.T.);
#6627=ORIENTED_EDGE('',*,*,#6626,.T.);
#6628=ORIENTED_EDGE('',*,*,#5521,.T.);
#6630=ORIENTED_EDGE('',*,*,#6629,.F.);
#6631=EDGE_LOOP('',(#6625,#6627,#6628,#6630));
#6632=FACE_OUTER_BOUND('',#6631,.F.);
#6633=ADVANCED_FACE('',(#6632),#6623,.T.);
#6634=CARTESIAN_POINT('',(-2.48E0,1.683479259195E-2,1.980481988881E0));
#6635=DIRECTION('',(0.E0,-1.E0,0.E0));
#6636=DIRECTION('',(0.E0,0.E0,-1.E0));
#6637=AXIS2_PLACEMENT_3D('',#6634,#6635,#6636);
#6638=PLANE('',#6637);
#6640=ORIENTED_EDGE('',*,*,#6639,.T.);
#6642=ORIENTED_EDGE('',*,*,#6641,.T.);
#6643=ORIENTED_EDGE('',*,*,#5537,.T.);
#6645=ORIENTED_EDGE('',*,*,#6644,.F.);
#6646=EDGE_LOOP('',(#6640,#6642,#6643,#6645));
#6647=FACE_OUTER_BOUND('',#6646,.F.);
#6648=ADVANCED_FACE('',(#6647),#6638,.T.);
#6649=CARTESIAN_POINT('',(-2.48E0,1.683479259195E-2,1.980481988881E0));
#6650=DIRECTION('',(0.E0,-1.E0,0.E0));
#6651=DIRECTION('',(0.E0,0.E0,-1.E0));
#6652=AXIS2_PLACEMENT_3D('',#6649,#6650,#6651);
#6653=PLANE('',#6652);
#6655=ORIENTED_EDGE('',*,*,#6654,.T.);
#6657=ORIENTED_EDGE('',*,*,#6656,.T.);
#6658=ORIENTED_EDGE('',*,*,#5553,.T.);
#6660=ORIENTED_EDGE('',*,*,#6659,.F.);
#6661=EDGE_LOOP('',(#6655,#6657,#6658,#6660));
#6662=FACE_OUTER_BOUND('',#6661,.F.);
#6663=ADVANCED_FACE('',(#6662),#6653,.T.);
#6664=CARTESIAN_POINT('',(-2.48E0,1.683479259195E-2,1.980481988881E0));
#6665=DIRECTION('',(0.E0,-1.E0,0.E0));
#6666=DIRECTION('',(0.E0,0.E0,-1.E0));
#6667=AXIS2_PLACEMENT_3D('',#6664,#6665,#6666);
#6668=PLANE('',#6667);
#6670=ORIENTED_EDGE('',*,*,#6669,.T.);
#6672=ORIENTED_EDGE('',*,*,#6671,.T.);
#6673=ORIENTED_EDGE('',*,*,#5569,.T.);
#6675=ORIENTED_EDGE('',*,*,#6674,.F.);
#6676=EDGE_LOOP('',(#6670,#6672,#6673,#6675));
#6677=FACE_OUTER_BOUND('',#6676,.F.);
#6678=ADVANCED_FACE('',(#6677),#6668,.T.);
#6679=CARTESIAN_POINT('',(-2.48E0,1.683479259195E-2,1.980481988881E0));
#6680=DIRECTION('',(0.E0,-1.E0,0.E0));
#6681=DIRECTION('',(0.E0,0.E0,-1.E0));
#6682=AXIS2_PLACEMENT_3D('',#6679,#6680,#6681);
#6683=PLANE('',#6682);
#6685=ORIENTED_EDGE('',*,*,#6684,.T.);
#6687=ORIENTED_EDGE('',*,*,#6686,.T.);
#6688=ORIENTED_EDGE('',*,*,#5585,.T.);
#6690=ORIENTED_EDGE('',*,*,#6689,.F.);
#6691=EDGE_LOOP('',(#6685,#6687,#6688,#6690));
#6692=FACE_OUTER_BOUND('',#6691,.F.);
#6693=ADVANCED_FACE('',(#6692),#6683,.T.);
#6694=CARTESIAN_POINT('',(-2.48E0,1.683479259195E-2,1.980481988881E0));
#6695=DIRECTION('',(0.E0,-1.E0,0.E0));
#6696=DIRECTION('',(0.E0,0.E0,-1.E0));
#6697=AXIS2_PLACEMENT_3D('',#6694,#6695,#6696);
#6698=PLANE('',#6697);
#6700=ORIENTED_EDGE('',*,*,#6699,.T.);
#6702=ORIENTED_EDGE('',*,*,#6701,.T.);
#6703=ORIENTED_EDGE('',*,*,#5601,.T.);
#6705=ORIENTED_EDGE('',*,*,#6704,.F.);
#6706=EDGE_LOOP('',(#6700,#6702,#6703,#6705));
#6707=FACE_OUTER_BOUND('',#6706,.F.);
#6708=ADVANCED_FACE('',(#6707),#6698,.T.);
#6709=CARTESIAN_POINT('',(-2.48E0,1.683479259195E-2,1.980481988881E0));
#6710=DIRECTION('',(0.E0,-1.E0,0.E0));
#6711=DIRECTION('',(0.E0,0.E0,-1.E0));
#6712=AXIS2_PLACEMENT_3D('',#6709,#6710,#6711);
#6713=PLANE('',#6712);
#6715=ORIENTED_EDGE('',*,*,#6714,.T.);
#6717=ORIENTED_EDGE('',*,*,#6716,.T.);
#6718=ORIENTED_EDGE('',*,*,#5617,.T.);
#6720=ORIENTED_EDGE('',*,*,#6719,.F.);
#6721=EDGE_LOOP('',(#6715,#6717,#6718,#6720));
#6722=FACE_OUTER_BOUND('',#6721,.F.);
#6723=ADVANCED_FACE('',(#6722),#6713,.T.);
#6724=CARTESIAN_POINT('',(-2.48E0,1.683479259195E-2,1.980481988881E0));
#6725=DIRECTION('',(0.E0,-1.E0,0.E0));
#6726=DIRECTION('',(0.E0,0.E0,-1.E0));
#6727=AXIS2_PLACEMENT_3D('',#6724,#6725,#6726);
#6728=PLANE('',#6727);
#6730=ORIENTED_EDGE('',*,*,#6729,.T.);
#6732=ORIENTED_EDGE('',*,*,#6731,.T.);
#6734=ORIENTED_EDGE('',*,*,#6733,.T.);
#6736=ORIENTED_EDGE('',*,*,#6735,.T.);
#6738=ORIENTED_EDGE('',*,*,#6737,.T.);
#6739=EDGE_LOOP('',(#6730,#6732,#6734,#6736,#6738));
#6740=FACE_OUTER_BOUND('',#6739,.F.);
#6741=ADVANCED_FACE('',(#6740),#6728,.T.);
#6742=CARTESIAN_POINT('',(-2.55E0,2.E-1,-8.35E-1));
#6743=DIRECTION('',(0.E0,-1.961161351382E-1,9.805806756909E-1));
#6744=DIRECTION('',(0.E0,-9.805806756909E-1,-1.961161351382E-1));
#6745=AXIS2_PLACEMENT_3D('',#6742,#6743,#6744);
#6746=PLANE('',#6745);
#6747=ORIENTED_EDGE('',*,*,#4735,.T.);
#6748=ORIENTED_EDGE('',*,*,#4958,.F.);
#6749=ORIENTED_EDGE('',*,*,#6378,.T.);
#6750=ORIENTED_EDGE('',*,*,#5268,.F.);
#6752=ORIENTED_EDGE('',*,*,#6751,.T.);
#6753=ORIENTED_EDGE('',*,*,#5023,.T.);
#6754=EDGE_LOOP('',(#6747,#6748,#6749,#6750,#6752,#6753));
#6755=FACE_OUTER_BOUND('',#6754,.F.);
#6756=ADVANCED_FACE('',(#6755),#6746,.F.);
#6757=CARTESIAN_POINT('',(-2.465E0,1.65E-1,1.25E0));
#6758=DIRECTION('',(0.E0,0.E0,-1.E0));
#6759=DIRECTION('',(1.E0,0.E0,0.E0));
#6760=AXIS2_PLACEMENT_3D('',#6757,#6758,#6759);
#6761=CYLINDRICAL_SURFACE('',#6760,6.5E-2);
#6762=ORIENTED_EDGE('',*,*,#4997,.F.);
#6764=ORIENTED_EDGE('',*,*,#6763,.F.);
#6765=ORIENTED_EDGE('',*,*,#5330,.T.);
#6767=ORIENTED_EDGE('',*,*,#6766,.T.);
#6768=EDGE_LOOP('',(#6762,#6764,#6765,#6767));
#6769=FACE_OUTER_BOUND('',#6768,.F.);
#6770=ADVANCED_FACE('',(#6769),#6761,.T.);
#6771=CARTESIAN_POINT('',(-2.465E0,1.65E-1,1.25E0));
#6772=DIRECTION('',(0.E0,0.E0,-1.E0));
#6773=DIRECTION('',(1.E0,0.E0,0.E0));
#6774=AXIS2_PLACEMENT_3D('',#6771,#6772,#6773);
#6775=CYLINDRICAL_SURFACE('',#6774,6.5E-2);
#6776=ORIENTED_EDGE('',*,*,#5004,.F.);
#6778=ORIENTED_EDGE('',*,*,#6777,.F.);
#6779=ORIENTED_EDGE('',*,*,#5314,.T.);
#6781=ORIENTED_EDGE('',*,*,#6780,.T.);
#6782=EDGE_LOOP('',(#6776,#6778,#6779,#6781));
#6783=FACE_OUTER_BOUND('',#6782,.F.);
#6784=ADVANCED_FACE('',(#6783),#6775,.T.);
#6785=CARTESIAN_POINT('',(-2.465E0,1.65E-1,1.25E0));
#6786=DIRECTION('',(0.E0,0.E0,-1.E0));
#6787=DIRECTION('',(1.E0,0.E0,0.E0));
#6788=AXIS2_PLACEMENT_3D('',#6785,#6786,#6787);
#6789=CYLINDRICAL_SURFACE('',#6788,6.5E-2);
#6790=ORIENTED_EDGE('',*,*,#5011,.F.);
#6792=ORIENTED_EDGE('',*,*,#6791,.F.);
#6793=ORIENTED_EDGE('',*,*,#5298,.T.);
#6795=ORIENTED_EDGE('',*,*,#6794,.T.);
#6796=EDGE_LOOP('',(#6790,#6792,#6793,#6795));
#6797=FACE_OUTER_BOUND('',#6796,.F.);
#6798=ADVANCED_FACE('',(#6797),#6789,.T.);
#6799=CARTESIAN_POINT('',(-2.465E0,1.65E-1,1.25E0));
#6800=DIRECTION('',(0.E0,0.E0,-1.E0));
#6801=DIRECTION('',(1.E0,0.E0,0.E0));
#6802=AXIS2_PLACEMENT_3D('',#6799,#6800,#6801);
#6803=CYLINDRICAL_SURFACE('',#6802,6.5E-2);
#6804=ORIENTED_EDGE('',*,*,#5018,.F.);
#6806=ORIENTED_EDGE('',*,*,#6805,.F.);
#6807=ORIENTED_EDGE('',*,*,#5282,.T.);
#6809=ORIENTED_EDGE('',*,*,#6808,.T.);
#6810=EDGE_LOOP('',(#6804,#6806,#6807,#6809));
#6811=FACE_OUTER_BOUND('',#6810,.F.);
#6812=ADVANCED_FACE('',(#6811),#6803,.T.);
#6813=CARTESIAN_POINT('',(-2.465E0,1.65E-1,1.25E0));
#6814=DIRECTION('',(0.E0,0.E0,-1.E0));
#6815=DIRECTION('',(1.E0,0.E0,0.E0));
#6816=AXIS2_PLACEMENT_3D('',#6813,#6814,#6815);
#6817=CYLINDRICAL_SURFACE('',#6816,6.5E-2);
#6818=ORIENTED_EDGE('',*,*,#5025,.F.);
#6819=ORIENTED_EDGE('',*,*,#6751,.F.);
#6820=ORIENTED_EDGE('',*,*,#5266,.T.);
#6821=ORIENTED_EDGE('',*,*,#4971,.T.);
#6822=EDGE_LOOP('',(#6818,#6819,#6820,#6821));
#6823=FACE_OUTER_BOUND('',#6822,.F.);
#6824=ADVANCED_FACE('',(#6823),#6817,.T.);
#6825=CARTESIAN_POINT('',(-2.55E0,2.E-1,1.165E0));
#6826=DIRECTION('',(0.E0,-1.961161351382E-1,9.805806756909E-1));
#6827=DIRECTION('',(0.E0,-9.805806756909E-1,-1.961161351382E-1));
#6828=AXIS2_PLACEMENT_3D('',#6825,#6826,#6827);
#6829=PLANE('',#6828);
#6830=ORIENTED_EDGE('',*,*,#4767,.T.);
#6832=ORIENTED_EDGE('',*,*,#6831,.F.);
#6833=ORIENTED_EDGE('',*,*,#6438,.T.);
#6834=ORIENTED_EDGE('',*,*,#5332,.F.);
#6835=ORIENTED_EDGE('',*,*,#6763,.T.);
#6836=ORIENTED_EDGE('',*,*,#4995,.T.);
#6837=EDGE_LOOP('',(#6830,#6832,#6833,#6834,#6835,#6836));
#6838=FACE_OUTER_BOUND('',#6837,.F.);
#6839=ADVANCED_FACE('',(#6838),#6829,.F.);
#6840=CARTESIAN_POINT('',(-2.1E0,0.E0,0.E0));
#6841=DIRECTION('',(1.E0,0.E0,0.E0));
#6842=DIRECTION('',(0.E0,0.E0,1.E0));
#6843=AXIS2_PLACEMENT_3D('',#6840,#6841,#6842);
#6844=PLANE('',#6843);
#6845=ORIENTED_EDGE('',*,*,#4765,.F.);
#6847=ORIENTED_EDGE('',*,*,#6846,.T.);
#6848=ORIENTED_EDGE('',*,*,#6433,.T.);
#6849=ORIENTED_EDGE('',*,*,#6831,.T.);
#6850=EDGE_LOOP('',(#6845,#6847,#6848,#6849));
#6851=FACE_OUTER_BOUND('',#6850,.F.);
#6852=ADVANCED_FACE('',(#6851),#6844,.F.);
#6853=CARTESIAN_POINT('',(-2.55E0,0.E0,8.75E-1));
#6854=DIRECTION('',(0.E0,-1.961161351382E-1,-9.805806756909E-1));
#6855=DIRECTION('',(0.E0,9.805806756909E-1,-1.961161351382E-1));
#6856=AXIS2_PLACEMENT_3D('',#6853,#6854,#6855);
#6857=PLANE('',#6856);
#6858=ORIENTED_EDGE('',*,*,#4763,.F.);
#6859=ORIENTED_EDGE('',*,*,#4999,.T.);
#6860=ORIENTED_EDGE('',*,*,#6766,.F.);
#6861=ORIENTED_EDGE('',*,*,#5328,.T.);
#6862=ORIENTED_EDGE('',*,*,#6435,.F.);
#6863=ORIENTED_EDGE('',*,*,#6846,.F.);
#6864=EDGE_LOOP('',(#6858,#6859,#6860,#6861,#6862,#6863));
#6865=FACE_OUTER_BOUND('',#6864,.F.);
#6866=ADVANCED_FACE('',(#6865),#6857,.F.);
#6867=CARTESIAN_POINT('',(-2.55E0,2.E-1,6.65E-1));
#6868=DIRECTION('',(0.E0,-1.961161351382E-1,9.805806756909E-1));
#6869=DIRECTION('',(0.E0,-9.805806756909E-1,-1.961161351382E-1));
#6870=AXIS2_PLACEMENT_3D('',#6867,#6868,#6869);
#6871=PLANE('',#6870);
#6872=ORIENTED_EDGE('',*,*,#4759,.T.);
#6874=ORIENTED_EDGE('',*,*,#6873,.F.);
#6875=ORIENTED_EDGE('',*,*,#6423,.T.);
#6876=ORIENTED_EDGE('',*,*,#5316,.F.);
#6877=ORIENTED_EDGE('',*,*,#6777,.T.);
#6878=ORIENTED_EDGE('',*,*,#5002,.T.);
#6879=EDGE_LOOP('',(#6872,#6874,#6875,#6876,#6877,#6878));
#6880=FACE_OUTER_BOUND('',#6879,.F.);
#6881=ADVANCED_FACE('',(#6880),#6871,.F.);
#6882=CARTESIAN_POINT('',(-2.1E0,0.E0,0.E0));
#6883=DIRECTION('',(1.E0,0.E0,0.E0));
#6884=DIRECTION('',(0.E0,0.E0,1.E0));
#6885=AXIS2_PLACEMENT_3D('',#6882,#6883,#6884);
#6886=PLANE('',#6885);
#6887=ORIENTED_EDGE('',*,*,#4757,.F.);
#6889=ORIENTED_EDGE('',*,*,#6888,.T.);
#6890=ORIENTED_EDGE('',*,*,#6418,.T.);
#6891=ORIENTED_EDGE('',*,*,#6873,.T.);
#6892=EDGE_LOOP('',(#6887,#6889,#6890,#6891));
#6893=FACE_OUTER_BOUND('',#6892,.F.);
#6894=ADVANCED_FACE('',(#6893),#6886,.F.);
#6895=CARTESIAN_POINT('',(-2.55E0,0.E0,3.75E-1));
#6896=DIRECTION('',(0.E0,-1.961161351382E-1,-9.805806756909E-1));
#6897=DIRECTION('',(0.E0,9.805806756909E-1,-1.961161351382E-1));
#6898=AXIS2_PLACEMENT_3D('',#6895,#6896,#6897);
#6899=PLANE('',#6898);
#6900=ORIENTED_EDGE('',*,*,#4755,.F.);
#6901=ORIENTED_EDGE('',*,*,#5006,.T.);
#6902=ORIENTED_EDGE('',*,*,#6780,.F.);
#6903=ORIENTED_EDGE('',*,*,#5312,.T.);
#6904=ORIENTED_EDGE('',*,*,#6420,.F.);
#6905=ORIENTED_EDGE('',*,*,#6888,.F.);
#6906=EDGE_LOOP('',(#6900,#6901,#6902,#6903,#6904,#6905));
#6907=FACE_OUTER_BOUND('',#6906,.F.);
#6908=ADVANCED_FACE('',(#6907),#6899,.F.);
#6909=CARTESIAN_POINT('',(-2.55E0,2.E-1,1.65E-1));
#6910=DIRECTION('',(0.E0,-1.961161351382E-1,9.805806756909E-1));
#6911=DIRECTION('',(0.E0,-9.805806756909E-1,-1.961161351382E-1));
#6912=AXIS2_PLACEMENT_3D('',#6909,#6910,#6911);
#6913=PLANE('',#6912);
#6914=ORIENTED_EDGE('',*,*,#4751,.T.);
#6916=ORIENTED_EDGE('',*,*,#6915,.F.);
#6917=ORIENTED_EDGE('',*,*,#6408,.T.);
#6918=ORIENTED_EDGE('',*,*,#5300,.F.);
#6919=ORIENTED_EDGE('',*,*,#6791,.T.);
#6920=ORIENTED_EDGE('',*,*,#5009,.T.);
#6921=EDGE_LOOP('',(#6914,#6916,#6917,#6918,#6919,#6920));
#6922=FACE_OUTER_BOUND('',#6921,.F.);
#6923=ADVANCED_FACE('',(#6922),#6913,.F.);
#6924=CARTESIAN_POINT('',(-2.1E0,0.E0,0.E0));
#6925=DIRECTION('',(1.E0,0.E0,0.E0));
#6926=DIRECTION('',(0.E0,0.E0,1.E0));
#6927=AXIS2_PLACEMENT_3D('',#6924,#6925,#6926);
#6928=PLANE('',#6927);
#6929=ORIENTED_EDGE('',*,*,#4749,.F.);
#6931=ORIENTED_EDGE('',*,*,#6930,.T.);
#6932=ORIENTED_EDGE('',*,*,#6403,.T.);
#6933=ORIENTED_EDGE('',*,*,#6915,.T.);
#6934=EDGE_LOOP('',(#6929,#6931,#6932,#6933));
#6935=FACE_OUTER_BOUND('',#6934,.F.);
#6936=ADVANCED_FACE('',(#6935),#6928,.F.);
#6937=CARTESIAN_POINT('',(-2.55E0,0.E0,-1.25E-1));
#6938=DIRECTION('',(0.E0,-1.961161351382E-1,-9.805806756909E-1));
#6939=DIRECTION('',(0.E0,9.805806756909E-1,-1.961161351382E-1));
#6940=AXIS2_PLACEMENT_3D('',#6937,#6938,#6939);
#6941=PLANE('',#6940);
#6942=ORIENTED_EDGE('',*,*,#4747,.F.);
#6943=ORIENTED_EDGE('',*,*,#5013,.T.);
#6944=ORIENTED_EDGE('',*,*,#6794,.F.);
#6945=ORIENTED_EDGE('',*,*,#5296,.T.);
#6946=ORIENTED_EDGE('',*,*,#6405,.F.);
#6947=ORIENTED_EDGE('',*,*,#6930,.F.);
#6948=EDGE_LOOP('',(#6942,#6943,#6944,#6945,#6946,#6947));
#6949=FACE_OUTER_BOUND('',#6948,.F.);
#6950=ADVANCED_FACE('',(#6949),#6941,.F.);
#6951=CARTESIAN_POINT('',(-2.55E0,2.E-1,-3.35E-1));
#6952=DIRECTION('',(0.E0,-1.961161351382E-1,9.805806756909E-1));
#6953=DIRECTION('',(0.E0,-9.805806756909E-1,-1.961161351382E-1));
#6954=AXIS2_PLACEMENT_3D('',#6951,#6952,#6953);
#6955=PLANE('',#6954);
#6956=ORIENTED_EDGE('',*,*,#4743,.T.);
#6958=ORIENTED_EDGE('',*,*,#6957,.F.);
#6959=ORIENTED_EDGE('',*,*,#6393,.T.);
#6960=ORIENTED_EDGE('',*,*,#5284,.F.);
#6961=ORIENTED_EDGE('',*,*,#6805,.T.);
#6962=ORIENTED_EDGE('',*,*,#5016,.T.);
#6963=EDGE_LOOP('',(#6956,#6958,#6959,#6960,#6961,#6962));
#6964=FACE_OUTER_BOUND('',#6963,.F.);
#6965=ADVANCED_FACE('',(#6964),#6955,.F.);
#6966=CARTESIAN_POINT('',(-2.1E0,0.E0,0.E0));
#6967=DIRECTION('',(1.E0,0.E0,0.E0));
#6968=DIRECTION('',(0.E0,0.E0,1.E0));
#6969=AXIS2_PLACEMENT_3D('',#6966,#6967,#6968);
#6970=PLANE('',#6969);
#6971=ORIENTED_EDGE('',*,*,#4741,.F.);
#6973=ORIENTED_EDGE('',*,*,#6972,.T.);
#6974=ORIENTED_EDGE('',*,*,#6388,.T.);
#6975=ORIENTED_EDGE('',*,*,#6957,.T.);
#6976=EDGE_LOOP('',(#6971,#6973,#6974,#6975));
#6977=FACE_OUTER_BOUND('',#6976,.F.);
#6978=ADVANCED_FACE('',(#6977),#6970,.F.);
#6979=CARTESIAN_POINT('',(-2.55E0,0.E0,-6.25E-1));
#6980=DIRECTION('',(0.E0,-1.961161351382E-1,-9.805806756909E-1));
#6981=DIRECTION('',(0.E0,9.805806756909E-1,-1.961161351382E-1));
#6982=AXIS2_PLACEMENT_3D('',#6979,#6980,#6981);
#6983=PLANE('',#6982);
#6984=ORIENTED_EDGE('',*,*,#4739,.F.);
#6985=ORIENTED_EDGE('',*,*,#5020,.T.);
#6986=ORIENTED_EDGE('',*,*,#6808,.F.);
#6987=ORIENTED_EDGE('',*,*,#5280,.T.);
#6988=ORIENTED_EDGE('',*,*,#6390,.F.);
#6989=ORIENTED_EDGE('',*,*,#6972,.F.);
#6990=EDGE_LOOP('',(#6984,#6985,#6986,#6987,#6988,#6989));
#6991=FACE_OUTER_BOUND('',#6990,.F.);
#6992=ADVANCED_FACE('',(#6991),#6983,.F.);
#6993=CARTESIAN_POINT('',(2.1E0,0.E0,0.E0));
#6994=DIRECTION('',(1.E0,0.E0,0.E0));
#6995=DIRECTION('',(0.E0,0.E0,1.E0));
#6996=AXIS2_PLACEMENT_3D('',#6993,#6994,#6995);
#6997=PLANE('',#6996);
#6998=ORIENTED_EDGE('',*,*,#4865,.T.);
#7000=ORIENTED_EDGE('',*,*,#6999,.F.);
#7001=ORIENTED_EDGE('',*,*,#6448,.F.);
#7003=ORIENTED_EDGE('',*,*,#7002,.F.);
#7004=EDGE_LOOP('',(#6998,#7000,#7001,#7003));
#7005=FACE_OUTER_BOUND('',#7004,.F.);
#7006=ADVANCED_FACE('',(#7005),#6997,.T.);
#7007=CARTESIAN_POINT('',(2.55E0,2.E-1,-8.35E-1));
#7008=DIRECTION('',(0.E0,1.961161351382E-1,-9.805806756909E-1));
#7009=DIRECTION('',(0.E0,-9.805806756909E-1,-1.961161351382E-1));
#7010=AXIS2_PLACEMENT_3D('',#7007,#7008,#7009);
#7011=PLANE('',#7010);
#7012=ORIENTED_EDGE('',*,*,#4863,.F.);
#7013=ORIENTED_EDGE('',*,*,#5701,.F.);
#7015=ORIENTED_EDGE('',*,*,#7014,.F.);
#7016=ORIENTED_EDGE('',*,*,#5808,.T.);
#7017=ORIENTED_EDGE('',*,*,#6450,.F.);
#7018=ORIENTED_EDGE('',*,*,#6999,.T.);
#7019=EDGE_LOOP('',(#7012,#7013,#7015,#7016,#7017,#7018));
#7020=FACE_OUTER_BOUND('',#7019,.F.);
#7021=ADVANCED_FACE('',(#7020),#7011,.T.);
#7022=CARTESIAN_POINT('',(2.465E0,1.65E-1,1.25E0));
#7023=DIRECTION('',(0.E0,0.E0,1.E0));
#7024=DIRECTION('',(-1.E0,0.E0,0.E0));
#7025=AXIS2_PLACEMENT_3D('',#7022,#7023,#7024);
#7026=CYLINDRICAL_SURFACE('',#7025,6.5E-2);
#7027=ORIENTED_EDGE('',*,*,#5699,.F.);
#7029=ORIENTED_EDGE('',*,*,#7028,.F.);
#7030=ORIENTED_EDGE('',*,*,#5810,.T.);
#7031=ORIENTED_EDGE('',*,*,#7014,.T.);
#7032=EDGE_LOOP('',(#7027,#7029,#7030,#7031));
#7033=FACE_OUTER_BOUND('',#7032,.F.);
#7034=ADVANCED_FACE('',(#7033),#7026,.T.);
#7035=CARTESIAN_POINT('',(2.465E0,1.65E-1,1.25E0));
#7036=DIRECTION('',(0.E0,0.E0,1.E0));
#7037=DIRECTION('',(-1.E0,0.E0,0.E0));
#7038=AXIS2_PLACEMENT_3D('',#7035,#7036,#7037);
#7039=CYLINDRICAL_SURFACE('',#7038,6.5E-2);
#7040=ORIENTED_EDGE('',*,*,#5706,.F.);
#7042=ORIENTED_EDGE('',*,*,#7041,.F.);
#7043=ORIENTED_EDGE('',*,*,#5826,.T.);
#7045=ORIENTED_EDGE('',*,*,#7044,.T.);
#7046=EDGE_LOOP('',(#7040,#7042,#7043,#7045));
#7047=FACE_OUTER_BOUND('',#7046,.F.);
#7048=ADVANCED_FACE('',(#7047),#7039,.T.);
#7049=CARTESIAN_POINT('',(2.465E0,1.65E-1,1.25E0));
#7050=DIRECTION('',(0.E0,0.E0,1.E0));
#7051=DIRECTION('',(-1.E0,0.E0,0.E0));
#7052=AXIS2_PLACEMENT_3D('',#7049,#7050,#7051);
#7053=CYLINDRICAL_SURFACE('',#7052,6.5E-2);
#7054=ORIENTED_EDGE('',*,*,#5713,.F.);
#7056=ORIENTED_EDGE('',*,*,#7055,.F.);
#7057=ORIENTED_EDGE('',*,*,#5842,.T.);
#7059=ORIENTED_EDGE('',*,*,#7058,.T.);
#7060=EDGE_LOOP('',(#7054,#7056,#7057,#7059));
#7061=FACE_OUTER_BOUND('',#7060,.F.);
#7062=ADVANCED_FACE('',(#7061),#7053,.T.);
#7063=CARTESIAN_POINT('',(2.465E0,1.65E-1,1.25E0));
#7064=DIRECTION('',(0.E0,0.E0,1.E0));
#7065=DIRECTION('',(-1.E0,0.E0,0.E0));
#7066=AXIS2_PLACEMENT_3D('',#7063,#7064,#7065);
#7067=CYLINDRICAL_SURFACE('',#7066,6.5E-2);
#7068=ORIENTED_EDGE('',*,*,#5720,.F.);
#7070=ORIENTED_EDGE('',*,*,#7069,.F.);
#7071=ORIENTED_EDGE('',*,*,#5858,.T.);
#7073=ORIENTED_EDGE('',*,*,#7072,.T.);
#7074=EDGE_LOOP('',(#7068,#7070,#7071,#7073));
#7075=FACE_OUTER_BOUND('',#7074,.F.);
#7076=ADVANCED_FACE('',(#7075),#7067,.T.);
#7077=CARTESIAN_POINT('',(2.465E0,1.65E-1,1.25E0));
#7078=DIRECTION('',(0.E0,0.E0,1.E0));
#7079=DIRECTION('',(-1.E0,0.E0,0.E0));
#7080=AXIS2_PLACEMENT_3D('',#7077,#7078,#7079);
#7081=CYLINDRICAL_SURFACE('',#7080,6.5E-2);
#7082=ORIENTED_EDGE('',*,*,#5727,.F.);
#7084=ORIENTED_EDGE('',*,*,#7083,.F.);
#7085=ORIENTED_EDGE('',*,*,#5874,.T.);
#7087=ORIENTED_EDGE('',*,*,#7086,.T.);
#7088=EDGE_LOOP('',(#7082,#7084,#7085,#7087));
#7089=FACE_OUTER_BOUND('',#7088,.F.);
#7090=ADVANCED_FACE('',(#7089),#7081,.T.);
#7091=CARTESIAN_POINT('',(2.55E0,0.E0,-1.125E0));
#7092=DIRECTION('',(0.E0,1.961161351382E-1,9.805806756909E-1));
#7093=DIRECTION('',(0.E0,9.805806756909E-1,-1.961161351382E-1));
#7094=AXIS2_PLACEMENT_3D('',#7091,#7092,#7093);
#7095=PLANE('',#7094);
#7096=ORIENTED_EDGE('',*,*,#4867,.T.);
#7097=ORIENTED_EDGE('',*,*,#7002,.T.);
#7098=ORIENTED_EDGE('',*,*,#6453,.T.);
#7099=ORIENTED_EDGE('',*,*,#5804,.F.);
#7100=ORIENTED_EDGE('',*,*,#7028,.T.);
#7101=ORIENTED_EDGE('',*,*,#5697,.F.);
#7102=EDGE_LOOP('',(#7096,#7097,#7098,#7099,#7100,#7101));
#7103=FACE_OUTER_BOUND('',#7102,.F.);
#7104=ADVANCED_FACE('',(#7103),#7095,.T.);
#7105=CARTESIAN_POINT('',(2.55E0,0.E0,-6.25E-1));
#7106=DIRECTION('',(0.E0,1.961161351382E-1,9.805806756909E-1));
#7107=DIRECTION('',(0.E0,9.805806756909E-1,-1.961161351382E-1));
#7108=AXIS2_PLACEMENT_3D('',#7105,#7106,#7107);
#7109=PLANE('',#7108);
#7110=ORIENTED_EDGE('',*,*,#4859,.T.);
#7112=ORIENTED_EDGE('',*,*,#7111,.T.);
#7113=ORIENTED_EDGE('',*,*,#6468,.T.);
#7114=ORIENTED_EDGE('',*,*,#5820,.F.);
#7115=ORIENTED_EDGE('',*,*,#7041,.T.);
#7116=ORIENTED_EDGE('',*,*,#5704,.F.);
#7117=EDGE_LOOP('',(#7110,#7112,#7113,#7114,#7115,#7116));
#7118=FACE_OUTER_BOUND('',#7117,.F.);
#7119=ADVANCED_FACE('',(#7118),#7109,.T.);
#7120=CARTESIAN_POINT('',(2.1E0,0.E0,0.E0));
#7121=DIRECTION('',(1.E0,0.E0,0.E0));
#7122=DIRECTION('',(0.E0,0.E0,1.E0));
#7123=AXIS2_PLACEMENT_3D('',#7120,#7121,#7122);
#7124=PLANE('',#7123);
#7125=ORIENTED_EDGE('',*,*,#4857,.T.);
#7127=ORIENTED_EDGE('',*,*,#7126,.F.);
#7128=ORIENTED_EDGE('',*,*,#6463,.F.);
#7129=ORIENTED_EDGE('',*,*,#7111,.F.);
#7130=EDGE_LOOP('',(#7125,#7127,#7128,#7129));
#7131=FACE_OUTER_BOUND('',#7130,.F.);
#7132=ADVANCED_FACE('',(#7131),#7124,.T.);
#7133=CARTESIAN_POINT('',(2.55E0,2.E-1,-3.35E-1));
#7134=DIRECTION('',(0.E0,1.961161351382E-1,-9.805806756909E-1));
#7135=DIRECTION('',(0.E0,-9.805806756909E-1,-1.961161351382E-1));
#7136=AXIS2_PLACEMENT_3D('',#7133,#7134,#7135);
#7137=PLANE('',#7136);
#7138=ORIENTED_EDGE('',*,*,#4855,.F.);
#7139=ORIENTED_EDGE('',*,*,#5708,.F.);
#7140=ORIENTED_EDGE('',*,*,#7044,.F.);
#7141=ORIENTED_EDGE('',*,*,#5824,.T.);
#7142=ORIENTED_EDGE('',*,*,#6465,.F.);
#7143=ORIENTED_EDGE('',*,*,#7126,.T.);
#7144=EDGE_LOOP('',(#7138,#7139,#7140,#7141,#7142,#7143));
#7145=FACE_OUTER_BOUND('',#7144,.F.);
#7146=ADVANCED_FACE('',(#7145),#7137,.T.);
#7147=CARTESIAN_POINT('',(2.55E0,0.E0,-1.25E-1));
#7148=DIRECTION('',(0.E0,1.961161351382E-1,9.805806756909E-1));
#7149=DIRECTION('',(0.E0,9.805806756909E-1,-1.961161351382E-1));
#7150=AXIS2_PLACEMENT_3D('',#7147,#7148,#7149);
#7151=PLANE('',#7150);
#7152=ORIENTED_EDGE('',*,*,#4851,.T.);
#7154=ORIENTED_EDGE('',*,*,#7153,.T.);
#7155=ORIENTED_EDGE('',*,*,#6483,.T.);
#7156=ORIENTED_EDGE('',*,*,#5836,.F.);
#7157=ORIENTED_EDGE('',*,*,#7055,.T.);
#7158=ORIENTED_EDGE('',*,*,#5711,.F.);
#7159=EDGE_LOOP('',(#7152,#7154,#7155,#7156,#7157,#7158));
#7160=FACE_OUTER_BOUND('',#7159,.F.);
#7161=ADVANCED_FACE('',(#7160),#7151,.T.);
#7162=CARTESIAN_POINT('',(2.1E0,0.E0,0.E0));
#7163=DIRECTION('',(1.E0,0.E0,0.E0));
#7164=DIRECTION('',(0.E0,0.E0,1.E0));
#7165=AXIS2_PLACEMENT_3D('',#7162,#7163,#7164);
#7166=PLANE('',#7165);
#7167=ORIENTED_EDGE('',*,*,#4849,.T.);
#7169=ORIENTED_EDGE('',*,*,#7168,.F.);
#7170=ORIENTED_EDGE('',*,*,#6478,.F.);
#7171=ORIENTED_EDGE('',*,*,#7153,.F.);
#7172=EDGE_LOOP('',(#7167,#7169,#7170,#7171));
#7173=FACE_OUTER_BOUND('',#7172,.F.);
#7174=ADVANCED_FACE('',(#7173),#7166,.T.);
#7175=CARTESIAN_POINT('',(2.55E0,2.E-1,1.65E-1));
#7176=DIRECTION('',(0.E0,1.961161351382E-1,-9.805806756909E-1));
#7177=DIRECTION('',(0.E0,-9.805806756909E-1,-1.961161351382E-1));
#7178=AXIS2_PLACEMENT_3D('',#7175,#7176,#7177);
#7179=PLANE('',#7178);
#7180=ORIENTED_EDGE('',*,*,#4847,.F.);
#7181=ORIENTED_EDGE('',*,*,#5715,.F.);
#7182=ORIENTED_EDGE('',*,*,#7058,.F.);
#7183=ORIENTED_EDGE('',*,*,#5840,.T.);
#7184=ORIENTED_EDGE('',*,*,#6480,.F.);
#7185=ORIENTED_EDGE('',*,*,#7168,.T.);
#7186=EDGE_LOOP('',(#7180,#7181,#7182,#7183,#7184,#7185));
#7187=FACE_OUTER_BOUND('',#7186,.F.);
#7188=ADVANCED_FACE('',(#7187),#7179,.T.);
#7189=CARTESIAN_POINT('',(2.55E0,0.E0,3.75E-1));
#7190=DIRECTION('',(0.E0,1.961161351382E-1,9.805806756909E-1));
#7191=DIRECTION('',(0.E0,9.805806756909E-1,-1.961161351382E-1));
#7192=AXIS2_PLACEMENT_3D('',#7189,#7190,#7191);
#7193=PLANE('',#7192);
#7194=ORIENTED_EDGE('',*,*,#4843,.T.);
#7196=ORIENTED_EDGE('',*,*,#7195,.T.);
#7197=ORIENTED_EDGE('',*,*,#6498,.T.);
#7198=ORIENTED_EDGE('',*,*,#5852,.F.);
#7199=ORIENTED_EDGE('',*,*,#7069,.T.);
#7200=ORIENTED_EDGE('',*,*,#5718,.F.);
#7201=EDGE_LOOP('',(#7194,#7196,#7197,#7198,#7199,#7200));
#7202=FACE_OUTER_BOUND('',#7201,.F.);
#7203=ADVANCED_FACE('',(#7202),#7193,.T.);
#7204=CARTESIAN_POINT('',(2.1E0,0.E0,0.E0));
#7205=DIRECTION('',(1.E0,0.E0,0.E0));
#7206=DIRECTION('',(0.E0,0.E0,1.E0));
#7207=AXIS2_PLACEMENT_3D('',#7204,#7205,#7206);
#7208=PLANE('',#7207);
#7209=ORIENTED_EDGE('',*,*,#4841,.T.);
#7211=ORIENTED_EDGE('',*,*,#7210,.F.);
#7212=ORIENTED_EDGE('',*,*,#6493,.F.);
#7213=ORIENTED_EDGE('',*,*,#7195,.F.);
#7214=EDGE_LOOP('',(#7209,#7211,#7212,#7213));
#7215=FACE_OUTER_BOUND('',#7214,.F.);
#7216=ADVANCED_FACE('',(#7215),#7208,.T.);
#7217=CARTESIAN_POINT('',(2.55E0,2.E-1,6.65E-1));
#7218=DIRECTION('',(0.E0,1.961161351382E-1,-9.805806756909E-1));
#7219=DIRECTION('',(0.E0,-9.805806756909E-1,-1.961161351382E-1));
#7220=AXIS2_PLACEMENT_3D('',#7217,#7218,#7219);
#7221=PLANE('',#7220);
#7222=ORIENTED_EDGE('',*,*,#4839,.F.);
#7223=ORIENTED_EDGE('',*,*,#5722,.F.);
#7224=ORIENTED_EDGE('',*,*,#7072,.F.);
#7225=ORIENTED_EDGE('',*,*,#5856,.T.);
#7226=ORIENTED_EDGE('',*,*,#6495,.F.);
#7227=ORIENTED_EDGE('',*,*,#7210,.T.);
#7228=EDGE_LOOP('',(#7222,#7223,#7224,#7225,#7226,#7227));
#7229=FACE_OUTER_BOUND('',#7228,.F.);
#7230=ADVANCED_FACE('',(#7229),#7221,.T.);
#7231=CARTESIAN_POINT('',(2.55E0,0.E0,8.75E-1));
#7232=DIRECTION('',(0.E0,1.961161351382E-1,9.805806756909E-1));
#7233=DIRECTION('',(0.E0,9.805806756909E-1,-1.961161351382E-1));
#7234=AXIS2_PLACEMENT_3D('',#7231,#7232,#7233);
#7235=PLANE('',#7234);
#7236=ORIENTED_EDGE('',*,*,#4835,.T.);
#7238=ORIENTED_EDGE('',*,*,#7237,.T.);
#7239=ORIENTED_EDGE('',*,*,#6513,.T.);
#7240=ORIENTED_EDGE('',*,*,#5868,.F.);
#7241=ORIENTED_EDGE('',*,*,#7083,.T.);
#7242=ORIENTED_EDGE('',*,*,#5725,.F.);
#7243=EDGE_LOOP('',(#7236,#7238,#7239,#7240,#7241,#7242));
#7244=FACE_OUTER_BOUND('',#7243,.F.);
#7245=ADVANCED_FACE('',(#7244),#7235,.T.);
#7246=CARTESIAN_POINT('',(2.1E0,0.E0,0.E0));
#7247=DIRECTION('',(1.E0,0.E0,0.E0));
#7248=DIRECTION('',(0.E0,0.E0,1.E0));
#7249=AXIS2_PLACEMENT_3D('',#7246,#7247,#7248);
#7250=PLANE('',#7249);
#7251=ORIENTED_EDGE('',*,*,#4833,.T.);
#7253=ORIENTED_EDGE('',*,*,#7252,.F.);
#7254=ORIENTED_EDGE('',*,*,#6508,.F.);
#7255=ORIENTED_EDGE('',*,*,#7237,.F.);
#7256=EDGE_LOOP('',(#7251,#7253,#7254,#7255));
#7257=FACE_OUTER_BOUND('',#7256,.F.);
#7258=ADVANCED_FACE('',(#7257),#7250,.T.);
#7259=CARTESIAN_POINT('',(2.55E0,2.E-1,1.165E0));
#7260=DIRECTION('',(0.E0,1.961161351382E-1,-9.805806756909E-1));
#7261=DIRECTION('',(0.E0,-9.805806756909E-1,-1.961161351382E-1));
#7262=AXIS2_PLACEMENT_3D('',#7259,#7260,#7261);
#7263=PLANE('',#7262);
#7264=ORIENTED_EDGE('',*,*,#4831,.F.);
#7265=ORIENTED_EDGE('',*,*,#5729,.F.);
#7266=ORIENTED_EDGE('',*,*,#7086,.F.);
#7267=ORIENTED_EDGE('',*,*,#5872,.T.);
#7268=ORIENTED_EDGE('',*,*,#6510,.F.);
#7269=ORIENTED_EDGE('',*,*,#7252,.T.);
#7270=EDGE_LOOP('',(#7264,#7265,#7266,#7267,#7268,#7269));
#7271=FACE_OUTER_BOUND('',#7270,.F.);
#7272=ADVANCED_FACE('',(#7271),#7263,.T.);
#7273=CARTESIAN_POINT('',(0.E0,0.E0,-1.6E0));
#7274=DIRECTION('',(0.E0,0.E0,1.E0));
#7275=DIRECTION('',(-1.E0,0.E0,0.E0));
#7276=AXIS2_PLACEMENT_3D('',#7273,#7274,#7275);
#7277=PLANE('',#7276);
#7278=ORIENTED_EDGE('',*,*,#4875,.F.);
#7279=ORIENTED_EDGE('',*,*,#6223,.T.);
#7280=ORIENTED_EDGE('',*,*,#6523,.T.);
#7282=ORIENTED_EDGE('',*,*,#7281,.T.);
#7283=EDGE_LOOP('',(#7278,#7279,#7280,#7282));
#7284=FACE_OUTER_BOUND('',#7283,.F.);
#7285=ADVANCED_FACE('',(#7284),#7277,.F.);
#7286=CARTESIAN_POINT('',(1.335E0,2.E-1,-2.05E0));
#7287=DIRECTION('',(-9.805806756909E-1,-1.961161351382E-1,0.E0));
#7288=DIRECTION('',(1.961161351382E-1,-9.805806756909E-1,0.E0));
#7289=AXIS2_PLACEMENT_3D('',#7286,#7287,#7288);
#7290=PLANE('',#7289);
#7291=ORIENTED_EDGE('',*,*,#4877,.T.);
#7292=ORIENTED_EDGE('',*,*,#7281,.F.);
#7293=ORIENTED_EDGE('',*,*,#6527,.T.);
#7294=ORIENTED_EDGE('',*,*,#6072,.F.);
#7295=ORIENTED_EDGE('',*,*,#6318,.T.);
#7296=ORIENTED_EDGE('',*,*,#6000,.T.);
#7297=EDGE_LOOP('',(#7291,#7292,#7293,#7294,#7295,#7296));
#7298=FACE_OUTER_BOUND('',#7297,.F.);
#7299=ADVANCED_FACE('',(#7298),#7290,.F.);
#7300=CARTESIAN_POINT('',(0.E0,0.E0,-1.6E0));
#7301=DIRECTION('',(0.E0,0.E0,1.E0));
#7302=DIRECTION('',(-1.E0,0.E0,0.E0));
#7303=AXIS2_PLACEMENT_3D('',#7300,#7301,#7302);
#7304=PLANE('',#7303);
#7305=ORIENTED_EDGE('',*,*,#4883,.F.);
#7307=ORIENTED_EDGE('',*,*,#7306,.T.);
#7308=ORIENTED_EDGE('',*,*,#6537,.T.);
#7310=ORIENTED_EDGE('',*,*,#7309,.T.);
#7311=EDGE_LOOP('',(#7305,#7307,#7308,#7310));
#7312=FACE_OUTER_BOUND('',#7311,.F.);
#7313=ADVANCED_FACE('',(#7312),#7304,.F.);
#7314=CARTESIAN_POINT('',(1.125E0,0.E0,-2.05E0));
#7315=DIRECTION('',(9.805806756909E-1,-1.961161351382E-1,0.E0));
#7316=DIRECTION('',(1.961161351382E-1,9.805806756909E-1,0.E0));
#7317=AXIS2_PLACEMENT_3D('',#7314,#7315,#7316);
#7318=PLANE('',#7317);
#7319=ORIENTED_EDGE('',*,*,#4881,.F.);
#7320=ORIENTED_EDGE('',*,*,#5997,.T.);
#7321=ORIENTED_EDGE('',*,*,#6307,.F.);
#7322=ORIENTED_EDGE('',*,*,#6084,.T.);
#7323=ORIENTED_EDGE('',*,*,#6539,.F.);
#7324=ORIENTED_EDGE('',*,*,#7306,.F.);
#7325=EDGE_LOOP('',(#7319,#7320,#7321,#7322,#7323,#7324));
#7326=FACE_OUTER_BOUND('',#7325,.F.);
#7327=ADVANCED_FACE('',(#7326),#7318,.F.);
#7328=CARTESIAN_POINT('',(8.35E-1,2.E-1,-2.05E0));
#7329=DIRECTION('',(-9.805806756909E-1,-1.961161351382E-1,0.E0));
#7330=DIRECTION('',(1.961161351382E-1,-9.805806756909E-1,0.E0));
#7331=AXIS2_PLACEMENT_3D('',#7328,#7329,#7330);
#7332=PLANE('',#7331);
#7333=ORIENTED_EDGE('',*,*,#4885,.T.);
#7334=ORIENTED_EDGE('',*,*,#7309,.F.);
#7335=ORIENTED_EDGE('',*,*,#6542,.T.);
#7336=ORIENTED_EDGE('',*,*,#6088,.F.);
#7337=ORIENTED_EDGE('',*,*,#6304,.T.);
#7338=ORIENTED_EDGE('',*,*,#5993,.T.);
#7339=EDGE_LOOP('',(#7333,#7334,#7335,#7336,#7337,#7338));
#7340=FACE_OUTER_BOUND('',#7339,.F.);
#7341=ADVANCED_FACE('',(#7340),#7332,.F.);
#7342=CARTESIAN_POINT('',(0.E0,0.E0,-1.6E0));
#7343=DIRECTION('',(0.E0,0.E0,1.E0));
#7344=DIRECTION('',(-1.E0,0.E0,0.E0));
#7345=AXIS2_PLACEMENT_3D('',#7342,#7343,#7344);
#7346=PLANE('',#7345);
#7347=ORIENTED_EDGE('',*,*,#4891,.F.);
#7349=ORIENTED_EDGE('',*,*,#7348,.T.);
#7350=ORIENTED_EDGE('',*,*,#6552,.T.);
#7352=ORIENTED_EDGE('',*,*,#7351,.T.);
#7353=EDGE_LOOP('',(#7347,#7349,#7350,#7352));
#7354=FACE_OUTER_BOUND('',#7353,.F.);
#7355=ADVANCED_FACE('',(#7354),#7346,.F.);
#7356=CARTESIAN_POINT('',(6.25E-1,0.E0,-2.05E0));
#7357=DIRECTION('',(9.805806756909E-1,-1.961161351382E-1,0.E0));
#7358=DIRECTION('',(1.961161351382E-1,9.805806756909E-1,0.E0));
#7359=AXIS2_PLACEMENT_3D('',#7356,#7357,#7358);
#7360=PLANE('',#7359);
#7361=ORIENTED_EDGE('',*,*,#4889,.F.);
#7362=ORIENTED_EDGE('',*,*,#5990,.T.);
#7363=ORIENTED_EDGE('',*,*,#6293,.F.);
#7364=ORIENTED_EDGE('',*,*,#6100,.T.);
#7365=ORIENTED_EDGE('',*,*,#6554,.F.);
#7366=ORIENTED_EDGE('',*,*,#7348,.F.);
#7367=EDGE_LOOP('',(#7361,#7362,#7363,#7364,#7365,#7366));
#7368=FACE_OUTER_BOUND('',#7367,.F.);
#7369=ADVANCED_FACE('',(#7368),#7360,.F.);
#7370=CARTESIAN_POINT('',(3.35E-1,2.E-1,-2.05E0));
#7371=DIRECTION('',(-9.805806756909E-1,-1.961161351382E-1,0.E0));
#7372=DIRECTION('',(1.961161351382E-1,-9.805806756909E-1,0.E0));
#7373=AXIS2_PLACEMENT_3D('',#7370,#7371,#7372);
#7374=PLANE('',#7373);
#7375=ORIENTED_EDGE('',*,*,#4893,.T.);
#7376=ORIENTED_EDGE('',*,*,#7351,.F.);
#7377=ORIENTED_EDGE('',*,*,#6557,.T.);
#7378=ORIENTED_EDGE('',*,*,#6104,.F.);
#7379=ORIENTED_EDGE('',*,*,#6290,.T.);
#7380=ORIENTED_EDGE('',*,*,#5986,.T.);
#7381=EDGE_LOOP('',(#7375,#7376,#7377,#7378,#7379,#7380));
#7382=FACE_OUTER_BOUND('',#7381,.F.);
#7383=ADVANCED_FACE('',(#7382),#7374,.F.);
#7384=CARTESIAN_POINT('',(0.E0,0.E0,-1.6E0));
#7385=DIRECTION('',(0.E0,0.E0,1.E0));
#7386=DIRECTION('',(-1.E0,0.E0,0.E0));
#7387=AXIS2_PLACEMENT_3D('',#7384,#7385,#7386);
#7388=PLANE('',#7387);
#7389=ORIENTED_EDGE('',*,*,#4899,.F.);
#7391=ORIENTED_EDGE('',*,*,#7390,.T.);
#7392=ORIENTED_EDGE('',*,*,#6567,.T.);
#7394=ORIENTED_EDGE('',*,*,#7393,.T.);
#7395=EDGE_LOOP('',(#7389,#7391,#7392,#7394));
#7396=FACE_OUTER_BOUND('',#7395,.F.);
#7397=ADVANCED_FACE('',(#7396),#7388,.F.);
#7398=CARTESIAN_POINT('',(1.25E-1,0.E0,-2.05E0));
#7399=DIRECTION('',(9.805806756909E-1,-1.961161351382E-1,0.E0));
#7400=DIRECTION('',(1.961161351382E-1,9.805806756909E-1,0.E0));
#7401=AXIS2_PLACEMENT_3D('',#7398,#7399,#7400);
#7402=PLANE('',#7401);
#7403=ORIENTED_EDGE('',*,*,#4897,.F.);
#7404=ORIENTED_EDGE('',*,*,#5983,.T.);
#7405=ORIENTED_EDGE('',*,*,#6279,.F.);
#7406=ORIENTED_EDGE('',*,*,#6116,.T.);
#7407=ORIENTED_EDGE('',*,*,#6569,.F.);
#7408=ORIENTED_EDGE('',*,*,#7390,.F.);
#7409=EDGE_LOOP('',(#7403,#7404,#7405,#7406,#7407,#7408));
#7410=FACE_OUTER_BOUND('',#7409,.F.);
#7411=ADVANCED_FACE('',(#7410),#7402,.F.);
#7412=CARTESIAN_POINT('',(-1.65E-1,2.E-1,-2.05E0));
#7413=DIRECTION('',(-9.805806756909E-1,-1.961161351382E-1,0.E0));
#7414=DIRECTION('',(1.961161351382E-1,-9.805806756909E-1,0.E0));
#7415=AXIS2_PLACEMENT_3D('',#7412,#7413,#7414);
#7416=PLANE('',#7415);
#7417=ORIENTED_EDGE('',*,*,#4901,.T.);
#7418=ORIENTED_EDGE('',*,*,#7393,.F.);
#7419=ORIENTED_EDGE('',*,*,#6572,.T.);
#7420=ORIENTED_EDGE('',*,*,#6120,.F.);
#7421=ORIENTED_EDGE('',*,*,#6276,.T.);
#7422=ORIENTED_EDGE('',*,*,#5979,.T.);
#7423=EDGE_LOOP('',(#7417,#7418,#7419,#7420,#7421,#7422));
#7424=FACE_OUTER_BOUND('',#7423,.F.);
#7425=ADVANCED_FACE('',(#7424),#7416,.F.);
#7426=CARTESIAN_POINT('',(0.E0,0.E0,-1.6E0));
#7427=DIRECTION('',(0.E0,0.E0,1.E0));
#7428=DIRECTION('',(-1.E0,0.E0,0.E0));
#7429=AXIS2_PLACEMENT_3D('',#7426,#7427,#7428);
#7430=PLANE('',#7429);
#7431=ORIENTED_EDGE('',*,*,#4907,.F.);
#7433=ORIENTED_EDGE('',*,*,#7432,.T.);
#7434=ORIENTED_EDGE('',*,*,#6582,.T.);
#7436=ORIENTED_EDGE('',*,*,#7435,.T.);
#7437=EDGE_LOOP('',(#7431,#7433,#7434,#7436));
#7438=FACE_OUTER_BOUND('',#7437,.F.);
#7439=ADVANCED_FACE('',(#7438),#7430,.F.);
#7440=CARTESIAN_POINT('',(-3.75E-1,0.E0,-2.05E0));
#7441=DIRECTION('',(9.805806756909E-1,-1.961161351382E-1,0.E0));
#7442=DIRECTION('',(1.961161351382E-1,9.805806756909E-1,0.E0));
#7443=AXIS2_PLACEMENT_3D('',#7440,#7441,#7442);
#7444=PLANE('',#7443);
#7445=ORIENTED_EDGE('',*,*,#4905,.F.);
#7446=ORIENTED_EDGE('',*,*,#5976,.T.);
#7447=ORIENTED_EDGE('',*,*,#6265,.F.);
#7448=ORIENTED_EDGE('',*,*,#6132,.T.);
#7449=ORIENTED_EDGE('',*,*,#6584,.F.);
#7450=ORIENTED_EDGE('',*,*,#7432,.F.);
#7451=EDGE_LOOP('',(#7445,#7446,#7447,#7448,#7449,#7450));
#7452=FACE_OUTER_BOUND('',#7451,.F.);
#7453=ADVANCED_FACE('',(#7452),#7444,.F.);
#7454=CARTESIAN_POINT('',(-6.65E-1,2.E-1,-2.05E0));
#7455=DIRECTION('',(-9.805806756909E-1,-1.961161351382E-1,0.E0));
#7456=DIRECTION('',(1.961161351382E-1,-9.805806756909E-1,0.E0));
#7457=AXIS2_PLACEMENT_3D('',#7454,#7455,#7456);
#7458=PLANE('',#7457);
#7459=ORIENTED_EDGE('',*,*,#4909,.T.);
#7460=ORIENTED_EDGE('',*,*,#7435,.F.);
#7461=ORIENTED_EDGE('',*,*,#6587,.T.);
#7462=ORIENTED_EDGE('',*,*,#6136,.F.);
#7463=ORIENTED_EDGE('',*,*,#6262,.T.);
#7464=ORIENTED_EDGE('',*,*,#5972,.T.);
#7465=EDGE_LOOP('',(#7459,#7460,#7461,#7462,#7463,#7464));
#7466=FACE_OUTER_BOUND('',#7465,.F.);
#7467=ADVANCED_FACE('',(#7466),#7458,.F.);
#7468=CARTESIAN_POINT('',(0.E0,0.E0,-1.6E0));
#7469=DIRECTION('',(0.E0,0.E0,1.E0));
#7470=DIRECTION('',(-1.E0,0.E0,0.E0));
#7471=AXIS2_PLACEMENT_3D('',#7468,#7469,#7470);
#7472=PLANE('',#7471);
#7473=ORIENTED_EDGE('',*,*,#4915,.F.);
#7475=ORIENTED_EDGE('',*,*,#7474,.T.);
#7476=ORIENTED_EDGE('',*,*,#6597,.T.);
#7478=ORIENTED_EDGE('',*,*,#7477,.T.);
#7479=EDGE_LOOP('',(#7473,#7475,#7476,#7478));
#7480=FACE_OUTER_BOUND('',#7479,.F.);
#7481=ADVANCED_FACE('',(#7480),#7472,.F.);
#7482=CARTESIAN_POINT('',(-8.75E-1,0.E0,-2.05E0));
#7483=DIRECTION('',(9.805806756909E-1,-1.961161351382E-1,0.E0));
#7484=DIRECTION('',(1.961161351382E-1,9.805806756909E-1,0.E0));
#7485=AXIS2_PLACEMENT_3D('',#7482,#7483,#7484);
#7486=PLANE('',#7485);
#7487=ORIENTED_EDGE('',*,*,#4913,.F.);
#7488=ORIENTED_EDGE('',*,*,#5969,.T.);
#7489=ORIENTED_EDGE('',*,*,#6251,.F.);
#7490=ORIENTED_EDGE('',*,*,#6148,.T.);
#7491=ORIENTED_EDGE('',*,*,#6599,.F.);
#7492=ORIENTED_EDGE('',*,*,#7474,.F.);
#7493=EDGE_LOOP('',(#7487,#7488,#7489,#7490,#7491,#7492));
#7494=FACE_OUTER_BOUND('',#7493,.F.);
#7495=ADVANCED_FACE('',(#7494),#7486,.F.);
#7496=CARTESIAN_POINT('',(-1.165E0,2.E-1,-2.05E0));
#7497=DIRECTION('',(-9.805806756909E-1,-1.961161351382E-1,0.E0));
#7498=DIRECTION('',(1.961161351382E-1,-9.805806756909E-1,0.E0));
#7499=AXIS2_PLACEMENT_3D('',#7496,#7497,#7498);
#7500=PLANE('',#7499);
#7501=ORIENTED_EDGE('',*,*,#4917,.T.);
#7502=ORIENTED_EDGE('',*,*,#7477,.F.);
#7503=ORIENTED_EDGE('',*,*,#6602,.T.);
#7504=ORIENTED_EDGE('',*,*,#6152,.F.);
#7505=ORIENTED_EDGE('',*,*,#6248,.T.);
#7506=ORIENTED_EDGE('',*,*,#5965,.T.);
#7507=EDGE_LOOP('',(#7501,#7502,#7503,#7504,#7505,#7506));
#7508=FACE_OUTER_BOUND('',#7507,.F.);
#7509=ADVANCED_FACE('',(#7508),#7500,.F.);
#7510=CARTESIAN_POINT('',(0.E0,0.E0,1.6E0));
#7511=DIRECTION('',(0.E0,0.E0,1.E0));
#7512=DIRECTION('',(-1.E0,0.E0,0.E0));
#7513=AXIS2_PLACEMENT_3D('',#7510,#7511,#7512);
#7514=PLANE('',#7513);
#7515=ORIENTED_EDGE('',*,*,#4823,.T.);
#7517=ORIENTED_EDGE('',*,*,#7516,.F.);
#7518=ORIENTED_EDGE('',*,*,#6624,.F.);
#7520=ORIENTED_EDGE('',*,*,#7519,.F.);
#7521=EDGE_LOOP('',(#7515,#7517,#7518,#7520));
#7522=FACE_OUTER_BOUND('',#7521,.F.);
#7523=ADVANCED_FACE('',(#7522),#7514,.T.);
#7524=CARTESIAN_POINT('',(1.335E0,2.E-1,2.05E0));
#7525=DIRECTION('',(9.805806756909E-1,1.961161351382E-1,0.E0));
#7526=DIRECTION('',(1.961161351382E-1,-9.805806756909E-1,0.E0));
#7527=AXIS2_PLACEMENT_3D('',#7524,#7525,#7526);
#7528=PLANE('',#7527);
#7529=ORIENTED_EDGE('',*,*,#4821,.F.);
#7530=ORIENTED_EDGE('',*,*,#5402,.F.);
#7532=ORIENTED_EDGE('',*,*,#7531,.F.);
#7533=ORIENTED_EDGE('',*,*,#5523,.T.);
#7534=ORIENTED_EDGE('',*,*,#6626,.F.);
#7535=ORIENTED_EDGE('',*,*,#7516,.T.);
#7536=EDGE_LOOP('',(#7529,#7530,#7532,#7533,#7534,#7535));
#7537=FACE_OUTER_BOUND('',#7536,.F.);
#7538=ADVANCED_FACE('',(#7537),#7528,.T.);
#7539=CARTESIAN_POINT('',(1.75E0,1.65E-1,1.965E0));
#7540=DIRECTION('',(-1.E0,0.E0,0.E0));
#7541=DIRECTION('',(0.E0,0.E0,-1.E0));
#7542=AXIS2_PLACEMENT_3D('',#7539,#7540,#7541);
#7543=CYLINDRICAL_SURFACE('',#7542,6.5E-2);
#7544=ORIENTED_EDGE('',*,*,#5400,.F.);
#7546=ORIENTED_EDGE('',*,*,#7545,.F.);
#7547=ORIENTED_EDGE('',*,*,#5525,.T.);
#7548=ORIENTED_EDGE('',*,*,#7531,.T.);
#7549=EDGE_LOOP('',(#7544,#7546,#7547,#7548));
#7550=FACE_OUTER_BOUND('',#7549,.F.);
#7551=ADVANCED_FACE('',(#7550),#7543,.T.);
#7552=CARTESIAN_POINT('',(1.75E0,1.65E-1,1.965E0));
#7553=DIRECTION('',(-1.E0,0.E0,0.E0));
#7554=DIRECTION('',(0.E0,0.E0,-1.E0));
#7555=AXIS2_PLACEMENT_3D('',#7552,#7553,#7554);
#7556=CYLINDRICAL_SURFACE('',#7555,6.5E-2);
#7557=ORIENTED_EDGE('',*,*,#5407,.F.);
#7559=ORIENTED_EDGE('',*,*,#7558,.F.);
#7560=ORIENTED_EDGE('',*,*,#5541,.T.);
#7562=ORIENTED_EDGE('',*,*,#7561,.T.);
#7563=EDGE_LOOP('',(#7557,#7559,#7560,#7562));
#7564=FACE_OUTER_BOUND('',#7563,.F.);
#7565=ADVANCED_FACE('',(#7564),#7556,.T.);
#7566=CARTESIAN_POINT('',(1.75E0,1.65E-1,1.965E0));
#7567=DIRECTION('',(-1.E0,0.E0,0.E0));
#7568=DIRECTION('',(0.E0,0.E0,-1.E0));
#7569=AXIS2_PLACEMENT_3D('',#7566,#7567,#7568);
#7570=CYLINDRICAL_SURFACE('',#7569,6.5E-2);
#7571=ORIENTED_EDGE('',*,*,#5414,.F.);
#7573=ORIENTED_EDGE('',*,*,#7572,.F.);
#7574=ORIENTED_EDGE('',*,*,#5557,.T.);
#7576=ORIENTED_EDGE('',*,*,#7575,.T.);
#7577=EDGE_LOOP('',(#7571,#7573,#7574,#7576));
#7578=FACE_OUTER_BOUND('',#7577,.F.);
#7579=ADVANCED_FACE('',(#7578),#7570,.T.);
#7580=CARTESIAN_POINT('',(1.75E0,1.65E-1,1.965E0));
#7581=DIRECTION('',(-1.E0,0.E0,0.E0));
#7582=DIRECTION('',(0.E0,0.E0,-1.E0));
#7583=AXIS2_PLACEMENT_3D('',#7580,#7581,#7582);
#7584=CYLINDRICAL_SURFACE('',#7583,6.5E-2);
#7585=ORIENTED_EDGE('',*,*,#5421,.F.);
#7587=ORIENTED_EDGE('',*,*,#7586,.F.);
#7588=ORIENTED_EDGE('',*,*,#5573,.T.);
#7590=ORIENTED_EDGE('',*,*,#7589,.T.);
#7591=EDGE_LOOP('',(#7585,#7587,#7588,#7590));
#7592=FACE_OUTER_BOUND('',#7591,.F.);
#7593=ADVANCED_FACE('',(#7592),#7584,.T.);
#7594=CARTESIAN_POINT('',(1.75E0,1.65E-1,1.965E0));
#7595=DIRECTION('',(-1.E0,0.E0,0.E0));
#7596=DIRECTION('',(0.E0,0.E0,-1.E0));
#7597=AXIS2_PLACEMENT_3D('',#7594,#7595,#7596);
#7598=CYLINDRICAL_SURFACE('',#7597,6.5E-2);
#7599=ORIENTED_EDGE('',*,*,#5428,.F.);
#7601=ORIENTED_EDGE('',*,*,#7600,.F.);
#7602=ORIENTED_EDGE('',*,*,#5589,.T.);
#7604=ORIENTED_EDGE('',*,*,#7603,.T.);
#7605=EDGE_LOOP('',(#7599,#7601,#7602,#7604));
#7606=FACE_OUTER_BOUND('',#7605,.F.);
#7607=ADVANCED_FACE('',(#7606),#7598,.T.);
#7608=CARTESIAN_POINT('',(1.75E0,1.65E-1,1.965E0));
#7609=DIRECTION('',(-1.E0,0.E0,0.E0));
#7610=DIRECTION('',(0.E0,0.E0,-1.E0));
#7611=AXIS2_PLACEMENT_3D('',#7608,#7609,#7610);
#7612=CYLINDRICAL_SURFACE('',#7611,6.5E-2);
#7613=ORIENTED_EDGE('',*,*,#5435,.F.);
#7615=ORIENTED_EDGE('',*,*,#7614,.F.);
#7616=ORIENTED_EDGE('',*,*,#5605,.T.);
#7618=ORIENTED_EDGE('',*,*,#7617,.T.);
#7619=EDGE_LOOP('',(#7613,#7615,#7616,#7618));
#7620=FACE_OUTER_BOUND('',#7619,.F.);
#7621=ADVANCED_FACE('',(#7620),#7612,.T.);
#7622=CARTESIAN_POINT('',(1.75E0,1.65E-1,1.965E0));
#7623=DIRECTION('',(-1.E0,0.E0,0.E0));
#7624=DIRECTION('',(0.E0,0.E0,-1.E0));
#7625=AXIS2_PLACEMENT_3D('',#7622,#7623,#7624);
#7626=CYLINDRICAL_SURFACE('',#7625,6.5E-2);
#7627=ORIENTED_EDGE('',*,*,#5442,.F.);
#7629=ORIENTED_EDGE('',*,*,#7628,.F.);
#7630=ORIENTED_EDGE('',*,*,#5621,.T.);
#7632=ORIENTED_EDGE('',*,*,#7631,.T.);
#7633=EDGE_LOOP('',(#7627,#7629,#7630,#7632));
#7634=FACE_OUTER_BOUND('',#7633,.F.);
#7635=ADVANCED_FACE('',(#7634),#7626,.T.);
#7636=CARTESIAN_POINT('',(1.625E0,0.E0,2.05E0));
#7637=DIRECTION('',(-9.805806756909E-1,1.961161351382E-1,0.E0));
#7638=DIRECTION('',(1.961161351382E-1,9.805806756909E-1,0.E0));
#7639=AXIS2_PLACEMENT_3D('',#7636,#7637,#7638);
#7640=PLANE('',#7639);
#7641=ORIENTED_EDGE('',*,*,#4825,.T.);
#7642=ORIENTED_EDGE('',*,*,#7519,.T.);
#7643=ORIENTED_EDGE('',*,*,#6629,.T.);
#7644=ORIENTED_EDGE('',*,*,#5519,.F.);
#7645=ORIENTED_EDGE('',*,*,#7545,.T.);
#7646=ORIENTED_EDGE('',*,*,#5398,.F.);
#7647=EDGE_LOOP('',(#7641,#7642,#7643,#7644,#7645,#7646));
#7648=FACE_OUTER_BOUND('',#7647,.F.);
#7649=ADVANCED_FACE('',(#7648),#7640,.T.);
#7650=CARTESIAN_POINT('',(1.125E0,0.E0,2.05E0));
#7651=DIRECTION('',(-9.805806756909E-1,1.961161351382E-1,0.E0));
#7652=DIRECTION('',(1.961161351382E-1,9.805806756909E-1,0.E0));
#7653=AXIS2_PLACEMENT_3D('',#7650,#7651,#7652);
#7654=PLANE('',#7653);
#7655=ORIENTED_EDGE('',*,*,#4817,.T.);
#7657=ORIENTED_EDGE('',*,*,#7656,.T.);
#7658=ORIENTED_EDGE('',*,*,#6644,.T.);
#7659=ORIENTED_EDGE('',*,*,#5535,.F.);
#7660=ORIENTED_EDGE('',*,*,#7558,.T.);
#7661=ORIENTED_EDGE('',*,*,#5405,.F.);
#7662=EDGE_LOOP('',(#7655,#7657,#7658,#7659,#7660,#7661));
#7663=FACE_OUTER_BOUND('',#7662,.F.);
#7664=ADVANCED_FACE('',(#7663),#7654,.T.);
#7665=CARTESIAN_POINT('',(0.E0,0.E0,1.6E0));
#7666=DIRECTION('',(0.E0,0.E0,1.E0));
#7667=DIRECTION('',(-1.E0,0.E0,0.E0));
#7668=AXIS2_PLACEMENT_3D('',#7665,#7666,#7667);
#7669=PLANE('',#7668);
#7670=ORIENTED_EDGE('',*,*,#4815,.T.);
#7672=ORIENTED_EDGE('',*,*,#7671,.F.);
#7673=ORIENTED_EDGE('',*,*,#6639,.F.);
#7674=ORIENTED_EDGE('',*,*,#7656,.F.);
#7675=EDGE_LOOP('',(#7670,#7672,#7673,#7674));
#7676=FACE_OUTER_BOUND('',#7675,.F.);
#7677=ADVANCED_FACE('',(#7676),#7669,.T.);
#7678=CARTESIAN_POINT('',(8.35E-1,2.E-1,2.05E0));
#7679=DIRECTION('',(9.805806756909E-1,1.961161351382E-1,0.E0));
#7680=DIRECTION('',(1.961161351382E-1,-9.805806756909E-1,0.E0));
#7681=AXIS2_PLACEMENT_3D('',#7678,#7679,#7680);
#7682=PLANE('',#7681);
#7683=ORIENTED_EDGE('',*,*,#4813,.F.);
#7684=ORIENTED_EDGE('',*,*,#5409,.F.);
#7685=ORIENTED_EDGE('',*,*,#7561,.F.);
#7686=ORIENTED_EDGE('',*,*,#5539,.T.);
#7687=ORIENTED_EDGE('',*,*,#6641,.F.);
#7688=ORIENTED_EDGE('',*,*,#7671,.T.);
#7689=EDGE_LOOP('',(#7683,#7684,#7685,#7686,#7687,#7688));
#7690=FACE_OUTER_BOUND('',#7689,.F.);
#7691=ADVANCED_FACE('',(#7690),#7682,.T.);
#7692=CARTESIAN_POINT('',(6.25E-1,0.E0,2.05E0));
#7693=DIRECTION('',(-9.805806756909E-1,1.961161351382E-1,0.E0));
#7694=DIRECTION('',(1.961161351382E-1,9.805806756909E-1,0.E0));
#7695=AXIS2_PLACEMENT_3D('',#7692,#7693,#7694);
#7696=PLANE('',#7695);
#7697=ORIENTED_EDGE('',*,*,#4809,.T.);
#7699=ORIENTED_EDGE('',*,*,#7698,.T.);
#7700=ORIENTED_EDGE('',*,*,#6659,.T.);
#7701=ORIENTED_EDGE('',*,*,#5551,.F.);
#7702=ORIENTED_EDGE('',*,*,#7572,.T.);
#7703=ORIENTED_EDGE('',*,*,#5412,.F.);
#7704=EDGE_LOOP('',(#7697,#7699,#7700,#7701,#7702,#7703));
#7705=FACE_OUTER_BOUND('',#7704,.F.);
#7706=ADVANCED_FACE('',(#7705),#7696,.T.);
#7707=CARTESIAN_POINT('',(0.E0,0.E0,1.6E0));
#7708=DIRECTION('',(0.E0,0.E0,1.E0));
#7709=DIRECTION('',(-1.E0,0.E0,0.E0));
#7710=AXIS2_PLACEMENT_3D('',#7707,#7708,#7709);
#7711=PLANE('',#7710);
#7712=ORIENTED_EDGE('',*,*,#4807,.T.);
#7714=ORIENTED_EDGE('',*,*,#7713,.F.);
#7715=ORIENTED_EDGE('',*,*,#6654,.F.);
#7716=ORIENTED_EDGE('',*,*,#7698,.F.);
#7717=EDGE_LOOP('',(#7712,#7714,#7715,#7716));
#7718=FACE_OUTER_BOUND('',#7717,.F.);
#7719=ADVANCED_FACE('',(#7718),#7711,.T.);
#7720=CARTESIAN_POINT('',(3.35E-1,2.E-1,2.05E0));
#7721=DIRECTION('',(9.805806756909E-1,1.961161351382E-1,0.E0));
#7722=DIRECTION('',(1.961161351382E-1,-9.805806756909E-1,0.E0));
#7723=AXIS2_PLACEMENT_3D('',#7720,#7721,#7722);
#7724=PLANE('',#7723);
#7725=ORIENTED_EDGE('',*,*,#4805,.F.);
#7726=ORIENTED_EDGE('',*,*,#5416,.F.);
#7727=ORIENTED_EDGE('',*,*,#7575,.F.);
#7728=ORIENTED_EDGE('',*,*,#5555,.T.);
#7729=ORIENTED_EDGE('',*,*,#6656,.F.);
#7730=ORIENTED_EDGE('',*,*,#7713,.T.);
#7731=EDGE_LOOP('',(#7725,#7726,#7727,#7728,#7729,#7730));
#7732=FACE_OUTER_BOUND('',#7731,.F.);
#7733=ADVANCED_FACE('',(#7732),#7724,.T.);
#7734=CARTESIAN_POINT('',(1.25E-1,0.E0,2.05E0));
#7735=DIRECTION('',(-9.805806756909E-1,1.961161351382E-1,0.E0));
#7736=DIRECTION('',(1.961161351382E-1,9.805806756909E-1,0.E0));
#7737=AXIS2_PLACEMENT_3D('',#7734,#7735,#7736);
#7738=PLANE('',#7737);
#7739=ORIENTED_EDGE('',*,*,#4801,.T.);
#7741=ORIENTED_EDGE('',*,*,#7740,.T.);
#7742=ORIENTED_EDGE('',*,*,#6674,.T.);
#7743=ORIENTED_EDGE('',*,*,#5567,.F.);
#7744=ORIENTED_EDGE('',*,*,#7586,.T.);
#7745=ORIENTED_EDGE('',*,*,#5419,.F.);
#7746=EDGE_LOOP('',(#7739,#7741,#7742,#7743,#7744,#7745));
#7747=FACE_OUTER_BOUND('',#7746,.F.);
#7748=ADVANCED_FACE('',(#7747),#7738,.T.);
#7749=CARTESIAN_POINT('',(0.E0,0.E0,1.6E0));
#7750=DIRECTION('',(0.E0,0.E0,1.E0));
#7751=DIRECTION('',(-1.E0,0.E0,0.E0));
#7752=AXIS2_PLACEMENT_3D('',#7749,#7750,#7751);
#7753=PLANE('',#7752);
#7754=ORIENTED_EDGE('',*,*,#4799,.T.);
#7756=ORIENTED_EDGE('',*,*,#7755,.F.);
#7757=ORIENTED_EDGE('',*,*,#6669,.F.);
#7758=ORIENTED_EDGE('',*,*,#7740,.F.);
#7759=EDGE_LOOP('',(#7754,#7756,#7757,#7758));
#7760=FACE_OUTER_BOUND('',#7759,.F.);
#7761=ADVANCED_FACE('',(#7760),#7753,.T.);
#7762=CARTESIAN_POINT('',(-1.65E-1,2.E-1,2.05E0));
#7763=DIRECTION('',(9.805806756909E-1,1.961161351382E-1,0.E0));
#7764=DIRECTION('',(1.961161351382E-1,-9.805806756909E-1,0.E0));
#7765=AXIS2_PLACEMENT_3D('',#7762,#7763,#7764);
#7766=PLANE('',#7765);
#7767=ORIENTED_EDGE('',*,*,#4797,.F.);
#7768=ORIENTED_EDGE('',*,*,#5423,.F.);
#7769=ORIENTED_EDGE('',*,*,#7589,.F.);
#7770=ORIENTED_EDGE('',*,*,#5571,.T.);
#7771=ORIENTED_EDGE('',*,*,#6671,.F.);
#7772=ORIENTED_EDGE('',*,*,#7755,.T.);
#7773=EDGE_LOOP('',(#7767,#7768,#7769,#7770,#7771,#7772));
#7774=FACE_OUTER_BOUND('',#7773,.F.);
#7775=ADVANCED_FACE('',(#7774),#7766,.T.);
#7776=CARTESIAN_POINT('',(-3.75E-1,0.E0,2.05E0));
#7777=DIRECTION('',(-9.805806756909E-1,1.961161351382E-1,0.E0));
#7778=DIRECTION('',(1.961161351382E-1,9.805806756909E-1,0.E0));
#7779=AXIS2_PLACEMENT_3D('',#7776,#7777,#7778);
#7780=PLANE('',#7779);
#7781=ORIENTED_EDGE('',*,*,#4793,.T.);
#7783=ORIENTED_EDGE('',*,*,#7782,.T.);
#7784=ORIENTED_EDGE('',*,*,#6689,.T.);
#7785=ORIENTED_EDGE('',*,*,#5583,.F.);
#7786=ORIENTED_EDGE('',*,*,#7600,.T.);
#7787=ORIENTED_EDGE('',*,*,#5426,.F.);
#7788=EDGE_LOOP('',(#7781,#7783,#7784,#7785,#7786,#7787));
#7789=FACE_OUTER_BOUND('',#7788,.F.);
#7790=ADVANCED_FACE('',(#7789),#7780,.T.);
#7791=CARTESIAN_POINT('',(0.E0,0.E0,1.6E0));
#7792=DIRECTION('',(0.E0,0.E0,1.E0));
#7793=DIRECTION('',(-1.E0,0.E0,0.E0));
#7794=AXIS2_PLACEMENT_3D('',#7791,#7792,#7793);
#7795=PLANE('',#7794);
#7796=ORIENTED_EDGE('',*,*,#4791,.T.);
#7798=ORIENTED_EDGE('',*,*,#7797,.F.);
#7799=ORIENTED_EDGE('',*,*,#6684,.F.);
#7800=ORIENTED_EDGE('',*,*,#7782,.F.);
#7801=EDGE_LOOP('',(#7796,#7798,#7799,#7800));
#7802=FACE_OUTER_BOUND('',#7801,.F.);
#7803=ADVANCED_FACE('',(#7802),#7795,.T.);
#7804=CARTESIAN_POINT('',(-6.65E-1,2.E-1,2.05E0));
#7805=DIRECTION('',(9.805806756909E-1,1.961161351382E-1,0.E0));
#7806=DIRECTION('',(1.961161351382E-1,-9.805806756909E-1,0.E0));
#7807=AXIS2_PLACEMENT_3D('',#7804,#7805,#7806);
#7808=PLANE('',#7807);
#7809=ORIENTED_EDGE('',*,*,#4789,.F.);
#7810=ORIENTED_EDGE('',*,*,#5430,.F.);
#7811=ORIENTED_EDGE('',*,*,#7603,.F.);
#7812=ORIENTED_EDGE('',*,*,#5587,.T.);
#7813=ORIENTED_EDGE('',*,*,#6686,.F.);
#7814=ORIENTED_EDGE('',*,*,#7797,.T.);
#7815=EDGE_LOOP('',(#7809,#7810,#7811,#7812,#7813,#7814));
#7816=FACE_OUTER_BOUND('',#7815,.F.);
#7817=ADVANCED_FACE('',(#7816),#7808,.T.);
#7818=CARTESIAN_POINT('',(-8.75E-1,0.E0,2.05E0));
#7819=DIRECTION('',(-9.805806756909E-1,1.961161351382E-1,0.E0));
#7820=DIRECTION('',(1.961161351382E-1,9.805806756909E-1,0.E0));
#7821=AXIS2_PLACEMENT_3D('',#7818,#7819,#7820);
#7822=PLANE('',#7821);
#7823=ORIENTED_EDGE('',*,*,#4785,.T.);
#7825=ORIENTED_EDGE('',*,*,#7824,.T.);
#7826=ORIENTED_EDGE('',*,*,#6704,.T.);
#7827=ORIENTED_EDGE('',*,*,#5599,.F.);
#7828=ORIENTED_EDGE('',*,*,#7614,.T.);
#7829=ORIENTED_EDGE('',*,*,#5433,.F.);
#7830=EDGE_LOOP('',(#7823,#7825,#7826,#7827,#7828,#7829));
#7831=FACE_OUTER_BOUND('',#7830,.F.);
#7832=ADVANCED_FACE('',(#7831),#7822,.T.);
#7833=CARTESIAN_POINT('',(0.E0,0.E0,1.6E0));
#7834=DIRECTION('',(0.E0,0.E0,1.E0));
#7835=DIRECTION('',(-1.E0,0.E0,0.E0));
#7836=AXIS2_PLACEMENT_3D('',#7833,#7834,#7835);
#7837=PLANE('',#7836);
#7838=ORIENTED_EDGE('',*,*,#4783,.T.);
#7840=ORIENTED_EDGE('',*,*,#7839,.F.);
#7841=ORIENTED_EDGE('',*,*,#6699,.F.);
#7842=ORIENTED_EDGE('',*,*,#7824,.F.);
#7843=EDGE_LOOP('',(#7838,#7840,#7841,#7842));
#7844=FACE_OUTER_BOUND('',#7843,.F.);
#7845=ADVANCED_FACE('',(#7844),#7837,.T.);
#7846=CARTESIAN_POINT('',(-1.165E0,2.E-1,2.05E0));
#7847=DIRECTION('',(9.805806756909E-1,1.961161351382E-1,0.E0));
#7848=DIRECTION('',(1.961161351382E-1,-9.805806756909E-1,0.E0));
#7849=AXIS2_PLACEMENT_3D('',#7846,#7847,#7848);
#7850=PLANE('',#7849);
#7851=ORIENTED_EDGE('',*,*,#4781,.F.);
#7852=ORIENTED_EDGE('',*,*,#5437,.F.);
#7853=ORIENTED_EDGE('',*,*,#7617,.F.);
#7854=ORIENTED_EDGE('',*,*,#5603,.T.);
#7855=ORIENTED_EDGE('',*,*,#6701,.F.);
#7856=ORIENTED_EDGE('',*,*,#7839,.T.);
#7857=EDGE_LOOP('',(#7851,#7852,#7853,#7854,#7855,#7856));
#7858=FACE_OUTER_BOUND('',#7857,.F.);
#7859=ADVANCED_FACE('',(#7858),#7850,.T.);
#7860=CARTESIAN_POINT('',(-1.375E0,0.E0,2.05E0));
#7861=DIRECTION('',(-9.805806756909E-1,1.961161351382E-1,0.E0));
#7862=DIRECTION('',(1.961161351382E-1,9.805806756909E-1,0.E0));
#7863=AXIS2_PLACEMENT_3D('',#7860,#7861,#7862);
#7864=PLANE('',#7863);
#7865=ORIENTED_EDGE('',*,*,#4777,.T.);
#7867=ORIENTED_EDGE('',*,*,#7866,.T.);
#7868=ORIENTED_EDGE('',*,*,#6719,.T.);
#7869=ORIENTED_EDGE('',*,*,#5615,.F.);
#7870=ORIENTED_EDGE('',*,*,#7628,.T.);
#7871=ORIENTED_EDGE('',*,*,#5440,.F.);
#7872=EDGE_LOOP('',(#7865,#7867,#7868,#7869,#7870,#7871));
#7873=FACE_OUTER_BOUND('',#7872,.F.);
#7874=ADVANCED_FACE('',(#7873),#7864,.T.);
#7875=CARTESIAN_POINT('',(0.E0,0.E0,1.6E0));
#7876=DIRECTION('',(0.E0,0.E0,1.E0));
#7877=DIRECTION('',(-1.E0,0.E0,0.E0));
#7878=AXIS2_PLACEMENT_3D('',#7875,#7876,#7877);
#7879=PLANE('',#7878);
#7880=ORIENTED_EDGE('',*,*,#4775,.T.);
#7882=ORIENTED_EDGE('',*,*,#7881,.F.);
#7883=ORIENTED_EDGE('',*,*,#6714,.F.);
#7884=ORIENTED_EDGE('',*,*,#7866,.F.);
#7885=EDGE_LOOP('',(#7880,#7882,#7883,#7884));
#7886=FACE_OUTER_BOUND('',#7885,.F.);
#7887=ADVANCED_FACE('',(#7886),#7879,.T.);
#7888=CARTESIAN_POINT('',(-1.665E0,2.E-1,2.05E0));
#7889=DIRECTION('',(9.805806756909E-1,1.961161351382E-1,0.E0));
#7890=DIRECTION('',(1.961161351382E-1,-9.805806756909E-1,0.E0));
#7891=AXIS2_PLACEMENT_3D('',#7888,#7889,#7890);
#7892=PLANE('',#7891);
#7893=ORIENTED_EDGE('',*,*,#4773,.F.);
#7894=ORIENTED_EDGE('',*,*,#5444,.F.);
#7895=ORIENTED_EDGE('',*,*,#7631,.F.);
#7896=ORIENTED_EDGE('',*,*,#5619,.T.);
#7897=ORIENTED_EDGE('',*,*,#6716,.F.);
#7898=ORIENTED_EDGE('',*,*,#7881,.T.);
#7899=EDGE_LOOP('',(#7893,#7894,#7895,#7896,#7897,#7898));
#7900=FACE_OUTER_BOUND('',#7899,.F.);
#7901=ADVANCED_FACE('',(#7900),#7892,.T.);
#7902=CARTESIAN_POINT('',(1.59E0,0.E0,-1.4E0));
#7903=DIRECTION('',(-1.E0,0.E0,0.E0));
#7904=DIRECTION('',(0.E0,0.E0,-1.E0));
#7905=AXIS2_PLACEMENT_3D('',#7902,#7903,#7904);
#7906=CYLINDRICAL_SURFACE('',#7905,1.E-1);
#7907=ORIENTED_EDGE('',*,*,#4935,.T.);
#7909=ORIENTED_EDGE('',*,*,#7908,.T.);
#7910=ORIENTED_EDGE('',*,*,#6729,.F.);
#7912=ORIENTED_EDGE('',*,*,#7911,.F.);
#7913=EDGE_LOOP('',(#7907,#7909,#7910,#7912));
#7914=FACE_OUTER_BOUND('',#7913,.F.);
#7915=ADVANCED_FACE('',(#7914),#7906,.T.);
#7916=CARTESIAN_POINT('',(-1.9E0,0.E0,-1.4E0));
#7917=DIRECTION('',(0.E0,0.E0,1.E0));
#7918=DIRECTION('',(-1.E0,0.E0,0.E0));
#7919=AXIS2_PLACEMENT_3D('',#7916,#7917,#7918);
#7920=CYLINDRICAL_SURFACE('',#7919,1.E-1);
#7921=ORIENTED_EDGE('',*,*,#4943,.T.);
#7923=ORIENTED_EDGE('',*,*,#7922,.T.);
#7924=ORIENTED_EDGE('',*,*,#6731,.F.);
#7925=ORIENTED_EDGE('',*,*,#7908,.F.);
#7926=EDGE_LOOP('',(#7921,#7923,#7924,#7925));
#7927=FACE_OUTER_BOUND('',#7926,.F.);
#7928=ADVANCED_FACE('',(#7927),#7920,.T.);
#7929=CARTESIAN_POINT('',(-1.9E0,0.E0,1.4E0));
#7930=DIRECTION('',(1.E0,0.E0,0.E0));
#7931=DIRECTION('',(0.E0,0.E0,1.E0));
#7932=AXIS2_PLACEMENT_3D('',#7929,#7930,#7931);
#7933=CYLINDRICAL_SURFACE('',#7932,1.E-1);
#7934=ORIENTED_EDGE('',*,*,#4941,.T.);
#7936=ORIENTED_EDGE('',*,*,#7935,.T.);
#7937=ORIENTED_EDGE('',*,*,#6733,.F.);
#7938=ORIENTED_EDGE('',*,*,#7922,.F.);
#7939=EDGE_LOOP('',(#7934,#7936,#7937,#7938));
#7940=FACE_OUTER_BOUND('',#7939,.F.);
#7941=ADVANCED_FACE('',(#7940),#7933,.T.);
#7942=CARTESIAN_POINT('',(1.9E0,0.E0,1.4E0));
#7943=DIRECTION('',(0.E0,0.E0,-1.E0));
#7944=DIRECTION('',(1.E0,0.E0,0.E0));
#7945=AXIS2_PLACEMENT_3D('',#7942,#7943,#7944);
#7946=CYLINDRICAL_SURFACE('',#7945,1.E-1);
#7947=ORIENTED_EDGE('',*,*,#4939,.T.);
#7949=ORIENTED_EDGE('',*,*,#7948,.T.);
#7950=ORIENTED_EDGE('',*,*,#6735,.F.);
#7951=ORIENTED_EDGE('',*,*,#7935,.F.);
#7952=EDGE_LOOP('',(#7947,#7949,#7950,#7951));
#7953=FACE_OUTER_BOUND('',#7952,.F.);
#7954=ADVANCED_FACE('',(#7953),#7946,.T.);
#7955=CARTESIAN_POINT('',(1.9E0,0.E0,-1.09E0));
#7956=DIRECTION('',(-7.071067811865E-1,0.E0,-7.071067811865E-1));
#7957=DIRECTION('',(7.071067811865E-1,0.E0,-7.071067811865E-1));
#7958=AXIS2_PLACEMENT_3D('',#7955,#7956,#7957);
#7959=CYLINDRICAL_SURFACE('',#7958,1.E-1);
#7960=ORIENTED_EDGE('',*,*,#4937,.T.);
#7961=ORIENTED_EDGE('',*,*,#7911,.T.);
#7962=ORIENTED_EDGE('',*,*,#6737,.F.);
#7963=ORIENTED_EDGE('',*,*,#7948,.F.);
#7964=EDGE_LOOP('',(#7960,#7961,#7962,#7963));
#7965=FACE_OUTER_BOUND('',#7964,.F.);
#7966=ADVANCED_FACE('',(#7965),#7959,.T.);
#7967=CARTESIAN_POINT('',(0.E0,8.E-1,0.E0));
#7968=DIRECTION('',(0.E0,1.E0,0.E0));
#7969=DIRECTION('',(1.E0,0.E0,0.E0));
#7970=AXIS2_PLACEMENT_3D('',#7967,#7968,#7969);
#7971=PLANE('',#7970);
#7972=ORIENTED_EDGE('',*,*,#4990,.F.);
#7973=ORIENTED_EDGE('',*,*,#5954,.F.);
#7974=ORIENTED_EDGE('',*,*,#5733,.F.);
#7975=ORIENTED_EDGE('',*,*,#5448,.F.);
#7976=EDGE_LOOP('',(#7972,#7973,#7974,#7975));
#7977=FACE_OUTER_BOUND('',#7976,.F.);
#7978=ADVANCED_FACE('',(#7977),#7971,.T.);
#7979=CLOSED_SHELL('',(#4947,#4962,#4980,#5049,#5064,#5079,#5095,#5111,#5127,
#5143,#5159,#5175,#5189,#5203,#5219,#5232,#5247,#5259,#5274,#5290,#5306,#5322,
#5338,#5351,#5364,#5380,#5392,#5472,#5485,#5498,#5513,#5529,#5545,#5561,#5577,
#5593,#5609,#5625,#5637,#5650,#5663,#5679,#5691,#5757,#5770,#5783,#5798,#5814,
#5830,#5846,#5862,#5878,#5890,#5903,#5916,#5932,#5944,#6022,#6035,#6049,#6062,
#6078,#6094,#6110,#6126,#6142,#6158,#6174,#6186,#6198,#6210,#6227,#6241,#6255,
#6269,#6283,#6297,#6311,#6324,#6340,#6354,#6369,#6382,#6397,#6412,#6427,#6442,
#6457,#6472,#6487,#6502,#6517,#6531,#6546,#6561,#6576,#6591,#6606,#6618,#6633,
#6648,#6663,#6678,#6693,#6708,#6723,#6741,#6756,#6770,#6784,#6798,#6812,#6824,
#6839,#6852,#6866,#6881,#6894,#6908,#6923,#6936,#6950,#6965,#6978,#6992,#7006,
#7021,#7034,#7048,#7062,#7076,#7090,#7104,#7119,#7132,#7146,#7161,#7174,#7188,
#7203,#7216,#7230,#7245,#7258,#7272,#7285,#7299,#7313,#7327,#7341,#7355,#7369,
#7383,#7397,#7411,#7425,#7439,#7453,#7467,#7481,#7495,#7509,#7523,#7538,#7551,
#7565,#7579,#7593,#7607,#7621,#7635,#7649,#7664,#7677,#7691,#7706,#7719,#7733,
#7748,#7761,#7775,#7790,#7803,#7817,#7832,#7845,#7859,#7874,#7887,#7901,#7915,
#7928,#7941,#7954,#7966,#7978));
#7980=MANIFOLD_SOLID_BREP('',#7979);
#7981=FILL_AREA_STYLE_COLOUR('',#41);
#7982=FILL_AREA_STYLE('',(#7981));
#7983=SURFACE_STYLE_FILL_AREA(#7982);
#7984=SURFACE_SIDE_STYLE('',(#7983));
#7985=SURFACE_STYLE_USAGE(.BOTH.,#7984);
#7986=PRESENTATION_STYLE_ASSIGNMENT((#7985));
#43=STYLED_ITEM('',(#7986),#7980);
#7988=DIMENSIONAL_EXPONENTS(0.E0,0.E0,0.E0,0.E0,0.E0,0.E0,0.E0);
#7990=PLANE_ANGLE_MEASURE_WITH_UNIT(PLANE_ANGLE_MEASURE(1.745329251994E-2),
#7989);
#7991=(CONVERSION_BASED_UNIT('DEGREE',#7990)NAMED_UNIT(#7988)PLANE_ANGLE_UNIT(
));
#7993=UNCERTAINTY_MEASURE_WITH_UNIT(LENGTH_MEASURE(7.043154923710E-4),#7987,
'distance_accuracy_value',
'Maximum model space distance between geometric entities at asserted connectivities');
#7994=(GEOMETRIC_REPRESENTATION_CONTEXT(3)GLOBAL_UNCERTAINTY_ASSIGNED_CONTEXT((
#7993))GLOBAL_UNIT_ASSIGNED_CONTEXT((#7987,#7991,#7992))REPRESENTATION_CONTEXT(
'ID1','3'));
#7995=CARTESIAN_POINT('',(0.E0,0.E0,0.E0));
#7996=DIRECTION('',(0.E0,0.E0,1.E0));
#7997=DIRECTION('',(1.E0,0.E0,0.E0));
#8000=APPLICATION_CONTEXT('automotive_design');
#8001=APPLICATION_PROTOCOL_DEFINITION('draft international standard',
'automotive_design',1998,#8000);
#8002=PRODUCT_DEFINITION_CONTEXT('part definition',#8000,'design');
#8003=PRODUCT_CONTEXT('',#8000,'mechanical');
#8004=PRODUCT('BODY_SQA24B','BODY_SQA24B','NOT SPECIFIED',(#8003));
#8005=PRODUCT_DEFINITION_FORMATION_WITH_SPECIFIED_SOURCE('20','LAST_VERSION',
#8004,.MADE.);
#8014=CARTESIAN_POINT('',(0.E0,0.E0,0.E0));
#8015=DIRECTION('',(0.E0,0.E0,1.E0));
#8016=DIRECTION('',(1.E0,0.E0,0.E0));
#8017=AXIS2_PLACEMENT_3D('',#8014,#8015,#8016);
#8018=ITEM_DEFINED_TRANSFORMATION('','',#7998,#8017);
#8019=(REPRESENTATION_RELATIONSHIP('','',#7999,#8011)REPRESENTATION_RELATIONSHIP_WITH_TRANSFORMATION(#8018)SHAPE_REPRESENTATION_RELATIONSHIP());
#8020=CONTEXT_DEPENDENT_SHAPE_REPRESENTATION(#8019,#8013);
#8021=COLOUR_RGB('',8.5E-1,8.5E-1,8.5E-1);
#8022=COLOUR_RGB('',9.6E-1,1.9E-1,5.E-2);
#8024=DIRECTION('',(0.E0,0.E0,-1.E0));
#8025=VECTOR('',#8024,2.5E-1);
#8026=CARTESIAN_POINT('',(-2.5E0,0.E0,-8.75E-1));
#8027=LINE('',#8026,#8025);
#8028=CURVE_STYLE('',#48,POSITIVE_LENGTH_MEASURE(2.E-2),#8022);
#8029=PRESENTATION_STYLE_ASSIGNMENT((#8028));
#8030=STYLED_ITEM('',(#8029),#8027);
#8031=DIRECTION('',(1.E0,0.E0,0.E0));
#8032=VECTOR('',#8031,4.E-1);
#8033=CARTESIAN_POINT('',(-2.5E0,0.E0,-8.75E-1));
#8034=LINE('',#8033,#8032);
#8035=CURVE_STYLE('',#48,POSITIVE_LENGTH_MEASURE(2.E-2),#8022);
#8036=PRESENTATION_STYLE_ASSIGNMENT((#8035));
#8037=STYLED_ITEM('',(#8036),#8034);
#8038=DIRECTION('',(0.E0,0.E0,-1.E0));
#8039=VECTOR('',#8038,2.940910976998E-1);
#8040=CARTESIAN_POINT('',(-2.5E0,1.102277442495E-1,-8.529544511501E-1));
#8041=LINE('',#8040,#8039);
#8042=CURVE_STYLE('',#48,POSITIVE_LENGTH_MEASURE(2.E-2),#8022);
#8043=PRESENTATION_STYLE_ASSIGNMENT((#8042));
#8044=STYLED_ITEM('',(#8043),#8041);
#8045=DIRECTION('',(0.E0,-9.805806756909E-1,1.961161351382E-1));
#8046=VECTOR('',#8045,8.660139477545E-2);
#8047=CARTESIAN_POINT('',(-2.48E0,1.017544467966E-1,-1.145350889359E0));
#8048=LINE('',#8047,#8046);
#8049=CURVE_STYLE('',#48,POSITIVE_LENGTH_MEASURE(2.E-2),#8022);
#8050=PRESENTATION_STYLE_ASSIGNMENT((#8049));
#8051=STYLED_ITEM('',(#8050),#8048);
#8052=CARTESIAN_POINT('',(-2.48E0,1.017544467966E-1,-1.145350889359E0));
#8053=CARTESIAN_POINT('',(-2.487162148159E0,1.034530993807E-1,
-1.145690619876E0));
#8054=CARTESIAN_POINT('',(-2.493826490790E0,1.062828122876E-1,
-1.146256562458E0));
#8055=CARTESIAN_POINT('',(-2.5E0,1.102277442495E-1,-1.147045548850E0));
#8057=CURVE_STYLE('',#48,POSITIVE_LENGTH_MEASURE(2.E-2),#8022);
#8058=PRESENTATION_STYLE_ASSIGNMENT((#8057));
#8059=STYLED_ITEM('',(#8058),#8056);
#8060=DIRECTION('',(0.E0,9.805806756909E-1,-1.961161351382E-1));
#8061=VECTOR('',#8060,1.124106837735E-1);
#8062=CARTESIAN_POINT('',(-2.5E0,0.E0,-1.125E0));
#8063=LINE('',#8062,#8061);
#8064=CURVE_STYLE('',#48,POSITIVE_LENGTH_MEASURE(2.E-2),#8022);
#8065=PRESENTATION_STYLE_ASSIGNMENT((#8064));
#8066=STYLED_ITEM('',(#8065),#8063);
#8067=DIRECTION('',(1.E0,0.E0,0.E0));
#8068=VECTOR('',#8067,4.E-1);
#8069=CARTESIAN_POINT('',(-2.5E0,0.E0,-1.125E0));
#8070=LINE('',#8069,#8068);
#8071=CURVE_STYLE('',#48,POSITIVE_LENGTH_MEASURE(2.E-2),#8022);
#8072=PRESENTATION_STYLE_ASSIGNMENT((#8071));
#8073=STYLED_ITEM('',(#8072),#8070);
#8074=DIRECTION('',(-1.E0,0.E0,0.E0));
#8075=VECTOR('',#8074,3.8E-1);
#8076=CARTESIAN_POINT('',(-2.1E0,1.683479259195E-2,-1.128366958518E0));
#8077=LINE('',#8076,#8075);
#8078=CURVE_STYLE('',#48,POSITIVE_LENGTH_MEASURE(2.E-2),#8022);
#8079=PRESENTATION_STYLE_ASSIGNMENT((#8078));
#8080=STYLED_ITEM('',(#8079),#8077);
#8081=DIRECTION('',(0.E0,0.E0,-1.E0));
#8082=VECTOR('',#8081,2.567339170368E-1);
#8083=CARTESIAN_POINT('',(-2.48E0,1.683479259195E-2,-8.716330414816E-1));
#8084=LINE('',#8083,#8082);
#8085=CURVE_STYLE('',#48,POSITIVE_LENGTH_MEASURE(2.E-2),#8022);
#8086=PRESENTATION_STYLE_ASSIGNMENT((#8085));
#8087=STYLED_ITEM('',(#8086),#8084);
#8088=DIRECTION('',(0.E0,0.E0,1.E0));
#8089=VECTOR('',#8088,2.567339170368E-1);
#8090=CARTESIAN_POINT('',(-2.1E0,1.683479259195E-2,-1.128366958518E0));
#8091=LINE('',#8090,#8089);
#8092=CURVE_STYLE('',#48,POSITIVE_LENGTH_MEASURE(2.E-2),#8022);
#8093=PRESENTATION_STYLE_ASSIGNMENT((#8092));
#8094=STYLED_ITEM('',(#8093),#8091);
#8095=DIRECTION('',(0.E0,9.805806756909E-1,-1.961161351382E-1));
#8096=VECTOR('',#8095,1.716818718673E-2);
#8097=CARTESIAN_POINT('',(-2.1E0,0.E0,-1.125E0));
#8098=LINE('',#8097,#8096);
#8099=CURVE_STYLE('',#48,POSITIVE_LENGTH_MEASURE(2.E-2),#8022);
#8100=PRESENTATION_STYLE_ASSIGNMENT((#8099));
#8101=STYLED_ITEM('',(#8100),#8098);
#8102=DIRECTION('',(0.E0,0.E0,-1.E0));
#8103=VECTOR('',#8102,2.5E-1);
#8104=CARTESIAN_POINT('',(-2.1E0,0.E0,-8.75E-1));
#8105=LINE('',#8104,#8103);
#8106=CURVE_STYLE('',#48,POSITIVE_LENGTH_MEASURE(2.E-2),#8022);
#8107=PRESENTATION_STYLE_ASSIGNMENT((#8106));
#8108=STYLED_ITEM('',(#8107),#8105);
#8109=DIRECTION('',(0.E0,-9.805806756909E-1,-1.961161351382E-1));
#8110=VECTOR('',#8109,1.716818718673E-2);
#8111=CARTESIAN_POINT('',(-2.1E0,1.683479259195E-2,-8.716330414816E-1));
#8112=LINE('',#8111,#8110);
#8113=CURVE_STYLE('',#48,POSITIVE_LENGTH_MEASURE(2.E-2),#8022);
#8114=PRESENTATION_STYLE_ASSIGNMENT((#8113));
#8115=STYLED_ITEM('',(#8114),#8112);
#8116=DIRECTION('',(0.E0,-9.805806756909E-1,-1.961161351382E-1));
#8117=VECTOR('',#8116,8.660139477545E-2);
#8118=CARTESIAN_POINT('',(-2.48E0,1.017544467966E-1,-8.546491106407E-1));
#8119=LINE('',#8118,#8117);
#8120=CURVE_STYLE('',#48,POSITIVE_LENGTH_MEASURE(2.E-2),#8022);
#8121=PRESENTATION_STYLE_ASSIGNMENT((#8120));
#8122=STYLED_ITEM('',(#8121),#8119);
#8123=DIRECTION('',(-1.E0,0.E0,0.E0));
#8124=VECTOR('',#8123,3.8E-1);
#8125=CARTESIAN_POINT('',(-2.1E0,1.683479259195E-2,-8.716330414816E-1));
#8126=LINE('',#8125,#8124);
#8127=CURVE_STYLE('',#48,POSITIVE_LENGTH_MEASURE(2.E-2),#8022);
#8128=PRESENTATION_STYLE_ASSIGNMENT((#8127));
#8129=STYLED_ITEM('',(#8128),#8126);
#8130=DIRECTION('',(0.E0,-9.805806756909E-1,-1.961161351382E-1));
#8131=VECTOR('',#8130,1.124106837735E-1);
#8132=CARTESIAN_POINT('',(-2.5E0,1.102277442495E-1,-8.529544511501E-1));
#8133=LINE('',#8132,#8131);
#8134=CURVE_STYLE('',#48,POSITIVE_LENGTH_MEASURE(2.E-2),#8022);
#8135=PRESENTATION_STYLE_ASSIGNMENT((#8134));
#8136=STYLED_ITEM('',(#8135),#8133);
#8137=CARTESIAN_POINT('',(-2.48E0,1.017544467966E-1,-8.546491106407E-1));
#8138=CARTESIAN_POINT('',(-2.487162148159E0,1.034530993807E-1,
-8.543093801239E-1));
#8139=CARTESIAN_POINT('',(-2.493826490790E0,1.062828122876E-1,
-8.537434375425E-1));
#8140=CARTESIAN_POINT('',(-2.5E0,1.102277442495E-1,-8.529544511501E-1));
#8142=CURVE_STYLE('',#48,POSITIVE_LENGTH_MEASURE(2.E-2),#8022);
#8143=PRESENTATION_STYLE_ASSIGNMENT((#8142));
#8144=STYLED_ITEM('',(#8143),#8141);
#8145=DIRECTION('',(0.E0,0.E0,-1.E0));
#8146=VECTOR('',#8145,2.907017787187E-1);
#8147=CARTESIAN_POINT('',(-2.48E0,1.017544467966E-1,-8.546491106407E-1));
#8148=LINE('',#8147,#8146);
#8149=CURVE_STYLE('',#48,POSITIVE_LENGTH_MEASURE(2.E-2),#8022);
#8150=PRESENTATION_STYLE_ASSIGNMENT((#8149));
#8151=STYLED_ITEM('',(#8150),#8148);
#8152=CARTESIAN_POINT('',(-2.1E0,0.E0,-8.75E-1));
#8153=CARTESIAN_POINT('',(-2.1E0,0.E0,-1.125E0));
#8154=VERTEX_POINT('',#8152);
#8155=VERTEX_POINT('',#8153);
#8156=CARTESIAN_POINT('',(-2.5E0,0.E0,-8.75E-1));
#8157=CARTESIAN_POINT('',(-2.5E0,0.E0,-1.125E0));
#8158=VERTEX_POINT('',#8156);
#8159=VERTEX_POINT('',#8157);
#8160=CARTESIAN_POINT('',(-2.5E0,1.102277442495E-1,-1.147045548850E0));
#8161=VERTEX_POINT('',#8160);
#8162=CARTESIAN_POINT('',(-2.5E0,1.102277442495E-1,-8.529544511501E-1));
#8163=VERTEX_POINT('',#8162);
#8164=CARTESIAN_POINT('',(-2.1E0,1.683479259195E-2,-1.128366958518E0));
#8165=CARTESIAN_POINT('',(-2.1E0,1.683479259195E-2,-8.716330414816E-1));
#8166=VERTEX_POINT('',#8164);
#8167=VERTEX_POINT('',#8165);
#8168=CARTESIAN_POINT('',(-2.48E0,1.017544467966E-1,-1.145350889359E0));
#8169=CARTESIAN_POINT('',(-2.48E0,1.683479259195E-2,-1.128366958518E0));
#8170=VERTEX_POINT('',#8168);
#8171=VERTEX_POINT('',#8169);
#8172=CARTESIAN_POINT('',(-2.48E0,1.017544467966E-1,-8.546491106407E-1));
#8173=CARTESIAN_POINT('',(-2.48E0,1.683479259195E-2,-8.716330414816E-1));
#8174=VERTEX_POINT('',#8172);
#8175=VERTEX_POINT('',#8173);
#8176=CARTESIAN_POINT('',(0.E0,0.E0,0.E0));
#8177=DIRECTION('',(0.E0,1.E0,0.E0));
#8178=DIRECTION('',(1.E0,0.E0,0.E0));
#8179=AXIS2_PLACEMENT_3D('',#8176,#8177,#8178);
#8180=PLANE('',#8179);
#8182=ORIENTED_EDGE('',*,*,#8181,.F.);
#8184=ORIENTED_EDGE('',*,*,#8183,.T.);
#8186=ORIENTED_EDGE('',*,*,#8185,.T.);
#8188=ORIENTED_EDGE('',*,*,#8187,.F.);
#8189=EDGE_LOOP('',(#8182,#8184,#8186,#8188));
#8190=FACE_OUTER_BOUND('',#8189,.F.);
#8191=ADVANCED_FACE('',(#8190),#8180,.F.);
#8192=FILL_AREA_STYLE_COLOUR('',#8022);
#8193=FILL_AREA_STYLE('',(#8192));
#8194=SURFACE_STYLE_FILL_AREA(#8193);
#8195=SURFACE_SIDE_STYLE('',(#8194));
#8196=SURFACE_STYLE_USAGE(.POSITIVE.,#8195);
#8197=FILL_AREA_STYLE_COLOUR('',#8021);
#8198=FILL_AREA_STYLE('',(#8197));
#8199=SURFACE_STYLE_FILL_AREA(#8198);
#8200=SURFACE_SIDE_STYLE('',(#8199));
#8201=SURFACE_STYLE_USAGE(.NEGATIVE.,#8200);
#8202=PRESENTATION_STYLE_ASSIGNMENT((#8196,#8201));
#8203=OVER_RIDING_STYLED_ITEM('',(#8202),#8191,#8023);
#8204=CARTESIAN_POINT('',(-2.5E0,2.E-1,2.E0));
#8205=DIRECTION('',(1.E0,0.E0,0.E0));
#8206=DIRECTION('',(0.E0,0.E0,-1.E0));
#8207=AXIS2_PLACEMENT_3D('',#8204,#8205,#8206);
#8208=PLANE('',#8207);
#8209=ORIENTED_EDGE('',*,*,#8181,.T.);
#8211=ORIENTED_EDGE('',*,*,#8210,.T.);
#8213=ORIENTED_EDGE('',*,*,#8212,.F.);
#8215=ORIENTED_EDGE('',*,*,#8214,.T.);
#8216=EDGE_LOOP('',(#8209,#8211,#8213,#8215));
#8217=FACE_OUTER_BOUND('',#8216,.F.);
#8218=ADVANCED_FACE('',(#8217),#8208,.F.);
#8219=CARTESIAN_POINT('',(-2.55E0,0.E0,-1.125E0));
#8220=DIRECTION('',(0.E0,-1.961161351382E-1,-9.805806756909E-1));
#8221=DIRECTION('',(0.E0,9.805806756909E-1,-1.961161351382E-1));
#8222=AXIS2_PLACEMENT_3D('',#8219,#8220,#8221);
#8223=PLANE('',#8222);
#8225=ORIENTED_EDGE('',*,*,#8224,.F.);
#8227=ORIENTED_EDGE('',*,*,#8226,.T.);
#8228=ORIENTED_EDGE('',*,*,#8210,.F.);
#8229=ORIENTED_EDGE('',*,*,#8187,.T.);
#8231=ORIENTED_EDGE('',*,*,#8230,.T.);
#8233=ORIENTED_EDGE('',*,*,#8232,.T.);
#8234=EDGE_LOOP('',(#8225,#8227,#8228,#8229,#8231,#8233));
#8235=FACE_OUTER_BOUND('',#8234,.F.);
#8236=ADVANCED_FACE('',(#8235),#8223,.T.);
#8237=CARTESIAN_POINT('',(-2.48E0,0.E0,0.E0));
#8238=DIRECTION('',(1.E0,0.E0,0.E0));
#8239=DIRECTION('',(0.E0,0.E0,-1.E0));
#8240=AXIS2_PLACEMENT_3D('',#8237,#8238,#8239);
#8241=PLANE('',#8240);
#8242=ORIENTED_EDGE('',*,*,#8224,.T.);
#8244=ORIENTED_EDGE('',*,*,#8243,.F.);
#8246=ORIENTED_EDGE('',*,*,#8245,.F.);
#8248=ORIENTED_EDGE('',*,*,#8247,.T.);
#8249=EDGE_LOOP('',(#8242,#8244,#8246,#8248));
#8250=FACE_OUTER_BOUND('',#8249,.F.);
#8251=ADVANCED_FACE('',(#8250),#8241,.T.);
#8252=CARTESIAN_POINT('',(-2.48E0,1.683479259195E-2,1.980481988881E0));
#8253=DIRECTION('',(0.E0,-1.E0,0.E0));
#8254=DIRECTION('',(0.E0,0.E0,-1.E0));
#8255=AXIS2_PLACEMENT_3D('',#8252,#8253,#8254);
#8256=PLANE('',#8255);
#8258=ORIENTED_EDGE('',*,*,#8257,.T.);
#8260=ORIENTED_EDGE('',*,*,#8259,.T.);
#8261=ORIENTED_EDGE('',*,*,#8243,.T.);
#8262=ORIENTED_EDGE('',*,*,#8232,.F.);
#8263=EDGE_LOOP('',(#8258,#8260,#8261,#8262));
#8264=FACE_OUTER_BOUND('',#8263,.F.);
#8265=ADVANCED_FACE('',(#8264),#8256,.F.);
#8266=CARTESIAN_POINT('',(-2.1E0,0.E0,0.E0));
#8267=DIRECTION('',(1.E0,0.E0,0.E0));
#8268=DIRECTION('',(0.E0,0.E0,1.E0));
#8269=AXIS2_PLACEMENT_3D('',#8266,#8267,#8268);
#8270=PLANE('',#8269);
#8271=ORIENTED_EDGE('',*,*,#8257,.F.);
#8272=ORIENTED_EDGE('',*,*,#8230,.F.);
#8273=ORIENTED_EDGE('',*,*,#8185,.F.);
#8275=ORIENTED_EDGE('',*,*,#8274,.F.);
#8276=EDGE_LOOP('',(#8271,#8272,#8273,#8275));
#8277=FACE_OUTER_BOUND('',#8276,.F.);
#8278=ADVANCED_FACE('',(#8277),#8270,.T.);
#8279=CARTESIAN_POINT('',(-2.55E0,2.E-1,-8.35E-1));
#8280=DIRECTION('',(0.E0,-1.961161351382E-1,9.805806756909E-1));
#8281=DIRECTION('',(0.E0,-9.805806756909E-1,-1.961161351382E-1));
#8282=AXIS2_PLACEMENT_3D('',#8279,#8280,#8281);
#8283=PLANE('',#8282);
#8284=ORIENTED_EDGE('',*,*,#8245,.T.);
#8285=ORIENTED_EDGE('',*,*,#8259,.F.);
#8286=ORIENTED_EDGE('',*,*,#8274,.T.);
#8287=ORIENTED_EDGE('',*,*,#8183,.F.);
#8288=ORIENTED_EDGE('',*,*,#8214,.F.);
#8290=ORIENTED_EDGE('',*,*,#8289,.F.);
#8291=EDGE_LOOP('',(#8284,#8285,#8286,#8287,#8288,#8290));
#8292=FACE_OUTER_BOUND('',#8291,.F.);
#8293=ADVANCED_FACE('',(#8292),#8283,.T.);
#8294=CARTESIAN_POINT('',(-2.465E0,1.65E-1,1.25E0));
#8295=DIRECTION('',(0.E0,0.E0,-1.E0));
#8296=DIRECTION('',(1.E0,0.E0,0.E0));
#8297=AXIS2_PLACEMENT_3D('',#8294,#8295,#8296);
#8298=CYLINDRICAL_SURFACE('',#8297,6.5E-2);
#8299=ORIENTED_EDGE('',*,*,#8247,.F.);
#8300=ORIENTED_EDGE('',*,*,#8289,.T.);
#8301=ORIENTED_EDGE('',*,*,#8212,.T.);
#8302=ORIENTED_EDGE('',*,*,#8226,.F.);
#8303=EDGE_LOOP('',(#8299,#8300,#8301,#8302));
#8304=FACE_OUTER_BOUND('',#8303,.F.);
#8305=ADVANCED_FACE('',(#8304),#8298,.F.);
#8306=CLOSED_SHELL('',(#8191,#8218,#8236,#8251,#8265,#8278,#8293,#8305));
#8307=MANIFOLD_SOLID_BREP('',#8306);
#8308=FILL_AREA_STYLE_COLOUR('',#8022);
#8309=FILL_AREA_STYLE('',(#8308));
#8310=SURFACE_STYLE_FILL_AREA(#8309);
#8311=SURFACE_SIDE_STYLE('',(#8310));
#8312=SURFACE_STYLE_USAGE(.BOTH.,#8311);
#8313=PRESENTATION_STYLE_ASSIGNMENT((#8312));
#8023=STYLED_ITEM('',(#8313),#8307);
#8315=DIRECTION('',(0.E0,0.E0,-1.E0));
#8316=VECTOR('',#8315,2.5E-1);
#8317=CARTESIAN_POINT('',(-2.5E0,0.E0,-3.75E-1));
#8318=LINE('',#8317,#8316);
#8319=CURVE_STYLE('',#48,POSITIVE_LENGTH_MEASURE(2.E-2),#8022);
#8320=PRESENTATION_STYLE_ASSIGNMENT((#8319));
#8321=STYLED_ITEM('',(#8320),#8318);
#8322=DIRECTION('',(1.E0,0.E0,0.E0));
#8323=VECTOR('',#8322,4.E-1);
#8324=CARTESIAN_POINT('',(-2.5E0,0.E0,-3.75E-1));
#8325=LINE('',#8324,#8323);
#8326=CURVE_STYLE('',#48,POSITIVE_LENGTH_MEASURE(2.E-2),#8022);
#8327=PRESENTATION_STYLE_ASSIGNMENT((#8326));
#8328=STYLED_ITEM('',(#8327),#8325);
#8329=DIRECTION('',(0.E0,0.E0,-1.E0));
#8330=VECTOR('',#8329,2.940910976998E-1);
#8331=CARTESIAN_POINT('',(-2.5E0,1.102277442495E-1,-3.529544511501E-1));
#8332=LINE('',#8331,#8330);
#8333=CURVE_STYLE('',#48,POSITIVE_LENGTH_MEASURE(2.E-2),#8022);
#8334=PRESENTATION_STYLE_ASSIGNMENT((#8333));
#8335=STYLED_ITEM('',(#8334),#8332);
#8336=DIRECTION('',(0.E0,-9.805806756909E-1,1.961161351382E-1));
#8337=VECTOR('',#8336,8.660139477545E-2);
#8338=CARTESIAN_POINT('',(-2.48E0,1.017544467966E-1,-6.453508893593E-1));
#8339=LINE('',#8338,#8337);
#8340=CURVE_STYLE('',#48,POSITIVE_LENGTH_MEASURE(2.E-2),#8022);
#8341=PRESENTATION_STYLE_ASSIGNMENT((#8340));
#8342=STYLED_ITEM('',(#8341),#8339);
#8343=CARTESIAN_POINT('',(-2.48E0,1.017544467966E-1,-6.453508893593E-1));
#8344=CARTESIAN_POINT('',(-2.487162148159E0,1.034530993807E-1,
-6.456906198761E-1));
#8345=CARTESIAN_POINT('',(-2.493826490790E0,1.062828122876E-1,
-6.462565624575E-1));
#8346=CARTESIAN_POINT('',(-2.5E0,1.102277442495E-1,-6.470455488499E-1));
#8348=CURVE_STYLE('',#48,POSITIVE_LENGTH_MEASURE(2.E-2),#8022);
#8349=PRESENTATION_STYLE_ASSIGNMENT((#8348));
#8350=STYLED_ITEM('',(#8349),#8347);
#8351=DIRECTION('',(0.E0,9.805806756909E-1,-1.961161351382E-1));
#8352=VECTOR('',#8351,1.124106837735E-1);
#8353=CARTESIAN_POINT('',(-2.5E0,0.E0,-6.25E-1));
#8354=LINE('',#8353,#8352);
#8355=CURVE_STYLE('',#48,POSITIVE_LENGTH_MEASURE(2.E-2),#8022);
#8356=PRESENTATION_STYLE_ASSIGNMENT((#8355));
#8357=STYLED_ITEM('',(#8356),#8354);
#8358=DIRECTION('',(1.E0,0.E0,0.E0));
#8359=VECTOR('',#8358,4.E-1);
#8360=CARTESIAN_POINT('',(-2.5E0,0.E0,-6.25E-1));
#8361=LINE('',#8360,#8359);
#8362=CURVE_STYLE('',#48,POSITIVE_LENGTH_MEASURE(2.E-2),#8022);
#8363=PRESENTATION_STYLE_ASSIGNMENT((#8362));
#8364=STYLED_ITEM('',(#8363),#8361);
#8365=DIRECTION('',(-1.E0,0.E0,0.E0));
#8366=VECTOR('',#8365,3.8E-1);
#8367=CARTESIAN_POINT('',(-2.1E0,1.683479259195E-2,-6.283669585184E-1));
#8368=LINE('',#8367,#8366);
#8369=CURVE_STYLE('',#48,POSITIVE_LENGTH_MEASURE(2.E-2),#8022);
#8370=PRESENTATION_STYLE_ASSIGNMENT((#8369));
#8371=STYLED_ITEM('',(#8370),#8368);
#8372=DIRECTION('',(0.E0,0.E0,-1.E0));
#8373=VECTOR('',#8372,2.567339170368E-1);
#8374=CARTESIAN_POINT('',(-2.48E0,1.683479259195E-2,-3.716330414816E-1));
#8375=LINE('',#8374,#8373);
#8376=CURVE_STYLE('',#48,POSITIVE_LENGTH_MEASURE(2.E-2),#8022);
#8377=PRESENTATION_STYLE_ASSIGNMENT((#8376));
#8378=STYLED_ITEM('',(#8377),#8375);
#8379=DIRECTION('',(0.E0,0.E0,1.E0));
#8380=VECTOR('',#8379,2.567339170368E-1);
#8381=CARTESIAN_POINT('',(-2.1E0,1.683479259195E-2,-6.283669585184E-1));
#8382=LINE('',#8381,#8380);
#8383=CURVE_STYLE('',#48,POSITIVE_LENGTH_MEASURE(2.E-2),#8022);
#8384=PRESENTATION_STYLE_ASSIGNMENT((#8383));
#8385=STYLED_ITEM('',(#8384),#8382);
#8386=DIRECTION('',(0.E0,9.805806756909E-1,-1.961161351382E-1));
#8387=VECTOR('',#8386,1.716818718673E-2);
#8388=CARTESIAN_POINT('',(-2.1E0,0.E0,-6.25E-1));
#8389=LINE('',#8388,#8387);
#8390=CURVE_STYLE('',#48,POSITIVE_LENGTH_MEASURE(2.E-2),#8022);
#8391=PRESENTATION_STYLE_ASSIGNMENT((#8390));
#8392=STYLED_ITEM('',(#8391),#8389);
#8393=DIRECTION('',(0.E0,0.E0,-1.E0));
#8394=VECTOR('',#8393,2.5E-1);
#8395=CARTESIAN_POINT('',(-2.1E0,0.E0,-3.75E-1));
#8396=LINE('',#8395,#8394);
#8397=CURVE_STYLE('',#48,POSITIVE_LENGTH_MEASURE(2.E-2),#8022);
#8398=PRESENTATION_STYLE_ASSIGNMENT((#8397));
#8399=STYLED_ITEM('',(#8398),#8396);
#8400=DIRECTION('',(0.E0,-9.805806756909E-1,-1.961161351382E-1));
#8401=VECTOR('',#8400,1.716818718673E-2);
#8402=CARTESIAN_POINT('',(-2.1E0,1.683479259195E-2,-3.716330414816E-1));
#8403=LINE('',#8402,#8401);
#8404=CURVE_STYLE('',#48,POSITIVE_LENGTH_MEASURE(2.E-2),#8022);
#8405=PRESENTATION_STYLE_ASSIGNMENT((#8404));
#8406=STYLED_ITEM('',(#8405),#8403);
#8407=DIRECTION('',(0.E0,-9.805806756909E-1,-1.961161351382E-1));
#8408=VECTOR('',#8407,8.660139477545E-2);
#8409=CARTESIAN_POINT('',(-2.48E0,1.017544467966E-1,-3.546491106407E-1));
#8410=LINE('',#8409,#8408);
#8411=CURVE_STYLE('',#48,POSITIVE_LENGTH_MEASURE(2.E-2),#8022);
#8412=PRESENTATION_STYLE_ASSIGNMENT((#8411));
#8413=STYLED_ITEM('',(#8412),#8410);
#8414=DIRECTION('',(-1.E0,0.E0,0.E0));
#8415=VECTOR('',#8414,3.8E-1);
#8416=CARTESIAN_POINT('',(-2.1E0,1.683479259195E-2,-3.716330414816E-1));
#8417=LINE('',#8416,#8415);
#8418=CURVE_STYLE('',#48,POSITIVE_LENGTH_MEASURE(2.E-2),#8022);
#8419=PRESENTATION_STYLE_ASSIGNMENT((#8418));
#8420=STYLED_ITEM('',(#8419),#8417);
#8421=DIRECTION('',(0.E0,-9.805806756909E-1,-1.961161351382E-1));
#8422=VECTOR('',#8421,1.124106837735E-1);
#8423=CARTESIAN_POINT('',(-2.5E0,1.102277442495E-1,-3.529544511501E-1));
#8424=LINE('',#8423,#8422);
#8425=CURVE_STYLE('',#48,POSITIVE_LENGTH_MEASURE(2.E-2),#8022);
#8426=PRESENTATION_STYLE_ASSIGNMENT((#8425));
#8427=STYLED_ITEM('',(#8426),#8424);
#8428=CARTESIAN_POINT('',(-2.48E0,1.017544467966E-1,-3.546491106407E-1));
#8429=CARTESIAN_POINT('',(-2.487162148159E0,1.034530993807E-1,
-3.543093801239E-1));
#8430=CARTESIAN_POINT('',(-2.493826490790E0,1.062828122876E-1,
-3.537434375425E-1));
#8431=CARTESIAN_POINT('',(-2.5E0,1.102277442495E-1,-3.529544511501E-1));
#8433=CURVE_STYLE('',#48,POSITIVE_LENGTH_MEASURE(2.E-2),#8022);
#8434=PRESENTATION_STYLE_ASSIGNMENT((#8433));
#8435=STYLED_ITEM('',(#8434),#8432);
#8436=DIRECTION('',(0.E0,0.E0,-1.E0));
#8437=VECTOR('',#8436,2.907017787187E-1);
#8438=CARTESIAN_POINT('',(-2.48E0,1.017544467966E-1,-3.546491106407E-1));
#8439=LINE('',#8438,#8437);
#8440=CURVE_STYLE('',#48,POSITIVE_LENGTH_MEASURE(2.E-2),#8022);
#8441=PRESENTATION_STYLE_ASSIGNMENT((#8440));
#8442=STYLED_ITEM('',(#8441),#8439);
#8443=CARTESIAN_POINT('',(-2.1E0,0.E0,-3.75E-1));
#8444=CARTESIAN_POINT('',(-2.1E0,0.E0,-6.25E-1));
#8445=VERTEX_POINT('',#8443);
#8446=VERTEX_POINT('',#8444);
#8447=CARTESIAN_POINT('',(-2.5E0,0.E0,-3.75E-1));
#8448=CARTESIAN_POINT('',(-2.5E0,0.E0,-6.25E-1));
#8449=VERTEX_POINT('',#8447);
#8450=VERTEX_POINT('',#8448);
#8451=CARTESIAN_POINT('',(-2.5E0,1.102277442495E-1,-6.470455488499E-1));
#8452=VERTEX_POINT('',#8451);
#8453=CARTESIAN_POINT('',(-2.5E0,1.102277442495E-1,-3.529544511501E-1));
#8454=VERTEX_POINT('',#8453);
#8455=CARTESIAN_POINT('',(-2.1E0,1.683479259195E-2,-6.283669585184E-1));
#8456=CARTESIAN_POINT('',(-2.1E0,1.683479259195E-2,-3.716330414816E-1));
#8457=VERTEX_POINT('',#8455);
#8458=VERTEX_POINT('',#8456);
#8459=CARTESIAN_POINT('',(-2.48E0,1.017544467966E-1,-6.453508893593E-1));
#8460=CARTESIAN_POINT('',(-2.48E0,1.683479259195E-2,-6.283669585184E-1));
#8461=VERTEX_POINT('',#8459);
#8462=VERTEX_POINT('',#8460);
#8463=CARTESIAN_POINT('',(-2.48E0,1.017544467966E-1,-3.546491106407E-1));
#8464=CARTESIAN_POINT('',(-2.48E0,1.683479259195E-2,-3.716330414816E-1));
#8465=VERTEX_POINT('',#8463);
#8466=VERTEX_POINT('',#8464);
#8467=CARTESIAN_POINT('',(0.E0,0.E0,0.E0));
#8468=DIRECTION('',(0.E0,1.E0,0.E0));
#8469=DIRECTION('',(1.E0,0.E0,0.E0));
#8470=AXIS2_PLACEMENT_3D('',#8467,#8468,#8469);
#8471=PLANE('',#8470);
#8473=ORIENTED_EDGE('',*,*,#8472,.F.);
#8475=ORIENTED_EDGE('',*,*,#8474,.T.);
#8477=ORIENTED_EDGE('',*,*,#8476,.T.);
#8479=ORIENTED_EDGE('',*,*,#8478,.F.);
#8480=EDGE_LOOP('',(#8473,#8475,#8477,#8479));
#8481=FACE_OUTER_BOUND('',#8480,.F.);
#8482=ADVANCED_FACE('',(#8481),#8471,.F.);
#8483=FILL_AREA_STYLE_COLOUR('',#8021);
#8484=FILL_AREA_STYLE('',(#8483));
#8485=SURFACE_STYLE_FILL_AREA(#8484);
#8486=SURFACE_SIDE_STYLE('',(#8485));
#8487=SURFACE_STYLE_USAGE(.NEGATIVE.,#8486);
#8488=PRESENTATION_STYLE_ASSIGNMENT((#8487));
#8489=OVER_RIDING_STYLED_ITEM('',(#8488),#8482,#8314);
#8490=CARTESIAN_POINT('',(-2.5E0,2.E-1,2.E0));
#8491=DIRECTION('',(1.E0,0.E0,0.E0));
#8492=DIRECTION('',(0.E0,0.E0,-1.E0));
#8493=AXIS2_PLACEMENT_3D('',#8490,#8491,#8492);
#8494=PLANE('',#8493);
#8495=ORIENTED_EDGE('',*,*,#8472,.T.);
#8497=ORIENTED_EDGE('',*,*,#8496,.T.);
#8499=ORIENTED_EDGE('',*,*,#8498,.F.);
#8501=ORIENTED_EDGE('',*,*,#8500,.T.);
#8502=EDGE_LOOP('',(#8495,#8497,#8499,#8501));
#8503=FACE_OUTER_BOUND('',#8502,.F.);
#8504=ADVANCED_FACE('',(#8503),#8494,.F.);
#8505=CARTESIAN_POINT('',(-2.55E0,0.E0,-6.25E-1));
#8506=DIRECTION('',(0.E0,-1.961161351382E-1,-9.805806756909E-1));
#8507=DIRECTION('',(0.E0,9.805806756909E-1,-1.961161351382E-1));
#8508=AXIS2_PLACEMENT_3D('',#8505,#8506,#8507);
#8509=PLANE('',#8508);
#8511=ORIENTED_EDGE('',*,*,#8510,.F.);
#8513=ORIENTED_EDGE('',*,*,#8512,.T.);
#8514=ORIENTED_EDGE('',*,*,#8496,.F.);
#8515=ORIENTED_EDGE('',*,*,#8478,.T.);
#8517=ORIENTED_EDGE('',*,*,#8516,.T.);
#8519=ORIENTED_EDGE('',*,*,#8518,.T.);
#8520=EDGE_LOOP('',(#8511,#8513,#8514,#8515,#8517,#8519));
#8521=FACE_OUTER_BOUND('',#8520,.F.);
#8522=ADVANCED_FACE('',(#8521),#8509,.T.);
#8523=CARTESIAN_POINT('',(-2.48E0,0.E0,0.E0));
#8524=DIRECTION('',(1.E0,0.E0,0.E0));
#8525=DIRECTION('',(0.E0,0.E0,-1.E0));
#8526=AXIS2_PLACEMENT_3D('',#8523,#8524,#8525);
#8527=PLANE('',#8526);
#8528=ORIENTED_EDGE('',*,*,#8510,.T.);
#8530=ORIENTED_EDGE('',*,*,#8529,.F.);
#8532=ORIENTED_EDGE('',*,*,#8531,.F.);
#8534=ORIENTED_EDGE('',*,*,#8533,.T.);
#8535=EDGE_LOOP('',(#8528,#8530,#8532,#8534));
#8536=FACE_OUTER_BOUND('',#8535,.F.);
#8537=ADVANCED_FACE('',(#8536),#8527,.T.);
#8538=CARTESIAN_POINT('',(-2.48E0,1.683479259195E-2,1.980481988881E0));
#8539=DIRECTION('',(0.E0,-1.E0,0.E0));
#8540=DIRECTION('',(0.E0,0.E0,-1.E0));
#8541=AXIS2_PLACEMENT_3D('',#8538,#8539,#8540);
#8542=PLANE('',#8541);
#8544=ORIENTED_EDGE('',*,*,#8543,.T.);
#8546=ORIENTED_EDGE('',*,*,#8545,.T.);
#8547=ORIENTED_EDGE('',*,*,#8529,.T.);
#8548=ORIENTED_EDGE('',*,*,#8518,.F.);
#8549=EDGE_LOOP('',(#8544,#8546,#8547,#8548));
#8550=FACE_OUTER_BOUND('',#8549,.F.);
#8551=ADVANCED_FACE('',(#8550),#8542,.F.);
#8552=CARTESIAN_POINT('',(-2.1E0,0.E0,0.E0));
#8553=DIRECTION('',(1.E0,0.E0,0.E0));
#8554=DIRECTION('',(0.E0,0.E0,1.E0));
#8555=AXIS2_PLACEMENT_3D('',#8552,#8553,#8554);
#8556=PLANE('',#8555);
#8557=ORIENTED_EDGE('',*,*,#8543,.F.);
#8558=ORIENTED_EDGE('',*,*,#8516,.F.);
#8559=ORIENTED_EDGE('',*,*,#8476,.F.);
#8561=ORIENTED_EDGE('',*,*,#8560,.F.);
#8562=EDGE_LOOP('',(#8557,#8558,#8559,#8561));
#8563=FACE_OUTER_BOUND('',#8562,.F.);
#8564=ADVANCED_FACE('',(#8563),#8556,.T.);
#8565=CARTESIAN_POINT('',(-2.55E0,2.E-1,-3.35E-1));
#8566=DIRECTION('',(0.E0,-1.961161351382E-1,9.805806756909E-1));
#8567=DIRECTION('',(0.E0,-9.805806756909E-1,-1.961161351382E-1));
#8568=AXIS2_PLACEMENT_3D('',#8565,#8566,#8567);
#8569=PLANE('',#8568);
#8570=ORIENTED_EDGE('',*,*,#8531,.T.);
#8571=ORIENTED_EDGE('',*,*,#8545,.F.);
#8572=ORIENTED_EDGE('',*,*,#8560,.T.);
#8573=ORIENTED_EDGE('',*,*,#8474,.F.);
#8574=ORIENTED_EDGE('',*,*,#8500,.F.);
#8576=ORIENTED_EDGE('',*,*,#8575,.F.);
#8577=EDGE_LOOP('',(#8570,#8571,#8572,#8573,#8574,#8576));
#8578=FACE_OUTER_BOUND('',#8577,.F.);
#8579=ADVANCED_FACE('',(#8578),#8569,.T.);
#8580=CARTESIAN_POINT('',(-2.465E0,1.65E-1,1.25E0));
#8581=DIRECTION('',(0.E0,0.E0,-1.E0));
#8582=DIRECTION('',(1.E0,0.E0,0.E0));
#8583=AXIS2_PLACEMENT_3D('',#8580,#8581,#8582);
#8584=CYLINDRICAL_SURFACE('',#8583,6.5E-2);
#8585=ORIENTED_EDGE('',*,*,#8533,.F.);
#8586=ORIENTED_EDGE('',*,*,#8575,.T.);
#8587=ORIENTED_EDGE('',*,*,#8498,.T.);
#8588=ORIENTED_EDGE('',*,*,#8512,.F.);
#8589=EDGE_LOOP('',(#8585,#8586,#8587,#8588));
#8590=FACE_OUTER_BOUND('',#8589,.F.);
#8591=ADVANCED_FACE('',(#8590),#8584,.F.);
#8592=CLOSED_SHELL('',(#8482,#8504,#8522,#8537,#8551,#8564,#8579,#8591));
#8593=MANIFOLD_SOLID_BREP('',#8592);
#8594=FILL_AREA_STYLE_COLOUR('',#8022);
#8595=FILL_AREA_STYLE('',(#8594));
#8596=SURFACE_STYLE_FILL_AREA(#8595);
#8597=SURFACE_SIDE_STYLE('',(#8596));
#8598=SURFACE_STYLE_USAGE(.POSITIVE.,#8597);
#8599=PRESENTATION_STYLE_ASSIGNMENT((#8598));
#8314=STYLED_ITEM('',(#8599),#8593);
#8601=DIRECTION('',(0.E0,0.E0,-1.E0));
#8602=VECTOR('',#8601,2.5E-1);
#8603=CARTESIAN_POINT('',(-2.5E0,0.E0,1.25E-1));
#8604=LINE('',#8603,#8602);
#8605=CURVE_STYLE('',#48,POSITIVE_LENGTH_MEASURE(2.E-2),#8022);
#8606=PRESENTATION_STYLE_ASSIGNMENT((#8605));
#8607=STYLED_ITEM('',(#8606),#8604);
#8608=DIRECTION('',(1.E0,0.E0,0.E0));
#8609=VECTOR('',#8608,4.E-1);
#8610=CARTESIAN_POINT('',(-2.5E0,0.E0,1.25E-1));
#8611=LINE('',#8610,#8609);
#8612=CURVE_STYLE('',#48,POSITIVE_LENGTH_MEASURE(2.E-2),#8022);
#8613=PRESENTATION_STYLE_ASSIGNMENT((#8612));
#8614=STYLED_ITEM('',(#8613),#8611);
#8615=DIRECTION('',(0.E0,0.E0,-1.E0));
#8616=VECTOR('',#8615,2.940910976998E-1);
#8617=CARTESIAN_POINT('',(-2.5E0,1.102277442495E-1,1.470455488499E-1));
#8618=LINE('',#8617,#8616);
#8619=CURVE_STYLE('',#48,POSITIVE_LENGTH_MEASURE(2.E-2),#8022);
#8620=PRESENTATION_STYLE_ASSIGNMENT((#8619));
#8621=STYLED_ITEM('',(#8620),#8618);
#8622=DIRECTION('',(0.E0,-9.805806756909E-1,1.961161351382E-1));
#8623=VECTOR('',#8622,8.660139477545E-2);
#8624=CARTESIAN_POINT('',(-2.48E0,1.017544467966E-1,-1.453508893593E-1));
#8625=LINE('',#8624,#8623);
#8626=CURVE_STYLE('',#48,POSITIVE_LENGTH_MEASURE(2.E-2),#8022);
#8627=PRESENTATION_STYLE_ASSIGNMENT((#8626));
#8628=STYLED_ITEM('',(#8627),#8625);
#8629=CARTESIAN_POINT('',(-2.48E0,1.017544467966E-1,-1.453508893593E-1));
#8630=CARTESIAN_POINT('',(-2.487162148159E0,1.034530993807E-1,
-1.456906198761E-1));
#8631=CARTESIAN_POINT('',(-2.493826490790E0,1.062828122876E-1,
-1.462565624575E-1));
#8632=CARTESIAN_POINT('',(-2.5E0,1.102277442495E-1,-1.470455488499E-1));
#8634=CURVE_STYLE('',#48,POSITIVE_LENGTH_MEASURE(2.E-2),#8022);
#8635=PRESENTATION_STYLE_ASSIGNMENT((#8634));
#8636=STYLED_ITEM('',(#8635),#8633);
#8637=DIRECTION('',(0.E0,9.805806756909E-1,-1.961161351382E-1));
#8638=VECTOR('',#8637,1.124106837735E-1);
#8639=CARTESIAN_POINT('',(-2.5E0,0.E0,-1.25E-1));
#8640=LINE('',#8639,#8638);
#8641=CURVE_STYLE('',#48,POSITIVE_LENGTH_MEASURE(2.E-2),#8022);
#8642=PRESENTATION_STYLE_ASSIGNMENT((#8641));
#8643=STYLED_ITEM('',(#8642),#8640);
#8644=DIRECTION('',(1.E0,0.E0,0.E0));
#8645=VECTOR('',#8644,4.E-1);
#8646=CARTESIAN_POINT('',(-2.5E0,0.E0,-1.25E-1));
#8647=LINE('',#8646,#8645);
#8648=CURVE_STYLE('',#48,POSITIVE_LENGTH_MEASURE(2.E-2),#8022);
#8649=PRESENTATION_STYLE_ASSIGNMENT((#8648));
#8650=STYLED_ITEM('',(#8649),#8647);
#8651=DIRECTION('',(-1.E0,0.E0,0.E0));
#8652=VECTOR('',#8651,3.8E-1);
#8653=CARTESIAN_POINT('',(-2.1E0,1.683479259195E-2,-1.283669585184E-1));
#8654=LINE('',#8653,#8652);
#8655=CURVE_STYLE('',#48,POSITIVE_LENGTH_MEASURE(2.E-2),#8022);
#8656=PRESENTATION_STYLE_ASSIGNMENT((#8655));
#8657=STYLED_ITEM('',(#8656),#8654);
#8658=DIRECTION('',(0.E0,0.E0,-1.E0));
#8659=VECTOR('',#8658,2.567339170368E-1);
#8660=CARTESIAN_POINT('',(-2.48E0,1.683479259195E-2,1.283669585184E-1));
#8661=LINE('',#8660,#8659);
#8662=CURVE_STYLE('',#48,POSITIVE_LENGTH_MEASURE(2.E-2),#8022);
#8663=PRESENTATION_STYLE_ASSIGNMENT((#8662));
#8664=STYLED_ITEM('',(#8663),#8661);
#8665=DIRECTION('',(0.E0,0.E0,1.E0));
#8666=VECTOR('',#8665,2.567339170368E-1);
#8667=CARTESIAN_POINT('',(-2.1E0,1.683479259195E-2,-1.283669585184E-1));
#8668=LINE('',#8667,#8666);
#8669=CURVE_STYLE('',#48,POSITIVE_LENGTH_MEASURE(2.E-2),#8022);
#8670=PRESENTATION_STYLE_ASSIGNMENT((#8669));
#8671=STYLED_ITEM('',(#8670),#8668);
#8672=DIRECTION('',(0.E0,9.805806756909E-1,-1.961161351382E-1));
#8673=VECTOR('',#8672,1.716818718673E-2);
#8674=CARTESIAN_POINT('',(-2.1E0,0.E0,-1.25E-1));
#8675=LINE('',#8674,#8673);
#8676=CURVE_STYLE('',#48,POSITIVE_LENGTH_MEASURE(2.E-2),#8022);
#8677=PRESENTATION_STYLE_ASSIGNMENT((#8676));
#8678=STYLED_ITEM('',(#8677),#8675);
#8679=DIRECTION('',(0.E0,0.E0,-1.E0));
#8680=VECTOR('',#8679,2.5E-1);
#8681=CARTESIAN_POINT('',(-2.1E0,0.E0,1.25E-1));
#8682=LINE('',#8681,#8680);
#8683=CURVE_STYLE('',#48,POSITIVE_LENGTH_MEASURE(2.E-2),#8022);
#8684=PRESENTATION_STYLE_ASSIGNMENT((#8683));
#8685=STYLED_ITEM('',(#8684),#8682);
#8686=DIRECTION('',(0.E0,-9.805806756909E-1,-1.961161351382E-1));
#8687=VECTOR('',#8686,1.716818718673E-2);
#8688=CARTESIAN_POINT('',(-2.1E0,1.683479259195E-2,1.283669585184E-1));
#8689=LINE('',#8688,#8687);
#8690=CURVE_STYLE('',#48,POSITIVE_LENGTH_MEASURE(2.E-2),#8022);
#8691=PRESENTATION_STYLE_ASSIGNMENT((#8690));
#8692=STYLED_ITEM('',(#8691),#8689);
#8693=DIRECTION('',(0.E0,-9.805806756909E-1,-1.961161351382E-1));
#8694=VECTOR('',#8693,8.660139477545E-2);
#8695=CARTESIAN_POINT('',(-2.48E0,1.017544467966E-1,1.453508893593E-1));
#8696=LINE('',#8695,#8694);
#8697=CURVE_STYLE('',#48,POSITIVE_LENGTH_MEASURE(2.E-2),#8022);
#8698=PRESENTATION_STYLE_ASSIGNMENT((#8697));
#8699=STYLED_ITEM('',(#8698),#8696);
#8700=DIRECTION('',(-1.E0,0.E0,0.E0));
#8701=VECTOR('',#8700,3.8E-1);
#8702=CARTESIAN_POINT('',(-2.1E0,1.683479259195E-2,1.283669585184E-1));
#8703=LINE('',#8702,#8701);
#8704=CURVE_STYLE('',#48,POSITIVE_LENGTH_MEASURE(2.E-2),#8022);
#8705=PRESENTATION_STYLE_ASSIGNMENT((#8704));
#8706=STYLED_ITEM('',(#8705),#8703);
#8707=DIRECTION('',(0.E0,-9.805806756909E-1,-1.961161351382E-1));
#8708=VECTOR('',#8707,1.124106837735E-1);
#8709=CARTESIAN_POINT('',(-2.5E0,1.102277442495E-1,1.470455488499E-1));
#8710=LINE('',#8709,#8708);
#8711=CURVE_STYLE('',#48,POSITIVE_LENGTH_MEASURE(2.E-2),#8022);
#8712=PRESENTATION_STYLE_ASSIGNMENT((#8711));
#8713=STYLED_ITEM('',(#8712),#8710);
#8714=CARTESIAN_POINT('',(-2.48E0,1.017544467966E-1,1.453508893593E-1));
#8715=CARTESIAN_POINT('',(-2.487162148159E0,1.034530993807E-1,
1.456906198761E-1));
#8716=CARTESIAN_POINT('',(-2.493826490790E0,1.062828122876E-1,
1.462565624575E-1));
#8717=CARTESIAN_POINT('',(-2.5E0,1.102277442495E-1,1.470455488499E-1));
#8719=CURVE_STYLE('',#48,POSITIVE_LENGTH_MEASURE(2.E-2),#8022);
#8720=PRESENTATION_STYLE_ASSIGNMENT((#8719));
#8721=STYLED_ITEM('',(#8720),#8718);
#8722=DIRECTION('',(0.E0,0.E0,-1.E0));
#8723=VECTOR('',#8722,2.907017787187E-1);
#8724=CARTESIAN_POINT('',(-2.48E0,1.017544467966E-1,1.453508893593E-1));
#8725=LINE('',#8724,#8723);
#8726=CURVE_STYLE('',#48,POSITIVE_LENGTH_MEASURE(2.E-2),#8022);
#8727=PRESENTATION_STYLE_ASSIGNMENT((#8726));
#8728=STYLED_ITEM('',(#8727),#8725);
#8729=CARTESIAN_POINT('',(-2.1E0,0.E0,1.25E-1));
#8730=CARTESIAN_POINT('',(-2.1E0,0.E0,-1.25E-1));
#8731=VERTEX_POINT('',#8729);
#8732=VERTEX_POINT('',#8730);
#8733=CARTESIAN_POINT('',(-2.5E0,0.E0,1.25E-1));
#8734=CARTESIAN_POINT('',(-2.5E0,0.E0,-1.25E-1));
#8735=VERTEX_POINT('',#8733);
#8736=VERTEX_POINT('',#8734);
#8737=CARTESIAN_POINT('',(-2.5E0,1.102277442495E-1,-1.470455488499E-1));
#8738=VERTEX_POINT('',#8737);
#8739=CARTESIAN_POINT('',(-2.5E0,1.102277442495E-1,1.470455488499E-1));
#8740=VERTEX_POINT('',#8739);
#8741=CARTESIAN_POINT('',(-2.1E0,1.683479259195E-2,-1.283669585184E-1));
#8742=CARTESIAN_POINT('',(-2.1E0,1.683479259195E-2,1.283669585184E-1));
#8743=VERTEX_POINT('',#8741);
#8744=VERTEX_POINT('',#8742);
#8745=CARTESIAN_POINT('',(-2.48E0,1.017544467966E-1,-1.453508893593E-1));
#8746=CARTESIAN_POINT('',(-2.48E0,1.683479259195E-2,-1.283669585184E-1));
#8747=VERTEX_POINT('',#8745);
#8748=VERTEX_POINT('',#8746);
#8749=CARTESIAN_POINT('',(-2.48E0,1.017544467966E-1,1.453508893593E-1));
#8750=CARTESIAN_POINT('',(-2.48E0,1.683479259195E-2,1.283669585184E-1));
#8751=VERTEX_POINT('',#8749);
#8752=VERTEX_POINT('',#8750);
#8753=CARTESIAN_POINT('',(0.E0,0.E0,0.E0));
#8754=DIRECTION('',(0.E0,1.E0,0.E0));
#8755=DIRECTION('',(1.E0,0.E0,0.E0));
#8756=AXIS2_PLACEMENT_3D('',#8753,#8754,#8755);
#8757=PLANE('',#8756);
#8759=ORIENTED_EDGE('',*,*,#8758,.F.);
#8761=ORIENTED_EDGE('',*,*,#8760,.T.);
#8763=ORIENTED_EDGE('',*,*,#8762,.T.);
#8765=ORIENTED_EDGE('',*,*,#8764,.F.);
#8766=EDGE_LOOP('',(#8759,#8761,#8763,#8765));
#8767=FACE_OUTER_BOUND('',#8766,.F.);
#8768=ADVANCED_FACE('',(#8767),#8757,.F.);
#8769=FILL_AREA_STYLE_COLOUR('',#8021);
#8770=FILL_AREA_STYLE('',(#8769));
#8771=SURFACE_STYLE_FILL_AREA(#8770);
#8772=SURFACE_SIDE_STYLE('',(#8771));
#8773=SURFACE_STYLE_USAGE(.NEGATIVE.,#8772);
#8774=PRESENTATION_STYLE_ASSIGNMENT((#8773));
#8775=OVER_RIDING_STYLED_ITEM('',(#8774),#8768,#8600);
#8776=CARTESIAN_POINT('',(-2.5E0,2.E-1,2.E0));
#8777=DIRECTION('',(1.E0,0.E0,0.E0));
#8778=DIRECTION('',(0.E0,0.E0,-1.E0));
#8779=AXIS2_PLACEMENT_3D('',#8776,#8777,#8778);
#8780=PLANE('',#8779);
#8781=ORIENTED_EDGE('',*,*,#8758,.T.);
#8783=ORIENTED_EDGE('',*,*,#8782,.T.);
#8785=ORIENTED_EDGE('',*,*,#8784,.F.);
#8787=ORIENTED_EDGE('',*,*,#8786,.T.);
#8788=EDGE_LOOP('',(#8781,#8783,#8785,#8787));
#8789=FACE_OUTER_BOUND('',#8788,.F.);
#8790=ADVANCED_FACE('',(#8789),#8780,.F.);
#8791=CARTESIAN_POINT('',(-2.55E0,0.E0,-1.25E-1));
#8792=DIRECTION('',(0.E0,-1.961161351382E-1,-9.805806756909E-1));
#8793=DIRECTION('',(0.E0,9.805806756909E-1,-1.961161351382E-1));
#8794=AXIS2_PLACEMENT_3D('',#8791,#8792,#8793);
#8795=PLANE('',#8794);
#8797=ORIENTED_EDGE('',*,*,#8796,.F.);
#8799=ORIENTED_EDGE('',*,*,#8798,.T.);
#8800=ORIENTED_EDGE('',*,*,#8782,.F.);
#8801=ORIENTED_EDGE('',*,*,#8764,.T.);
#8803=ORIENTED_EDGE('',*,*,#8802,.T.);
#8805=ORIENTED_EDGE('',*,*,#8804,.T.);
#8806=EDGE_LOOP('',(#8797,#8799,#8800,#8801,#8803,#8805));
#8807=FACE_OUTER_BOUND('',#8806,.F.);
#8808=ADVANCED_FACE('',(#8807),#8795,.T.);
#8809=CARTESIAN_POINT('',(-2.48E0,0.E0,0.E0));
#8810=DIRECTION('',(1.E0,0.E0,0.E0));
#8811=DIRECTION('',(0.E0,0.E0,-1.E0));
#8812=AXIS2_PLACEMENT_3D('',#8809,#8810,#8811);
#8813=PLANE('',#8812);
#8814=ORIENTED_EDGE('',*,*,#8796,.T.);
#8816=ORIENTED_EDGE('',*,*,#8815,.F.);
#8818=ORIENTED_EDGE('',*,*,#8817,.F.);
#8820=ORIENTED_EDGE('',*,*,#8819,.T.);
#8821=EDGE_LOOP('',(#8814,#8816,#8818,#8820));
#8822=FACE_OUTER_BOUND('',#8821,.F.);
#8823=ADVANCED_FACE('',(#8822),#8813,.T.);
#8824=CARTESIAN_POINT('',(-2.48E0,1.683479259195E-2,1.980481988881E0));
#8825=DIRECTION('',(0.E0,-1.E0,0.E0));
#8826=DIRECTION('',(0.E0,0.E0,-1.E0));
#8827=AXIS2_PLACEMENT_3D('',#8824,#8825,#8826);
#8828=PLANE('',#8827);
#8830=ORIENTED_EDGE('',*,*,#8829,.T.);
#8832=ORIENTED_EDGE('',*,*,#8831,.T.);
#8833=ORIENTED_EDGE('',*,*,#8815,.T.);
#8834=ORIENTED_EDGE('',*,*,#8804,.F.);
#8835=EDGE_LOOP('',(#8830,#8832,#8833,#8834));
#8836=FACE_OUTER_BOUND('',#8835,.F.);
#8837=ADVANCED_FACE('',(#8836),#8828,.F.);
#8838=CARTESIAN_POINT('',(-2.1E0,0.E0,0.E0));
#8839=DIRECTION('',(1.E0,0.E0,0.E0));
#8840=DIRECTION('',(0.E0,0.E0,1.E0));
#8841=AXIS2_PLACEMENT_3D('',#8838,#8839,#8840);
#8842=PLANE('',#8841);
#8843=ORIENTED_EDGE('',*,*,#8829,.F.);
#8844=ORIENTED_EDGE('',*,*,#8802,.F.);
#8845=ORIENTED_EDGE('',*,*,#8762,.F.);
#8847=ORIENTED_EDGE('',*,*,#8846,.F.);
#8848=EDGE_LOOP('',(#8843,#8844,#8845,#8847));
#8849=FACE_OUTER_BOUND('',#8848,.F.);
#8850=ADVANCED_FACE('',(#8849),#8842,.T.);
#8851=CARTESIAN_POINT('',(-2.55E0,2.E-1,1.65E-1));
#8852=DIRECTION('',(0.E0,-1.961161351382E-1,9.805806756909E-1));
#8853=DIRECTION('',(0.E0,-9.805806756909E-1,-1.961161351382E-1));
#8854=AXIS2_PLACEMENT_3D('',#8851,#8852,#8853);
#8855=PLANE('',#8854);
#8856=ORIENTED_EDGE('',*,*,#8817,.T.);
#8857=ORIENTED_EDGE('',*,*,#8831,.F.);
#8858=ORIENTED_EDGE('',*,*,#8846,.T.);
#8859=ORIENTED_EDGE('',*,*,#8760,.F.);
#8860=ORIENTED_EDGE('',*,*,#8786,.F.);
#8862=ORIENTED_EDGE('',*,*,#8861,.F.);
#8863=EDGE_LOOP('',(#8856,#8857,#8858,#8859,#8860,#8862));
#8864=FACE_OUTER_BOUND('',#8863,.F.);
#8865=ADVANCED_FACE('',(#8864),#8855,.T.);
#8866=CARTESIAN_POINT('',(-2.465E0,1.65E-1,1.25E0));
#8867=DIRECTION('',(0.E0,0.E0,-1.E0));
#8868=DIRECTION('',(1.E0,0.E0,0.E0));
#8869=AXIS2_PLACEMENT_3D('',#8866,#8867,#8868);
#8870=CYLINDRICAL_SURFACE('',#8869,6.5E-2);
#8871=ORIENTED_EDGE('',*,*,#8819,.F.);
#8872=ORIENTED_EDGE('',*,*,#8861,.T.);
#8873=ORIENTED_EDGE('',*,*,#8784,.T.);
#8874=ORIENTED_EDGE('',*,*,#8798,.F.);
#8875=EDGE_LOOP('',(#8871,#8872,#8873,#8874));
#8876=FACE_OUTER_BOUND('',#8875,.F.);
#8877=ADVANCED_FACE('',(#8876),#8870,.F.);
#8878=CLOSED_SHELL('',(#8768,#8790,#8808,#8823,#8837,#8850,#8865,#8877));
#8879=MANIFOLD_SOLID_BREP('',#8878);
#8880=FILL_AREA_STYLE_COLOUR('',#8022);
#8881=FILL_AREA_STYLE('',(#8880));
#8882=SURFACE_STYLE_FILL_AREA(#8881);
#8883=SURFACE_SIDE_STYLE('',(#8882));
#8884=SURFACE_STYLE_USAGE(.POSITIVE.,#8883);
#8885=PRESENTATION_STYLE_ASSIGNMENT((#8884));
#8600=STYLED_ITEM('',(#8885),#8879);
#8887=DIRECTION('',(0.E0,0.E0,-1.E0));
#8888=VECTOR('',#8887,2.5E-1);
#8889=CARTESIAN_POINT('',(-2.5E0,0.E0,6.25E-1));
#8890=LINE('',#8889,#8888);
#8891=CURVE_STYLE('',#48,POSITIVE_LENGTH_MEASURE(2.E-2),#8022);
#8892=PRESENTATION_STYLE_ASSIGNMENT((#8891));
#8893=STYLED_ITEM('',(#8892),#8890);
#8894=DIRECTION('',(1.E0,0.E0,0.E0));
#8895=VECTOR('',#8894,4.E-1);
#8896=CARTESIAN_POINT('',(-2.5E0,0.E0,6.25E-1));
#8897=LINE('',#8896,#8895);
#8898=CURVE_STYLE('',#48,POSITIVE_LENGTH_MEASURE(2.E-2),#8022);
#8899=PRESENTATION_STYLE_ASSIGNMENT((#8898));
#8900=STYLED_ITEM('',(#8899),#8897);
#8901=DIRECTION('',(0.E0,0.E0,-1.E0));
#8902=VECTOR('',#8901,2.940910976998E-1);
#8903=CARTESIAN_POINT('',(-2.5E0,1.102277442495E-1,6.470455488499E-1));
#8904=LINE('',#8903,#8902);
#8905=CURVE_STYLE('',#48,POSITIVE_LENGTH_MEASURE(2.E-2),#8022);
#8906=PRESENTATION_STYLE_ASSIGNMENT((#8905));
#8907=STYLED_ITEM('',(#8906),#8904);
#8908=DIRECTION('',(0.E0,-9.805806756909E-1,1.961161351382E-1));
#8909=VECTOR('',#8908,8.660139477545E-2);
#8910=CARTESIAN_POINT('',(-2.48E0,1.017544467966E-1,3.546491106407E-1));
#8911=LINE('',#8910,#8909);
#8912=CURVE_STYLE('',#48,POSITIVE_LENGTH_MEASURE(2.E-2),#8022);
#8913=PRESENTATION_STYLE_ASSIGNMENT((#8912));
#8914=STYLED_ITEM('',(#8913),#8911);
#8915=CARTESIAN_POINT('',(-2.48E0,1.017544467966E-1,3.546491106407E-1));
#8916=CARTESIAN_POINT('',(-2.487162148159E0,1.034530993807E-1,
3.543093801239E-1));
#8917=CARTESIAN_POINT('',(-2.493826490790E0,1.062828122876E-1,
3.537434375425E-1));
#8918=CARTESIAN_POINT('',(-2.5E0,1.102277442495E-1,3.529544511501E-1));
#8920=CURVE_STYLE('',#48,POSITIVE_LENGTH_MEASURE(2.E-2),#8022);
#8921=PRESENTATION_STYLE_ASSIGNMENT((#8920));
#8922=STYLED_ITEM('',(#8921),#8919);
#8923=DIRECTION('',(0.E0,9.805806756909E-1,-1.961161351382E-1));
#8924=VECTOR('',#8923,1.124106837735E-1);
#8925=CARTESIAN_POINT('',(-2.5E0,0.E0,3.75E-1));
#8926=LINE('',#8925,#8924);
#8927=CURVE_STYLE('',#48,POSITIVE_LENGTH_MEASURE(2.E-2),#8022);
#8928=PRESENTATION_STYLE_ASSIGNMENT((#8927));
#8929=STYLED_ITEM('',(#8928),#8926);
#8930=DIRECTION('',(1.E0,0.E0,0.E0));
#8931=VECTOR('',#8930,4.E-1);
#8932=CARTESIAN_POINT('',(-2.5E0,0.E0,3.75E-1));
#8933=LINE('',#8932,#8931);
#8934=CURVE_STYLE('',#48,POSITIVE_LENGTH_MEASURE(2.E-2),#8022);
#8935=PRESENTATION_STYLE_ASSIGNMENT((#8934));
#8936=STYLED_ITEM('',(#8935),#8933);
#8937=DIRECTION('',(-1.E0,0.E0,0.E0));
#8938=VECTOR('',#8937,3.8E-1);
#8939=CARTESIAN_POINT('',(-2.1E0,1.683479259195E-2,3.716330414816E-1));
#8940=LINE('',#8939,#8938);
#8941=CURVE_STYLE('',#48,POSITIVE_LENGTH_MEASURE(2.E-2),#8022);
#8942=PRESENTATION_STYLE_ASSIGNMENT((#8941));
#8943=STYLED_ITEM('',(#8942),#8940);
#8944=DIRECTION('',(0.E0,0.E0,-1.E0));
#8945=VECTOR('',#8944,2.567339170368E-1);
#8946=CARTESIAN_POINT('',(-2.48E0,1.683479259195E-2,6.283669585184E-1));
#8947=LINE('',#8946,#8945);
#8948=CURVE_STYLE('',#48,POSITIVE_LENGTH_MEASURE(2.E-2),#8022);
#8949=PRESENTATION_STYLE_ASSIGNMENT((#8948));
#8950=STYLED_ITEM('',(#8949),#8947);
#8951=DIRECTION('',(0.E0,0.E0,1.E0));
#8952=VECTOR('',#8951,2.567339170368E-1);
#8953=CARTESIAN_POINT('',(-2.1E0,1.683479259195E-2,3.716330414816E-1));
#8954=LINE('',#8953,#8952);
#8955=CURVE_STYLE('',#48,POSITIVE_LENGTH_MEASURE(2.E-2),#8022);
#8956=PRESENTATION_STYLE_ASSIGNMENT((#8955));
#8957=STYLED_ITEM('',(#8956),#8954);
#8958=DIRECTION('',(0.E0,9.805806756909E-1,-1.961161351382E-1));
#8959=VECTOR('',#8958,1.716818718673E-2);
#8960=CARTESIAN_POINT('',(-2.1E0,0.E0,3.75E-1));
#8961=LINE('',#8960,#8959);
#8962=CURVE_STYLE('',#48,POSITIVE_LENGTH_MEASURE(2.E-2),#8022);
#8963=PRESENTATION_STYLE_ASSIGNMENT((#8962));
#8964=STYLED_ITEM('',(#8963),#8961);
#8965=DIRECTION('',(0.E0,0.E0,-1.E0));
#8966=VECTOR('',#8965,2.5E-1);
#8967=CARTESIAN_POINT('',(-2.1E0,0.E0,6.25E-1));
#8968=LINE('',#8967,#8966);
#8969=CURVE_STYLE('',#48,POSITIVE_LENGTH_MEASURE(2.E-2),#8022);
#8970=PRESENTATION_STYLE_ASSIGNMENT((#8969));
#8971=STYLED_ITEM('',(#8970),#8968);
#8972=DIRECTION('',(0.E0,-9.805806756909E-1,-1.961161351382E-1));
#8973=VECTOR('',#8972,1.716818718673E-2);
#8974=CARTESIAN_POINT('',(-2.1E0,1.683479259195E-2,6.283669585184E-1));
#8975=LINE('',#8974,#8973);
#8976=CURVE_STYLE('',#48,POSITIVE_LENGTH_MEASURE(2.E-2),#8022);
#8977=PRESENTATION_STYLE_ASSIGNMENT((#8976));
#8978=STYLED_ITEM('',(#8977),#8975);
#8979=DIRECTION('',(0.E0,-9.805806756909E-1,-1.961161351382E-1));
#8980=VECTOR('',#8979,8.660139477545E-2);
#8981=CARTESIAN_POINT('',(-2.48E0,1.017544467966E-1,6.453508893593E-1));
#8982=LINE('',#8981,#8980);
#8983=CURVE_STYLE('',#48,POSITIVE_LENGTH_MEASURE(2.E-2),#8022);
#8984=PRESENTATION_STYLE_ASSIGNMENT((#8983));
#8985=STYLED_ITEM('',(#8984),#8982);
#8986=DIRECTION('',(-1.E0,0.E0,0.E0));
#8987=VECTOR('',#8986,3.8E-1);
#8988=CARTESIAN_POINT('',(-2.1E0,1.683479259195E-2,6.283669585184E-1));
#8989=LINE('',#8988,#8987);
#8990=CURVE_STYLE('',#48,POSITIVE_LENGTH_MEASURE(2.E-2),#8022);
#8991=PRESENTATION_STYLE_ASSIGNMENT((#8990));
#8992=STYLED_ITEM('',(#8991),#8989);
#8993=DIRECTION('',(0.E0,-9.805806756909E-1,-1.961161351382E-1));
#8994=VECTOR('',#8993,1.124106837735E-1);
#8995=CARTESIAN_POINT('',(-2.5E0,1.102277442495E-1,6.470455488499E-1));
#8996=LINE('',#8995,#8994);
#8997=CURVE_STYLE('',#48,POSITIVE_LENGTH_MEASURE(2.E-2),#8022);
#8998=PRESENTATION_STYLE_ASSIGNMENT((#8997));
#8999=STYLED_ITEM('',(#8998),#8996);
#9000=CARTESIAN_POINT('',(-2.48E0,1.017544467966E-1,6.453508893593E-1));
#9001=CARTESIAN_POINT('',(-2.487162148159E0,1.034530993807E-1,
6.456906198761E-1));
#9002=CARTESIAN_POINT('',(-2.493826490790E0,1.062828122876E-1,
6.462565624575E-1));
#9003=CARTESIAN_POINT('',(-2.5E0,1.102277442495E-1,6.470455488499E-1));
#9005=CURVE_STYLE('',#48,POSITIVE_LENGTH_MEASURE(2.E-2),#8022);
#9006=PRESENTATION_STYLE_ASSIGNMENT((#9005));
#9007=STYLED_ITEM('',(#9006),#9004);
#9008=DIRECTION('',(0.E0,0.E0,-1.E0));
#9009=VECTOR('',#9008,2.907017787187E-1);
#9010=CARTESIAN_POINT('',(-2.48E0,1.017544467966E-1,6.453508893593E-1));
#9011=LINE('',#9010,#9009);
#9012=CURVE_STYLE('',#48,POSITIVE_LENGTH_MEASURE(2.E-2),#8022);
#9013=PRESENTATION_STYLE_ASSIGNMENT((#9012));
#9014=STYLED_ITEM('',(#9013),#9011);
#9015=CARTESIAN_POINT('',(-2.1E0,0.E0,6.25E-1));
#9016=CARTESIAN_POINT('',(-2.1E0,0.E0,3.75E-1));
#9017=VERTEX_POINT('',#9015);
#9018=VERTEX_POINT('',#9016);
#9019=CARTESIAN_POINT('',(-2.5E0,0.E0,6.25E-1));
#9020=CARTESIAN_POINT('',(-2.5E0,0.E0,3.75E-1));
#9021=VERTEX_POINT('',#9019);
#9022=VERTEX_POINT('',#9020);
#9023=CARTESIAN_POINT('',(-2.5E0,1.102277442495E-1,3.529544511501E-1));
#9024=VERTEX_POINT('',#9023);
#9025=CARTESIAN_POINT('',(-2.5E0,1.102277442495E-1,6.470455488499E-1));
#9026=VERTEX_POINT('',#9025);
#9027=CARTESIAN_POINT('',(-2.1E0,1.683479259195E-2,3.716330414816E-1));
#9028=CARTESIAN_POINT('',(-2.1E0,1.683479259195E-2,6.283669585184E-1));
#9029=VERTEX_POINT('',#9027);
#9030=VERTEX_POINT('',#9028);
#9031=CARTESIAN_POINT('',(-2.48E0,1.017544467966E-1,3.546491106407E-1));
#9032=CARTESIAN_POINT('',(-2.48E0,1.683479259195E-2,3.716330414816E-1));
#9033=VERTEX_POINT('',#9031);
#9034=VERTEX_POINT('',#9032);
#9035=CARTESIAN_POINT('',(-2.48E0,1.017544467966E-1,6.453508893593E-1));
#9036=CARTESIAN_POINT('',(-2.48E0,1.683479259195E-2,6.283669585184E-1));
#9037=VERTEX_POINT('',#9035);
#9038=VERTEX_POINT('',#9036);
#9039=CARTESIAN_POINT('',(0.E0,0.E0,0.E0));
#9040=DIRECTION('',(0.E0,1.E0,0.E0));
#9041=DIRECTION('',(1.E0,0.E0,0.E0));
#9042=AXIS2_PLACEMENT_3D('',#9039,#9040,#9041);
#9043=PLANE('',#9042);
#9045=ORIENTED_EDGE('',*,*,#9044,.F.);
#9047=ORIENTED_EDGE('',*,*,#9046,.T.);
#9049=ORIENTED_EDGE('',*,*,#9048,.T.);
#9051=ORIENTED_EDGE('',*,*,#9050,.F.);
#9052=EDGE_LOOP('',(#9045,#9047,#9049,#9051));
#9053=FACE_OUTER_BOUND('',#9052,.F.);
#9054=ADVANCED_FACE('',(#9053),#9043,.F.);
#9055=FILL_AREA_STYLE_COLOUR('',#8021);
#9056=FILL_AREA_STYLE('',(#9055));
#9057=SURFACE_STYLE_FILL_AREA(#9056);
#9058=SURFACE_SIDE_STYLE('',(#9057));
#9059=SURFACE_STYLE_USAGE(.NEGATIVE.,#9058);
#9060=PRESENTATION_STYLE_ASSIGNMENT((#9059));
#9061=OVER_RIDING_STYLED_ITEM('',(#9060),#9054,#8886);
#9062=CARTESIAN_POINT('',(-2.5E0,2.E-1,2.E0));
#9063=DIRECTION('',(1.E0,0.E0,0.E0));
#9064=DIRECTION('',(0.E0,0.E0,-1.E0));
#9065=AXIS2_PLACEMENT_3D('',#9062,#9063,#9064);
#9066=PLANE('',#9065);
#9067=ORIENTED_EDGE('',*,*,#9044,.T.);
#9069=ORIENTED_EDGE('',*,*,#9068,.T.);
#9071=ORIENTED_EDGE('',*,*,#9070,.F.);
#9073=ORIENTED_EDGE('',*,*,#9072,.T.);
#9074=EDGE_LOOP('',(#9067,#9069,#9071,#9073));
#9075=FACE_OUTER_BOUND('',#9074,.F.);
#9076=ADVANCED_FACE('',(#9075),#9066,.F.);
#9077=CARTESIAN_POINT('',(-2.55E0,0.E0,3.75E-1));
#9078=DIRECTION('',(0.E0,-1.961161351382E-1,-9.805806756909E-1));
#9079=DIRECTION('',(0.E0,9.805806756909E-1,-1.961161351382E-1));
#9080=AXIS2_PLACEMENT_3D('',#9077,#9078,#9079);
#9081=PLANE('',#9080);
#9083=ORIENTED_EDGE('',*,*,#9082,.F.);
#9085=ORIENTED_EDGE('',*,*,#9084,.T.);
#9086=ORIENTED_EDGE('',*,*,#9068,.F.);
#9087=ORIENTED_EDGE('',*,*,#9050,.T.);
#9089=ORIENTED_EDGE('',*,*,#9088,.T.);
#9091=ORIENTED_EDGE('',*,*,#9090,.T.);
#9092=EDGE_LOOP('',(#9083,#9085,#9086,#9087,#9089,#9091));
#9093=FACE_OUTER_BOUND('',#9092,.F.);
#9094=ADVANCED_FACE('',(#9093),#9081,.T.);
#9095=CARTESIAN_POINT('',(-2.48E0,0.E0,0.E0));
#9096=DIRECTION('',(1.E0,0.E0,0.E0));
#9097=DIRECTION('',(0.E0,0.E0,-1.E0));
#9098=AXIS2_PLACEMENT_3D('',#9095,#9096,#9097);
#9099=PLANE('',#9098);
#9100=ORIENTED_EDGE('',*,*,#9082,.T.);
#9102=ORIENTED_EDGE('',*,*,#9101,.F.);
#9104=ORIENTED_EDGE('',*,*,#9103,.F.);
#9106=ORIENTED_EDGE('',*,*,#9105,.T.);
#9107=EDGE_LOOP('',(#9100,#9102,#9104,#9106));
#9108=FACE_OUTER_BOUND('',#9107,.F.);
#9109=ADVANCED_FACE('',(#9108),#9099,.T.);
#9110=CARTESIAN_POINT('',(-2.48E0,1.683479259195E-2,1.980481988881E0));
#9111=DIRECTION('',(0.E0,-1.E0,0.E0));
#9112=DIRECTION('',(0.E0,0.E0,-1.E0));
#9113=AXIS2_PLACEMENT_3D('',#9110,#9111,#9112);
#9114=PLANE('',#9113);
#9116=ORIENTED_EDGE('',*,*,#9115,.T.);
#9118=ORIENTED_EDGE('',*,*,#9117,.T.);
#9119=ORIENTED_EDGE('',*,*,#9101,.T.);
#9120=ORIENTED_EDGE('',*,*,#9090,.F.);
#9121=EDGE_LOOP('',(#9116,#9118,#9119,#9120));
#9122=FACE_OUTER_BOUND('',#9121,.F.);
#9123=ADVANCED_FACE('',(#9122),#9114,.F.);
#9124=CARTESIAN_POINT('',(-2.1E0,0.E0,0.E0));
#9125=DIRECTION('',(1.E0,0.E0,0.E0));
#9126=DIRECTION('',(0.E0,0.E0,1.E0));
#9127=AXIS2_PLACEMENT_3D('',#9124,#9125,#9126);
#9128=PLANE('',#9127);
#9129=ORIENTED_EDGE('',*,*,#9115,.F.);
#9130=ORIENTED_EDGE('',*,*,#9088,.F.);
#9131=ORIENTED_EDGE('',*,*,#9048,.F.);
#9133=ORIENTED_EDGE('',*,*,#9132,.F.);
#9134=EDGE_LOOP('',(#9129,#9130,#9131,#9133));
#9135=FACE_OUTER_BOUND('',#9134,.F.);
#9136=ADVANCED_FACE('',(#9135),#9128,.T.);
#9137=CARTESIAN_POINT('',(-2.55E0,2.E-1,6.65E-1));
#9138=DIRECTION('',(0.E0,-1.961161351382E-1,9.805806756909E-1));
#9139=DIRECTION('',(0.E0,-9.805806756909E-1,-1.961161351382E-1));
#9140=AXIS2_PLACEMENT_3D('',#9137,#9138,#9139);
#9141=PLANE('',#9140);
#9142=ORIENTED_EDGE('',*,*,#9103,.T.);
#9143=ORIENTED_EDGE('',*,*,#9117,.F.);
#9144=ORIENTED_EDGE('',*,*,#9132,.T.);
#9145=ORIENTED_EDGE('',*,*,#9046,.F.);
#9146=ORIENTED_EDGE('',*,*,#9072,.F.);
#9148=ORIENTED_EDGE('',*,*,#9147,.F.);
#9149=EDGE_LOOP('',(#9142,#9143,#9144,#9145,#9146,#9148));
#9150=FACE_OUTER_BOUND('',#9149,.F.);
#9151=ADVANCED_FACE('',(#9150),#9141,.T.);
#9152=CARTESIAN_POINT('',(-2.465E0,1.65E-1,1.25E0));
#9153=DIRECTION('',(0.E0,0.E0,-1.E0));
#9154=DIRECTION('',(1.E0,0.E0,0.E0));
#9155=AXIS2_PLACEMENT_3D('',#9152,#9153,#9154);
#9156=CYLINDRICAL_SURFACE('',#9155,6.5E-2);
#9157=ORIENTED_EDGE('',*,*,#9105,.F.);
#9158=ORIENTED_EDGE('',*,*,#9147,.T.);
#9159=ORIENTED_EDGE('',*,*,#9070,.T.);
#9160=ORIENTED_EDGE('',*,*,#9084,.F.);
#9161=EDGE_LOOP('',(#9157,#9158,#9159,#9160));
#9162=FACE_OUTER_BOUND('',#9161,.F.);
#9163=ADVANCED_FACE('',(#9162),#9156,.F.);
#9164=CLOSED_SHELL('',(#9054,#9076,#9094,#9109,#9123,#9136,#9151,#9163));
#9165=MANIFOLD_SOLID_BREP('',#9164);
#9166=FILL_AREA_STYLE_COLOUR('',#8022);
#9167=FILL_AREA_STYLE('',(#9166));
#9168=SURFACE_STYLE_FILL_AREA(#9167);
#9169=SURFACE_SIDE_STYLE('',(#9168));
#9170=SURFACE_STYLE_USAGE(.POSITIVE.,#9169);
#9171=PRESENTATION_STYLE_ASSIGNMENT((#9170));
#8886=STYLED_ITEM('',(#9171),#9165);
#9173=DIRECTION('',(0.E0,0.E0,-1.E0));
#9174=VECTOR('',#9173,2.5E-1);
#9175=CARTESIAN_POINT('',(-2.5E0,0.E0,1.125E0));
#9176=LINE('',#9175,#9174);
#9177=CURVE_STYLE('',#48,POSITIVE_LENGTH_MEASURE(2.E-2),#8022);
#9178=PRESENTATION_STYLE_ASSIGNMENT((#9177));
#9179=STYLED_ITEM('',(#9178),#9176);
#9180=DIRECTION('',(1.E0,0.E0,0.E0));
#9181=VECTOR('',#9180,4.E-1);
#9182=CARTESIAN_POINT('',(-2.5E0,0.E0,1.125E0));
#9183=LINE('',#9182,#9181);
#9184=CURVE_STYLE('',#48,POSITIVE_LENGTH_MEASURE(2.E-2),#8022);
#9185=PRESENTATION_STYLE_ASSIGNMENT((#9184));
#9186=STYLED_ITEM('',(#9185),#9183);
#9187=DIRECTION('',(0.E0,0.E0,-1.E0));
#9188=VECTOR('',#9187,2.940910976998E-1);
#9189=CARTESIAN_POINT('',(-2.5E0,1.102277442495E-1,1.147045548850E0));
#9190=LINE('',#9189,#9188);
#9191=CURVE_STYLE('',#48,POSITIVE_LENGTH_MEASURE(2.E-2),#8022);
#9192=PRESENTATION_STYLE_ASSIGNMENT((#9191));
#9193=STYLED_ITEM('',(#9192),#9190);
#9194=DIRECTION('',(0.E0,-9.805806756909E-1,1.961161351382E-1));
#9195=VECTOR('',#9194,8.660139477545E-2);
#9196=CARTESIAN_POINT('',(-2.48E0,1.017544467966E-1,8.546491106407E-1));
#9197=LINE('',#9196,#9195);
#9198=CURVE_STYLE('',#48,POSITIVE_LENGTH_MEASURE(2.E-2),#8022);
#9199=PRESENTATION_STYLE_ASSIGNMENT((#9198));
#9200=STYLED_ITEM('',(#9199),#9197);
#9201=CARTESIAN_POINT('',(-2.48E0,1.017544467966E-1,8.546491106407E-1));
#9202=CARTESIAN_POINT('',(-2.487162148159E0,1.034530993807E-1,
8.543093801239E-1));
#9203=CARTESIAN_POINT('',(-2.493826490790E0,1.062828122876E-1,
8.537434375425E-1));
#9204=CARTESIAN_POINT('',(-2.5E0,1.102277442495E-1,8.529544511501E-1));
#9206=CURVE_STYLE('',#48,POSITIVE_LENGTH_MEASURE(2.E-2),#8022);
#9207=PRESENTATION_STYLE_ASSIGNMENT((#9206));
#9208=STYLED_ITEM('',(#9207),#9205);
#9209=DIRECTION('',(0.E0,9.805806756909E-1,-1.961161351382E-1));
#9210=VECTOR('',#9209,1.124106837735E-1);
#9211=CARTESIAN_POINT('',(-2.5E0,0.E0,8.75E-1));
#9212=LINE('',#9211,#9210);
#9213=CURVE_STYLE('',#48,POSITIVE_LENGTH_MEASURE(2.E-2),#8022);
#9214=PRESENTATION_STYLE_ASSIGNMENT((#9213));
#9215=STYLED_ITEM('',(#9214),#9212);
#9216=DIRECTION('',(1.E0,0.E0,0.E0));
#9217=VECTOR('',#9216,4.E-1);
#9218=CARTESIAN_POINT('',(-2.5E0,0.E0,8.75E-1));
#9219=LINE('',#9218,#9217);
#9220=CURVE_STYLE('',#48,POSITIVE_LENGTH_MEASURE(2.E-2),#8022);
#9221=PRESENTATION_STYLE_ASSIGNMENT((#9220));
#9222=STYLED_ITEM('',(#9221),#9219);
#9223=DIRECTION('',(-1.E0,0.E0,0.E0));
#9224=VECTOR('',#9223,3.8E-1);
#9225=CARTESIAN_POINT('',(-2.1E0,1.683479259195E-2,8.716330414816E-1));
#9226=LINE('',#9225,#9224);
#9227=CURVE_STYLE('',#48,POSITIVE_LENGTH_MEASURE(2.E-2),#8022);
#9228=PRESENTATION_STYLE_ASSIGNMENT((#9227));
#9229=STYLED_ITEM('',(#9228),#9226);
#9230=DIRECTION('',(0.E0,0.E0,-1.E0));
#9231=VECTOR('',#9230,2.567339170368E-1);
#9232=CARTESIAN_POINT('',(-2.48E0,1.683479259195E-2,1.128366958518E0));
#9233=LINE('',#9232,#9231);
#9234=CURVE_STYLE('',#48,POSITIVE_LENGTH_MEASURE(2.E-2),#8022);
#9235=PRESENTATION_STYLE_ASSIGNMENT((#9234));
#9236=STYLED_ITEM('',(#9235),#9233);
#9237=DIRECTION('',(0.E0,0.E0,1.E0));
#9238=VECTOR('',#9237,2.567339170368E-1);
#9239=CARTESIAN_POINT('',(-2.1E0,1.683479259195E-2,8.716330414816E-1));
#9240=LINE('',#9239,#9238);
#9241=CURVE_STYLE('',#48,POSITIVE_LENGTH_MEASURE(2.E-2),#8022);
#9242=PRESENTATION_STYLE_ASSIGNMENT((#9241));
#9243=STYLED_ITEM('',(#9242),#9240);
#9244=DIRECTION('',(0.E0,9.805806756909E-1,-1.961161351382E-1));
#9245=VECTOR('',#9244,1.716818718673E-2);
#9246=CARTESIAN_POINT('',(-2.1E0,0.E0,8.75E-1));
#9247=LINE('',#9246,#9245);
#9248=CURVE_STYLE('',#48,POSITIVE_LENGTH_MEASURE(2.E-2),#8022);
#9249=PRESENTATION_STYLE_ASSIGNMENT((#9248));
#9250=STYLED_ITEM('',(#9249),#9247);
#9251=DIRECTION('',(0.E0,0.E0,-1.E0));
#9252=VECTOR('',#9251,2.5E-1);
#9253=CARTESIAN_POINT('',(-2.1E0,0.E0,1.125E0));
#9254=LINE('',#9253,#9252);
#9255=CURVE_STYLE('',#48,POSITIVE_LENGTH_MEASURE(2.E-2),#8022);
#9256=PRESENTATION_STYLE_ASSIGNMENT((#9255));
#9257=STYLED_ITEM('',(#9256),#9254);
#9258=DIRECTION('',(0.E0,-9.805806756909E-1,-1.961161351382E-1));
#9259=VECTOR('',#9258,1.716818718673E-2);
#9260=CARTESIAN_POINT('',(-2.1E0,1.683479259195E-2,1.128366958518E0));
#9261=LINE('',#9260,#9259);
#9262=CURVE_STYLE('',#48,POSITIVE_LENGTH_MEASURE(2.E-2),#8022);
#9263=PRESENTATION_STYLE_ASSIGNMENT((#9262));
#9264=STYLED_ITEM('',(#9263),#9261);
#9265=DIRECTION('',(0.E0,-9.805806756909E-1,-1.961161351382E-1));
#9266=VECTOR('',#9265,8.660139477545E-2);
#9267=CARTESIAN_POINT('',(-2.48E0,1.017544467966E-1,1.145350889359E0));
#9268=LINE('',#9267,#9266);
#9269=CURVE_STYLE('',#48,POSITIVE_LENGTH_MEASURE(2.E-2),#8022);
#9270=PRESENTATION_STYLE_ASSIGNMENT((#9269));
#9271=STYLED_ITEM('',(#9270),#9268);
#9272=DIRECTION('',(-1.E0,0.E0,0.E0));
#9273=VECTOR('',#9272,3.8E-1);
#9274=CARTESIAN_POINT('',(-2.1E0,1.683479259195E-2,1.128366958518E0));
#9275=LINE('',#9274,#9273);
#9276=CURVE_STYLE('',#48,POSITIVE_LENGTH_MEASURE(2.E-2),#8022);
#9277=PRESENTATION_STYLE_ASSIGNMENT((#9276));
#9278=STYLED_ITEM('',(#9277),#9275);
#9279=DIRECTION('',(0.E0,-9.805806756909E-1,-1.961161351382E-1));
#9280=VECTOR('',#9279,1.124106837735E-1);
#9281=CARTESIAN_POINT('',(-2.5E0,1.102277442495E-1,1.147045548850E0));
#9282=LINE('',#9281,#9280);
#9283=CURVE_STYLE('',#48,POSITIVE_LENGTH_MEASURE(2.E-2),#8022);
#9284=PRESENTATION_STYLE_ASSIGNMENT((#9283));
#9285=STYLED_ITEM('',(#9284),#9282);
#9286=CARTESIAN_POINT('',(-2.48E0,1.017544467966E-1,1.145350889359E0));
#9287=CARTESIAN_POINT('',(-2.487162148159E0,1.034530993807E-1,
1.145690619876E0));
#9288=CARTESIAN_POINT('',(-2.493826490790E0,1.062828122876E-1,
1.146256562458E0));
#9289=CARTESIAN_POINT('',(-2.5E0,1.102277442495E-1,1.147045548850E0));
#9291=CURVE_STYLE('',#48,POSITIVE_LENGTH_MEASURE(2.E-2),#8022);
#9292=PRESENTATION_STYLE_ASSIGNMENT((#9291));
#9293=STYLED_ITEM('',(#9292),#9290);
#9294=DIRECTION('',(0.E0,0.E0,-1.E0));
#9295=VECTOR('',#9294,2.907017787187E-1);
#9296=CARTESIAN_POINT('',(-2.48E0,1.017544467966E-1,1.145350889359E0));
#9297=LINE('',#9296,#9295);
#9298=CURVE_STYLE('',#48,POSITIVE_LENGTH_MEASURE(2.E-2),#8022);
#9299=PRESENTATION_STYLE_ASSIGNMENT((#9298));
#9300=STYLED_ITEM('',(#9299),#9297);
#9301=CARTESIAN_POINT('',(-2.1E0,0.E0,1.125E0));
#9302=CARTESIAN_POINT('',(-2.1E0,0.E0,8.75E-1));
#9303=VERTEX_POINT('',#9301);
#9304=VERTEX_POINT('',#9302);
#9305=CARTESIAN_POINT('',(-2.5E0,0.E0,1.125E0));
#9306=CARTESIAN_POINT('',(-2.5E0,0.E0,8.75E-1));
#9307=VERTEX_POINT('',#9305);
#9308=VERTEX_POINT('',#9306);
#9309=CARTESIAN_POINT('',(-2.5E0,1.102277442495E-1,8.529544511501E-1));
#9310=VERTEX_POINT('',#9309);
#9311=CARTESIAN_POINT('',(-2.5E0,1.102277442495E-1,1.147045548850E0));
#9312=VERTEX_POINT('',#9311);
#9313=CARTESIAN_POINT('',(-2.1E0,1.683479259195E-2,8.716330414816E-1));
#9314=CARTESIAN_POINT('',(-2.1E0,1.683479259195E-2,1.128366958518E0));
#9315=VERTEX_POINT('',#9313);
#9316=VERTEX_POINT('',#9314);
#9317=CARTESIAN_POINT('',(-2.48E0,1.017544467966E-1,8.546491106407E-1));
#9318=CARTESIAN_POINT('',(-2.48E0,1.683479259195E-2,8.716330414816E-1));
#9319=VERTEX_POINT('',#9317);
#9320=VERTEX_POINT('',#9318);
#9321=CARTESIAN_POINT('',(-2.48E0,1.017544467966E-1,1.145350889359E0));
#9322=CARTESIAN_POINT('',(-2.48E0,1.683479259195E-2,1.128366958518E0));
#9323=VERTEX_POINT('',#9321);
#9324=VERTEX_POINT('',#9322);
#9325=CARTESIAN_POINT('',(0.E0,0.E0,0.E0));
#9326=DIRECTION('',(0.E0,1.E0,0.E0));
#9327=DIRECTION('',(1.E0,0.E0,0.E0));
#9328=AXIS2_PLACEMENT_3D('',#9325,#9326,#9327);
#9329=PLANE('',#9328);
#9331=ORIENTED_EDGE('',*,*,#9330,.F.);
#9333=ORIENTED_EDGE('',*,*,#9332,.T.);
#9335=ORIENTED_EDGE('',*,*,#9334,.T.);
#9337=ORIENTED_EDGE('',*,*,#9336,.F.);
#9338=EDGE_LOOP('',(#9331,#9333,#9335,#9337));
#9339=FACE_OUTER_BOUND('',#9338,.F.);
#9340=ADVANCED_FACE('',(#9339),#9329,.F.);
#9341=FILL_AREA_STYLE_COLOUR('',#8021);
#9342=FILL_AREA_STYLE('',(#9341));
#9343=SURFACE_STYLE_FILL_AREA(#9342);
#9344=SURFACE_SIDE_STYLE('',(#9343));
#9345=SURFACE_STYLE_USAGE(.NEGATIVE.,#9344);
#9346=PRESENTATION_STYLE_ASSIGNMENT((#9345));
#9347=OVER_RIDING_STYLED_ITEM('',(#9346),#9340,#9172);
#9348=CARTESIAN_POINT('',(-2.5E0,2.E-1,2.E0));
#9349=DIRECTION('',(1.E0,0.E0,0.E0));
#9350=DIRECTION('',(0.E0,0.E0,-1.E0));
#9351=AXIS2_PLACEMENT_3D('',#9348,#9349,#9350);
#9352=PLANE('',#9351);
#9353=ORIENTED_EDGE('',*,*,#9330,.T.);
#9355=ORIENTED_EDGE('',*,*,#9354,.T.);
#9357=ORIENTED_EDGE('',*,*,#9356,.F.);
#9359=ORIENTED_EDGE('',*,*,#9358,.T.);
#9360=EDGE_LOOP('',(#9353,#9355,#9357,#9359));
#9361=FACE_OUTER_BOUND('',#9360,.F.);
#9362=ADVANCED_FACE('',(#9361),#9352,.F.);
#9363=CARTESIAN_POINT('',(-2.55E0,0.E0,8.75E-1));
#9364=DIRECTION('',(0.E0,-1.961161351382E-1,-9.805806756909E-1));
#9365=DIRECTION('',(0.E0,9.805806756909E-1,-1.961161351382E-1));
#9366=AXIS2_PLACEMENT_3D('',#9363,#9364,#9365);
#9367=PLANE('',#9366);
#9369=ORIENTED_EDGE('',*,*,#9368,.F.);
#9371=ORIENTED_EDGE('',*,*,#9370,.T.);
#9372=ORIENTED_EDGE('',*,*,#9354,.F.);
#9373=ORIENTED_EDGE('',*,*,#9336,.T.);
#9375=ORIENTED_EDGE('',*,*,#9374,.T.);
#9377=ORIENTED_EDGE('',*,*,#9376,.T.);
#9378=EDGE_LOOP('',(#9369,#9371,#9372,#9373,#9375,#9377));
#9379=FACE_OUTER_BOUND('',#9378,.F.);
#9380=ADVANCED_FACE('',(#9379),#9367,.T.);
#9381=CARTESIAN_POINT('',(-2.48E0,0.E0,0.E0));
#9382=DIRECTION('',(1.E0,0.E0,0.E0));
#9383=DIRECTION('',(0.E0,0.E0,-1.E0));
#9384=AXIS2_PLACEMENT_3D('',#9381,#9382,#9383);
#9385=PLANE('',#9384);
#9386=ORIENTED_EDGE('',*,*,#9368,.T.);
#9388=ORIENTED_EDGE('',*,*,#9387,.F.);
#9390=ORIENTED_EDGE('',*,*,#9389,.F.);
#9392=ORIENTED_EDGE('',*,*,#9391,.T.);
#9393=EDGE_LOOP('',(#9386,#9388,#9390,#9392));
#9394=FACE_OUTER_BOUND('',#9393,.F.);
#9395=ADVANCED_FACE('',(#9394),#9385,.T.);
#9396=CARTESIAN_POINT('',(-2.48E0,1.683479259195E-2,1.980481988881E0));
#9397=DIRECTION('',(0.E0,-1.E0,0.E0));
#9398=DIRECTION('',(0.E0,0.E0,-1.E0));
#9399=AXIS2_PLACEMENT_3D('',#9396,#9397,#9398);
#9400=PLANE('',#9399);
#9402=ORIENTED_EDGE('',*,*,#9401,.T.);
#9404=ORIENTED_EDGE('',*,*,#9403,.T.);
#9405=ORIENTED_EDGE('',*,*,#9387,.T.);
#9406=ORIENTED_EDGE('',*,*,#9376,.F.);
#9407=EDGE_LOOP('',(#9402,#9404,#9405,#9406));
#9408=FACE_OUTER_BOUND('',#9407,.F.);
#9409=ADVANCED_FACE('',(#9408),#9400,.F.);
#9410=CARTESIAN_POINT('',(-2.1E0,0.E0,0.E0));
#9411=DIRECTION('',(1.E0,0.E0,0.E0));
#9412=DIRECTION('',(0.E0,0.E0,1.E0));
#9413=AXIS2_PLACEMENT_3D('',#9410,#9411,#9412);
#9414=PLANE('',#9413);
#9415=ORIENTED_EDGE('',*,*,#9401,.F.);
#9416=ORIENTED_EDGE('',*,*,#9374,.F.);
#9417=ORIENTED_EDGE('',*,*,#9334,.F.);
#9419=ORIENTED_EDGE('',*,*,#9418,.F.);
#9420=EDGE_LOOP('',(#9415,#9416,#9417,#9419));
#9421=FACE_OUTER_BOUND('',#9420,.F.);
#9422=ADVANCED_FACE('',(#9421),#9414,.T.);
#9423=CARTESIAN_POINT('',(-2.55E0,2.E-1,1.165E0));
#9424=DIRECTION('',(0.E0,-1.961161351382E-1,9.805806756909E-1));
#9425=DIRECTION('',(0.E0,-9.805806756909E-1,-1.961161351382E-1));
#9426=AXIS2_PLACEMENT_3D('',#9423,#9424,#9425);
#9427=PLANE('',#9426);
#9428=ORIENTED_EDGE('',*,*,#9389,.T.);
#9429=ORIENTED_EDGE('',*,*,#9403,.F.);
#9430=ORIENTED_EDGE('',*,*,#9418,.T.);
#9431=ORIENTED_EDGE('',*,*,#9332,.F.);
#9432=ORIENTED_EDGE('',*,*,#9358,.F.);
#9434=ORIENTED_EDGE('',*,*,#9433,.F.);
#9435=EDGE_LOOP('',(#9428,#9429,#9430,#9431,#9432,#9434));
#9436=FACE_OUTER_BOUND('',#9435,.F.);
#9437=ADVANCED_FACE('',(#9436),#9427,.T.);
#9438=CARTESIAN_POINT('',(-2.465E0,1.65E-1,1.25E0));
#9439=DIRECTION('',(0.E0,0.E0,-1.E0));
#9440=DIRECTION('',(1.E0,0.E0,0.E0));
#9441=AXIS2_PLACEMENT_3D('',#9438,#9439,#9440);
#9442=CYLINDRICAL_SURFACE('',#9441,6.5E-2);
#9443=ORIENTED_EDGE('',*,*,#9391,.F.);
#9444=ORIENTED_EDGE('',*,*,#9433,.T.);
#9445=ORIENTED_EDGE('',*,*,#9356,.T.);
#9446=ORIENTED_EDGE('',*,*,#9370,.F.);
#9447=EDGE_LOOP('',(#9443,#9444,#9445,#9446));
#9448=FACE_OUTER_BOUND('',#9447,.F.);
#9449=ADVANCED_FACE('',(#9448),#9442,.F.);
#9450=CLOSED_SHELL('',(#9340,#9362,#9380,#9395,#9409,#9422,#9437,#9449));
#9451=MANIFOLD_SOLID_BREP('',#9450);
#9452=FILL_AREA_STYLE_COLOUR('',#8022);
#9453=FILL_AREA_STYLE('',(#9452));
#9454=SURFACE_STYLE_FILL_AREA(#9453);
#9455=SURFACE_SIDE_STYLE('',(#9454));
#9456=SURFACE_STYLE_USAGE(.POSITIVE.,#9455);
#9457=PRESENTATION_STYLE_ASSIGNMENT((#9456));
#9172=STYLED_ITEM('',(#9457),#9451);
#9459=DIRECTION('',(0.E0,0.E0,1.E0));
#9460=VECTOR('',#9459,2.5E-1);
#9461=CARTESIAN_POINT('',(2.5E0,0.E0,-1.125E0));
#9462=LINE('',#9461,#9460);
#9463=CURVE_STYLE('',#48,POSITIVE_LENGTH_MEASURE(2.E-2),#8022);
#9464=PRESENTATION_STYLE_ASSIGNMENT((#9463));
#9465=STYLED_ITEM('',(#9464),#9462);
#9466=DIRECTION('',(-1.E0,0.E0,0.E0));
#9467=VECTOR('',#9466,4.E-1);
#9468=CARTESIAN_POINT('',(2.5E0,0.E0,-8.75E-1));
#9469=LINE('',#9468,#9467);
#9470=CURVE_STYLE('',#48,POSITIVE_LENGTH_MEASURE(2.E-2),#8022);
#9471=PRESENTATION_STYLE_ASSIGNMENT((#9470));
#9472=STYLED_ITEM('',(#9471),#9469);
#9473=DIRECTION('',(0.E0,0.E0,1.E0));
#9474=VECTOR('',#9473,2.940910976998E-1);
#9475=CARTESIAN_POINT('',(2.5E0,1.102277442495E-1,-1.147045548850E0));
#9476=LINE('',#9475,#9474);
#9477=CURVE_STYLE('',#48,POSITIVE_LENGTH_MEASURE(2.E-2),#8022);
#9478=PRESENTATION_STYLE_ASSIGNMENT((#9477));
#9479=STYLED_ITEM('',(#9478),#9476);
#9480=DIRECTION('',(0.E0,-9.805806756909E-1,-1.961161351382E-1));
#9481=VECTOR('',#9480,8.660139477545E-2);
#9482=CARTESIAN_POINT('',(2.48E0,1.017544467966E-1,-8.546491106407E-1));
#9483=LINE('',#9482,#9481);
#9484=CURVE_STYLE('',#48,POSITIVE_LENGTH_MEASURE(2.E-2),#8022);
#9485=PRESENTATION_STYLE_ASSIGNMENT((#9484));
#9486=STYLED_ITEM('',(#9485),#9483);
#9487=CARTESIAN_POINT('',(2.48E0,1.017544467966E-1,-8.546491106407E-1));
#9488=CARTESIAN_POINT('',(2.487162148159E0,1.034530993807E-1,
-8.543093801239E-1));
#9489=CARTESIAN_POINT('',(2.493826490790E0,1.062828122876E-1,
-8.537434375425E-1));
#9490=CARTESIAN_POINT('',(2.5E0,1.102277442495E-1,-8.529544511501E-1));
#9492=CURVE_STYLE('',#48,POSITIVE_LENGTH_MEASURE(2.E-2),#8022);
#9493=PRESENTATION_STYLE_ASSIGNMENT((#9492));
#9494=STYLED_ITEM('',(#9493),#9491);
#9495=DIRECTION('',(0.E0,-9.805806756909E-1,-1.961161351382E-1));
#9496=VECTOR('',#9495,1.124106837735E-1);
#9497=CARTESIAN_POINT('',(2.5E0,1.102277442495E-1,-8.529544511501E-1));
#9498=LINE('',#9497,#9496);
#9499=CURVE_STYLE('',#48,POSITIVE_LENGTH_MEASURE(2.E-2),#8022);
#9500=PRESENTATION_STYLE_ASSIGNMENT((#9499));
#9501=STYLED_ITEM('',(#9500),#9498);
#9502=DIRECTION('',(1.E0,0.E0,0.E0));
#9503=VECTOR('',#9502,3.8E-1);
#9504=CARTESIAN_POINT('',(2.1E0,1.683479259195E-2,-8.716330414816E-1));
#9505=LINE('',#9504,#9503);
#9506=CURVE_STYLE('',#48,POSITIVE_LENGTH_MEASURE(2.E-2),#8022);
#9507=PRESENTATION_STYLE_ASSIGNMENT((#9506));
#9508=STYLED_ITEM('',(#9507),#9505);
#9509=DIRECTION('',(0.E0,0.E0,-1.E0));
#9510=VECTOR('',#9509,2.567339170368E-1);
#9511=CARTESIAN_POINT('',(2.48E0,1.683479259195E-2,-8.716330414816E-1));
#9512=LINE('',#9511,#9510);
#9513=CURVE_STYLE('',#48,POSITIVE_LENGTH_MEASURE(2.E-2),#8022);
#9514=PRESENTATION_STYLE_ASSIGNMENT((#9513));
#9515=STYLED_ITEM('',(#9514),#9512);
#9516=DIRECTION('',(0.E0,-9.805806756909E-1,1.961161351382E-1));
#9517=VECTOR('',#9516,8.660139477545E-2);
#9518=CARTESIAN_POINT('',(2.48E0,1.017544467966E-1,-1.145350889359E0));
#9519=LINE('',#9518,#9517);
#9520=CURVE_STYLE('',#48,POSITIVE_LENGTH_MEASURE(2.E-2),#8022);
#9521=PRESENTATION_STYLE_ASSIGNMENT((#9520));
#9522=STYLED_ITEM('',(#9521),#9519);
#9523=DIRECTION('',(1.E0,0.E0,0.E0));
#9524=VECTOR('',#9523,3.8E-1);
#9525=CARTESIAN_POINT('',(2.1E0,1.683479259195E-2,-1.128366958518E0));
#9526=LINE('',#9525,#9524);
#9527=CURVE_STYLE('',#48,POSITIVE_LENGTH_MEASURE(2.E-2),#8022);
#9528=PRESENTATION_STYLE_ASSIGNMENT((#9527));
#9529=STYLED_ITEM('',(#9528),#9526);
#9530=DIRECTION('',(-1.E0,0.E0,0.E0));
#9531=VECTOR('',#9530,4.E-1);
#9532=CARTESIAN_POINT('',(2.5E0,0.E0,-1.125E0));
#9533=LINE('',#9532,#9531);
#9534=CURVE_STYLE('',#48,POSITIVE_LENGTH_MEASURE(2.E-2),#8022);
#9535=PRESENTATION_STYLE_ASSIGNMENT((#9534));
#9536=STYLED_ITEM('',(#9535),#9533);
#9537=DIRECTION('',(0.E0,9.805806756909E-1,-1.961161351382E-1));
#9538=VECTOR('',#9537,1.124106837735E-1);
#9539=CARTESIAN_POINT('',(2.5E0,0.E0,-1.125E0));
#9540=LINE('',#9539,#9538);
#9541=CURVE_STYLE('',#48,POSITIVE_LENGTH_MEASURE(2.E-2),#8022);
#9542=PRESENTATION_STYLE_ASSIGNMENT((#9541));
#9543=STYLED_ITEM('',(#9542),#9540);
#9544=CARTESIAN_POINT('',(2.48E0,1.017544467966E-1,-1.145350889359E0));
#9545=CARTESIAN_POINT('',(2.487162148159E0,1.034530993807E-1,
-1.145690619876E0));
#9546=CARTESIAN_POINT('',(2.493826490790E0,1.062828122876E-1,
-1.146256562458E0));
#9547=CARTESIAN_POINT('',(2.5E0,1.102277442495E-1,-1.147045548850E0));
#9549=CURVE_STYLE('',#48,POSITIVE_LENGTH_MEASURE(2.E-2),#8022);
#9550=PRESENTATION_STYLE_ASSIGNMENT((#9549));
#9551=STYLED_ITEM('',(#9550),#9548);
#9552=DIRECTION('',(0.E0,0.E0,1.E0));
#9553=VECTOR('',#9552,2.567339170368E-1);
#9554=CARTESIAN_POINT('',(2.1E0,1.683479259195E-2,-1.128366958518E0));
#9555=LINE('',#9554,#9553);
#9556=CURVE_STYLE('',#48,POSITIVE_LENGTH_MEASURE(2.E-2),#8022);
#9557=PRESENTATION_STYLE_ASSIGNMENT((#9556));
#9558=STYLED_ITEM('',(#9557),#9555);
#9559=DIRECTION('',(0.E0,-9.805806756909E-1,-1.961161351382E-1));
#9560=VECTOR('',#9559,1.716818718673E-2);
#9561=CARTESIAN_POINT('',(2.1E0,1.683479259195E-2,-8.716330414816E-1));
#9562=LINE('',#9561,#9560);
#9563=CURVE_STYLE('',#48,POSITIVE_LENGTH_MEASURE(2.E-2),#8022);
#9564=PRESENTATION_STYLE_ASSIGNMENT((#9563));
#9565=STYLED_ITEM('',(#9564),#9562);
#9566=DIRECTION('',(0.E0,0.E0,-1.E0));
#9567=VECTOR('',#9566,2.5E-1);
#9568=CARTESIAN_POINT('',(2.1E0,0.E0,-8.75E-1));
#9569=LINE('',#9568,#9567);
#9570=CURVE_STYLE('',#48,POSITIVE_LENGTH_MEASURE(2.E-2),#8022);
#9571=PRESENTATION_STYLE_ASSIGNMENT((#9570));
#9572=STYLED_ITEM('',(#9571),#9569);
#9573=DIRECTION('',(0.E0,9.805806756909E-1,-1.961161351382E-1));
#9574=VECTOR('',#9573,1.716818718673E-2);
#9575=CARTESIAN_POINT('',(2.1E0,0.E0,-1.125E0));
#9576=LINE('',#9575,#9574);
#9577=CURVE_STYLE('',#48,POSITIVE_LENGTH_MEASURE(2.E-2),#8022);
#9578=PRESENTATION_STYLE_ASSIGNMENT((#9577));
#9579=STYLED_ITEM('',(#9578),#9576);
#9580=DIRECTION('',(0.E0,0.E0,1.E0));
#9581=VECTOR('',#9580,2.907017787187E-1);
#9582=CARTESIAN_POINT('',(2.48E0,1.017544467966E-1,-1.145350889359E0));
#9583=LINE('',#9582,#9581);
#9584=CURVE_STYLE('',#48,POSITIVE_LENGTH_MEASURE(2.E-2),#8022);
#9585=PRESENTATION_STYLE_ASSIGNMENT((#9584));
#9586=STYLED_ITEM('',(#9585),#9583);
#9587=CARTESIAN_POINT('',(2.1E0,0.E0,-8.75E-1));
#9588=CARTESIAN_POINT('',(2.1E0,0.E0,-1.125E0));
#9589=VERTEX_POINT('',#9587);
#9590=VERTEX_POINT('',#9588);
#9591=CARTESIAN_POINT('',(2.5E0,0.E0,-1.125E0));
#9592=CARTESIAN_POINT('',(2.5E0,0.E0,-8.75E-1));
#9593=VERTEX_POINT('',#9591);
#9594=VERTEX_POINT('',#9592);
#9595=CARTESIAN_POINT('',(2.5E0,1.102277442495E-1,-1.147045548850E0));
#9596=VERTEX_POINT('',#9595);
#9597=CARTESIAN_POINT('',(2.5E0,1.102277442495E-1,-8.529544511501E-1));
#9598=VERTEX_POINT('',#9597);
#9599=CARTESIAN_POINT('',(2.1E0,1.683479259195E-2,-1.128366958518E0));
#9600=CARTESIAN_POINT('',(2.1E0,1.683479259195E-2,-8.716330414816E-1));
#9601=VERTEX_POINT('',#9599);
#9602=VERTEX_POINT('',#9600);
#9603=CARTESIAN_POINT('',(2.48E0,1.017544467966E-1,-1.145350889359E0));
#9604=CARTESIAN_POINT('',(2.48E0,1.683479259195E-2,-1.128366958518E0));
#9605=VERTEX_POINT('',#9603);
#9606=VERTEX_POINT('',#9604);
#9607=CARTESIAN_POINT('',(2.48E0,1.017544467966E-1,-8.546491106407E-1));
#9608=CARTESIAN_POINT('',(2.48E0,1.683479259195E-2,-8.716330414816E-1));
#9609=VERTEX_POINT('',#9607);
#9610=VERTEX_POINT('',#9608);
#9611=CARTESIAN_POINT('',(0.E0,0.E0,0.E0));
#9612=DIRECTION('',(0.E0,1.E0,0.E0));
#9613=DIRECTION('',(1.E0,0.E0,0.E0));
#9614=AXIS2_PLACEMENT_3D('',#9611,#9612,#9613);
#9615=PLANE('',#9614);
#9617=ORIENTED_EDGE('',*,*,#9616,.F.);
#9619=ORIENTED_EDGE('',*,*,#9618,.T.);
#9621=ORIENTED_EDGE('',*,*,#9620,.F.);
#9623=ORIENTED_EDGE('',*,*,#9622,.F.);
#9624=EDGE_LOOP('',(#9617,#9619,#9621,#9623));
#9625=FACE_OUTER_BOUND('',#9624,.F.);
#9626=ADVANCED_FACE('',(#9625),#9615,.F.);
#9627=FILL_AREA_STYLE_COLOUR('',#8021);
#9628=FILL_AREA_STYLE('',(#9627));
#9629=SURFACE_STYLE_FILL_AREA(#9628);
#9630=SURFACE_SIDE_STYLE('',(#9629));
#9631=SURFACE_STYLE_USAGE(.NEGATIVE.,#9630);
#9632=PRESENTATION_STYLE_ASSIGNMENT((#9631));
#9633=OVER_RIDING_STYLED_ITEM('',(#9632),#9626,#9458);
#9634=CARTESIAN_POINT('',(2.5E0,2.E-1,-2.E0));
#9635=DIRECTION('',(-1.E0,0.E0,0.E0));
#9636=DIRECTION('',(0.E0,0.E0,1.E0));
#9637=AXIS2_PLACEMENT_3D('',#9634,#9635,#9636);
#9638=PLANE('',#9637);
#9639=ORIENTED_EDGE('',*,*,#9616,.T.);
#9641=ORIENTED_EDGE('',*,*,#9640,.F.);
#9643=ORIENTED_EDGE('',*,*,#9642,.F.);
#9645=ORIENTED_EDGE('',*,*,#9644,.F.);
#9646=EDGE_LOOP('',(#9639,#9641,#9643,#9645));
#9647=FACE_OUTER_BOUND('',#9646,.F.);
#9648=ADVANCED_FACE('',(#9647),#9638,.F.);
#9649=CARTESIAN_POINT('',(2.55E0,2.E-1,-8.35E-1));
#9650=DIRECTION('',(0.E0,1.961161351382E-1,-9.805806756909E-1));
#9651=DIRECTION('',(0.E0,-9.805806756909E-1,-1.961161351382E-1));
#9652=AXIS2_PLACEMENT_3D('',#9649,#9650,#9651);
#9653=PLANE('',#9652);
#9655=ORIENTED_EDGE('',*,*,#9654,.F.);
#9657=ORIENTED_EDGE('',*,*,#9656,.T.);
#9658=ORIENTED_EDGE('',*,*,#9640,.T.);
#9659=ORIENTED_EDGE('',*,*,#9622,.T.);
#9661=ORIENTED_EDGE('',*,*,#9660,.F.);
#9663=ORIENTED_EDGE('',*,*,#9662,.T.);
#9664=EDGE_LOOP('',(#9655,#9657,#9658,#9659,#9661,#9663));
#9665=FACE_OUTER_BOUND('',#9664,.F.);
#9666=ADVANCED_FACE('',(#9665),#9653,.F.);
#9667=CARTESIAN_POINT('',(2.48E0,0.E0,0.E0));
#9668=DIRECTION('',(1.E0,0.E0,0.E0));
#9669=DIRECTION('',(0.E0,0.E0,-1.E0));
#9670=AXIS2_PLACEMENT_3D('',#9667,#9668,#9669);
#9671=PLANE('',#9670);
#9673=ORIENTED_EDGE('',*,*,#9672,.F.);
#9675=ORIENTED_EDGE('',*,*,#9674,.T.);
#9676=ORIENTED_EDGE('',*,*,#9654,.T.);
#9678=ORIENTED_EDGE('',*,*,#9677,.T.);
#9679=EDGE_LOOP('',(#9673,#9675,#9676,#9678));
#9680=FACE_OUTER_BOUND('',#9679,.F.);
#9681=ADVANCED_FACE('',(#9680),#9671,.F.);
#9682=CARTESIAN_POINT('',(2.55E0,0.E0,-1.125E0));
#9683=DIRECTION('',(0.E0,1.961161351382E-1,9.805806756909E-1));
#9684=DIRECTION('',(0.E0,9.805806756909E-1,-1.961161351382E-1));
#9685=AXIS2_PLACEMENT_3D('',#9682,#9683,#9684);
#9686=PLANE('',#9685);
#9687=ORIENTED_EDGE('',*,*,#9672,.T.);
#9689=ORIENTED_EDGE('',*,*,#9688,.F.);
#9691=ORIENTED_EDGE('',*,*,#9690,.F.);
#9692=ORIENTED_EDGE('',*,*,#9618,.F.);
#9693=ORIENTED_EDGE('',*,*,#9644,.T.);
#9695=ORIENTED_EDGE('',*,*,#9694,.F.);
#9696=EDGE_LOOP('',(#9687,#9689,#9691,#9692,#9693,#9695));
#9697=FACE_OUTER_BOUND('',#9696,.F.);
#9698=ADVANCED_FACE('',(#9697),#9686,.F.);
#9699=CARTESIAN_POINT('',(-2.48E0,1.683479259195E-2,1.980481988881E0));
#9700=DIRECTION('',(0.E0,-1.E0,0.E0));
#9701=DIRECTION('',(0.E0,0.E0,-1.E0));
#9702=AXIS2_PLACEMENT_3D('',#9699,#9700,#9701);
#9703=PLANE('',#9702);
#9705=ORIENTED_EDGE('',*,*,#9704,.F.);
#9706=ORIENTED_EDGE('',*,*,#9688,.T.);
#9707=ORIENTED_EDGE('',*,*,#9677,.F.);
#9708=ORIENTED_EDGE('',*,*,#9662,.F.);
#9709=EDGE_LOOP('',(#9705,#9706,#9707,#9708));
#9710=FACE_OUTER_BOUND('',#9709,.F.);
#9711=ADVANCED_FACE('',(#9710),#9703,.F.);
#9712=CARTESIAN_POINT('',(2.1E0,0.E0,0.E0));
#9713=DIRECTION('',(1.E0,0.E0,0.E0));
#9714=DIRECTION('',(0.E0,0.E0,1.E0));
#9715=AXIS2_PLACEMENT_3D('',#9712,#9713,#9714);
#9716=PLANE('',#9715);
#9717=ORIENTED_EDGE('',*,*,#9704,.T.);
#9718=ORIENTED_EDGE('',*,*,#9660,.T.);
#9719=ORIENTED_EDGE('',*,*,#9620,.T.);
#9720=ORIENTED_EDGE('',*,*,#9690,.T.);
#9721=EDGE_LOOP('',(#9717,#9718,#9719,#9720));
#9722=FACE_OUTER_BOUND('',#9721,.F.);
#9723=ADVANCED_FACE('',(#9722),#9716,.F.);
#9724=CARTESIAN_POINT('',(2.465E0,1.65E-1,1.25E0));
#9725=DIRECTION('',(0.E0,0.E0,1.E0));
#9726=DIRECTION('',(-1.E0,0.E0,0.E0));
#9727=AXIS2_PLACEMENT_3D('',#9724,#9725,#9726);
#9728=CYLINDRICAL_SURFACE('',#9727,6.5E-2);
#9729=ORIENTED_EDGE('',*,*,#9674,.F.);
#9730=ORIENTED_EDGE('',*,*,#9694,.T.);
#9731=ORIENTED_EDGE('',*,*,#9642,.T.);
#9732=ORIENTED_EDGE('',*,*,#9656,.F.);
#9733=EDGE_LOOP('',(#9729,#9730,#9731,#9732));
#9734=FACE_OUTER_BOUND('',#9733,.F.);
#9735=ADVANCED_FACE('',(#9734),#9728,.F.);
#9736=CLOSED_SHELL('',(#9626,#9648,#9666,#9681,#9698,#9711,#9723,#9735));
#9737=MANIFOLD_SOLID_BREP('',#9736);
#9738=FILL_AREA_STYLE_COLOUR('',#8022);
#9739=FILL_AREA_STYLE('',(#9738));
#9740=SURFACE_STYLE_FILL_AREA(#9739);
#9741=SURFACE_SIDE_STYLE('',(#9740));
#9742=SURFACE_STYLE_USAGE(.POSITIVE.,#9741);
#9743=PRESENTATION_STYLE_ASSIGNMENT((#9742));
#9458=STYLED_ITEM('',(#9743),#9737);
#9745=DIRECTION('',(0.E0,0.E0,1.E0));
#9746=VECTOR('',#9745,2.5E-1);
#9747=CARTESIAN_POINT('',(2.5E0,0.E0,-6.25E-1));
#9748=LINE('',#9747,#9746);
#9749=CURVE_STYLE('',#48,POSITIVE_LENGTH_MEASURE(2.E-2),#8022);
#9750=PRESENTATION_STYLE_ASSIGNMENT((#9749));
#9751=STYLED_ITEM('',(#9750),#9748);
#9752=DIRECTION('',(-1.E0,0.E0,0.E0));
#9753=VECTOR('',#9752,4.E-1);
#9754=CARTESIAN_POINT('',(2.5E0,0.E0,-3.75E-1));
#9755=LINE('',#9754,#9753);
#9756=CURVE_STYLE('',#48,POSITIVE_LENGTH_MEASURE(2.E-2),#8022);
#9757=PRESENTATION_STYLE_ASSIGNMENT((#9756));
#9758=STYLED_ITEM('',(#9757),#9755);
#9759=DIRECTION('',(0.E0,0.E0,1.E0));
#9760=VECTOR('',#9759,2.940910976998E-1);
#9761=CARTESIAN_POINT('',(2.5E0,1.102277442495E-1,-6.470455488499E-1));
#9762=LINE('',#9761,#9760);
#9763=CURVE_STYLE('',#48,POSITIVE_LENGTH_MEASURE(2.E-2),#8022);
#9764=PRESENTATION_STYLE_ASSIGNMENT((#9763));
#9765=STYLED_ITEM('',(#9764),#9762);
#9766=DIRECTION('',(0.E0,-9.805806756909E-1,-1.961161351382E-1));
#9767=VECTOR('',#9766,8.660139477545E-2);
#9768=CARTESIAN_POINT('',(2.48E0,1.017544467966E-1,-3.546491106407E-1));
#9769=LINE('',#9768,#9767);
#9770=CURVE_STYLE('',#48,POSITIVE_LENGTH_MEASURE(2.E-2),#8022);
#9771=PRESENTATION_STYLE_ASSIGNMENT((#9770));
#9772=STYLED_ITEM('',(#9771),#9769);
#9773=CARTESIAN_POINT('',(2.48E0,1.017544467966E-1,-3.546491106407E-1));
#9774=CARTESIAN_POINT('',(2.487162148159E0,1.034530993807E-1,
-3.543093801239E-1));
#9775=CARTESIAN_POINT('',(2.493826490790E0,1.062828122876E-1,
-3.537434375425E-1));
#9776=CARTESIAN_POINT('',(2.5E0,1.102277442495E-1,-3.529544511501E-1));
#9778=CURVE_STYLE('',#48,POSITIVE_LENGTH_MEASURE(2.E-2),#8022);
#9779=PRESENTATION_STYLE_ASSIGNMENT((#9778));
#9780=STYLED_ITEM('',(#9779),#9777);
#9781=DIRECTION('',(0.E0,-9.805806756909E-1,-1.961161351382E-1));
#9782=VECTOR('',#9781,1.124106837735E-1);
#9783=CARTESIAN_POINT('',(2.5E0,1.102277442495E-1,-3.529544511501E-1));
#9784=LINE('',#9783,#9782);
#9785=CURVE_STYLE('',#48,POSITIVE_LENGTH_MEASURE(2.E-2),#8022);
#9786=PRESENTATION_STYLE_ASSIGNMENT((#9785));
#9787=STYLED_ITEM('',(#9786),#9784);
#9788=DIRECTION('',(1.E0,0.E0,0.E0));
#9789=VECTOR('',#9788,3.8E-1);
#9790=CARTESIAN_POINT('',(2.1E0,1.683479259195E-2,-3.716330414816E-1));
#9791=LINE('',#9790,#9789);
#9792=CURVE_STYLE('',#48,POSITIVE_LENGTH_MEASURE(2.E-2),#8022);
#9793=PRESENTATION_STYLE_ASSIGNMENT((#9792));
#9794=STYLED_ITEM('',(#9793),#9791);
#9795=DIRECTION('',(0.E0,0.E0,-1.E0));
#9796=VECTOR('',#9795,2.567339170368E-1);
#9797=CARTESIAN_POINT('',(2.48E0,1.683479259195E-2,-3.716330414816E-1));
#9798=LINE('',#9797,#9796);
#9799=CURVE_STYLE('',#48,POSITIVE_LENGTH_MEASURE(2.E-2),#8022);
#9800=PRESENTATION_STYLE_ASSIGNMENT((#9799));
#9801=STYLED_ITEM('',(#9800),#9798);
#9802=DIRECTION('',(0.E0,-9.805806756909E-1,1.961161351382E-1));
#9803=VECTOR('',#9802,8.660139477545E-2);
#9804=CARTESIAN_POINT('',(2.48E0,1.017544467966E-1,-6.453508893593E-1));
#9805=LINE('',#9804,#9803);
#9806=CURVE_STYLE('',#48,POSITIVE_LENGTH_MEASURE(2.E-2),#8022);
#9807=PRESENTATION_STYLE_ASSIGNMENT((#9806));
#9808=STYLED_ITEM('',(#9807),#9805);
#9809=DIRECTION('',(1.E0,0.E0,0.E0));
#9810=VECTOR('',#9809,3.8E-1);
#9811=CARTESIAN_POINT('',(2.1E0,1.683479259195E-2,-6.283669585184E-1));
#9812=LINE('',#9811,#9810);
#9813=CURVE_STYLE('',#48,POSITIVE_LENGTH_MEASURE(2.E-2),#8022);
#9814=PRESENTATION_STYLE_ASSIGNMENT((#9813));
#9815=STYLED_ITEM('',(#9814),#9812);
#9816=DIRECTION('',(-1.E0,0.E0,0.E0));
#9817=VECTOR('',#9816,4.E-1);
#9818=CARTESIAN_POINT('',(2.5E0,0.E0,-6.25E-1));
#9819=LINE('',#9818,#9817);
#9820=CURVE_STYLE('',#48,POSITIVE_LENGTH_MEASURE(2.E-2),#8022);
#9821=PRESENTATION_STYLE_ASSIGNMENT((#9820));
#9822=STYLED_ITEM('',(#9821),#9819);
#9823=DIRECTION('',(0.E0,9.805806756909E-1,-1.961161351382E-1));
#9824=VECTOR('',#9823,1.124106837735E-1);
#9825=CARTESIAN_POINT('',(2.5E0,0.E0,-6.25E-1));
#9826=LINE('',#9825,#9824);
#9827=CURVE_STYLE('',#48,POSITIVE_LENGTH_MEASURE(2.E-2),#8022);
#9828=PRESENTATION_STYLE_ASSIGNMENT((#9827));
#9829=STYLED_ITEM('',(#9828),#9826);
#9830=CARTESIAN_POINT('',(2.48E0,1.017544467966E-1,-6.453508893593E-1));
#9831=CARTESIAN_POINT('',(2.487162148159E0,1.034530993807E-1,
-6.456906198761E-1));
#9832=CARTESIAN_POINT('',(2.493826490790E0,1.062828122876E-1,
-6.462565624575E-1));
#9833=CARTESIAN_POINT('',(2.5E0,1.102277442495E-1,-6.470455488499E-1));
#9835=CURVE_STYLE('',#48,POSITIVE_LENGTH_MEASURE(2.E-2),#8022);
#9836=PRESENTATION_STYLE_ASSIGNMENT((#9835));
#9837=STYLED_ITEM('',(#9836),#9834);
#9838=DIRECTION('',(0.E0,0.E0,1.E0));
#9839=VECTOR('',#9838,2.567339170368E-1);
#9840=CARTESIAN_POINT('',(2.1E0,1.683479259195E-2,-6.283669585184E-1));
#9841=LINE('',#9840,#9839);
#9842=CURVE_STYLE('',#48,POSITIVE_LENGTH_MEASURE(2.E-2),#8022);
#9843=PRESENTATION_STYLE_ASSIGNMENT((#9842));
#9844=STYLED_ITEM('',(#9843),#9841);
#9845=DIRECTION('',(0.E0,-9.805806756909E-1,-1.961161351382E-1));
#9846=VECTOR('',#9845,1.716818718673E-2);
#9847=CARTESIAN_POINT('',(2.1E0,1.683479259195E-2,-3.716330414816E-1));
#9848=LINE('',#9847,#9846);
#9849=CURVE_STYLE('',#48,POSITIVE_LENGTH_MEASURE(2.E-2),#8022);
#9850=PRESENTATION_STYLE_ASSIGNMENT((#9849));
#9851=STYLED_ITEM('',(#9850),#9848);
#9852=DIRECTION('',(0.E0,0.E0,-1.E0));
#9853=VECTOR('',#9852,2.5E-1);
#9854=CARTESIAN_POINT('',(2.1E0,0.E0,-3.75E-1));
#9855=LINE('',#9854,#9853);
#9856=CURVE_STYLE('',#48,POSITIVE_LENGTH_MEASURE(2.E-2),#8022);
#9857=PRESENTATION_STYLE_ASSIGNMENT((#9856));
#9858=STYLED_ITEM('',(#9857),#9855);
#9859=DIRECTION('',(0.E0,9.805806756909E-1,-1.961161351382E-1));
#9860=VECTOR('',#9859,1.716818718673E-2);
#9861=CARTESIAN_POINT('',(2.1E0,0.E0,-6.25E-1));
#9862=LINE('',#9861,#9860);
#9863=CURVE_STYLE('',#48,POSITIVE_LENGTH_MEASURE(2.E-2),#8022);
#9864=PRESENTATION_STYLE_ASSIGNMENT((#9863));
#9865=STYLED_ITEM('',(#9864),#9862);
#9866=DIRECTION('',(0.E0,0.E0,1.E0));
#9867=VECTOR('',#9866,2.907017787187E-1);
#9868=CARTESIAN_POINT('',(2.48E0,1.017544467966E-1,-6.453508893593E-1));
#9869=LINE('',#9868,#9867);
#9870=CURVE_STYLE('',#48,POSITIVE_LENGTH_MEASURE(2.E-2),#8022);
#9871=PRESENTATION_STYLE_ASSIGNMENT((#9870));
#9872=STYLED_ITEM('',(#9871),#9869);
#9873=CARTESIAN_POINT('',(2.1E0,0.E0,-3.75E-1));
#9874=CARTESIAN_POINT('',(2.1E0,0.E0,-6.25E-1));
#9875=VERTEX_POINT('',#9873);
#9876=VERTEX_POINT('',#9874);
#9877=CARTESIAN_POINT('',(2.5E0,0.E0,-6.25E-1));
#9878=CARTESIAN_POINT('',(2.5E0,0.E0,-3.75E-1));
#9879=VERTEX_POINT('',#9877);
#9880=VERTEX_POINT('',#9878);
#9881=CARTESIAN_POINT('',(2.5E0,1.102277442495E-1,-6.470455488499E-1));
#9882=VERTEX_POINT('',#9881);
#9883=CARTESIAN_POINT('',(2.5E0,1.102277442495E-1,-3.529544511501E-1));
#9884=VERTEX_POINT('',#9883);
#9885=CARTESIAN_POINT('',(2.1E0,1.683479259195E-2,-6.283669585184E-1));
#9886=CARTESIAN_POINT('',(2.1E0,1.683479259195E-2,-3.716330414816E-1));
#9887=VERTEX_POINT('',#9885);
#9888=VERTEX_POINT('',#9886);
#9889=CARTESIAN_POINT('',(2.48E0,1.017544467966E-1,-6.453508893593E-1));
#9890=CARTESIAN_POINT('',(2.48E0,1.683479259195E-2,-6.283669585184E-1));
#9891=VERTEX_POINT('',#9889);
#9892=VERTEX_POINT('',#9890);
#9893=CARTESIAN_POINT('',(2.48E0,1.017544467966E-1,-3.546491106407E-1));
#9894=CARTESIAN_POINT('',(2.48E0,1.683479259195E-2,-3.716330414816E-1));
#9895=VERTEX_POINT('',#9893);
#9896=VERTEX_POINT('',#9894);
#9897=CARTESIAN_POINT('',(0.E0,0.E0,0.E0));
#9898=DIRECTION('',(0.E0,1.E0,0.E0));
#9899=DIRECTION('',(1.E0,0.E0,0.E0));
#9900=AXIS2_PLACEMENT_3D('',#9897,#9898,#9899);
#9901=PLANE('',#9900);
#9903=ORIENTED_EDGE('',*,*,#9902,.F.);
#9905=ORIENTED_EDGE('',*,*,#9904,.T.);
#9907=ORIENTED_EDGE('',*,*,#9906,.F.);
#9909=ORIENTED_EDGE('',*,*,#9908,.F.);
#9910=EDGE_LOOP('',(#9903,#9905,#9907,#9909));
#9911=FACE_OUTER_BOUND('',#9910,.F.);
#9912=ADVANCED_FACE('',(#9911),#9901,.F.);
#9913=FILL_AREA_STYLE_COLOUR('',#8021);
#9914=FILL_AREA_STYLE('',(#9913));
#9915=SURFACE_STYLE_FILL_AREA(#9914);
#9916=SURFACE_SIDE_STYLE('',(#9915));
#9917=SURFACE_STYLE_USAGE(.NEGATIVE.,#9916);
#9918=PRESENTATION_STYLE_ASSIGNMENT((#9917));
#9919=OVER_RIDING_STYLED_ITEM('',(#9918),#9912,#9744);
#9920=CARTESIAN_POINT('',(2.5E0,2.E-1,-2.E0));
#9921=DIRECTION('',(-1.E0,0.E0,0.E0));
#9922=DIRECTION('',(0.E0,0.E0,1.E0));
#9923=AXIS2_PLACEMENT_3D('',#9920,#9921,#9922);
#9924=PLANE('',#9923);
#9925=ORIENTED_EDGE('',*,*,#9902,.T.);
#9927=ORIENTED_EDGE('',*,*,#9926,.F.);
#9929=ORIENTED_EDGE('',*,*,#9928,.F.);
#9931=ORIENTED_EDGE('',*,*,#9930,.F.);
#9932=EDGE_LOOP('',(#9925,#9927,#9929,#9931));
#9933=FACE_OUTER_BOUND('',#9932,.F.);
#9934=ADVANCED_FACE('',(#9933),#9924,.F.);
#9935=CARTESIAN_POINT('',(2.55E0,2.E-1,-3.35E-1));
#9936=DIRECTION('',(0.E0,1.961161351382E-1,-9.805806756909E-1));
#9937=DIRECTION('',(0.E0,-9.805806756909E-1,-1.961161351382E-1));
#9938=AXIS2_PLACEMENT_3D('',#9935,#9936,#9937);
#9939=PLANE('',#9938);
#9941=ORIENTED_EDGE('',*,*,#9940,.F.);
#9943=ORIENTED_EDGE('',*,*,#9942,.T.);
#9944=ORIENTED_EDGE('',*,*,#9926,.T.);
#9945=ORIENTED_EDGE('',*,*,#9908,.T.);
#9947=ORIENTED_EDGE('',*,*,#9946,.F.);
#9949=ORIENTED_EDGE('',*,*,#9948,.T.);
#9950=EDGE_LOOP('',(#9941,#9943,#9944,#9945,#9947,#9949));
#9951=FACE_OUTER_BOUND('',#9950,.F.);
#9952=ADVANCED_FACE('',(#9951),#9939,.F.);
#9953=CARTESIAN_POINT('',(2.48E0,0.E0,0.E0));
#9954=DIRECTION('',(1.E0,0.E0,0.E0));
#9955=DIRECTION('',(0.E0,0.E0,-1.E0));
#9956=AXIS2_PLACEMENT_3D('',#9953,#9954,#9955);
#9957=PLANE('',#9956);
#9959=ORIENTED_EDGE('',*,*,#9958,.F.);
#9961=ORIENTED_EDGE('',*,*,#9960,.T.);
#9962=ORIENTED_EDGE('',*,*,#9940,.T.);
#9964=ORIENTED_EDGE('',*,*,#9963,.T.);
#9965=EDGE_LOOP('',(#9959,#9961,#9962,#9964));
#9966=FACE_OUTER_BOUND('',#9965,.F.);
#9967=ADVANCED_FACE('',(#9966),#9957,.F.);
#9968=CARTESIAN_POINT('',(2.55E0,0.E0,-6.25E-1));
#9969=DIRECTION('',(0.E0,1.961161351382E-1,9.805806756909E-1));
#9970=DIRECTION('',(0.E0,9.805806756909E-1,-1.961161351382E-1));
#9971=AXIS2_PLACEMENT_3D('',#9968,#9969,#9970);
#9972=PLANE('',#9971);
#9973=ORIENTED_EDGE('',*,*,#9958,.T.);
#9975=ORIENTED_EDGE('',*,*,#9974,.F.);
#9977=ORIENTED_EDGE('',*,*,#9976,.F.);
#9978=ORIENTED_EDGE('',*,*,#9904,.F.);
#9979=ORIENTED_EDGE('',*,*,#9930,.T.);
#9981=ORIENTED_EDGE('',*,*,#9980,.F.);
#9982=EDGE_LOOP('',(#9973,#9975,#9977,#9978,#9979,#9981));
#9983=FACE_OUTER_BOUND('',#9982,.F.);
#9984=ADVANCED_FACE('',(#9983),#9972,.F.);
#9985=CARTESIAN_POINT('',(-2.48E0,1.683479259195E-2,1.980481988881E0));
#9986=DIRECTION('',(0.E0,-1.E0,0.E0));
#9987=DIRECTION('',(0.E0,0.E0,-1.E0));
#9988=AXIS2_PLACEMENT_3D('',#9985,#9986,#9987);
#9989=PLANE('',#9988);
#9991=ORIENTED_EDGE('',*,*,#9990,.F.);
#9992=ORIENTED_EDGE('',*,*,#9974,.T.);
#9993=ORIENTED_EDGE('',*,*,#9963,.F.);
#9994=ORIENTED_EDGE('',*,*,#9948,.F.);
#9995=EDGE_LOOP('',(#9991,#9992,#9993,#9994));
#9996=FACE_OUTER_BOUND('',#9995,.F.);
#9997=ADVANCED_FACE('',(#9996),#9989,.F.);
#9998=CARTESIAN_POINT('',(2.1E0,0.E0,0.E0));
#9999=DIRECTION('',(1.E0,0.E0,0.E0));
#10000=DIRECTION('',(0.E0,0.E0,1.E0));
#10001=AXIS2_PLACEMENT_3D('',#9998,#9999,#10000);
#10002=PLANE('',#10001);
#10003=ORIENTED_EDGE('',*,*,#9990,.T.);
#10004=ORIENTED_EDGE('',*,*,#9946,.T.);
#10005=ORIENTED_EDGE('',*,*,#9906,.T.);
#10006=ORIENTED_EDGE('',*,*,#9976,.T.);
#10007=EDGE_LOOP('',(#10003,#10004,#10005,#10006));
#10008=FACE_OUTER_BOUND('',#10007,.F.);
#10009=ADVANCED_FACE('',(#10008),#10002,.F.);
#10010=CARTESIAN_POINT('',(2.465E0,1.65E-1,1.25E0));
#10011=DIRECTION('',(0.E0,0.E0,1.E0));
#10012=DIRECTION('',(-1.E0,0.E0,0.E0));
#10013=AXIS2_PLACEMENT_3D('',#10010,#10011,#10012);
#10014=CYLINDRICAL_SURFACE('',#10013,6.5E-2);
#10015=ORIENTED_EDGE('',*,*,#9960,.F.);
#10016=ORIENTED_EDGE('',*,*,#9980,.T.);
#10017=ORIENTED_EDGE('',*,*,#9928,.T.);
#10018=ORIENTED_EDGE('',*,*,#9942,.F.);
#10019=EDGE_LOOP('',(#10015,#10016,#10017,#10018));
#10020=FACE_OUTER_BOUND('',#10019,.F.);
#10021=ADVANCED_FACE('',(#10020),#10014,.F.);
#10022=CLOSED_SHELL('',(#9912,#9934,#9952,#9967,#9984,#9997,#10009,#10021));
#10023=MANIFOLD_SOLID_BREP('',#10022);
#10024=FILL_AREA_STYLE_COLOUR('',#8022);
#10025=FILL_AREA_STYLE('',(#10024));
#10026=SURFACE_STYLE_FILL_AREA(#10025);
#10027=SURFACE_SIDE_STYLE('',(#10026));
#10028=SURFACE_STYLE_USAGE(.POSITIVE.,#10027);
#10029=PRESENTATION_STYLE_ASSIGNMENT((#10028));
#9744=STYLED_ITEM('',(#10029),#10023);
#10031=DIRECTION('',(0.E0,0.E0,1.E0));
#10032=VECTOR('',#10031,2.5E-1);
#10033=CARTESIAN_POINT('',(2.5E0,0.E0,-1.25E-1));
#10034=LINE('',#10033,#10032);
#10035=CURVE_STYLE('',#48,POSITIVE_LENGTH_MEASURE(2.E-2),#8022);
#10036=PRESENTATION_STYLE_ASSIGNMENT((#10035));
#10037=STYLED_ITEM('',(#10036),#10034);
#10038=DIRECTION('',(-1.E0,0.E0,0.E0));
#10039=VECTOR('',#10038,4.E-1);
#10040=CARTESIAN_POINT('',(2.5E0,0.E0,1.25E-1));
#10041=LINE('',#10040,#10039);
#10042=CURVE_STYLE('',#48,POSITIVE_LENGTH_MEASURE(2.E-2),#8022);
#10043=PRESENTATION_STYLE_ASSIGNMENT((#10042));
#10044=STYLED_ITEM('',(#10043),#10041);
#10045=DIRECTION('',(0.E0,0.E0,1.E0));
#10046=VECTOR('',#10045,2.940910976998E-1);
#10047=CARTESIAN_POINT('',(2.5E0,1.102277442495E-1,-1.470455488499E-1));
#10048=LINE('',#10047,#10046);
#10049=CURVE_STYLE('',#48,POSITIVE_LENGTH_MEASURE(2.E-2),#8022);
#10050=PRESENTATION_STYLE_ASSIGNMENT((#10049));
#10051=STYLED_ITEM('',(#10050),#10048);
#10052=DIRECTION('',(0.E0,-9.805806756909E-1,-1.961161351382E-1));
#10053=VECTOR('',#10052,8.660139477545E-2);
#10054=CARTESIAN_POINT('',(2.48E0,1.017544467966E-1,1.453508893593E-1));
#10055=LINE('',#10054,#10053);
#10056=CURVE_STYLE('',#48,POSITIVE_LENGTH_MEASURE(2.E-2),#8022);
#10057=PRESENTATION_STYLE_ASSIGNMENT((#10056));
#10058=STYLED_ITEM('',(#10057),#10055);
#10059=CARTESIAN_POINT('',(2.48E0,1.017544467966E-1,1.453508893593E-1));
#10060=CARTESIAN_POINT('',(2.487162148159E0,1.034530993807E-1,
1.456906198761E-1));
#10061=CARTESIAN_POINT('',(2.493826490790E0,1.062828122876E-1,
1.462565624575E-1));
#10062=CARTESIAN_POINT('',(2.5E0,1.102277442495E-1,1.470455488499E-1));
#10064=CURVE_STYLE('',#48,POSITIVE_LENGTH_MEASURE(2.E-2),#8022);
#10065=PRESENTATION_STYLE_ASSIGNMENT((#10064));
#10066=STYLED_ITEM('',(#10065),#10063);
#10067=DIRECTION('',(0.E0,-9.805806756909E-1,-1.961161351382E-1));
#10068=VECTOR('',#10067,1.124106837735E-1);
#10069=CARTESIAN_POINT('',(2.5E0,1.102277442495E-1,1.470455488499E-1));
#10070=LINE('',#10069,#10068);
#10071=CURVE_STYLE('',#48,POSITIVE_LENGTH_MEASURE(2.E-2),#8022);
#10072=PRESENTATION_STYLE_ASSIGNMENT((#10071));
#10073=STYLED_ITEM('',(#10072),#10070);
#10074=DIRECTION('',(1.E0,0.E0,0.E0));
#10075=VECTOR('',#10074,3.8E-1);
#10076=CARTESIAN_POINT('',(2.1E0,1.683479259195E-2,1.283669585184E-1));
#10077=LINE('',#10076,#10075);
#10078=CURVE_STYLE('',#48,POSITIVE_LENGTH_MEASURE(2.E-2),#8022);
#10079=PRESENTATION_STYLE_ASSIGNMENT((#10078));
#10080=STYLED_ITEM('',(#10079),#10077);
#10081=DIRECTION('',(0.E0,0.E0,-1.E0));
#10082=VECTOR('',#10081,2.567339170368E-1);
#10083=CARTESIAN_POINT('',(2.48E0,1.683479259195E-2,1.283669585184E-1));
#10084=LINE('',#10083,#10082);
#10085=CURVE_STYLE('',#48,POSITIVE_LENGTH_MEASURE(2.E-2),#8022);
#10086=PRESENTATION_STYLE_ASSIGNMENT((#10085));
#10087=STYLED_ITEM('',(#10086),#10084);
#10088=DIRECTION('',(0.E0,-9.805806756909E-1,1.961161351382E-1));
#10089=VECTOR('',#10088,8.660139477545E-2);
#10090=CARTESIAN_POINT('',(2.48E0,1.017544467966E-1,-1.453508893593E-1));
#10091=LINE('',#10090,#10089);
#10092=CURVE_STYLE('',#48,POSITIVE_LENGTH_MEASURE(2.E-2),#8022);
#10093=PRESENTATION_STYLE_ASSIGNMENT((#10092));
#10094=STYLED_ITEM('',(#10093),#10091);
#10095=DIRECTION('',(1.E0,0.E0,0.E0));
#10096=VECTOR('',#10095,3.8E-1);
#10097=CARTESIAN_POINT('',(2.1E0,1.683479259195E-2,-1.283669585184E-1));
#10098=LINE('',#10097,#10096);
#10099=CURVE_STYLE('',#48,POSITIVE_LENGTH_MEASURE(2.E-2),#8022);
#10100=PRESENTATION_STYLE_ASSIGNMENT((#10099));
#10101=STYLED_ITEM('',(#10100),#10098);
#10102=DIRECTION('',(-1.E0,0.E0,0.E0));
#10103=VECTOR('',#10102,4.E-1);
#10104=CARTESIAN_POINT('',(2.5E0,0.E0,-1.25E-1));
#10105=LINE('',#10104,#10103);
#10106=CURVE_STYLE('',#48,POSITIVE_LENGTH_MEASURE(2.E-2),#8022);
#10107=PRESENTATION_STYLE_ASSIGNMENT((#10106));
#10108=STYLED_ITEM('',(#10107),#10105);
#10109=DIRECTION('',(0.E0,9.805806756909E-1,-1.961161351382E-1));
#10110=VECTOR('',#10109,1.124106837735E-1);
#10111=CARTESIAN_POINT('',(2.5E0,0.E0,-1.25E-1));
#10112=LINE('',#10111,#10110);
#10113=CURVE_STYLE('',#48,POSITIVE_LENGTH_MEASURE(2.E-2),#8022);
#10114=PRESENTATION_STYLE_ASSIGNMENT((#10113));
#10115=STYLED_ITEM('',(#10114),#10112);
#10116=CARTESIAN_POINT('',(2.48E0,1.017544467966E-1,-1.453508893593E-1));
#10117=CARTESIAN_POINT('',(2.487162148159E0,1.034530993807E-1,
-1.456906198761E-1));
#10118=CARTESIAN_POINT('',(2.493826490790E0,1.062828122876E-1,
-1.462565624575E-1));
#10119=CARTESIAN_POINT('',(2.5E0,1.102277442495E-1,-1.470455488499E-1));
#10121=CURVE_STYLE('',#48,POSITIVE_LENGTH_MEASURE(2.E-2),#8022);
#10122=PRESENTATION_STYLE_ASSIGNMENT((#10121));
#10123=STYLED_ITEM('',(#10122),#10120);
#10124=DIRECTION('',(0.E0,0.E0,1.E0));
#10125=VECTOR('',#10124,2.567339170368E-1);
#10126=CARTESIAN_POINT('',(2.1E0,1.683479259195E-2,-1.283669585184E-1));
#10127=LINE('',#10126,#10125);
#10128=CURVE_STYLE('',#48,POSITIVE_LENGTH_MEASURE(2.E-2),#8022);
#10129=PRESENTATION_STYLE_ASSIGNMENT((#10128));
#10130=STYLED_ITEM('',(#10129),#10127);
#10131=DIRECTION('',(0.E0,-9.805806756909E-1,-1.961161351382E-1));
#10132=VECTOR('',#10131,1.716818718673E-2);
#10133=CARTESIAN_POINT('',(2.1E0,1.683479259195E-2,1.283669585184E-1));
#10134=LINE('',#10133,#10132);
#10135=CURVE_STYLE('',#48,POSITIVE_LENGTH_MEASURE(2.E-2),#8022);
#10136=PRESENTATION_STYLE_ASSIGNMENT((#10135));
#10137=STYLED_ITEM('',(#10136),#10134);
#10138=DIRECTION('',(0.E0,0.E0,-1.E0));
#10139=VECTOR('',#10138,2.5E-1);
#10140=CARTESIAN_POINT('',(2.1E0,0.E0,1.25E-1));
#10141=LINE('',#10140,#10139);
#10142=CURVE_STYLE('',#48,POSITIVE_LENGTH_MEASURE(2.E-2),#8022);
#10143=PRESENTATION_STYLE_ASSIGNMENT((#10142));
#10144=STYLED_ITEM('',(#10143),#10141);
#10145=DIRECTION('',(0.E0,9.805806756909E-1,-1.961161351382E-1));
#10146=VECTOR('',#10145,1.716818718673E-2);
#10147=CARTESIAN_POINT('',(2.1E0,0.E0,-1.25E-1));
#10148=LINE('',#10147,#10146);
#10149=CURVE_STYLE('',#48,POSITIVE_LENGTH_MEASURE(2.E-2),#8022);
#10150=PRESENTATION_STYLE_ASSIGNMENT((#10149));
#10151=STYLED_ITEM('',(#10150),#10148);
#10152=DIRECTION('',(0.E0,0.E0,1.E0));
#10153=VECTOR('',#10152,2.907017787187E-1);
#10154=CARTESIAN_POINT('',(2.48E0,1.017544467966E-1,-1.453508893593E-1));
#10155=LINE('',#10154,#10153);
#10156=CURVE_STYLE('',#48,POSITIVE_LENGTH_MEASURE(2.E-2),#8022);
#10157=PRESENTATION_STYLE_ASSIGNMENT((#10156));
#10158=STYLED_ITEM('',(#10157),#10155);
#10159=CARTESIAN_POINT('',(2.1E0,0.E0,1.25E-1));
#10160=CARTESIAN_POINT('',(2.1E0,0.E0,-1.25E-1));
#10161=VERTEX_POINT('',#10159);
#10162=VERTEX_POINT('',#10160);
#10163=CARTESIAN_POINT('',(2.5E0,0.E0,-1.25E-1));
#10164=CARTESIAN_POINT('',(2.5E0,0.E0,1.25E-1));
#10165=VERTEX_POINT('',#10163);
#10166=VERTEX_POINT('',#10164);
#10167=CARTESIAN_POINT('',(2.5E0,1.102277442495E-1,-1.470455488499E-1));
#10168=VERTEX_POINT('',#10167);
#10169=CARTESIAN_POINT('',(2.5E0,1.102277442495E-1,1.470455488499E-1));
#10170=VERTEX_POINT('',#10169);
#10171=CARTESIAN_POINT('',(2.1E0,1.683479259195E-2,-1.283669585184E-1));
#10172=CARTESIAN_POINT('',(2.1E0,1.683479259195E-2,1.283669585184E-1));
#10173=VERTEX_POINT('',#10171);
#10174=VERTEX_POINT('',#10172);
#10175=CARTESIAN_POINT('',(2.48E0,1.017544467966E-1,-1.453508893593E-1));
#10176=CARTESIAN_POINT('',(2.48E0,1.683479259195E-2,-1.283669585184E-1));
#10177=VERTEX_POINT('',#10175);
#10178=VERTEX_POINT('',#10176);
#10179=CARTESIAN_POINT('',(2.48E0,1.017544467966E-1,1.453508893593E-1));
#10180=CARTESIAN_POINT('',(2.48E0,1.683479259195E-2,1.283669585184E-1));
#10181=VERTEX_POINT('',#10179);
#10182=VERTEX_POINT('',#10180);
#10183=CARTESIAN_POINT('',(0.E0,0.E0,0.E0));
#10184=DIRECTION('',(0.E0,1.E0,0.E0));
#10185=DIRECTION('',(1.E0,0.E0,0.E0));
#10186=AXIS2_PLACEMENT_3D('',#10183,#10184,#10185);
#10187=PLANE('',#10186);
#10189=ORIENTED_EDGE('',*,*,#10188,.F.);
#10191=ORIENTED_EDGE('',*,*,#10190,.T.);
#10193=ORIENTED_EDGE('',*,*,#10192,.F.);
#10195=ORIENTED_EDGE('',*,*,#10194,.F.);
#10196=EDGE_LOOP('',(#10189,#10191,#10193,#10195));
#10197=FACE_OUTER_BOUND('',#10196,.F.);
#10198=ADVANCED_FACE('',(#10197),#10187,.F.);
#10199=FILL_AREA_STYLE_COLOUR('',#8021);
#10200=FILL_AREA_STYLE('',(#10199));
#10201=SURFACE_STYLE_FILL_AREA(#10200);
#10202=SURFACE_SIDE_STYLE('',(#10201));
#10203=SURFACE_STYLE_USAGE(.NEGATIVE.,#10202);
#10204=PRESENTATION_STYLE_ASSIGNMENT((#10203));
#10205=OVER_RIDING_STYLED_ITEM('',(#10204),#10198,#10030);
#10206=CARTESIAN_POINT('',(2.5E0,2.E-1,-2.E0));
#10207=DIRECTION('',(-1.E0,0.E0,0.E0));
#10208=DIRECTION('',(0.E0,0.E0,1.E0));
#10209=AXIS2_PLACEMENT_3D('',#10206,#10207,#10208);
#10210=PLANE('',#10209);
#10211=ORIENTED_EDGE('',*,*,#10188,.T.);
#10213=ORIENTED_EDGE('',*,*,#10212,.F.);
#10215=ORIENTED_EDGE('',*,*,#10214,.F.);
#10217=ORIENTED_EDGE('',*,*,#10216,.F.);
#10218=EDGE_LOOP('',(#10211,#10213,#10215,#10217));
#10219=FACE_OUTER_BOUND('',#10218,.F.);
#10220=ADVANCED_FACE('',(#10219),#10210,.F.);
#10221=CARTESIAN_POINT('',(2.55E0,2.E-1,1.65E-1));
#10222=DIRECTION('',(0.E0,1.961161351382E-1,-9.805806756909E-1));
#10223=DIRECTION('',(0.E0,-9.805806756909E-1,-1.961161351382E-1));
#10224=AXIS2_PLACEMENT_3D('',#10221,#10222,#10223);
#10225=PLANE('',#10224);
#10227=ORIENTED_EDGE('',*,*,#10226,.F.);
#10229=ORIENTED_EDGE('',*,*,#10228,.T.);
#10230=ORIENTED_EDGE('',*,*,#10212,.T.);
#10231=ORIENTED_EDGE('',*,*,#10194,.T.);
#10233=ORIENTED_EDGE('',*,*,#10232,.F.);
#10235=ORIENTED_EDGE('',*,*,#10234,.T.);
#10236=EDGE_LOOP('',(#10227,#10229,#10230,#10231,#10233,#10235));
#10237=FACE_OUTER_BOUND('',#10236,.F.);
#10238=ADVANCED_FACE('',(#10237),#10225,.F.);
#10239=CARTESIAN_POINT('',(2.48E0,0.E0,0.E0));
#10240=DIRECTION('',(1.E0,0.E0,0.E0));
#10241=DIRECTION('',(0.E0,0.E0,-1.E0));
#10242=AXIS2_PLACEMENT_3D('',#10239,#10240,#10241);
#10243=PLANE('',#10242);
#10245=ORIENTED_EDGE('',*,*,#10244,.F.);
#10247=ORIENTED_EDGE('',*,*,#10246,.T.);
#10248=ORIENTED_EDGE('',*,*,#10226,.T.);
#10250=ORIENTED_EDGE('',*,*,#10249,.T.);
#10251=EDGE_LOOP('',(#10245,#10247,#10248,#10250));
#10252=FACE_OUTER_BOUND('',#10251,.F.);
#10253=ADVANCED_FACE('',(#10252),#10243,.F.);
#10254=CARTESIAN_POINT('',(2.55E0,0.E0,-1.25E-1));
#10255=DIRECTION('',(0.E0,1.961161351382E-1,9.805806756909E-1));
#10256=DIRECTION('',(0.E0,9.805806756909E-1,-1.961161351382E-1));
#10257=AXIS2_PLACEMENT_3D('',#10254,#10255,#10256);
#10258=PLANE('',#10257);
#10259=ORIENTED_EDGE('',*,*,#10244,.T.);
#10261=ORIENTED_EDGE('',*,*,#10260,.F.);
#10263=ORIENTED_EDGE('',*,*,#10262,.F.);
#10264=ORIENTED_EDGE('',*,*,#10190,.F.);
#10265=ORIENTED_EDGE('',*,*,#10216,.T.);
#10267=ORIENTED_EDGE('',*,*,#10266,.F.);
#10268=EDGE_LOOP('',(#10259,#10261,#10263,#10264,#10265,#10267));
#10269=FACE_OUTER_BOUND('',#10268,.F.);
#10270=ADVANCED_FACE('',(#10269),#10258,.F.);
#10271=CARTESIAN_POINT('',(-2.48E0,1.683479259195E-2,1.980481988881E0));
#10272=DIRECTION('',(0.E0,-1.E0,0.E0));
#10273=DIRECTION('',(0.E0,0.E0,-1.E0));
#10274=AXIS2_PLACEMENT_3D('',#10271,#10272,#10273);
#10275=PLANE('',#10274);
#10277=ORIENTED_EDGE('',*,*,#10276,.F.);
#10278=ORIENTED_EDGE('',*,*,#10260,.T.);
#10279=ORIENTED_EDGE('',*,*,#10249,.F.);
#10280=ORIENTED_EDGE('',*,*,#10234,.F.);
#10281=EDGE_LOOP('',(#10277,#10278,#10279,#10280));
#10282=FACE_OUTER_BOUND('',#10281,.F.);
#10283=ADVANCED_FACE('',(#10282),#10275,.F.);
#10284=CARTESIAN_POINT('',(2.1E0,0.E0,0.E0));
#10285=DIRECTION('',(1.E0,0.E0,0.E0));
#10286=DIRECTION('',(0.E0,0.E0,1.E0));
#10287=AXIS2_PLACEMENT_3D('',#10284,#10285,#10286);
#10288=PLANE('',#10287);
#10289=ORIENTED_EDGE('',*,*,#10276,.T.);
#10290=ORIENTED_EDGE('',*,*,#10232,.T.);
#10291=ORIENTED_EDGE('',*,*,#10192,.T.);
#10292=ORIENTED_EDGE('',*,*,#10262,.T.);
#10293=EDGE_LOOP('',(#10289,#10290,#10291,#10292));
#10294=FACE_OUTER_BOUND('',#10293,.F.);
#10295=ADVANCED_FACE('',(#10294),#10288,.F.);
#10296=CARTESIAN_POINT('',(2.465E0,1.65E-1,1.25E0));
#10297=DIRECTION('',(0.E0,0.E0,1.E0));
#10298=DIRECTION('',(-1.E0,0.E0,0.E0));
#10299=AXIS2_PLACEMENT_3D('',#10296,#10297,#10298);
#10300=CYLINDRICAL_SURFACE('',#10299,6.5E-2);
#10301=ORIENTED_EDGE('',*,*,#10246,.F.);
#10302=ORIENTED_EDGE('',*,*,#10266,.T.);
#10303=ORIENTED_EDGE('',*,*,#10214,.T.);
#10304=ORIENTED_EDGE('',*,*,#10228,.F.);
#10305=EDGE_LOOP('',(#10301,#10302,#10303,#10304));
#10306=FACE_OUTER_BOUND('',#10305,.F.);
#10307=ADVANCED_FACE('',(#10306),#10300,.F.);
#10308=CLOSED_SHELL('',(#10198,#10220,#10238,#10253,#10270,#10283,#10295,
#10307));
#10309=MANIFOLD_SOLID_BREP('',#10308);
#10310=FILL_AREA_STYLE_COLOUR('',#8022);
#10311=FILL_AREA_STYLE('',(#10310));
#10312=SURFACE_STYLE_FILL_AREA(#10311);
#10313=SURFACE_SIDE_STYLE('',(#10312));
#10314=SURFACE_STYLE_USAGE(.POSITIVE.,#10313);
#10315=PRESENTATION_STYLE_ASSIGNMENT((#10314));
#10030=STYLED_ITEM('',(#10315),#10309);
#10317=DIRECTION('',(0.E0,0.E0,1.E0));
#10318=VECTOR('',#10317,2.5E-1);
#10319=CARTESIAN_POINT('',(2.5E0,0.E0,3.75E-1));
#10320=LINE('',#10319,#10318);
#10321=CURVE_STYLE('',#48,POSITIVE_LENGTH_MEASURE(2.E-2),#8022);
#10322=PRESENTATION_STYLE_ASSIGNMENT((#10321));
#10323=STYLED_ITEM('',(#10322),#10320);
#10324=DIRECTION('',(-1.E0,0.E0,0.E0));
#10325=VECTOR('',#10324,4.E-1);
#10326=CARTESIAN_POINT('',(2.5E0,0.E0,6.25E-1));
#10327=LINE('',#10326,#10325);
#10328=CURVE_STYLE('',#48,POSITIVE_LENGTH_MEASURE(2.E-2),#8022);
#10329=PRESENTATION_STYLE_ASSIGNMENT((#10328));
#10330=STYLED_ITEM('',(#10329),#10327);
#10331=DIRECTION('',(0.E0,0.E0,1.E0));
#10332=VECTOR('',#10331,2.940910976998E-1);
#10333=CARTESIAN_POINT('',(2.5E0,1.102277442495E-1,3.529544511501E-1));
#10334=LINE('',#10333,#10332);
#10335=CURVE_STYLE('',#48,POSITIVE_LENGTH_MEASURE(2.E-2),#8022);
#10336=PRESENTATION_STYLE_ASSIGNMENT((#10335));
#10337=STYLED_ITEM('',(#10336),#10334);
#10338=DIRECTION('',(0.E0,-9.805806756909E-1,-1.961161351382E-1));
#10339=VECTOR('',#10338,8.660139477545E-2);
#10340=CARTESIAN_POINT('',(2.48E0,1.017544467966E-1,6.453508893593E-1));
#10341=LINE('',#10340,#10339);
#10342=CURVE_STYLE('',#48,POSITIVE_LENGTH_MEASURE(2.E-2),#8022);
#10343=PRESENTATION_STYLE_ASSIGNMENT((#10342));
#10344=STYLED_ITEM('',(#10343),#10341);
#10345=CARTESIAN_POINT('',(2.48E0,1.017544467966E-1,6.453508893593E-1));
#10346=CARTESIAN_POINT('',(2.487162148159E0,1.034530993807E-1,
6.456906198761E-1));
#10347=CARTESIAN_POINT('',(2.493826490790E0,1.062828122876E-1,
6.462565624575E-1));
#10348=CARTESIAN_POINT('',(2.5E0,1.102277442495E-1,6.470455488499E-1));
#10350=CURVE_STYLE('',#48,POSITIVE_LENGTH_MEASURE(2.E-2),#8022);
#10351=PRESENTATION_STYLE_ASSIGNMENT((#10350));
#10352=STYLED_ITEM('',(#10351),#10349);
#10353=DIRECTION('',(0.E0,-9.805806756909E-1,-1.961161351382E-1));
#10354=VECTOR('',#10353,1.124106837735E-1);
#10355=CARTESIAN_POINT('',(2.5E0,1.102277442495E-1,6.470455488499E-1));
#10356=LINE('',#10355,#10354);
#10357=CURVE_STYLE('',#48,POSITIVE_LENGTH_MEASURE(2.E-2),#8022);
#10358=PRESENTATION_STYLE_ASSIGNMENT((#10357));
#10359=STYLED_ITEM('',(#10358),#10356);
#10360=DIRECTION('',(1.E0,0.E0,0.E0));
#10361=VECTOR('',#10360,3.8E-1);
#10362=CARTESIAN_POINT('',(2.1E0,1.683479259195E-2,6.283669585184E-1));
#10363=LINE('',#10362,#10361);
#10364=CURVE_STYLE('',#48,POSITIVE_LENGTH_MEASURE(2.E-2),#8022);
#10365=PRESENTATION_STYLE_ASSIGNMENT((#10364));
#10366=STYLED_ITEM('',(#10365),#10363);
#10367=DIRECTION('',(0.E0,0.E0,-1.E0));
#10368=VECTOR('',#10367,2.567339170368E-1);
#10369=CARTESIAN_POINT('',(2.48E0,1.683479259195E-2,6.283669585184E-1));
#10370=LINE('',#10369,#10368);
#10371=CURVE_STYLE('',#48,POSITIVE_LENGTH_MEASURE(2.E-2),#8022);
#10372=PRESENTATION_STYLE_ASSIGNMENT((#10371));
#10373=STYLED_ITEM('',(#10372),#10370);
#10374=DIRECTION('',(0.E0,-9.805806756909E-1,1.961161351382E-1));
#10375=VECTOR('',#10374,8.660139477545E-2);
#10376=CARTESIAN_POINT('',(2.48E0,1.017544467966E-1,3.546491106407E-1));
#10377=LINE('',#10376,#10375);
#10378=CURVE_STYLE('',#48,POSITIVE_LENGTH_MEASURE(2.E-2),#8022);
#10379=PRESENTATION_STYLE_ASSIGNMENT((#10378));
#10380=STYLED_ITEM('',(#10379),#10377);
#10381=DIRECTION('',(1.E0,0.E0,0.E0));
#10382=VECTOR('',#10381,3.8E-1);
#10383=CARTESIAN_POINT('',(2.1E0,1.683479259195E-2,3.716330414816E-1));
#10384=LINE('',#10383,#10382);
#10385=CURVE_STYLE('',#48,POSITIVE_LENGTH_MEASURE(2.E-2),#8022);
#10386=PRESENTATION_STYLE_ASSIGNMENT((#10385));
#10387=STYLED_ITEM('',(#10386),#10384);
#10388=DIRECTION('',(-1.E0,0.E0,0.E0));
#10389=VECTOR('',#10388,4.E-1);
#10390=CARTESIAN_POINT('',(2.5E0,0.E0,3.75E-1));
#10391=LINE('',#10390,#10389);
#10392=CURVE_STYLE('',#48,POSITIVE_LENGTH_MEASURE(2.E-2),#8022);
#10393=PRESENTATION_STYLE_ASSIGNMENT((#10392));
#10394=STYLED_ITEM('',(#10393),#10391);
#10395=DIRECTION('',(0.E0,9.805806756909E-1,-1.961161351382E-1));
#10396=VECTOR('',#10395,1.124106837735E-1);
#10397=CARTESIAN_POINT('',(2.5E0,0.E0,3.75E-1));
#10398=LINE('',#10397,#10396);
#10399=CURVE_STYLE('',#48,POSITIVE_LENGTH_MEASURE(2.E-2),#8022);
#10400=PRESENTATION_STYLE_ASSIGNMENT((#10399));
#10401=STYLED_ITEM('',(#10400),#10398);
#10402=CARTESIAN_POINT('',(2.48E0,1.017544467966E-1,3.546491106407E-1));
#10403=CARTESIAN_POINT('',(2.487162148159E0,1.034530993807E-1,
3.543093801239E-1));
#10404=CARTESIAN_POINT('',(2.493826490790E0,1.062828122876E-1,
3.537434375425E-1));
#10405=CARTESIAN_POINT('',(2.5E0,1.102277442495E-1,3.529544511501E-1));
#10407=CURVE_STYLE('',#48,POSITIVE_LENGTH_MEASURE(2.E-2),#8022);
#10408=PRESENTATION_STYLE_ASSIGNMENT((#10407));
#10409=STYLED_ITEM('',(#10408),#10406);
#10410=DIRECTION('',(0.E0,0.E0,1.E0));
#10411=VECTOR('',#10410,2.567339170368E-1);
#10412=CARTESIAN_POINT('',(2.1E0,1.683479259195E-2,3.716330414816E-1));
#10413=LINE('',#10412,#10411);
#10414=CURVE_STYLE('',#48,POSITIVE_LENGTH_MEASURE(2.E-2),#8022);
#10415=PRESENTATION_STYLE_ASSIGNMENT((#10414));
#10416=STYLED_ITEM('',(#10415),#10413);
#10417=DIRECTION('',(0.E0,-9.805806756909E-1,-1.961161351382E-1));
#10418=VECTOR('',#10417,1.716818718673E-2);
#10419=CARTESIAN_POINT('',(2.1E0,1.683479259195E-2,6.283669585184E-1));
#10420=LINE('',#10419,#10418);
#10421=CURVE_STYLE('',#48,POSITIVE_LENGTH_MEASURE(2.E-2),#8022);
#10422=PRESENTATION_STYLE_ASSIGNMENT((#10421));
#10423=STYLED_ITEM('',(#10422),#10420);
#10424=DIRECTION('',(0.E0,0.E0,-1.E0));
#10425=VECTOR('',#10424,2.5E-1);
#10426=CARTESIAN_POINT('',(2.1E0,0.E0,6.25E-1));
#10427=LINE('',#10426,#10425);
#10428=CURVE_STYLE('',#48,POSITIVE_LENGTH_MEASURE(2.E-2),#8022);
#10429=PRESENTATION_STYLE_ASSIGNMENT((#10428));
#10430=STYLED_ITEM('',(#10429),#10427);
#10431=DIRECTION('',(0.E0,9.805806756909E-1,-1.961161351382E-1));
#10432=VECTOR('',#10431,1.716818718673E-2);
#10433=CARTESIAN_POINT('',(2.1E0,0.E0,3.75E-1));
#10434=LINE('',#10433,#10432);
#10435=CURVE_STYLE('',#48,POSITIVE_LENGTH_MEASURE(2.E-2),#8022);
#10436=PRESENTATION_STYLE_ASSIGNMENT((#10435));
#10437=STYLED_ITEM('',(#10436),#10434);
#10438=DIRECTION('',(0.E0,0.E0,1.E0));
#10439=VECTOR('',#10438,2.907017787187E-1);
#10440=CARTESIAN_POINT('',(2.48E0,1.017544467966E-1,3.546491106407E-1));
#10441=LINE('',#10440,#10439);
#10442=CURVE_STYLE('',#48,POSITIVE_LENGTH_MEASURE(2.E-2),#8022);
#10443=PRESENTATION_STYLE_ASSIGNMENT((#10442));
#10444=STYLED_ITEM('',(#10443),#10441);
#10445=CARTESIAN_POINT('',(2.1E0,0.E0,6.25E-1));
#10446=CARTESIAN_POINT('',(2.1E0,0.E0,3.75E-1));
#10447=VERTEX_POINT('',#10445);
#10448=VERTEX_POINT('',#10446);
#10449=CARTESIAN_POINT('',(2.5E0,0.E0,3.75E-1));
#10450=CARTESIAN_POINT('',(2.5E0,0.E0,6.25E-1));
#10451=VERTEX_POINT('',#10449);
#10452=VERTEX_POINT('',#10450);
#10453=CARTESIAN_POINT('',(2.5E0,1.102277442495E-1,3.529544511501E-1));
#10454=VERTEX_POINT('',#10453);
#10455=CARTESIAN_POINT('',(2.5E0,1.102277442495E-1,6.470455488499E-1));
#10456=VERTEX_POINT('',#10455);
#10457=CARTESIAN_POINT('',(2.1E0,1.683479259195E-2,3.716330414816E-1));
#10458=CARTESIAN_POINT('',(2.1E0,1.683479259195E-2,6.283669585184E-1));
#10459=VERTEX_POINT('',#10457);
#10460=VERTEX_POINT('',#10458);
#10461=CARTESIAN_POINT('',(2.48E0,1.017544467966E-1,3.546491106407E-1));
#10462=CARTESIAN_POINT('',(2.48E0,1.683479259195E-2,3.716330414816E-1));
#10463=VERTEX_POINT('',#10461);
#10464=VERTEX_POINT('',#10462);
#10465=CARTESIAN_POINT('',(2.48E0,1.017544467966E-1,6.453508893593E-1));
#10466=CARTESIAN_POINT('',(2.48E0,1.683479259195E-2,6.283669585184E-1));
#10467=VERTEX_POINT('',#10465);
#10468=VERTEX_POINT('',#10466);
#10469=CARTESIAN_POINT('',(0.E0,0.E0,0.E0));
#10470=DIRECTION('',(0.E0,1.E0,0.E0));
#10471=DIRECTION('',(1.E0,0.E0,0.E0));
#10472=AXIS2_PLACEMENT_3D('',#10469,#10470,#10471);
#10473=PLANE('',#10472);
#10475=ORIENTED_EDGE('',*,*,#10474,.F.);
#10477=ORIENTED_EDGE('',*,*,#10476,.T.);
#10479=ORIENTED_EDGE('',*,*,#10478,.F.);
#10481=ORIENTED_EDGE('',*,*,#10480,.F.);
#10482=EDGE_LOOP('',(#10475,#10477,#10479,#10481));
#10483=FACE_OUTER_BOUND('',#10482,.F.);
#10484=ADVANCED_FACE('',(#10483),#10473,.F.);
#10485=FILL_AREA_STYLE_COLOUR('',#8021);
#10486=FILL_AREA_STYLE('',(#10485));
#10487=SURFACE_STYLE_FILL_AREA(#10486);
#10488=SURFACE_SIDE_STYLE('',(#10487));
#10489=SURFACE_STYLE_USAGE(.NEGATIVE.,#10488);
#10490=PRESENTATION_STYLE_ASSIGNMENT((#10489));
#10491=OVER_RIDING_STYLED_ITEM('',(#10490),#10484,#10316);
#10492=CARTESIAN_POINT('',(2.5E0,2.E-1,-2.E0));
#10493=DIRECTION('',(-1.E0,0.E0,0.E0));
#10494=DIRECTION('',(0.E0,0.E0,1.E0));
#10495=AXIS2_PLACEMENT_3D('',#10492,#10493,#10494);
#10496=PLANE('',#10495);
#10497=ORIENTED_EDGE('',*,*,#10474,.T.);
#10499=ORIENTED_EDGE('',*,*,#10498,.F.);
#10501=ORIENTED_EDGE('',*,*,#10500,.F.);
#10503=ORIENTED_EDGE('',*,*,#10502,.F.);
#10504=EDGE_LOOP('',(#10497,#10499,#10501,#10503));
#10505=FACE_OUTER_BOUND('',#10504,.F.);
#10506=ADVANCED_FACE('',(#10505),#10496,.F.);
#10507=CARTESIAN_POINT('',(2.55E0,2.E-1,6.65E-1));
#10508=DIRECTION('',(0.E0,1.961161351382E-1,-9.805806756909E-1));
#10509=DIRECTION('',(0.E0,-9.805806756909E-1,-1.961161351382E-1));
#10510=AXIS2_PLACEMENT_3D('',#10507,#10508,#10509);
#10511=PLANE('',#10510);
#10513=ORIENTED_EDGE('',*,*,#10512,.F.);
#10515=ORIENTED_EDGE('',*,*,#10514,.T.);
#10516=ORIENTED_EDGE('',*,*,#10498,.T.);
#10517=ORIENTED_EDGE('',*,*,#10480,.T.);
#10519=ORIENTED_EDGE('',*,*,#10518,.F.);
#10521=ORIENTED_EDGE('',*,*,#10520,.T.);
#10522=EDGE_LOOP('',(#10513,#10515,#10516,#10517,#10519,#10521));
#10523=FACE_OUTER_BOUND('',#10522,.F.);
#10524=ADVANCED_FACE('',(#10523),#10511,.F.);
#10525=CARTESIAN_POINT('',(2.48E0,0.E0,0.E0));
#10526=DIRECTION('',(1.E0,0.E0,0.E0));
#10527=DIRECTION('',(0.E0,0.E0,-1.E0));
#10528=AXIS2_PLACEMENT_3D('',#10525,#10526,#10527);
#10529=PLANE('',#10528);
#10531=ORIENTED_EDGE('',*,*,#10530,.F.);
#10533=ORIENTED_EDGE('',*,*,#10532,.T.);
#10534=ORIENTED_EDGE('',*,*,#10512,.T.);
#10536=ORIENTED_EDGE('',*,*,#10535,.T.);
#10537=EDGE_LOOP('',(#10531,#10533,#10534,#10536));
#10538=FACE_OUTER_BOUND('',#10537,.F.);
#10539=ADVANCED_FACE('',(#10538),#10529,.F.);
#10540=CARTESIAN_POINT('',(2.55E0,0.E0,3.75E-1));
#10541=DIRECTION('',(0.E0,1.961161351382E-1,9.805806756909E-1));
#10542=DIRECTION('',(0.E0,9.805806756909E-1,-1.961161351382E-1));
#10543=AXIS2_PLACEMENT_3D('',#10540,#10541,#10542);
#10544=PLANE('',#10543);
#10545=ORIENTED_EDGE('',*,*,#10530,.T.);
#10547=ORIENTED_EDGE('',*,*,#10546,.F.);
#10549=ORIENTED_EDGE('',*,*,#10548,.F.);
#10550=ORIENTED_EDGE('',*,*,#10476,.F.);
#10551=ORIENTED_EDGE('',*,*,#10502,.T.);
#10553=ORIENTED_EDGE('',*,*,#10552,.F.);
#10554=EDGE_LOOP('',(#10545,#10547,#10549,#10550,#10551,#10553));
#10555=FACE_OUTER_BOUND('',#10554,.F.);
#10556=ADVANCED_FACE('',(#10555),#10544,.F.);
#10557=CARTESIAN_POINT('',(-2.48E0,1.683479259195E-2,1.980481988881E0));
#10558=DIRECTION('',(0.E0,-1.E0,0.E0));
#10559=DIRECTION('',(0.E0,0.E0,-1.E0));
#10560=AXIS2_PLACEMENT_3D('',#10557,#10558,#10559);
#10561=PLANE('',#10560);
#10563=ORIENTED_EDGE('',*,*,#10562,.F.);
#10564=ORIENTED_EDGE('',*,*,#10546,.T.);
#10565=ORIENTED_EDGE('',*,*,#10535,.F.);
#10566=ORIENTED_EDGE('',*,*,#10520,.F.);
#10567=EDGE_LOOP('',(#10563,#10564,#10565,#10566));
#10568=FACE_OUTER_BOUND('',#10567,.F.);
#10569=ADVANCED_FACE('',(#10568),#10561,.F.);
#10570=CARTESIAN_POINT('',(2.1E0,0.E0,0.E0));
#10571=DIRECTION('',(1.E0,0.E0,0.E0));
#10572=DIRECTION('',(0.E0,0.E0,1.E0));
#10573=AXIS2_PLACEMENT_3D('',#10570,#10571,#10572);
#10574=PLANE('',#10573);
#10575=ORIENTED_EDGE('',*,*,#10562,.T.);
#10576=ORIENTED_EDGE('',*,*,#10518,.T.);
#10577=ORIENTED_EDGE('',*,*,#10478,.T.);
#10578=ORIENTED_EDGE('',*,*,#10548,.T.);
#10579=EDGE_LOOP('',(#10575,#10576,#10577,#10578));
#10580=FACE_OUTER_BOUND('',#10579,.F.);
#10581=ADVANCED_FACE('',(#10580),#10574,.F.);
#10582=CARTESIAN_POINT('',(2.465E0,1.65E-1,1.25E0));
#10583=DIRECTION('',(0.E0,0.E0,1.E0));
#10584=DIRECTION('',(-1.E0,0.E0,0.E0));
#10585=AXIS2_PLACEMENT_3D('',#10582,#10583,#10584);
#10586=CYLINDRICAL_SURFACE('',#10585,6.5E-2);
#10587=ORIENTED_EDGE('',*,*,#10532,.F.);
#10588=ORIENTED_EDGE('',*,*,#10552,.T.);
#10589=ORIENTED_EDGE('',*,*,#10500,.T.);
#10590=ORIENTED_EDGE('',*,*,#10514,.F.);
#10591=EDGE_LOOP('',(#10587,#10588,#10589,#10590));
#10592=FACE_OUTER_BOUND('',#10591,.F.);
#10593=ADVANCED_FACE('',(#10592),#10586,.F.);
#10594=CLOSED_SHELL('',(#10484,#10506,#10524,#10539,#10556,#10569,#10581,
#10593));
#10595=MANIFOLD_SOLID_BREP('',#10594);
#10596=FILL_AREA_STYLE_COLOUR('',#8022);
#10597=FILL_AREA_STYLE('',(#10596));
#10598=SURFACE_STYLE_FILL_AREA(#10597);
#10599=SURFACE_SIDE_STYLE('',(#10598));
#10600=SURFACE_STYLE_USAGE(.POSITIVE.,#10599);
#10601=PRESENTATION_STYLE_ASSIGNMENT((#10600));
#10316=STYLED_ITEM('',(#10601),#10595);
#10603=DIRECTION('',(0.E0,0.E0,1.E0));
#10604=VECTOR('',#10603,2.5E-1);
#10605=CARTESIAN_POINT('',(2.5E0,0.E0,8.75E-1));
#10606=LINE('',#10605,#10604);
#10607=CURVE_STYLE('',#48,POSITIVE_LENGTH_MEASURE(2.E-2),#8022);
#10608=PRESENTATION_STYLE_ASSIGNMENT((#10607));
#10609=STYLED_ITEM('',(#10608),#10606);
#10610=DIRECTION('',(-1.E0,0.E0,0.E0));
#10611=VECTOR('',#10610,4.E-1);
#10612=CARTESIAN_POINT('',(2.5E0,0.E0,1.125E0));
#10613=LINE('',#10612,#10611);
#10614=CURVE_STYLE('',#48,POSITIVE_LENGTH_MEASURE(2.E-2),#8022);
#10615=PRESENTATION_STYLE_ASSIGNMENT((#10614));
#10616=STYLED_ITEM('',(#10615),#10613);
#10617=DIRECTION('',(0.E0,0.E0,1.E0));
#10618=VECTOR('',#10617,2.940910976998E-1);
#10619=CARTESIAN_POINT('',(2.5E0,1.102277442495E-1,8.529544511501E-1));
#10620=LINE('',#10619,#10618);
#10621=CURVE_STYLE('',#48,POSITIVE_LENGTH_MEASURE(2.E-2),#8022);
#10622=PRESENTATION_STYLE_ASSIGNMENT((#10621));
#10623=STYLED_ITEM('',(#10622),#10620);
#10624=DIRECTION('',(0.E0,-9.805806756909E-1,-1.961161351382E-1));
#10625=VECTOR('',#10624,8.660139477545E-2);
#10626=CARTESIAN_POINT('',(2.48E0,1.017544467966E-1,1.145350889359E0));
#10627=LINE('',#10626,#10625);
#10628=CURVE_STYLE('',#48,POSITIVE_LENGTH_MEASURE(2.E-2),#8022);
#10629=PRESENTATION_STYLE_ASSIGNMENT((#10628));
#10630=STYLED_ITEM('',(#10629),#10627);
#10631=CARTESIAN_POINT('',(2.48E0,1.017544467966E-1,1.145350889359E0));
#10632=CARTESIAN_POINT('',(2.487162148159E0,1.034530993807E-1,
1.145690619876E0));
#10633=CARTESIAN_POINT('',(2.493826490790E0,1.062828122876E-1,
1.146256562458E0));
#10634=CARTESIAN_POINT('',(2.5E0,1.102277442495E-1,1.147045548850E0));
#10636=CURVE_STYLE('',#48,POSITIVE_LENGTH_MEASURE(2.E-2),#8022);
#10637=PRESENTATION_STYLE_ASSIGNMENT((#10636));
#10638=STYLED_ITEM('',(#10637),#10635);
#10639=DIRECTION('',(0.E0,-9.805806756909E-1,-1.961161351382E-1));
#10640=VECTOR('',#10639,1.124106837735E-1);
#10641=CARTESIAN_POINT('',(2.5E0,1.102277442495E-1,1.147045548850E0));
#10642=LINE('',#10641,#10640);
#10643=CURVE_STYLE('',#48,POSITIVE_LENGTH_MEASURE(2.E-2),#8022);
#10644=PRESENTATION_STYLE_ASSIGNMENT((#10643));
#10645=STYLED_ITEM('',(#10644),#10642);
#10646=DIRECTION('',(1.E0,0.E0,0.E0));
#10647=VECTOR('',#10646,3.8E-1);
#10648=CARTESIAN_POINT('',(2.1E0,1.683479259195E-2,1.128366958518E0));
#10649=LINE('',#10648,#10647);
#10650=CURVE_STYLE('',#48,POSITIVE_LENGTH_MEASURE(2.E-2),#8022);
#10651=PRESENTATION_STYLE_ASSIGNMENT((#10650));
#10652=STYLED_ITEM('',(#10651),#10649);
#10653=DIRECTION('',(0.E0,0.E0,-1.E0));
#10654=VECTOR('',#10653,2.567339170368E-1);
#10655=CARTESIAN_POINT('',(2.48E0,1.683479259195E-2,1.128366958518E0));
#10656=LINE('',#10655,#10654);
#10657=CURVE_STYLE('',#48,POSITIVE_LENGTH_MEASURE(2.E-2),#8022);
#10658=PRESENTATION_STYLE_ASSIGNMENT((#10657));
#10659=STYLED_ITEM('',(#10658),#10656);
#10660=DIRECTION('',(0.E0,-9.805806756909E-1,1.961161351382E-1));
#10661=VECTOR('',#10660,8.660139477545E-2);
#10662=CARTESIAN_POINT('',(2.48E0,1.017544467966E-1,8.546491106407E-1));
#10663=LINE('',#10662,#10661);
#10664=CURVE_STYLE('',#48,POSITIVE_LENGTH_MEASURE(2.E-2),#8022);
#10665=PRESENTATION_STYLE_ASSIGNMENT((#10664));
#10666=STYLED_ITEM('',(#10665),#10663);
#10667=DIRECTION('',(1.E0,0.E0,0.E0));
#10668=VECTOR('',#10667,3.8E-1);
#10669=CARTESIAN_POINT('',(2.1E0,1.683479259195E-2,8.716330414816E-1));
#10670=LINE('',#10669,#10668);
#10671=CURVE_STYLE('',#48,POSITIVE_LENGTH_MEASURE(2.E-2),#8022);
#10672=PRESENTATION_STYLE_ASSIGNMENT((#10671));
#10673=STYLED_ITEM('',(#10672),#10670);
#10674=DIRECTION('',(-1.E0,0.E0,0.E0));
#10675=VECTOR('',#10674,4.E-1);
#10676=CARTESIAN_POINT('',(2.5E0,0.E0,8.75E-1));
#10677=LINE('',#10676,#10675);
#10678=CURVE_STYLE('',#48,POSITIVE_LENGTH_MEASURE(2.E-2),#8022);
#10679=PRESENTATION_STYLE_ASSIGNMENT((#10678));
#10680=STYLED_ITEM('',(#10679),#10677);
#10681=DIRECTION('',(0.E0,9.805806756909E-1,-1.961161351382E-1));
#10682=VECTOR('',#10681,1.124106837735E-1);
#10683=CARTESIAN_POINT('',(2.5E0,0.E0,8.75E-1));
#10684=LINE('',#10683,#10682);
#10685=CURVE_STYLE('',#48,POSITIVE_LENGTH_MEASURE(2.E-2),#8022);
#10686=PRESENTATION_STYLE_ASSIGNMENT((#10685));
#10687=STYLED_ITEM('',(#10686),#10684);
#10688=CARTESIAN_POINT('',(2.48E0,1.017544467966E-1,8.546491106407E-1));
#10689=CARTESIAN_POINT('',(2.487162148159E0,1.034530993807E-1,
8.543093801239E-1));
#10690=CARTESIAN_POINT('',(2.493826490790E0,1.062828122876E-1,
8.537434375425E-1));
#10691=CARTESIAN_POINT('',(2.5E0,1.102277442495E-1,8.529544511501E-1));
#10693=CURVE_STYLE('',#48,POSITIVE_LENGTH_MEASURE(2.E-2),#8022);
#10694=PRESENTATION_STYLE_ASSIGNMENT((#10693));
#10695=STYLED_ITEM('',(#10694),#10692);
#10696=DIRECTION('',(0.E0,0.E0,1.E0));
#10697=VECTOR('',#10696,2.567339170368E-1);
#10698=CARTESIAN_POINT('',(2.1E0,1.683479259195E-2,8.716330414816E-1));
#10699=LINE('',#10698,#10697);
#10700=CURVE_STYLE('',#48,POSITIVE_LENGTH_MEASURE(2.E-2),#8022);
#10701=PRESENTATION_STYLE_ASSIGNMENT((#10700));
#10702=STYLED_ITEM('',(#10701),#10699);
#10703=DIRECTION('',(0.E0,-9.805806756909E-1,-1.961161351382E-1));
#10704=VECTOR('',#10703,1.716818718673E-2);
#10705=CARTESIAN_POINT('',(2.1E0,1.683479259195E-2,1.128366958518E0));
#10706=LINE('',#10705,#10704);
#10707=CURVE_STYLE('',#48,POSITIVE_LENGTH_MEASURE(2.E-2),#8022);
#10708=PRESENTATION_STYLE_ASSIGNMENT((#10707));
#10709=STYLED_ITEM('',(#10708),#10706);
#10710=DIRECTION('',(0.E0,0.E0,-1.E0));
#10711=VECTOR('',#10710,2.5E-1);
#10712=CARTESIAN_POINT('',(2.1E0,0.E0,1.125E0));
#10713=LINE('',#10712,#10711);
#10714=CURVE_STYLE('',#48,POSITIVE_LENGTH_MEASURE(2.E-2),#8022);
#10715=PRESENTATION_STYLE_ASSIGNMENT((#10714));
#10716=STYLED_ITEM('',(#10715),#10713);
#10717=DIRECTION('',(0.E0,9.805806756909E-1,-1.961161351382E-1));
#10718=VECTOR('',#10717,1.716818718673E-2);
#10719=CARTESIAN_POINT('',(2.1E0,0.E0,8.75E-1));
#10720=LINE('',#10719,#10718);
#10721=CURVE_STYLE('',#48,POSITIVE_LENGTH_MEASURE(2.E-2),#8022);
#10722=PRESENTATION_STYLE_ASSIGNMENT((#10721));
#10723=STYLED_ITEM('',(#10722),#10720);
#10724=DIRECTION('',(0.E0,0.E0,1.E0));
#10725=VECTOR('',#10724,2.907017787187E-1);
#10726=CARTESIAN_POINT('',(2.48E0,1.017544467966E-1,8.546491106407E-1));
#10727=LINE('',#10726,#10725);
#10728=CURVE_STYLE('',#48,POSITIVE_LENGTH_MEASURE(2.E-2),#8022);
#10729=PRESENTATION_STYLE_ASSIGNMENT((#10728));
#10730=STYLED_ITEM('',(#10729),#10727);
#10731=CARTESIAN_POINT('',(2.1E0,0.E0,1.125E0));
#10732=CARTESIAN_POINT('',(2.1E0,0.E0,8.75E-1));
#10733=VERTEX_POINT('',#10731);
#10734=VERTEX_POINT('',#10732);
#10735=CARTESIAN_POINT('',(2.5E0,0.E0,8.75E-1));
#10736=CARTESIAN_POINT('',(2.5E0,0.E0,1.125E0));
#10737=VERTEX_POINT('',#10735);
#10738=VERTEX_POINT('',#10736);
#10739=CARTESIAN_POINT('',(2.5E0,1.102277442495E-1,8.529544511501E-1));
#10740=VERTEX_POINT('',#10739);
#10741=CARTESIAN_POINT('',(2.5E0,1.102277442495E-1,1.147045548850E0));
#10742=VERTEX_POINT('',#10741);
#10743=CARTESIAN_POINT('',(2.1E0,1.683479259195E-2,8.716330414816E-1));
#10744=CARTESIAN_POINT('',(2.1E0,1.683479259195E-2,1.128366958518E0));
#10745=VERTEX_POINT('',#10743);
#10746=VERTEX_POINT('',#10744);
#10747=CARTESIAN_POINT('',(2.48E0,1.017544467966E-1,8.546491106407E-1));
#10748=CARTESIAN_POINT('',(2.48E0,1.683479259195E-2,8.716330414816E-1));
#10749=VERTEX_POINT('',#10747);
#10750=VERTEX_POINT('',#10748);
#10751=CARTESIAN_POINT('',(2.48E0,1.017544467966E-1,1.145350889359E0));
#10752=CARTESIAN_POINT('',(2.48E0,1.683479259195E-2,1.128366958518E0));
#10753=VERTEX_POINT('',#10751);
#10754=VERTEX_POINT('',#10752);
#10755=CARTESIAN_POINT('',(0.E0,0.E0,0.E0));
#10756=DIRECTION('',(0.E0,1.E0,0.E0));
#10757=DIRECTION('',(1.E0,0.E0,0.E0));
#10758=AXIS2_PLACEMENT_3D('',#10755,#10756,#10757);
#10759=PLANE('',#10758);
#10761=ORIENTED_EDGE('',*,*,#10760,.F.);
#10763=ORIENTED_EDGE('',*,*,#10762,.T.);
#10765=ORIENTED_EDGE('',*,*,#10764,.F.);
#10767=ORIENTED_EDGE('',*,*,#10766,.F.);
#10768=EDGE_LOOP('',(#10761,#10763,#10765,#10767));
#10769=FACE_OUTER_BOUND('',#10768,.F.);
#10770=ADVANCED_FACE('',(#10769),#10759,.F.);
#10771=FILL_AREA_STYLE_COLOUR('',#8021);
#10772=FILL_AREA_STYLE('',(#10771));
#10773=SURFACE_STYLE_FILL_AREA(#10772);
#10774=SURFACE_SIDE_STYLE('',(#10773));
#10775=SURFACE_STYLE_USAGE(.NEGATIVE.,#10774);
#10776=PRESENTATION_STYLE_ASSIGNMENT((#10775));
#10777=OVER_RIDING_STYLED_ITEM('',(#10776),#10770,#10602);
#10778=CARTESIAN_POINT('',(2.5E0,2.E-1,-2.E0));
#10779=DIRECTION('',(-1.E0,0.E0,0.E0));
#10780=DIRECTION('',(0.E0,0.E0,1.E0));
#10781=AXIS2_PLACEMENT_3D('',#10778,#10779,#10780);
#10782=PLANE('',#10781);
#10783=ORIENTED_EDGE('',*,*,#10760,.T.);
#10785=ORIENTED_EDGE('',*,*,#10784,.F.);
#10787=ORIENTED_EDGE('',*,*,#10786,.F.);
#10789=ORIENTED_EDGE('',*,*,#10788,.F.);
#10790=EDGE_LOOP('',(#10783,#10785,#10787,#10789));
#10791=FACE_OUTER_BOUND('',#10790,.F.);
#10792=ADVANCED_FACE('',(#10791),#10782,.F.);
#10793=CARTESIAN_POINT('',(2.55E0,2.E-1,1.165E0));
#10794=DIRECTION('',(0.E0,1.961161351382E-1,-9.805806756909E-1));
#10795=DIRECTION('',(0.E0,-9.805806756909E-1,-1.961161351382E-1));
#10796=AXIS2_PLACEMENT_3D('',#10793,#10794,#10795);
#10797=PLANE('',#10796);
#10799=ORIENTED_EDGE('',*,*,#10798,.F.);
#10801=ORIENTED_EDGE('',*,*,#10800,.T.);
#10802=ORIENTED_EDGE('',*,*,#10784,.T.);
#10803=ORIENTED_EDGE('',*,*,#10766,.T.);
#10805=ORIENTED_EDGE('',*,*,#10804,.F.);
#10807=ORIENTED_EDGE('',*,*,#10806,.T.);
#10808=EDGE_LOOP('',(#10799,#10801,#10802,#10803,#10805,#10807));
#10809=FACE_OUTER_BOUND('',#10808,.F.);
#10810=ADVANCED_FACE('',(#10809),#10797,.F.);
#10811=CARTESIAN_POINT('',(2.48E0,0.E0,0.E0));
#10812=DIRECTION('',(1.E0,0.E0,0.E0));
#10813=DIRECTION('',(0.E0,0.E0,-1.E0));
#10814=AXIS2_PLACEMENT_3D('',#10811,#10812,#10813);
#10815=PLANE('',#10814);
#10817=ORIENTED_EDGE('',*,*,#10816,.F.);
#10819=ORIENTED_EDGE('',*,*,#10818,.T.);
#10820=ORIENTED_EDGE('',*,*,#10798,.T.);
#10822=ORIENTED_EDGE('',*,*,#10821,.T.);
#10823=EDGE_LOOP('',(#10817,#10819,#10820,#10822));
#10824=FACE_OUTER_BOUND('',#10823,.F.);
#10825=ADVANCED_FACE('',(#10824),#10815,.F.);
#10826=CARTESIAN_POINT('',(2.55E0,0.E0,8.75E-1));
#10827=DIRECTION('',(0.E0,1.961161351382E-1,9.805806756909E-1));
#10828=DIRECTION('',(0.E0,9.805806756909E-1,-1.961161351382E-1));
#10829=AXIS2_PLACEMENT_3D('',#10826,#10827,#10828);
#10830=PLANE('',#10829);
#10831=ORIENTED_EDGE('',*,*,#10816,.T.);
#10833=ORIENTED_EDGE('',*,*,#10832,.F.);
#10835=ORIENTED_EDGE('',*,*,#10834,.F.);
#10836=ORIENTED_EDGE('',*,*,#10762,.F.);
#10837=ORIENTED_EDGE('',*,*,#10788,.T.);
#10839=ORIENTED_EDGE('',*,*,#10838,.F.);
#10840=EDGE_LOOP('',(#10831,#10833,#10835,#10836,#10837,#10839));
#10841=FACE_OUTER_BOUND('',#10840,.F.);
#10842=ADVANCED_FACE('',(#10841),#10830,.F.);
#10843=CARTESIAN_POINT('',(-2.48E0,1.683479259195E-2,1.980481988881E0));
#10844=DIRECTION('',(0.E0,-1.E0,0.E0));
#10845=DIRECTION('',(0.E0,0.E0,-1.E0));
#10846=AXIS2_PLACEMENT_3D('',#10843,#10844,#10845);
#10847=PLANE('',#10846);
#10849=ORIENTED_EDGE('',*,*,#10848,.F.);
#10850=ORIENTED_EDGE('',*,*,#10832,.T.);
#10851=ORIENTED_EDGE('',*,*,#10821,.F.);
#10852=ORIENTED_EDGE('',*,*,#10806,.F.);
#10853=EDGE_LOOP('',(#10849,#10850,#10851,#10852));
#10854=FACE_OUTER_BOUND('',#10853,.F.);
#10855=ADVANCED_FACE('',(#10854),#10847,.F.);
#10856=CARTESIAN_POINT('',(2.1E0,0.E0,0.E0));
#10857=DIRECTION('',(1.E0,0.E0,0.E0));
#10858=DIRECTION('',(0.E0,0.E0,1.E0));
#10859=AXIS2_PLACEMENT_3D('',#10856,#10857,#10858);
#10860=PLANE('',#10859);
#10861=ORIENTED_EDGE('',*,*,#10848,.T.);
#10862=ORIENTED_EDGE('',*,*,#10804,.T.);
#10863=ORIENTED_EDGE('',*,*,#10764,.T.);
#10864=ORIENTED_EDGE('',*,*,#10834,.T.);
#10865=EDGE_LOOP('',(#10861,#10862,#10863,#10864));
#10866=FACE_OUTER_BOUND('',#10865,.F.);
#10867=ADVANCED_FACE('',(#10866),#10860,.F.);
#10868=CARTESIAN_POINT('',(2.465E0,1.65E-1,1.25E0));
#10869=DIRECTION('',(0.E0,0.E0,1.E0));
#10870=DIRECTION('',(-1.E0,0.E0,0.E0));
#10871=AXIS2_PLACEMENT_3D('',#10868,#10869,#10870);
#10872=CYLINDRICAL_SURFACE('',#10871,6.5E-2);
#10873=ORIENTED_EDGE('',*,*,#10818,.F.);
#10874=ORIENTED_EDGE('',*,*,#10838,.T.);
#10875=ORIENTED_EDGE('',*,*,#10786,.T.);
#10876=ORIENTED_EDGE('',*,*,#10800,.F.);
#10877=EDGE_LOOP('',(#10873,#10874,#10875,#10876));
#10878=FACE_OUTER_BOUND('',#10877,.F.);
#10879=ADVANCED_FACE('',(#10878),#10872,.F.);
#10880=CLOSED_SHELL('',(#10770,#10792,#10810,#10825,#10842,#10855,#10867,
#10879));
#10881=MANIFOLD_SOLID_BREP('',#10880);
#10882=FILL_AREA_STYLE_COLOUR('',#8022);
#10883=FILL_AREA_STYLE('',(#10882));
#10884=SURFACE_STYLE_FILL_AREA(#10883);
#10885=SURFACE_SIDE_STYLE('',(#10884));
#10886=SURFACE_STYLE_USAGE(.POSITIVE.,#10885);
#10887=PRESENTATION_STYLE_ASSIGNMENT((#10886));
#10602=STYLED_ITEM('',(#10887),#10881);
#10889=DIRECTION('',(1.E0,0.E0,0.E0));
#10890=VECTOR('',#10889,2.5E-1);
#10891=CARTESIAN_POINT('',(1.375E0,0.E0,-2.E0));
#10892=LINE('',#10891,#10890);
#10893=CURVE_STYLE('',#48,POSITIVE_LENGTH_MEASURE(2.E-2),#8022);
#10894=PRESENTATION_STYLE_ASSIGNMENT((#10893));
#10895=STYLED_ITEM('',(#10894),#10892);
#10896=DIRECTION('',(0.E0,0.E0,1.E0));
#10897=VECTOR('',#10896,4.E-1);
#10898=CARTESIAN_POINT('',(1.375E0,0.E0,-2.E0));
#10899=LINE('',#10898,#10897);
#10900=CURVE_STYLE('',#48,POSITIVE_LENGTH_MEASURE(2.E-2),#8022);
#10901=PRESENTATION_STYLE_ASSIGNMENT((#10900));
#10902=STYLED_ITEM('',(#10901),#10899);
#10903=DIRECTION('',(1.E0,0.E0,0.E0));
#10904=VECTOR('',#10903,2.940910976998E-1);
#10905=CARTESIAN_POINT('',(1.352954451150E0,1.102277442495E-1,-2.E0));
#10906=LINE('',#10905,#10904);
#10907=CURVE_STYLE('',#48,POSITIVE_LENGTH_MEASURE(2.E-2),#8022);
#10908=PRESENTATION_STYLE_ASSIGNMENT((#10907));
#10909=STYLED_ITEM('',(#10908),#10906);
#10910=DIRECTION('',(0.E0,0.E0,-1.E0));
#10911=VECTOR('',#10910,3.806566000080E-1);
#10912=CARTESIAN_POINT('',(1.628366958518E0,1.683479259195E-2,-1.6E0));
#10913=LINE('',#10912,#10911);
#10914=CURVE_STYLE('',#48,POSITIVE_LENGTH_MEASURE(2.E-2),#8022);
#10915=PRESENTATION_STYLE_ASSIGNMENT((#10914));
#10916=STYLED_ITEM('',(#10915),#10913);
#10917=DIRECTION('',(-1.961161351382E-1,-9.805806756909E-1,0.E0));
#10918=VECTOR('',#10917,8.676388564261E-2);
#10919=CARTESIAN_POINT('',(1.645382756440E0,1.019137822009E-1,
-1.980656600008E0));
#10920=LINE('',#10919,#10918);
#10921=CURVE_STYLE('',#48,POSITIVE_LENGTH_MEASURE(2.E-2),#8022);
#10922=PRESENTATION_STYLE_ASSIGNMENT((#10921));
#10923=STYLED_ITEM('',(#10922),#10920);
#10924=CARTESIAN_POINT('',(1.645382756440E0,1.019137822009E-1,
-1.980656600008E0));
#10925=CARTESIAN_POINT('',(1.645726163814E0,1.036308190701E-1,
-1.987575175040E0));
#10926=CARTESIAN_POINT('',(1.646281397011E0,1.064069850565E-1,
-1.994020811438E0));
#10927=CARTESIAN_POINT('',(1.647045548850E0,1.102277442495E-1,-2.E0));
#10929=CURVE_STYLE('',#48,POSITIVE_LENGTH_MEASURE(2.E-2),#8022);
#10930=PRESENTATION_STYLE_ASSIGNMENT((#10929));
#10931=STYLED_ITEM('',(#10930),#10928);
#10932=DIRECTION('',(1.961161351382E-1,9.805806756909E-1,0.E0));
#10933=VECTOR('',#10932,1.124106837735E-1);
#10934=CARTESIAN_POINT('',(1.625E0,0.E0,-2.E0));
#10935=LINE('',#10934,#10933);
#10936=CURVE_STYLE('',#48,POSITIVE_LENGTH_MEASURE(2.E-2),#8022);
#10937=PRESENTATION_STYLE_ASSIGNMENT((#10936));
#10938=STYLED_ITEM('',(#10937),#10935);
#10939=DIRECTION('',(0.E0,0.E0,1.E0));
#10940=VECTOR('',#10939,4.E-1);
#10941=CARTESIAN_POINT('',(1.625E0,0.E0,-2.E0));
#10942=LINE('',#10941,#10940);
#10943=CURVE_STYLE('',#48,POSITIVE_LENGTH_MEASURE(2.E-2),#8022);
#10944=PRESENTATION_STYLE_ASSIGNMENT((#10943));
#10945=STYLED_ITEM('',(#10944),#10942);
#10946=DIRECTION('',(-1.E0,0.E0,0.E0));
#10947=VECTOR('',#10946,2.567339170368E-1);
#10948=CARTESIAN_POINT('',(1.628366958518E0,1.683479259195E-2,-1.6E0));
#10949=LINE('',#10948,#10947);
#10950=CURVE_STYLE('',#48,POSITIVE_LENGTH_MEASURE(2.E-2),#8022);
#10951=PRESENTATION_STYLE_ASSIGNMENT((#10950));
#10952=STYLED_ITEM('',(#10951),#10949);
#10953=DIRECTION('',(1.961161351382E-1,9.805806756909E-1,1.293349160922E-14));
#10954=VECTOR('',#10953,1.716818718673E-2);
#10955=CARTESIAN_POINT('',(1.625E0,0.E0,-1.6E0));
#10956=LINE('',#10955,#10954);
#10957=CURVE_STYLE('',#48,POSITIVE_LENGTH_MEASURE(2.E-2),#8022);
#10958=PRESENTATION_STYLE_ASSIGNMENT((#10957));
#10959=STYLED_ITEM('',(#10958),#10956);
#10960=DIRECTION('',(1.E0,0.E0,0.E0));
#10961=VECTOR('',#10960,2.5E-1);
#10962=CARTESIAN_POINT('',(1.375E0,0.E0,-1.6E0));
#10963=LINE('',#10962,#10961);
#10964=CURVE_STYLE('',#48,POSITIVE_LENGTH_MEASURE(2.E-2),#8022);
#10965=PRESENTATION_STYLE_ASSIGNMENT((#10964));
#10966=STYLED_ITEM('',(#10965),#10963);
#10967=DIRECTION('',(1.961161351382E-1,-9.805806756909E-1,-1.293349160922E-14));
#10968=VECTOR('',#10967,1.716818718673E-2);
#10969=CARTESIAN_POINT('',(1.371633041482E0,1.683479259195E-2,-1.6E0));
#10970=LINE('',#10969,#10968);
#10971=CURVE_STYLE('',#48,POSITIVE_LENGTH_MEASURE(2.E-2),#8022);
#10972=PRESENTATION_STYLE_ASSIGNMENT((#10971));
#10973=STYLED_ITEM('',(#10972),#10970);
#10974=DIRECTION('',(0.E0,0.E0,-1.E0));
#10975=VECTOR('',#10974,3.806566000080E-1);
#10976=CARTESIAN_POINT('',(1.371633041482E0,1.683479259195E-2,-1.6E0));
#10977=LINE('',#10976,#10975);
#10978=CURVE_STYLE('',#48,POSITIVE_LENGTH_MEASURE(2.E-2),#8022);
#10979=PRESENTATION_STYLE_ASSIGNMENT((#10978));
#10980=STYLED_ITEM('',(#10979),#10977);
#10981=DIRECTION('',(1.961161351382E-1,-9.805806756909E-1,0.E0));
#10982=VECTOR('',#10981,1.124106837735E-1);
#10983=CARTESIAN_POINT('',(1.352954451150E0,1.102277442495E-1,-2.E0));
#10984=LINE('',#10983,#10982);
#10985=CURVE_STYLE('',#48,POSITIVE_LENGTH_MEASURE(2.E-2),#8022);
#10986=PRESENTATION_STYLE_ASSIGNMENT((#10985));
#10987=STYLED_ITEM('',(#10986),#10984);
#10988=CARTESIAN_POINT('',(1.354617243560E0,1.019137822009E-1,
-1.980656600008E0));
#10989=CARTESIAN_POINT('',(1.354273836186E0,1.036308190701E-1,
-1.987575175040E0));
#10990=CARTESIAN_POINT('',(1.353718602989E0,1.064069850565E-1,
-1.994020811438E0));
#10991=CARTESIAN_POINT('',(1.352954451150E0,1.102277442495E-1,-2.E0));
#10993=CURVE_STYLE('',#48,POSITIVE_LENGTH_MEASURE(2.E-2),#8022);
#10994=PRESENTATION_STYLE_ASSIGNMENT((#10993));
#10995=STYLED_ITEM('',(#10994),#10992);
#10996=DIRECTION('',(1.961161351382E-1,-9.805806756909E-1,0.E0));
#10997=VECTOR('',#10996,8.676388564261E-2);
#10998=CARTESIAN_POINT('',(1.354617243560E0,1.019137822009E-1,
-1.980656600008E0));
#10999=LINE('',#10998,#10997);
#11000=CURVE_STYLE('',#48,POSITIVE_LENGTH_MEASURE(2.E-2),#8022);
#11001=PRESENTATION_STYLE_ASSIGNMENT((#11000));
#11002=STYLED_ITEM('',(#11001),#10999);
#11003=DIRECTION('',(1.E0,0.E0,0.E0));
#11004=VECTOR('',#11003,2.907655128804E-1);
#11005=CARTESIAN_POINT('',(1.354617243560E0,1.019137822009E-1,
-1.980656600008E0));
#11006=LINE('',#11005,#11004);
#11007=CURVE_STYLE('',#48,POSITIVE_LENGTH_MEASURE(2.E-2),#8022);
#11008=PRESENTATION_STYLE_ASSIGNMENT((#11007));
#11009=STYLED_ITEM('',(#11008),#11006);
#11010=DIRECTION('',(1.E0,0.E0,0.E0));
#11011=VECTOR('',#11010,2.567339170368E-1);
#11012=CARTESIAN_POINT('',(1.371633041482E0,1.683479259195E-2,
-1.980656600008E0));
#11013=LINE('',#11012,#11011);
#11014=CURVE_STYLE('',#48,POSITIVE_LENGTH_MEASURE(2.E-2),#8022);
#11015=PRESENTATION_STYLE_ASSIGNMENT((#11014));
#11016=STYLED_ITEM('',(#11015),#11013);
#11017=CARTESIAN_POINT('',(1.375E0,0.E0,-1.6E0));
#11018=CARTESIAN_POINT('',(1.625E0,0.E0,-1.6E0));
#11019=VERTEX_POINT('',#11017);
#11020=VERTEX_POINT('',#11018);
#11021=CARTESIAN_POINT('',(1.375E0,0.E0,-2.E0));
#11022=CARTESIAN_POINT('',(1.625E0,0.E0,-2.E0));
#11023=VERTEX_POINT('',#11021);
#11024=VERTEX_POINT('',#11022);
#11025=CARTESIAN_POINT('',(1.647045548850E0,1.102277442495E-1,-2.E0));
#11026=VERTEX_POINT('',#11025);
#11027=CARTESIAN_POINT('',(1.352954451150E0,1.102277442495E-1,-2.E0));
#11028=VERTEX_POINT('',#11027);
#11029=CARTESIAN_POINT('',(1.628366958518E0,1.683479259195E-2,-1.6E0));
#11030=CARTESIAN_POINT('',(1.371633041482E0,1.683479259195E-2,-1.6E0));
#11031=VERTEX_POINT('',#11029);
#11032=VERTEX_POINT('',#11030);
#11033=CARTESIAN_POINT('',(1.628366958518E0,1.683479259195E-2,
-1.980656600008E0));
#11034=VERTEX_POINT('',#11033);
#11035=CARTESIAN_POINT('',(1.645382756440E0,1.019137822009E-1,
-1.980656600008E0));
#11036=VERTEX_POINT('',#11035);
#11037=CARTESIAN_POINT('',(1.371633041482E0,1.683479259195E-2,
-1.980656600008E0));
#11038=VERTEX_POINT('',#11037);
#11039=CARTESIAN_POINT('',(1.354617243560E0,1.019137822009E-1,
-1.980656600008E0));
#11040=VERTEX_POINT('',#11039);
#11041=CARTESIAN_POINT('',(0.E0,0.E0,0.E0));
#11042=DIRECTION('',(0.E0,1.E0,0.E0));
#11043=DIRECTION('',(1.E0,0.E0,0.E0));
#11044=AXIS2_PLACEMENT_3D('',#11041,#11042,#11043);
#11045=PLANE('',#11044);
#11047=ORIENTED_EDGE('',*,*,#11046,.F.);
#11049=ORIENTED_EDGE('',*,*,#11048,.T.);
#11051=ORIENTED_EDGE('',*,*,#11050,.T.);
#11053=ORIENTED_EDGE('',*,*,#11052,.F.);
#11054=EDGE_LOOP('',(#11047,#11049,#11051,#11053));
#11055=FACE_OUTER_BOUND('',#11054,.F.);
#11056=ADVANCED_FACE('',(#11055),#11045,.F.);
#11057=FILL_AREA_STYLE_COLOUR('',#8021);
#11058=FILL_AREA_STYLE('',(#11057));
#11059=SURFACE_STYLE_FILL_AREA(#11058);
#11060=SURFACE_SIDE_STYLE('',(#11059));
#11061=SURFACE_STYLE_USAGE(.NEGATIVE.,#11060);
#11062=PRESENTATION_STYLE_ASSIGNMENT((#11061));
#11063=OVER_RIDING_STYLED_ITEM('',(#11062),#11056,#10888);
#11064=CARTESIAN_POINT('',(-2.5E0,2.E-1,-2.E0));
#11065=DIRECTION('',(0.E0,0.E0,1.E0));
#11066=DIRECTION('',(1.E0,0.E0,0.E0));
#11067=AXIS2_PLACEMENT_3D('',#11064,#11065,#11066);
#11068=PLANE('',#11067);
#11069=ORIENTED_EDGE('',*,*,#11046,.T.);
#11071=ORIENTED_EDGE('',*,*,#11070,.T.);
#11073=ORIENTED_EDGE('',*,*,#11072,.F.);
#11075=ORIENTED_EDGE('',*,*,#11074,.T.);
#11076=EDGE_LOOP('',(#11069,#11071,#11073,#11075));
#11077=FACE_OUTER_BOUND('',#11076,.F.);
#11078=ADVANCED_FACE('',(#11077),#11068,.F.);
#11079=CARTESIAN_POINT('',(1.625E0,0.E0,-2.05E0));
#11080=DIRECTION('',(9.805806756909E-1,-1.961161351382E-1,0.E0));
#11081=DIRECTION('',(1.961161351382E-1,9.805806756909E-1,0.E0));
#11082=AXIS2_PLACEMENT_3D('',#11079,#11080,#11081);
#11083=PLANE('',#11082);
#11085=ORIENTED_EDGE('',*,*,#11084,.T.);
#11087=ORIENTED_EDGE('',*,*,#11086,.F.);
#11089=ORIENTED_EDGE('',*,*,#11088,.T.);
#11090=ORIENTED_EDGE('',*,*,#11070,.F.);
#11091=ORIENTED_EDGE('',*,*,#11052,.T.);
#11093=ORIENTED_EDGE('',*,*,#11092,.T.);
#11094=EDGE_LOOP('',(#11085,#11087,#11089,#11090,#11091,#11093));
#11095=FACE_OUTER_BOUND('',#11094,.F.);
#11096=ADVANCED_FACE('',(#11095),#11083,.T.);
#11097=CARTESIAN_POINT('',(-2.48E0,1.683479259195E-2,1.980481988881E0));
#11098=DIRECTION('',(0.E0,-1.E0,0.E0));
#11099=DIRECTION('',(0.E0,0.E0,-1.E0));
#11100=AXIS2_PLACEMENT_3D('',#11097,#11098,#11099);
#11101=PLANE('',#11100);
#11103=ORIENTED_EDGE('',*,*,#11102,.T.);
#11105=ORIENTED_EDGE('',*,*,#11104,.T.);
#11107=ORIENTED_EDGE('',*,*,#11106,.T.);
#11108=ORIENTED_EDGE('',*,*,#11084,.F.);
#11109=EDGE_LOOP('',(#11103,#11105,#11107,#11108));
#11110=FACE_OUTER_BOUND('',#11109,.F.);
#11111=ADVANCED_FACE('',(#11110),#11101,.F.);
#11112=CARTESIAN_POINT('',(0.E0,0.E0,-1.6E0));
#11113=DIRECTION('',(0.E0,0.E0,1.E0));
#11114=DIRECTION('',(-1.E0,0.E0,0.E0));
#11115=AXIS2_PLACEMENT_3D('',#11112,#11113,#11114);
#11116=PLANE('',#11115);
#11117=ORIENTED_EDGE('',*,*,#11102,.F.);
#11118=ORIENTED_EDGE('',*,*,#11092,.F.);
#11119=ORIENTED_EDGE('',*,*,#11050,.F.);
#11121=ORIENTED_EDGE('',*,*,#11120,.F.);
#11122=EDGE_LOOP('',(#11117,#11118,#11119,#11121));
#11123=FACE_OUTER_BOUND('',#11122,.F.);
#11124=ADVANCED_FACE('',(#11123),#11116,.T.);
#11125=CARTESIAN_POINT('',(1.335E0,2.E-1,-2.05E0));
#11126=DIRECTION('',(-9.805806756909E-1,-1.961161351382E-1,0.E0));
#11127=DIRECTION('',(1.961161351382E-1,-9.805806756909E-1,0.E0));
#11128=AXIS2_PLACEMENT_3D('',#11125,#11126,#11127);
#11129=PLANE('',#11128);
#11130=ORIENTED_EDGE('',*,*,#11104,.F.);
#11131=ORIENTED_EDGE('',*,*,#11120,.T.);
#11132=ORIENTED_EDGE('',*,*,#11048,.F.);
#11133=ORIENTED_EDGE('',*,*,#11074,.F.);
#11135=ORIENTED_EDGE('',*,*,#11134,.F.);
#11137=ORIENTED_EDGE('',*,*,#11136,.T.);
#11138=EDGE_LOOP('',(#11130,#11131,#11132,#11133,#11135,#11137));
#11139=FACE_OUTER_BOUND('',#11138,.F.);
#11140=ADVANCED_FACE('',(#11139),#11129,.T.);
#11141=CARTESIAN_POINT('',(1.75E0,1.65E-1,-1.965E0));
#11142=DIRECTION('',(1.E0,0.E0,0.E0));
#11143=DIRECTION('',(0.E0,0.E0,1.E0));
#11144=AXIS2_PLACEMENT_3D('',#11141,#11142,#11143);
#11145=CYLINDRICAL_SURFACE('',#11144,6.5E-2);
#11147=ORIENTED_EDGE('',*,*,#11146,.F.);
#11148=ORIENTED_EDGE('',*,*,#11134,.T.);
#11149=ORIENTED_EDGE('',*,*,#11072,.T.);
#11150=ORIENTED_EDGE('',*,*,#11088,.F.);
#11151=EDGE_LOOP('',(#11147,#11148,#11149,#11150));
#11152=FACE_OUTER_BOUND('',#11151,.F.);
#11153=ADVANCED_FACE('',(#11152),#11145,.F.);
#11154=CARTESIAN_POINT('',(-2.48E0,1.683479259195E-2,-1.980656600008E0));
#11155=DIRECTION('',(0.E0,0.E0,-1.E0));
#11156=DIRECTION('',(0.E0,1.E0,0.E0));
#11157=AXIS2_PLACEMENT_3D('',#11154,#11155,#11156);
#11158=PLANE('',#11157);
#11159=ORIENTED_EDGE('',*,*,#11086,.T.);
#11160=ORIENTED_EDGE('',*,*,#11106,.F.);
#11161=ORIENTED_EDGE('',*,*,#11136,.F.);
#11162=ORIENTED_EDGE('',*,*,#11146,.T.);
#11163=EDGE_LOOP('',(#11159,#11160,#11161,#11162));
#11164=FACE_OUTER_BOUND('',#11163,.F.);
#11165=ADVANCED_FACE('',(#11164),#11158,.F.);
#11166=CLOSED_SHELL('',(#11056,#11078,#11096,#11111,#11124,#11140,#11153,
#11165));
#11167=MANIFOLD_SOLID_BREP('',#11166);
#11168=FILL_AREA_STYLE_COLOUR('',#8022);
#11169=FILL_AREA_STYLE('',(#11168));
#11170=SURFACE_STYLE_FILL_AREA(#11169);
#11171=SURFACE_SIDE_STYLE('',(#11170));
#11172=SURFACE_STYLE_USAGE(.POSITIVE.,#11171);
#11173=PRESENTATION_STYLE_ASSIGNMENT((#11172));
#10888=STYLED_ITEM('',(#11173),#11167);
#11175=DIRECTION('',(1.E0,0.E0,0.E0));
#11176=VECTOR('',#11175,2.5E-1);
#11177=CARTESIAN_POINT('',(8.75E-1,0.E0,-2.E0));
#11178=LINE('',#11177,#11176);
#11179=CURVE_STYLE('',#48,POSITIVE_LENGTH_MEASURE(2.E-2),#8022);
#11180=PRESENTATION_STYLE_ASSIGNMENT((#11179));
#11181=STYLED_ITEM('',(#11180),#11178);
#11182=DIRECTION('',(0.E0,0.E0,1.E0));
#11183=VECTOR('',#11182,4.E-1);
#11184=CARTESIAN_POINT('',(8.75E-1,0.E0,-2.E0));
#11185=LINE('',#11184,#11183);
#11186=CURVE_STYLE('',#48,POSITIVE_LENGTH_MEASURE(2.E-2),#8022);
#11187=PRESENTATION_STYLE_ASSIGNMENT((#11186));
#11188=STYLED_ITEM('',(#11187),#11185);
#11189=DIRECTION('',(1.E0,0.E0,0.E0));
#11190=VECTOR('',#11189,2.940910976998E-1);
#11191=CARTESIAN_POINT('',(8.529544511501E-1,1.102277442495E-1,-2.E0));
#11192=LINE('',#11191,#11190);
#11193=CURVE_STYLE('',#48,POSITIVE_LENGTH_MEASURE(2.E-2),#8022);
#11194=PRESENTATION_STYLE_ASSIGNMENT((#11193));
#11195=STYLED_ITEM('',(#11194),#11192);
#11196=DIRECTION('',(0.E0,0.E0,-1.E0));
#11197=VECTOR('',#11196,3.806566000080E-1);
#11198=CARTESIAN_POINT('',(1.128366958518E0,1.683479259195E-2,-1.6E0));
#11199=LINE('',#11198,#11197);
#11200=CURVE_STYLE('',#48,POSITIVE_LENGTH_MEASURE(2.E-2),#8022);
#11201=PRESENTATION_STYLE_ASSIGNMENT((#11200));
#11202=STYLED_ITEM('',(#11201),#11199);
#11203=DIRECTION('',(-1.961161351382E-1,-9.805806756909E-1,0.E0));
#11204=VECTOR('',#11203,8.676388564261E-2);
#11205=CARTESIAN_POINT('',(1.145382756440E0,1.019137822009E-1,
-1.980656600008E0));
#11206=LINE('',#11205,#11204);
#11207=CURVE_STYLE('',#48,POSITIVE_LENGTH_MEASURE(2.E-2),#8022);
#11208=PRESENTATION_STYLE_ASSIGNMENT((#11207));
#11209=STYLED_ITEM('',(#11208),#11206);
#11210=CARTESIAN_POINT('',(1.145382756440E0,1.019137822009E-1,
-1.980656600008E0));
#11211=CARTESIAN_POINT('',(1.145726163814E0,1.036308190701E-1,
-1.987575175040E0));
#11212=CARTESIAN_POINT('',(1.146281397011E0,1.064069850565E-1,
-1.994020811438E0));
#11213=CARTESIAN_POINT('',(1.147045548850E0,1.102277442495E-1,-2.E0));
#11215=CURVE_STYLE('',#48,POSITIVE_LENGTH_MEASURE(2.E-2),#8022);
#11216=PRESENTATION_STYLE_ASSIGNMENT((#11215));
#11217=STYLED_ITEM('',(#11216),#11214);
#11218=DIRECTION('',(1.961161351382E-1,9.805806756909E-1,0.E0));
#11219=VECTOR('',#11218,1.124106837735E-1);
#11220=CARTESIAN_POINT('',(1.125E0,0.E0,-2.E0));
#11221=LINE('',#11220,#11219);
#11222=CURVE_STYLE('',#48,POSITIVE_LENGTH_MEASURE(2.E-2),#8022);
#11223=PRESENTATION_STYLE_ASSIGNMENT((#11222));
#11224=STYLED_ITEM('',(#11223),#11221);
#11225=DIRECTION('',(0.E0,0.E0,1.E0));
#11226=VECTOR('',#11225,4.E-1);
#11227=CARTESIAN_POINT('',(1.125E0,0.E0,-2.E0));
#11228=LINE('',#11227,#11226);
#11229=CURVE_STYLE('',#48,POSITIVE_LENGTH_MEASURE(2.E-2),#8022);
#11230=PRESENTATION_STYLE_ASSIGNMENT((#11229));
#11231=STYLED_ITEM('',(#11230),#11228);
#11232=DIRECTION('',(-1.E0,0.E0,0.E0));
#11233=VECTOR('',#11232,2.567339170368E-1);
#11234=CARTESIAN_POINT('',(1.128366958518E0,1.683479259195E-2,-1.6E0));
#11235=LINE('',#11234,#11233);
#11236=CURVE_STYLE('',#48,POSITIVE_LENGTH_MEASURE(2.E-2),#8022);
#11237=PRESENTATION_STYLE_ASSIGNMENT((#11236));
#11238=STYLED_ITEM('',(#11237),#11235);
#11239=DIRECTION('',(1.961161351382E-1,9.805806756909E-1,1.293349160922E-14));
#11240=VECTOR('',#11239,1.716818718673E-2);
#11241=CARTESIAN_POINT('',(1.125E0,0.E0,-1.6E0));
#11242=LINE('',#11241,#11240);
#11243=CURVE_STYLE('',#48,POSITIVE_LENGTH_MEASURE(2.E-2),#8022);
#11244=PRESENTATION_STYLE_ASSIGNMENT((#11243));
#11245=STYLED_ITEM('',(#11244),#11242);
#11246=DIRECTION('',(1.E0,0.E0,0.E0));
#11247=VECTOR('',#11246,2.5E-1);
#11248=CARTESIAN_POINT('',(8.75E-1,0.E0,-1.6E0));
#11249=LINE('',#11248,#11247);
#11250=CURVE_STYLE('',#48,POSITIVE_LENGTH_MEASURE(2.E-2),#8022);
#11251=PRESENTATION_STYLE_ASSIGNMENT((#11250));
#11252=STYLED_ITEM('',(#11251),#11249);
#11253=DIRECTION('',(1.961161351382E-1,-9.805806756909E-1,-1.293349160922E-14));
#11254=VECTOR('',#11253,1.716818718673E-2);
#11255=CARTESIAN_POINT('',(8.716330414816E-1,1.683479259195E-2,-1.6E0));
#11256=LINE('',#11255,#11254);
#11257=CURVE_STYLE('',#48,POSITIVE_LENGTH_MEASURE(2.E-2),#8022);
#11258=PRESENTATION_STYLE_ASSIGNMENT((#11257));
#11259=STYLED_ITEM('',(#11258),#11256);
#11260=DIRECTION('',(0.E0,0.E0,-1.E0));
#11261=VECTOR('',#11260,3.806566000080E-1);
#11262=CARTESIAN_POINT('',(8.716330414816E-1,1.683479259195E-2,-1.6E0));
#11263=LINE('',#11262,#11261);
#11264=CURVE_STYLE('',#48,POSITIVE_LENGTH_MEASURE(2.E-2),#8022);
#11265=PRESENTATION_STYLE_ASSIGNMENT((#11264));
#11266=STYLED_ITEM('',(#11265),#11263);
#11267=DIRECTION('',(1.961161351382E-1,-9.805806756909E-1,0.E0));
#11268=VECTOR('',#11267,1.124106837735E-1);
#11269=CARTESIAN_POINT('',(8.529544511501E-1,1.102277442495E-1,-2.E0));
#11270=LINE('',#11269,#11268);
#11271=CURVE_STYLE('',#48,POSITIVE_LENGTH_MEASURE(2.E-2),#8022);
#11272=PRESENTATION_STYLE_ASSIGNMENT((#11271));
#11273=STYLED_ITEM('',(#11272),#11270);
#11274=CARTESIAN_POINT('',(8.546172435598E-1,1.019137822009E-1,
-1.980656600008E0));
#11275=CARTESIAN_POINT('',(8.542738361860E-1,1.036308190701E-1,
-1.987575175040E0));
#11276=CARTESIAN_POINT('',(8.537186029887E-1,1.064069850565E-1,
-1.994020811438E0));
#11277=CARTESIAN_POINT('',(8.529544511501E-1,1.102277442495E-1,-2.E0));
#11279=CURVE_STYLE('',#48,POSITIVE_LENGTH_MEASURE(2.E-2),#8022);
#11280=PRESENTATION_STYLE_ASSIGNMENT((#11279));
#11281=STYLED_ITEM('',(#11280),#11278);
#11282=DIRECTION('',(1.961161351382E-1,-9.805806756909E-1,0.E0));
#11283=VECTOR('',#11282,8.676388564261E-2);
#11284=CARTESIAN_POINT('',(8.546172435598E-1,1.019137822009E-1,
-1.980656600008E0));
#11285=LINE('',#11284,#11283);
#11286=CURVE_STYLE('',#48,POSITIVE_LENGTH_MEASURE(2.E-2),#8022);
#11287=PRESENTATION_STYLE_ASSIGNMENT((#11286));
#11288=STYLED_ITEM('',(#11287),#11285);
#11289=DIRECTION('',(1.E0,0.E0,0.E0));
#11290=VECTOR('',#11289,2.907655128804E-1);
#11291=CARTESIAN_POINT('',(8.546172435598E-1,1.019137822009E-1,
-1.980656600008E0));
#11292=LINE('',#11291,#11290);
#11293=CURVE_STYLE('',#48,POSITIVE_LENGTH_MEASURE(2.E-2),#8022);
#11294=PRESENTATION_STYLE_ASSIGNMENT((#11293));
#11295=STYLED_ITEM('',(#11294),#11292);
#11296=DIRECTION('',(1.E0,0.E0,0.E0));
#11297=VECTOR('',#11296,2.567339170368E-1);
#11298=CARTESIAN_POINT('',(8.716330414816E-1,1.683479259195E-2,
-1.980656600008E0));
#11299=LINE('',#11298,#11297);
#11300=CURVE_STYLE('',#48,POSITIVE_LENGTH_MEASURE(2.E-2),#8022);
#11301=PRESENTATION_STYLE_ASSIGNMENT((#11300));
#11302=STYLED_ITEM('',(#11301),#11299);
#11303=CARTESIAN_POINT('',(8.75E-1,0.E0,-1.6E0));
#11304=CARTESIAN_POINT('',(1.125E0,0.E0,-1.6E0));
#11305=VERTEX_POINT('',#11303);
#11306=VERTEX_POINT('',#11304);
#11307=CARTESIAN_POINT('',(8.75E-1,0.E0,-2.E0));
#11308=CARTESIAN_POINT('',(1.125E0,0.E0,-2.E0));
#11309=VERTEX_POINT('',#11307);
#11310=VERTEX_POINT('',#11308);
#11311=CARTESIAN_POINT('',(1.147045548850E0,1.102277442495E-1,-2.E0));
#11312=VERTEX_POINT('',#11311);
#11313=CARTESIAN_POINT('',(8.529544511501E-1,1.102277442495E-1,-2.E0));
#11314=VERTEX_POINT('',#11313);
#11315=CARTESIAN_POINT('',(1.128366958518E0,1.683479259195E-2,-1.6E0));
#11316=CARTESIAN_POINT('',(8.716330414816E-1,1.683479259195E-2,-1.6E0));
#11317=VERTEX_POINT('',#11315);
#11318=VERTEX_POINT('',#11316);
#11319=CARTESIAN_POINT('',(1.128366958518E0,1.683479259195E-2,
-1.980656600008E0));
#11320=VERTEX_POINT('',#11319);
#11321=CARTESIAN_POINT('',(1.145382756440E0,1.019137822009E-1,
-1.980656600008E0));
#11322=VERTEX_POINT('',#11321);
#11323=CARTESIAN_POINT('',(8.716330414816E-1,1.683479259195E-2,
-1.980656600008E0));
#11324=VERTEX_POINT('',#11323);
#11325=CARTESIAN_POINT('',(8.546172435598E-1,1.019137822009E-1,
-1.980656600008E0));
#11326=VERTEX_POINT('',#11325);
#11327=CARTESIAN_POINT('',(0.E0,0.E0,0.E0));
#11328=DIRECTION('',(0.E0,1.E0,0.E0));
#11329=DIRECTION('',(1.E0,0.E0,0.E0));
#11330=AXIS2_PLACEMENT_3D('',#11327,#11328,#11329);
#11331=PLANE('',#11330);
#11333=ORIENTED_EDGE('',*,*,#11332,.F.);
#11335=ORIENTED_EDGE('',*,*,#11334,.T.);
#11337=ORIENTED_EDGE('',*,*,#11336,.T.);
#11339=ORIENTED_EDGE('',*,*,#11338,.F.);
#11340=EDGE_LOOP('',(#11333,#11335,#11337,#11339));
#11341=FACE_OUTER_BOUND('',#11340,.F.);
#11342=ADVANCED_FACE('',(#11341),#11331,.F.);
#11343=FILL_AREA_STYLE_COLOUR('',#8021);
#11344=FILL_AREA_STYLE('',(#11343));
#11345=SURFACE_STYLE_FILL_AREA(#11344);
#11346=SURFACE_SIDE_STYLE('',(#11345));
#11347=SURFACE_STYLE_USAGE(.NEGATIVE.,#11346);
#11348=PRESENTATION_STYLE_ASSIGNMENT((#11347));
#11349=OVER_RIDING_STYLED_ITEM('',(#11348),#11342,#11174);
#11350=CARTESIAN_POINT('',(-2.5E0,2.E-1,-2.E0));
#11351=DIRECTION('',(0.E0,0.E0,1.E0));
#11352=DIRECTION('',(1.E0,0.E0,0.E0));
#11353=AXIS2_PLACEMENT_3D('',#11350,#11351,#11352);
#11354=PLANE('',#11353);
#11355=ORIENTED_EDGE('',*,*,#11332,.T.);
#11357=ORIENTED_EDGE('',*,*,#11356,.T.);
#11359=ORIENTED_EDGE('',*,*,#11358,.F.);
#11361=ORIENTED_EDGE('',*,*,#11360,.T.);
#11362=EDGE_LOOP('',(#11355,#11357,#11359,#11361));
#11363=FACE_OUTER_BOUND('',#11362,.F.);
#11364=ADVANCED_FACE('',(#11363),#11354,.F.);
#11365=CARTESIAN_POINT('',(1.125E0,0.E0,-2.05E0));
#11366=DIRECTION('',(9.805806756909E-1,-1.961161351382E-1,0.E0));
#11367=DIRECTION('',(1.961161351382E-1,9.805806756909E-1,0.E0));
#11368=AXIS2_PLACEMENT_3D('',#11365,#11366,#11367);
#11369=PLANE('',#11368);
#11371=ORIENTED_EDGE('',*,*,#11370,.T.);
#11373=ORIENTED_EDGE('',*,*,#11372,.F.);
#11375=ORIENTED_EDGE('',*,*,#11374,.T.);
#11376=ORIENTED_EDGE('',*,*,#11356,.F.);
#11377=ORIENTED_EDGE('',*,*,#11338,.T.);
#11379=ORIENTED_EDGE('',*,*,#11378,.T.);
#11380=EDGE_LOOP('',(#11371,#11373,#11375,#11376,#11377,#11379));
#11381=FACE_OUTER_BOUND('',#11380,.F.);
#11382=ADVANCED_FACE('',(#11381),#11369,.T.);
#11383=CARTESIAN_POINT('',(-2.48E0,1.683479259195E-2,1.980481988881E0));
#11384=DIRECTION('',(0.E0,-1.E0,0.E0));
#11385=DIRECTION('',(0.E0,0.E0,-1.E0));
#11386=AXIS2_PLACEMENT_3D('',#11383,#11384,#11385);
#11387=PLANE('',#11386);
#11389=ORIENTED_EDGE('',*,*,#11388,.T.);
#11391=ORIENTED_EDGE('',*,*,#11390,.T.);
#11393=ORIENTED_EDGE('',*,*,#11392,.T.);
#11394=ORIENTED_EDGE('',*,*,#11370,.F.);
#11395=EDGE_LOOP('',(#11389,#11391,#11393,#11394));
#11396=FACE_OUTER_BOUND('',#11395,.F.);
#11397=ADVANCED_FACE('',(#11396),#11387,.F.);
#11398=CARTESIAN_POINT('',(0.E0,0.E0,-1.6E0));
#11399=DIRECTION('',(0.E0,0.E0,1.E0));
#11400=DIRECTION('',(-1.E0,0.E0,0.E0));
#11401=AXIS2_PLACEMENT_3D('',#11398,#11399,#11400);
#11402=PLANE('',#11401);
#11403=ORIENTED_EDGE('',*,*,#11388,.F.);
#11404=ORIENTED_EDGE('',*,*,#11378,.F.);
#11405=ORIENTED_EDGE('',*,*,#11336,.F.);
#11407=ORIENTED_EDGE('',*,*,#11406,.F.);
#11408=EDGE_LOOP('',(#11403,#11404,#11405,#11407));
#11409=FACE_OUTER_BOUND('',#11408,.F.);
#11410=ADVANCED_FACE('',(#11409),#11402,.T.);
#11411=CARTESIAN_POINT('',(8.35E-1,2.E-1,-2.05E0));
#11412=DIRECTION('',(-9.805806756909E-1,-1.961161351382E-1,0.E0));
#11413=DIRECTION('',(1.961161351382E-1,-9.805806756909E-1,0.E0));
#11414=AXIS2_PLACEMENT_3D('',#11411,#11412,#11413);
#11415=PLANE('',#11414);
#11416=ORIENTED_EDGE('',*,*,#11390,.F.);
#11417=ORIENTED_EDGE('',*,*,#11406,.T.);
#11418=ORIENTED_EDGE('',*,*,#11334,.F.);
#11419=ORIENTED_EDGE('',*,*,#11360,.F.);
#11421=ORIENTED_EDGE('',*,*,#11420,.F.);
#11423=ORIENTED_EDGE('',*,*,#11422,.T.);
#11424=EDGE_LOOP('',(#11416,#11417,#11418,#11419,#11421,#11423));
#11425=FACE_OUTER_BOUND('',#11424,.F.);
#11426=ADVANCED_FACE('',(#11425),#11415,.T.);
#11427=CARTESIAN_POINT('',(1.75E0,1.65E-1,-1.965E0));
#11428=DIRECTION('',(1.E0,0.E0,0.E0));
#11429=DIRECTION('',(0.E0,0.E0,1.E0));
#11430=AXIS2_PLACEMENT_3D('',#11427,#11428,#11429);
#11431=CYLINDRICAL_SURFACE('',#11430,6.5E-2);
#11433=ORIENTED_EDGE('',*,*,#11432,.F.);
#11434=ORIENTED_EDGE('',*,*,#11420,.T.);
#11435=ORIENTED_EDGE('',*,*,#11358,.T.);
#11436=ORIENTED_EDGE('',*,*,#11374,.F.);
#11437=EDGE_LOOP('',(#11433,#11434,#11435,#11436));
#11438=FACE_OUTER_BOUND('',#11437,.F.);
#11439=ADVANCED_FACE('',(#11438),#11431,.F.);
#11440=CARTESIAN_POINT('',(-2.48E0,1.683479259195E-2,-1.980656600008E0));
#11441=DIRECTION('',(0.E0,0.E0,-1.E0));
#11442=DIRECTION('',(0.E0,1.E0,0.E0));
#11443=AXIS2_PLACEMENT_3D('',#11440,#11441,#11442);
#11444=PLANE('',#11443);
#11445=ORIENTED_EDGE('',*,*,#11372,.T.);
#11446=ORIENTED_EDGE('',*,*,#11392,.F.);
#11447=ORIENTED_EDGE('',*,*,#11422,.F.);
#11448=ORIENTED_EDGE('',*,*,#11432,.T.);
#11449=EDGE_LOOP('',(#11445,#11446,#11447,#11448));
#11450=FACE_OUTER_BOUND('',#11449,.F.);
#11451=ADVANCED_FACE('',(#11450),#11444,.F.);
#11452=CLOSED_SHELL('',(#11342,#11364,#11382,#11397,#11410,#11426,#11439,
#11451));
#11453=MANIFOLD_SOLID_BREP('',#11452);
#11454=FILL_AREA_STYLE_COLOUR('',#8022);
#11455=FILL_AREA_STYLE('',(#11454));
#11456=SURFACE_STYLE_FILL_AREA(#11455);
#11457=SURFACE_SIDE_STYLE('',(#11456));
#11458=SURFACE_STYLE_USAGE(.POSITIVE.,#11457);
#11459=PRESENTATION_STYLE_ASSIGNMENT((#11458));
#11174=STYLED_ITEM('',(#11459),#11453);
#11461=DIRECTION('',(1.E0,0.E0,0.E0));
#11462=VECTOR('',#11461,2.5E-1);
#11463=CARTESIAN_POINT('',(3.75E-1,0.E0,-2.E0));
#11464=LINE('',#11463,#11462);
#11465=CURVE_STYLE('',#48,POSITIVE_LENGTH_MEASURE(2.E-2),#8022);
#11466=PRESENTATION_STYLE_ASSIGNMENT((#11465));
#11467=STYLED_ITEM('',(#11466),#11464);
#11468=DIRECTION('',(0.E0,0.E0,1.E0));
#11469=VECTOR('',#11468,4.E-1);
#11470=CARTESIAN_POINT('',(3.75E-1,0.E0,-2.E0));
#11471=LINE('',#11470,#11469);
#11472=CURVE_STYLE('',#48,POSITIVE_LENGTH_MEASURE(2.E-2),#8022);
#11473=PRESENTATION_STYLE_ASSIGNMENT((#11472));
#11474=STYLED_ITEM('',(#11473),#11471);
#11475=DIRECTION('',(1.E0,0.E0,0.E0));
#11476=VECTOR('',#11475,2.940910976998E-1);
#11477=CARTESIAN_POINT('',(3.529544511501E-1,1.102277442495E-1,-2.E0));
#11478=LINE('',#11477,#11476);
#11479=CURVE_STYLE('',#48,POSITIVE_LENGTH_MEASURE(2.E-2),#8022);
#11480=PRESENTATION_STYLE_ASSIGNMENT((#11479));
#11481=STYLED_ITEM('',(#11480),#11478);
#11482=DIRECTION('',(0.E0,0.E0,-1.E0));
#11483=VECTOR('',#11482,3.806566000080E-1);
#11484=CARTESIAN_POINT('',(6.283669585184E-1,1.683479259195E-2,-1.6E0));
#11485=LINE('',#11484,#11483);
#11486=CURVE_STYLE('',#48,POSITIVE_LENGTH_MEASURE(2.E-2),#8022);
#11487=PRESENTATION_STYLE_ASSIGNMENT((#11486));
#11488=STYLED_ITEM('',(#11487),#11485);
#11489=DIRECTION('',(-1.961161351382E-1,-9.805806756909E-1,0.E0));
#11490=VECTOR('',#11489,8.676388564261E-2);
#11491=CARTESIAN_POINT('',(6.453827564402E-1,1.019137822009E-1,
-1.980656600008E0));
#11492=LINE('',#11491,#11490);
#11493=CURVE_STYLE('',#48,POSITIVE_LENGTH_MEASURE(2.E-2),#8022);
#11494=PRESENTATION_STYLE_ASSIGNMENT((#11493));
#11495=STYLED_ITEM('',(#11494),#11492);
#11496=CARTESIAN_POINT('',(6.453827564402E-1,1.019137822009E-1,
-1.980656600008E0));
#11497=CARTESIAN_POINT('',(6.457261638140E-1,1.036308190701E-1,
-1.987575175040E0));
#11498=CARTESIAN_POINT('',(6.462813970113E-1,1.064069850565E-1,
-1.994020811438E0));
#11499=CARTESIAN_POINT('',(6.470455488499E-1,1.102277442495E-1,-2.E0));
#11501=CURVE_STYLE('',#48,POSITIVE_LENGTH_MEASURE(2.E-2),#8022);
#11502=PRESENTATION_STYLE_ASSIGNMENT((#11501));
#11503=STYLED_ITEM('',(#11502),#11500);
#11504=DIRECTION('',(1.961161351382E-1,9.805806756909E-1,0.E0));
#11505=VECTOR('',#11504,1.124106837735E-1);
#11506=CARTESIAN_POINT('',(6.25E-1,0.E0,-2.E0));
#11507=LINE('',#11506,#11505);
#11508=CURVE_STYLE('',#48,POSITIVE_LENGTH_MEASURE(2.E-2),#8022);
#11509=PRESENTATION_STYLE_ASSIGNMENT((#11508));
#11510=STYLED_ITEM('',(#11509),#11507);
#11511=DIRECTION('',(0.E0,0.E0,1.E0));
#11512=VECTOR('',#11511,4.E-1);
#11513=CARTESIAN_POINT('',(6.25E-1,0.E0,-2.E0));
#11514=LINE('',#11513,#11512);
#11515=CURVE_STYLE('',#48,POSITIVE_LENGTH_MEASURE(2.E-2),#8022);
#11516=PRESENTATION_STYLE_ASSIGNMENT((#11515));
#11517=STYLED_ITEM('',(#11516),#11514);
#11518=DIRECTION('',(-1.E0,0.E0,0.E0));
#11519=VECTOR('',#11518,2.567339170368E-1);
#11520=CARTESIAN_POINT('',(6.283669585184E-1,1.683479259195E-2,-1.6E0));
#11521=LINE('',#11520,#11519);
#11522=CURVE_STYLE('',#48,POSITIVE_LENGTH_MEASURE(2.E-2),#8022);
#11523=PRESENTATION_STYLE_ASSIGNMENT((#11522));
#11524=STYLED_ITEM('',(#11523),#11521);
#11525=DIRECTION('',(1.961161351382E-1,9.805806756909E-1,1.293349160922E-14));
#11526=VECTOR('',#11525,1.716818718673E-2);
#11527=CARTESIAN_POINT('',(6.25E-1,0.E0,-1.6E0));
#11528=LINE('',#11527,#11526);
#11529=CURVE_STYLE('',#48,POSITIVE_LENGTH_MEASURE(2.E-2),#8022);
#11530=PRESENTATION_STYLE_ASSIGNMENT((#11529));
#11531=STYLED_ITEM('',(#11530),#11528);
#11532=DIRECTION('',(1.E0,0.E0,0.E0));
#11533=VECTOR('',#11532,2.5E-1);
#11534=CARTESIAN_POINT('',(3.75E-1,0.E0,-1.6E0));
#11535=LINE('',#11534,#11533);
#11536=CURVE_STYLE('',#48,POSITIVE_LENGTH_MEASURE(2.E-2),#8022);
#11537=PRESENTATION_STYLE_ASSIGNMENT((#11536));
#11538=STYLED_ITEM('',(#11537),#11535);
#11539=DIRECTION('',(1.961161351382E-1,-9.805806756909E-1,-1.293349160922E-14));
#11540=VECTOR('',#11539,1.716818718673E-2);
#11541=CARTESIAN_POINT('',(3.716330414816E-1,1.683479259195E-2,-1.6E0));
#11542=LINE('',#11541,#11540);
#11543=CURVE_STYLE('',#48,POSITIVE_LENGTH_MEASURE(2.E-2),#8022);
#11544=PRESENTATION_STYLE_ASSIGNMENT((#11543));
#11545=STYLED_ITEM('',(#11544),#11542);
#11546=DIRECTION('',(0.E0,0.E0,-1.E0));
#11547=VECTOR('',#11546,3.806566000080E-1);
#11548=CARTESIAN_POINT('',(3.716330414816E-1,1.683479259195E-2,-1.6E0));
#11549=LINE('',#11548,#11547);
#11550=CURVE_STYLE('',#48,POSITIVE_LENGTH_MEASURE(2.E-2),#8022);
#11551=PRESENTATION_STYLE_ASSIGNMENT((#11550));
#11552=STYLED_ITEM('',(#11551),#11549);
#11553=DIRECTION('',(1.961161351382E-1,-9.805806756909E-1,0.E0));
#11554=VECTOR('',#11553,1.124106837735E-1);
#11555=CARTESIAN_POINT('',(3.529544511501E-1,1.102277442495E-1,-2.E0));
#11556=LINE('',#11555,#11554);
#11557=CURVE_STYLE('',#48,POSITIVE_LENGTH_MEASURE(2.E-2),#8022);
#11558=PRESENTATION_STYLE_ASSIGNMENT((#11557));
#11559=STYLED_ITEM('',(#11558),#11556);
#11560=CARTESIAN_POINT('',(3.546172435598E-1,1.019137822009E-1,
-1.980656600008E0));
#11561=CARTESIAN_POINT('',(3.542738361860E-1,1.036308190701E-1,
-1.987575175040E0));
#11562=CARTESIAN_POINT('',(3.537186029887E-1,1.064069850565E-1,
-1.994020811438E0));
#11563=CARTESIAN_POINT('',(3.529544511501E-1,1.102277442495E-1,-2.E0));
#11565=CURVE_STYLE('',#48,POSITIVE_LENGTH_MEASURE(2.E-2),#8022);
#11566=PRESENTATION_STYLE_ASSIGNMENT((#11565));
#11567=STYLED_ITEM('',(#11566),#11564);
#11568=DIRECTION('',(1.961161351382E-1,-9.805806756909E-1,0.E0));
#11569=VECTOR('',#11568,8.676388564261E-2);
#11570=CARTESIAN_POINT('',(3.546172435598E-1,1.019137822009E-1,
-1.980656600008E0));
#11571=LINE('',#11570,#11569);
#11572=CURVE_STYLE('',#48,POSITIVE_LENGTH_MEASURE(2.E-2),#8022);
#11573=PRESENTATION_STYLE_ASSIGNMENT((#11572));
#11574=STYLED_ITEM('',(#11573),#11571);
#11575=DIRECTION('',(1.E0,0.E0,0.E0));
#11576=VECTOR('',#11575,2.907655128804E-1);
#11577=CARTESIAN_POINT('',(3.546172435598E-1,1.019137822009E-1,
-1.980656600008E0));
#11578=LINE('',#11577,#11576);
#11579=CURVE_STYLE('',#48,POSITIVE_LENGTH_MEASURE(2.E-2),#8022);
#11580=PRESENTATION_STYLE_ASSIGNMENT((#11579));
#11581=STYLED_ITEM('',(#11580),#11578);
#11582=DIRECTION('',(1.E0,0.E0,0.E0));
#11583=VECTOR('',#11582,2.567339170368E-1);
#11584=CARTESIAN_POINT('',(3.716330414816E-1,1.683479259195E-2,
-1.980656600008E0));
#11585=LINE('',#11584,#11583);
#11586=CURVE_STYLE('',#48,POSITIVE_LENGTH_MEASURE(2.E-2),#8022);
#11587=PRESENTATION_STYLE_ASSIGNMENT((#11586));
#11588=STYLED_ITEM('',(#11587),#11585);
#11589=CARTESIAN_POINT('',(3.75E-1,0.E0,-1.6E0));
#11590=CARTESIAN_POINT('',(6.25E-1,0.E0,-1.6E0));
#11591=VERTEX_POINT('',#11589);
#11592=VERTEX_POINT('',#11590);
#11593=CARTESIAN_POINT('',(3.75E-1,0.E0,-2.E0));
#11594=CARTESIAN_POINT('',(6.25E-1,0.E0,-2.E0));
#11595=VERTEX_POINT('',#11593);
#11596=VERTEX_POINT('',#11594);
#11597=CARTESIAN_POINT('',(6.470455488499E-1,1.102277442495E-1,-2.E0));
#11598=VERTEX_POINT('',#11597);
#11599=CARTESIAN_POINT('',(3.529544511501E-1,1.102277442495E-1,-2.E0));
#11600=VERTEX_POINT('',#11599);
#11601=CARTESIAN_POINT('',(6.283669585184E-1,1.683479259195E-2,-1.6E0));
#11602=CARTESIAN_POINT('',(3.716330414816E-1,1.683479259195E-2,-1.6E0));
#11603=VERTEX_POINT('',#11601);
#11604=VERTEX_POINT('',#11602);
#11605=CARTESIAN_POINT('',(6.283669585184E-1,1.683479259195E-2,
-1.980656600008E0));
#11606=VERTEX_POINT('',#11605);
#11607=CARTESIAN_POINT('',(6.453827564402E-1,1.019137822009E-1,
-1.980656600008E0));
#11608=VERTEX_POINT('',#11607);
#11609=CARTESIAN_POINT('',(3.716330414816E-1,1.683479259195E-2,
-1.980656600008E0));
#11610=VERTEX_POINT('',#11609);
#11611=CARTESIAN_POINT('',(3.546172435598E-1,1.019137822009E-1,
-1.980656600008E0));
#11612=VERTEX_POINT('',#11611);
#11613=CARTESIAN_POINT('',(0.E0,0.E0,0.E0));
#11614=DIRECTION('',(0.E0,1.E0,0.E0));
#11615=DIRECTION('',(1.E0,0.E0,0.E0));
#11616=AXIS2_PLACEMENT_3D('',#11613,#11614,#11615);
#11617=PLANE('',#11616);
#11619=ORIENTED_EDGE('',*,*,#11618,.F.);
#11621=ORIENTED_EDGE('',*,*,#11620,.T.);
#11623=ORIENTED_EDGE('',*,*,#11622,.T.);
#11625=ORIENTED_EDGE('',*,*,#11624,.F.);
#11626=EDGE_LOOP('',(#11619,#11621,#11623,#11625));
#11627=FACE_OUTER_BOUND('',#11626,.F.);
#11628=ADVANCED_FACE('',(#11627),#11617,.F.);
#11629=FILL_AREA_STYLE_COLOUR('',#8021);
#11630=FILL_AREA_STYLE('',(#11629));
#11631=SURFACE_STYLE_FILL_AREA(#11630);
#11632=SURFACE_SIDE_STYLE('',(#11631));
#11633=SURFACE_STYLE_USAGE(.NEGATIVE.,#11632);
#11634=PRESENTATION_STYLE_ASSIGNMENT((#11633));
#11635=OVER_RIDING_STYLED_ITEM('',(#11634),#11628,#11460);
#11636=CARTESIAN_POINT('',(-2.5E0,2.E-1,-2.E0));
#11637=DIRECTION('',(0.E0,0.E0,1.E0));
#11638=DIRECTION('',(1.E0,0.E0,0.E0));
#11639=AXIS2_PLACEMENT_3D('',#11636,#11637,#11638);
#11640=PLANE('',#11639);
#11641=ORIENTED_EDGE('',*,*,#11618,.T.);
#11643=ORIENTED_EDGE('',*,*,#11642,.T.);
#11645=ORIENTED_EDGE('',*,*,#11644,.F.);
#11647=ORIENTED_EDGE('',*,*,#11646,.T.);
#11648=EDGE_LOOP('',(#11641,#11643,#11645,#11647));
#11649=FACE_OUTER_BOUND('',#11648,.F.);
#11650=ADVANCED_FACE('',(#11649),#11640,.F.);
#11651=CARTESIAN_POINT('',(6.25E-1,0.E0,-2.05E0));
#11652=DIRECTION('',(9.805806756909E-1,-1.961161351382E-1,0.E0));
#11653=DIRECTION('',(1.961161351382E-1,9.805806756909E-1,0.E0));
#11654=AXIS2_PLACEMENT_3D('',#11651,#11652,#11653);
#11655=PLANE('',#11654);
#11657=ORIENTED_EDGE('',*,*,#11656,.T.);
#11659=ORIENTED_EDGE('',*,*,#11658,.F.);
#11661=ORIENTED_EDGE('',*,*,#11660,.T.);
#11662=ORIENTED_EDGE('',*,*,#11642,.F.);
#11663=ORIENTED_EDGE('',*,*,#11624,.T.);
#11665=ORIENTED_EDGE('',*,*,#11664,.T.);
#11666=EDGE_LOOP('',(#11657,#11659,#11661,#11662,#11663,#11665));
#11667=FACE_OUTER_BOUND('',#11666,.F.);
#11668=ADVANCED_FACE('',(#11667),#11655,.T.);
#11669=CARTESIAN_POINT('',(-2.48E0,1.683479259195E-2,1.980481988881E0));
#11670=DIRECTION('',(0.E0,-1.E0,0.E0));
#11671=DIRECTION('',(0.E0,0.E0,-1.E0));
#11672=AXIS2_PLACEMENT_3D('',#11669,#11670,#11671);
#11673=PLANE('',#11672);
#11675=ORIENTED_EDGE('',*,*,#11674,.T.);
#11677=ORIENTED_EDGE('',*,*,#11676,.T.);
#11679=ORIENTED_EDGE('',*,*,#11678,.T.);
#11680=ORIENTED_EDGE('',*,*,#11656,.F.);
#11681=EDGE_LOOP('',(#11675,#11677,#11679,#11680));
#11682=FACE_OUTER_BOUND('',#11681,.F.);
#11683=ADVANCED_FACE('',(#11682),#11673,.F.);
#11684=CARTESIAN_POINT('',(0.E0,0.E0,-1.6E0));
#11685=DIRECTION('',(0.E0,0.E0,1.E0));
#11686=DIRECTION('',(-1.E0,0.E0,0.E0));
#11687=AXIS2_PLACEMENT_3D('',#11684,#11685,#11686);
#11688=PLANE('',#11687);
#11689=ORIENTED_EDGE('',*,*,#11674,.F.);
#11690=ORIENTED_EDGE('',*,*,#11664,.F.);
#11691=ORIENTED_EDGE('',*,*,#11622,.F.);
#11693=ORIENTED_EDGE('',*,*,#11692,.F.);
#11694=EDGE_LOOP('',(#11689,#11690,#11691,#11693));
#11695=FACE_OUTER_BOUND('',#11694,.F.);
#11696=ADVANCED_FACE('',(#11695),#11688,.T.);
#11697=CARTESIAN_POINT('',(3.35E-1,2.E-1,-2.05E0));
#11698=DIRECTION('',(-9.805806756909E-1,-1.961161351382E-1,0.E0));
#11699=DIRECTION('',(1.961161351382E-1,-9.805806756909E-1,0.E0));
#11700=AXIS2_PLACEMENT_3D('',#11697,#11698,#11699);
#11701=PLANE('',#11700);
#11702=ORIENTED_EDGE('',*,*,#11676,.F.);
#11703=ORIENTED_EDGE('',*,*,#11692,.T.);
#11704=ORIENTED_EDGE('',*,*,#11620,.F.);
#11705=ORIENTED_EDGE('',*,*,#11646,.F.);
#11707=ORIENTED_EDGE('',*,*,#11706,.F.);
#11709=ORIENTED_EDGE('',*,*,#11708,.T.);
#11710=EDGE_LOOP('',(#11702,#11703,#11704,#11705,#11707,#11709));
#11711=FACE_OUTER_BOUND('',#11710,.F.);
#11712=ADVANCED_FACE('',(#11711),#11701,.T.);
#11713=CARTESIAN_POINT('',(1.75E0,1.65E-1,-1.965E0));
#11714=DIRECTION('',(1.E0,0.E0,0.E0));
#11715=DIRECTION('',(0.E0,0.E0,1.E0));
#11716=AXIS2_PLACEMENT_3D('',#11713,#11714,#11715);
#11717=CYLINDRICAL_SURFACE('',#11716,6.5E-2);
#11719=ORIENTED_EDGE('',*,*,#11718,.F.);
#11720=ORIENTED_EDGE('',*,*,#11706,.T.);
#11721=ORIENTED_EDGE('',*,*,#11644,.T.);
#11722=ORIENTED_EDGE('',*,*,#11660,.F.);
#11723=EDGE_LOOP('',(#11719,#11720,#11721,#11722));
#11724=FACE_OUTER_BOUND('',#11723,.F.);
#11725=ADVANCED_FACE('',(#11724),#11717,.F.);
#11726=CARTESIAN_POINT('',(-2.48E0,1.683479259195E-2,-1.980656600008E0));
#11727=DIRECTION('',(0.E0,0.E0,-1.E0));
#11728=DIRECTION('',(0.E0,1.E0,0.E0));
#11729=AXIS2_PLACEMENT_3D('',#11726,#11727,#11728);
#11730=PLANE('',#11729);
#11731=ORIENTED_EDGE('',*,*,#11658,.T.);
#11732=ORIENTED_EDGE('',*,*,#11678,.F.);
#11733=ORIENTED_EDGE('',*,*,#11708,.F.);
#11734=ORIENTED_EDGE('',*,*,#11718,.T.);
#11735=EDGE_LOOP('',(#11731,#11732,#11733,#11734));
#11736=FACE_OUTER_BOUND('',#11735,.F.);
#11737=ADVANCED_FACE('',(#11736),#11730,.F.);
#11738=CLOSED_SHELL('',(#11628,#11650,#11668,#11683,#11696,#11712,#11725,
#11737));
#11739=MANIFOLD_SOLID_BREP('',#11738);
#11740=FILL_AREA_STYLE_COLOUR('',#8022);
#11741=FILL_AREA_STYLE('',(#11740));
#11742=SURFACE_STYLE_FILL_AREA(#11741);
#11743=SURFACE_SIDE_STYLE('',(#11742));
#11744=SURFACE_STYLE_USAGE(.POSITIVE.,#11743);
#11745=PRESENTATION_STYLE_ASSIGNMENT((#11744));
#11460=STYLED_ITEM('',(#11745),#11739);
#11747=DIRECTION('',(1.E0,0.E0,0.E0));
#11748=VECTOR('',#11747,2.5E-1);
#11749=CARTESIAN_POINT('',(-1.25E-1,0.E0,-2.E0));
#11750=LINE('',#11749,#11748);
#11751=CURVE_STYLE('',#48,POSITIVE_LENGTH_MEASURE(2.E-2),#8022);
#11752=PRESENTATION_STYLE_ASSIGNMENT((#11751));
#11753=STYLED_ITEM('',(#11752),#11750);
#11754=DIRECTION('',(0.E0,0.E0,1.E0));
#11755=VECTOR('',#11754,4.E-1);
#11756=CARTESIAN_POINT('',(-1.25E-1,0.E0,-2.E0));
#11757=LINE('',#11756,#11755);
#11758=CURVE_STYLE('',#48,POSITIVE_LENGTH_MEASURE(2.E-2),#8022);
#11759=PRESENTATION_STYLE_ASSIGNMENT((#11758));
#11760=STYLED_ITEM('',(#11759),#11757);
#11761=DIRECTION('',(1.E0,0.E0,0.E0));
#11762=VECTOR('',#11761,2.940910976998E-1);
#11763=CARTESIAN_POINT('',(-1.470455488499E-1,1.102277442495E-1,-2.E0));
#11764=LINE('',#11763,#11762);
#11765=CURVE_STYLE('',#48,POSITIVE_LENGTH_MEASURE(2.E-2),#8022);
#11766=PRESENTATION_STYLE_ASSIGNMENT((#11765));
#11767=STYLED_ITEM('',(#11766),#11764);
#11768=DIRECTION('',(0.E0,0.E0,-1.E0));
#11769=VECTOR('',#11768,3.806566000080E-1);
#11770=CARTESIAN_POINT('',(1.283669585184E-1,1.683479259195E-2,-1.6E0));
#11771=LINE('',#11770,#11769);
#11772=CURVE_STYLE('',#48,POSITIVE_LENGTH_MEASURE(2.E-2),#8022);
#11773=PRESENTATION_STYLE_ASSIGNMENT((#11772));
#11774=STYLED_ITEM('',(#11773),#11771);
#11775=DIRECTION('',(-1.961161351382E-1,-9.805806756909E-1,0.E0));
#11776=VECTOR('',#11775,8.676388564261E-2);
#11777=CARTESIAN_POINT('',(1.453827564402E-1,1.019137822009E-1,
-1.980656600008E0));
#11778=LINE('',#11777,#11776);
#11779=CURVE_STYLE('',#48,POSITIVE_LENGTH_MEASURE(2.E-2),#8022);
#11780=PRESENTATION_STYLE_ASSIGNMENT((#11779));
#11781=STYLED_ITEM('',(#11780),#11778);
#11782=CARTESIAN_POINT('',(1.453827564402E-1,1.019137822009E-1,
-1.980656600008E0));
#11783=CARTESIAN_POINT('',(1.457261638140E-1,1.036308190701E-1,
-1.987575175040E0));
#11784=CARTESIAN_POINT('',(1.462813970113E-1,1.064069850565E-1,
-1.994020811438E0));
#11785=CARTESIAN_POINT('',(1.470455488499E-1,1.102277442495E-1,-2.E0));
#11787=CURVE_STYLE('',#48,POSITIVE_LENGTH_MEASURE(2.E-2),#8022);
#11788=PRESENTATION_STYLE_ASSIGNMENT((#11787));
#11789=STYLED_ITEM('',(#11788),#11786);
#11790=DIRECTION('',(1.961161351382E-1,9.805806756909E-1,0.E0));
#11791=VECTOR('',#11790,1.124106837735E-1);
#11792=CARTESIAN_POINT('',(1.25E-1,0.E0,-2.E0));
#11793=LINE('',#11792,#11791);
#11794=CURVE_STYLE('',#48,POSITIVE_LENGTH_MEASURE(2.E-2),#8022);
#11795=PRESENTATION_STYLE_ASSIGNMENT((#11794));
#11796=STYLED_ITEM('',(#11795),#11793);
#11797=DIRECTION('',(0.E0,0.E0,1.E0));
#11798=VECTOR('',#11797,4.E-1);
#11799=CARTESIAN_POINT('',(1.25E-1,0.E0,-2.E0));
#11800=LINE('',#11799,#11798);
#11801=CURVE_STYLE('',#48,POSITIVE_LENGTH_MEASURE(2.E-2),#8022);
#11802=PRESENTATION_STYLE_ASSIGNMENT((#11801));
#11803=STYLED_ITEM('',(#11802),#11800);
#11804=DIRECTION('',(-1.E0,0.E0,0.E0));
#11805=VECTOR('',#11804,2.567339170368E-1);
#11806=CARTESIAN_POINT('',(1.283669585184E-1,1.683479259195E-2,-1.6E0));
#11807=LINE('',#11806,#11805);
#11808=CURVE_STYLE('',#48,POSITIVE_LENGTH_MEASURE(2.E-2),#8022);
#11809=PRESENTATION_STYLE_ASSIGNMENT((#11808));
#11810=STYLED_ITEM('',(#11809),#11807);
#11811=DIRECTION('',(1.961161351382E-1,9.805806756909E-1,1.293349160922E-14));
#11812=VECTOR('',#11811,1.716818718673E-2);
#11813=CARTESIAN_POINT('',(1.25E-1,0.E0,-1.6E0));
#11814=LINE('',#11813,#11812);
#11815=CURVE_STYLE('',#48,POSITIVE_LENGTH_MEASURE(2.E-2),#8022);
#11816=PRESENTATION_STYLE_ASSIGNMENT((#11815));
#11817=STYLED_ITEM('',(#11816),#11814);
#11818=DIRECTION('',(1.E0,0.E0,0.E0));
#11819=VECTOR('',#11818,2.5E-1);
#11820=CARTESIAN_POINT('',(-1.25E-1,0.E0,-1.6E0));
#11821=LINE('',#11820,#11819);
#11822=CURVE_STYLE('',#48,POSITIVE_LENGTH_MEASURE(2.E-2),#8022);
#11823=PRESENTATION_STYLE_ASSIGNMENT((#11822));
#11824=STYLED_ITEM('',(#11823),#11821);
#11825=DIRECTION('',(1.961161351382E-1,-9.805806756909E-1,-1.293349160922E-14));
#11826=VECTOR('',#11825,1.716818718673E-2);
#11827=CARTESIAN_POINT('',(-1.283669585184E-1,1.683479259195E-2,-1.6E0));
#11828=LINE('',#11827,#11826);
#11829=CURVE_STYLE('',#48,POSITIVE_LENGTH_MEASURE(2.E-2),#8022);
#11830=PRESENTATION_STYLE_ASSIGNMENT((#11829));
#11831=STYLED_ITEM('',(#11830),#11828);
#11832=DIRECTION('',(0.E0,0.E0,-1.E0));
#11833=VECTOR('',#11832,3.806566000080E-1);
#11834=CARTESIAN_POINT('',(-1.283669585184E-1,1.683479259195E-2,-1.6E0));
#11835=LINE('',#11834,#11833);
#11836=CURVE_STYLE('',#48,POSITIVE_LENGTH_MEASURE(2.E-2),#8022);
#11837=PRESENTATION_STYLE_ASSIGNMENT((#11836));
#11838=STYLED_ITEM('',(#11837),#11835);
#11839=DIRECTION('',(1.961161351382E-1,-9.805806756909E-1,0.E0));
#11840=VECTOR('',#11839,1.124106837735E-1);
#11841=CARTESIAN_POINT('',(-1.470455488499E-1,1.102277442495E-1,-2.E0));
#11842=LINE('',#11841,#11840);
#11843=CURVE_STYLE('',#48,POSITIVE_LENGTH_MEASURE(2.E-2),#8022);
#11844=PRESENTATION_STYLE_ASSIGNMENT((#11843));
#11845=STYLED_ITEM('',(#11844),#11842);
#11846=CARTESIAN_POINT('',(-1.453827564402E-1,1.019137822009E-1,
-1.980656600008E0));
#11847=CARTESIAN_POINT('',(-1.457261638140E-1,1.036308190701E-1,
-1.987575175040E0));
#11848=CARTESIAN_POINT('',(-1.462813970113E-1,1.064069850565E-1,
-1.994020811438E0));
#11849=CARTESIAN_POINT('',(-1.470455488499E-1,1.102277442495E-1,-2.E0));
#11851=CURVE_STYLE('',#48,POSITIVE_LENGTH_MEASURE(2.E-2),#8022);
#11852=PRESENTATION_STYLE_ASSIGNMENT((#11851));
#11853=STYLED_ITEM('',(#11852),#11850);
#11854=DIRECTION('',(1.961161351382E-1,-9.805806756909E-1,0.E0));
#11855=VECTOR('',#11854,8.676388564261E-2);
#11856=CARTESIAN_POINT('',(-1.453827564402E-1,1.019137822009E-1,
-1.980656600008E0));
#11857=LINE('',#11856,#11855);
#11858=CURVE_STYLE('',#48,POSITIVE_LENGTH_MEASURE(2.E-2),#8022);
#11859=PRESENTATION_STYLE_ASSIGNMENT((#11858));
#11860=STYLED_ITEM('',(#11859),#11857);
#11861=DIRECTION('',(1.E0,0.E0,0.E0));
#11862=VECTOR('',#11861,2.907655128804E-1);
#11863=CARTESIAN_POINT('',(-1.453827564402E-1,1.019137822009E-1,
-1.980656600008E0));
#11864=LINE('',#11863,#11862);
#11865=CURVE_STYLE('',#48,POSITIVE_LENGTH_MEASURE(2.E-2),#8022);
#11866=PRESENTATION_STYLE_ASSIGNMENT((#11865));
#11867=STYLED_ITEM('',(#11866),#11864);
#11868=DIRECTION('',(1.E0,0.E0,0.E0));
#11869=VECTOR('',#11868,2.567339170368E-1);
#11870=CARTESIAN_POINT('',(-1.283669585184E-1,1.683479259195E-2,
-1.980656600008E0));
#11871=LINE('',#11870,#11869);
#11872=CURVE_STYLE('',#48,POSITIVE_LENGTH_MEASURE(2.E-2),#8022);
#11873=PRESENTATION_STYLE_ASSIGNMENT((#11872));
#11874=STYLED_ITEM('',(#11873),#11871);
#11875=CARTESIAN_POINT('',(-1.25E-1,0.E0,-1.6E0));
#11876=CARTESIAN_POINT('',(1.25E-1,0.E0,-1.6E0));
#11877=VERTEX_POINT('',#11875);
#11878=VERTEX_POINT('',#11876);
#11879=CARTESIAN_POINT('',(-1.25E-1,0.E0,-2.E0));
#11880=CARTESIAN_POINT('',(1.25E-1,0.E0,-2.E0));
#11881=VERTEX_POINT('',#11879);
#11882=VERTEX_POINT('',#11880);
#11883=CARTESIAN_POINT('',(1.470455488499E-1,1.102277442495E-1,-2.E0));
#11884=VERTEX_POINT('',#11883);
#11885=CARTESIAN_POINT('',(-1.470455488499E-1,1.102277442495E-1,-2.E0));
#11886=VERTEX_POINT('',#11885);
#11887=CARTESIAN_POINT('',(1.283669585184E-1,1.683479259195E-2,-1.6E0));
#11888=CARTESIAN_POINT('',(-1.283669585184E-1,1.683479259195E-2,-1.6E0));
#11889=VERTEX_POINT('',#11887);
#11890=VERTEX_POINT('',#11888);
#11891=CARTESIAN_POINT('',(1.283669585184E-1,1.683479259195E-2,
-1.980656600008E0));
#11892=VERTEX_POINT('',#11891);
#11893=CARTESIAN_POINT('',(1.453827564402E-1,1.019137822009E-1,
-1.980656600008E0));
#11894=VERTEX_POINT('',#11893);
#11895=CARTESIAN_POINT('',(-1.283669585184E-1,1.683479259195E-2,
-1.980656600008E0));
#11896=VERTEX_POINT('',#11895);
#11897=CARTESIAN_POINT('',(-1.453827564402E-1,1.019137822009E-1,
-1.980656600008E0));
#11898=VERTEX_POINT('',#11897);
#11899=CARTESIAN_POINT('',(0.E0,0.E0,0.E0));
#11900=DIRECTION('',(0.E0,1.E0,0.E0));
#11901=DIRECTION('',(1.E0,0.E0,0.E0));
#11902=AXIS2_PLACEMENT_3D('',#11899,#11900,#11901);
#11903=PLANE('',#11902);
#11905=ORIENTED_EDGE('',*,*,#11904,.F.);
#11907=ORIENTED_EDGE('',*,*,#11906,.T.);
#11909=ORIENTED_EDGE('',*,*,#11908,.T.);
#11911=ORIENTED_EDGE('',*,*,#11910,.F.);
#11912=EDGE_LOOP('',(#11905,#11907,#11909,#11911));
#11913=FACE_OUTER_BOUND('',#11912,.F.);
#11914=ADVANCED_FACE('',(#11913),#11903,.F.);
#11915=FILL_AREA_STYLE_COLOUR('',#8021);
#11916=FILL_AREA_STYLE('',(#11915));
#11917=SURFACE_STYLE_FILL_AREA(#11916);
#11918=SURFACE_SIDE_STYLE('',(#11917));
#11919=SURFACE_STYLE_USAGE(.NEGATIVE.,#11918);
#11920=PRESENTATION_STYLE_ASSIGNMENT((#11919));
#11921=OVER_RIDING_STYLED_ITEM('',(#11920),#11914,#11746);
#11922=CARTESIAN_POINT('',(-2.5E0,2.E-1,-2.E0));
#11923=DIRECTION('',(0.E0,0.E0,1.E0));
#11924=DIRECTION('',(1.E0,0.E0,0.E0));
#11925=AXIS2_PLACEMENT_3D('',#11922,#11923,#11924);
#11926=PLANE('',#11925);
#11927=ORIENTED_EDGE('',*,*,#11904,.T.);
#11929=ORIENTED_EDGE('',*,*,#11928,.T.);
#11931=ORIENTED_EDGE('',*,*,#11930,.F.);
#11933=ORIENTED_EDGE('',*,*,#11932,.T.);
#11934=EDGE_LOOP('',(#11927,#11929,#11931,#11933));
#11935=FACE_OUTER_BOUND('',#11934,.F.);
#11936=ADVANCED_FACE('',(#11935),#11926,.F.);
#11937=CARTESIAN_POINT('',(1.25E-1,0.E0,-2.05E0));
#11938=DIRECTION('',(9.805806756909E-1,-1.961161351382E-1,0.E0));
#11939=DIRECTION('',(1.961161351382E-1,9.805806756909E-1,0.E0));
#11940=AXIS2_PLACEMENT_3D('',#11937,#11938,#11939);
#11941=PLANE('',#11940);
#11943=ORIENTED_EDGE('',*,*,#11942,.T.);
#11945=ORIENTED_EDGE('',*,*,#11944,.F.);
#11947=ORIENTED_EDGE('',*,*,#11946,.T.);
#11948=ORIENTED_EDGE('',*,*,#11928,.F.);
#11949=ORIENTED_EDGE('',*,*,#11910,.T.);
#11951=ORIENTED_EDGE('',*,*,#11950,.T.);
#11952=EDGE_LOOP('',(#11943,#11945,#11947,#11948,#11949,#11951));
#11953=FACE_OUTER_BOUND('',#11952,.F.);
#11954=ADVANCED_FACE('',(#11953),#11941,.T.);
#11955=CARTESIAN_POINT('',(-2.48E0,1.683479259195E-2,1.980481988881E0));
#11956=DIRECTION('',(0.E0,-1.E0,0.E0));
#11957=DIRECTION('',(0.E0,0.E0,-1.E0));
#11958=AXIS2_PLACEMENT_3D('',#11955,#11956,#11957);
#11959=PLANE('',#11958);
#11961=ORIENTED_EDGE('',*,*,#11960,.T.);
#11963=ORIENTED_EDGE('',*,*,#11962,.T.);
#11965=ORIENTED_EDGE('',*,*,#11964,.T.);
#11966=ORIENTED_EDGE('',*,*,#11942,.F.);
#11967=EDGE_LOOP('',(#11961,#11963,#11965,#11966));
#11968=FACE_OUTER_BOUND('',#11967,.F.);
#11969=ADVANCED_FACE('',(#11968),#11959,.F.);
#11970=CARTESIAN_POINT('',(0.E0,0.E0,-1.6E0));
#11971=DIRECTION('',(0.E0,0.E0,1.E0));
#11972=DIRECTION('',(-1.E0,0.E0,0.E0));
#11973=AXIS2_PLACEMENT_3D('',#11970,#11971,#11972);
#11974=PLANE('',#11973);
#11975=ORIENTED_EDGE('',*,*,#11960,.F.);
#11976=ORIENTED_EDGE('',*,*,#11950,.F.);
#11977=ORIENTED_EDGE('',*,*,#11908,.F.);
#11979=ORIENTED_EDGE('',*,*,#11978,.F.);
#11980=EDGE_LOOP('',(#11975,#11976,#11977,#11979));
#11981=FACE_OUTER_BOUND('',#11980,.F.);
#11982=ADVANCED_FACE('',(#11981),#11974,.T.);
#11983=CARTESIAN_POINT('',(-1.65E-1,2.E-1,-2.05E0));
#11984=DIRECTION('',(-9.805806756909E-1,-1.961161351382E-1,0.E0));
#11985=DIRECTION('',(1.961161351382E-1,-9.805806756909E-1,0.E0));
#11986=AXIS2_PLACEMENT_3D('',#11983,#11984,#11985);
#11987=PLANE('',#11986);
#11988=ORIENTED_EDGE('',*,*,#11962,.F.);
#11989=ORIENTED_EDGE('',*,*,#11978,.T.);
#11990=ORIENTED_EDGE('',*,*,#11906,.F.);
#11991=ORIENTED_EDGE('',*,*,#11932,.F.);
#11993=ORIENTED_EDGE('',*,*,#11992,.F.);
#11995=ORIENTED_EDGE('',*,*,#11994,.T.);
#11996=EDGE_LOOP('',(#11988,#11989,#11990,#11991,#11993,#11995));
#11997=FACE_OUTER_BOUND('',#11996,.F.);
#11998=ADVANCED_FACE('',(#11997),#11987,.T.);
#11999=CARTESIAN_POINT('',(1.75E0,1.65E-1,-1.965E0));
#12000=DIRECTION('',(1.E0,0.E0,0.E0));
#12001=DIRECTION('',(0.E0,0.E0,1.E0));
#12002=AXIS2_PLACEMENT_3D('',#11999,#12000,#12001);
#12003=CYLINDRICAL_SURFACE('',#12002,6.5E-2);
#12005=ORIENTED_EDGE('',*,*,#12004,.F.);
#12006=ORIENTED_EDGE('',*,*,#11992,.T.);
#12007=ORIENTED_EDGE('',*,*,#11930,.T.);
#12008=ORIENTED_EDGE('',*,*,#11946,.F.);
#12009=EDGE_LOOP('',(#12005,#12006,#12007,#12008));
#12010=FACE_OUTER_BOUND('',#12009,.F.);
#12011=ADVANCED_FACE('',(#12010),#12003,.F.);
#12012=CARTESIAN_POINT('',(-2.48E0,1.683479259195E-2,-1.980656600008E0));
#12013=DIRECTION('',(0.E0,0.E0,-1.E0));
#12014=DIRECTION('',(0.E0,1.E0,0.E0));
#12015=AXIS2_PLACEMENT_3D('',#12012,#12013,#12014);
#12016=PLANE('',#12015);
#12017=ORIENTED_EDGE('',*,*,#11944,.T.);
#12018=ORIENTED_EDGE('',*,*,#11964,.F.);
#12019=ORIENTED_EDGE('',*,*,#11994,.F.);
#12020=ORIENTED_EDGE('',*,*,#12004,.T.);
#12021=EDGE_LOOP('',(#12017,#12018,#12019,#12020));
#12022=FACE_OUTER_BOUND('',#12021,.F.);
#12023=ADVANCED_FACE('',(#12022),#12016,.F.);
#12024=CLOSED_SHELL('',(#11914,#11936,#11954,#11969,#11982,#11998,#12011,
#12023));
#12025=MANIFOLD_SOLID_BREP('',#12024);
#12026=FILL_AREA_STYLE_COLOUR('',#8022);
#12027=FILL_AREA_STYLE('',(#12026));
#12028=SURFACE_STYLE_FILL_AREA(#12027);
#12029=SURFACE_SIDE_STYLE('',(#12028));
#12030=SURFACE_STYLE_USAGE(.POSITIVE.,#12029);
#12031=PRESENTATION_STYLE_ASSIGNMENT((#12030));
#11746=STYLED_ITEM('',(#12031),#12025);
#12033=DIRECTION('',(1.E0,0.E0,0.E0));
#12034=VECTOR('',#12033,2.5E-1);
#12035=CARTESIAN_POINT('',(-6.25E-1,0.E0,-2.E0));
#12036=LINE('',#12035,#12034);
#12037=CURVE_STYLE('',#48,POSITIVE_LENGTH_MEASURE(2.E-2),#8022);
#12038=PRESENTATION_STYLE_ASSIGNMENT((#12037));
#12039=STYLED_ITEM('',(#12038),#12036);
#12040=DIRECTION('',(0.E0,0.E0,1.E0));
#12041=VECTOR('',#12040,4.E-1);
#12042=CARTESIAN_POINT('',(-6.25E-1,0.E0,-2.E0));
#12043=LINE('',#12042,#12041);
#12044=CURVE_STYLE('',#48,POSITIVE_LENGTH_MEASURE(2.E-2),#8022);
#12045=PRESENTATION_STYLE_ASSIGNMENT((#12044));
#12046=STYLED_ITEM('',(#12045),#12043);
#12047=DIRECTION('',(1.E0,0.E0,0.E0));
#12048=VECTOR('',#12047,2.940910976998E-1);
#12049=CARTESIAN_POINT('',(-6.470455488499E-1,1.102277442495E-1,-2.E0));
#12050=LINE('',#12049,#12048);
#12051=CURVE_STYLE('',#48,POSITIVE_LENGTH_MEASURE(2.E-2),#8022);
#12052=PRESENTATION_STYLE_ASSIGNMENT((#12051));
#12053=STYLED_ITEM('',(#12052),#12050);
#12054=DIRECTION('',(0.E0,0.E0,-1.E0));
#12055=VECTOR('',#12054,3.806566000080E-1);
#12056=CARTESIAN_POINT('',(-3.716330414816E-1,1.683479259195E-2,-1.6E0));
#12057=LINE('',#12056,#12055);
#12058=CURVE_STYLE('',#48,POSITIVE_LENGTH_MEASURE(2.E-2),#8022);
#12059=PRESENTATION_STYLE_ASSIGNMENT((#12058));
#12060=STYLED_ITEM('',(#12059),#12057);
#12061=DIRECTION('',(-1.961161351382E-1,-9.805806756909E-1,0.E0));
#12062=VECTOR('',#12061,8.676388564261E-2);
#12063=CARTESIAN_POINT('',(-3.546172435598E-1,1.019137822009E-1,
-1.980656600008E0));
#12064=LINE('',#12063,#12062);
#12065=CURVE_STYLE('',#48,POSITIVE_LENGTH_MEASURE(2.E-2),#8022);
#12066=PRESENTATION_STYLE_ASSIGNMENT((#12065));
#12067=STYLED_ITEM('',(#12066),#12064);
#12068=CARTESIAN_POINT('',(-3.546172435598E-1,1.019137822009E-1,
-1.980656600008E0));
#12069=CARTESIAN_POINT('',(-3.542738361860E-1,1.036308190701E-1,
-1.987575175040E0));
#12070=CARTESIAN_POINT('',(-3.537186029887E-1,1.064069850565E-1,
-1.994020811438E0));
#12071=CARTESIAN_POINT('',(-3.529544511501E-1,1.102277442495E-1,-2.E0));
#12073=CURVE_STYLE('',#48,POSITIVE_LENGTH_MEASURE(2.E-2),#8022);
#12074=PRESENTATION_STYLE_ASSIGNMENT((#12073));
#12075=STYLED_ITEM('',(#12074),#12072);
#12076=DIRECTION('',(1.961161351382E-1,9.805806756909E-1,0.E0));
#12077=VECTOR('',#12076,1.124106837735E-1);
#12078=CARTESIAN_POINT('',(-3.75E-1,0.E0,-2.E0));
#12079=LINE('',#12078,#12077);
#12080=CURVE_STYLE('',#48,POSITIVE_LENGTH_MEASURE(2.E-2),#8022);
#12081=PRESENTATION_STYLE_ASSIGNMENT((#12080));
#12082=STYLED_ITEM('',(#12081),#12079);
#12083=DIRECTION('',(0.E0,0.E0,1.E0));
#12084=VECTOR('',#12083,4.E-1);
#12085=CARTESIAN_POINT('',(-3.75E-1,0.E0,-2.E0));
#12086=LINE('',#12085,#12084);
#12087=CURVE_STYLE('',#48,POSITIVE_LENGTH_MEASURE(2.E-2),#8022);
#12088=PRESENTATION_STYLE_ASSIGNMENT((#12087));
#12089=STYLED_ITEM('',(#12088),#12086);
#12090=DIRECTION('',(-1.E0,0.E0,0.E0));
#12091=VECTOR('',#12090,2.567339170368E-1);
#12092=CARTESIAN_POINT('',(-3.716330414816E-1,1.683479259195E-2,-1.6E0));
#12093=LINE('',#12092,#12091);
#12094=CURVE_STYLE('',#48,POSITIVE_LENGTH_MEASURE(2.E-2),#8022);
#12095=PRESENTATION_STYLE_ASSIGNMENT((#12094));
#12096=STYLED_ITEM('',(#12095),#12093);
#12097=DIRECTION('',(1.961161351382E-1,9.805806756909E-1,1.293349160922E-14));
#12098=VECTOR('',#12097,1.716818718673E-2);
#12099=CARTESIAN_POINT('',(-3.75E-1,0.E0,-1.6E0));
#12100=LINE('',#12099,#12098);
#12101=CURVE_STYLE('',#48,POSITIVE_LENGTH_MEASURE(2.E-2),#8022);
#12102=PRESENTATION_STYLE_ASSIGNMENT((#12101));
#12103=STYLED_ITEM('',(#12102),#12100);
#12104=DIRECTION('',(1.E0,0.E0,0.E0));
#12105=VECTOR('',#12104,2.5E-1);
#12106=CARTESIAN_POINT('',(-6.25E-1,0.E0,-1.6E0));
#12107=LINE('',#12106,#12105);
#12108=CURVE_STYLE('',#48,POSITIVE_LENGTH_MEASURE(2.E-2),#8022);
#12109=PRESENTATION_STYLE_ASSIGNMENT((#12108));
#12110=STYLED_ITEM('',(#12109),#12107);
#12111=DIRECTION('',(1.961161351382E-1,-9.805806756909E-1,-1.293349160922E-14));
#12112=VECTOR('',#12111,1.716818718673E-2);
#12113=CARTESIAN_POINT('',(-6.283669585184E-1,1.683479259195E-2,-1.6E0));
#12114=LINE('',#12113,#12112);
#12115=CURVE_STYLE('',#48,POSITIVE_LENGTH_MEASURE(2.E-2),#8022);
#12116=PRESENTATION_STYLE_ASSIGNMENT((#12115));
#12117=STYLED_ITEM('',(#12116),#12114);
#12118=DIRECTION('',(0.E0,0.E0,-1.E0));
#12119=VECTOR('',#12118,3.806566000080E-1);
#12120=CARTESIAN_POINT('',(-6.283669585184E-1,1.683479259195E-2,-1.6E0));
#12121=LINE('',#12120,#12119);
#12122=CURVE_STYLE('',#48,POSITIVE_LENGTH_MEASURE(2.E-2),#8022);
#12123=PRESENTATION_STYLE_ASSIGNMENT((#12122));
#12124=STYLED_ITEM('',(#12123),#12121);
#12125=DIRECTION('',(1.961161351382E-1,-9.805806756909E-1,0.E0));
#12126=VECTOR('',#12125,1.124106837735E-1);
#12127=CARTESIAN_POINT('',(-6.470455488499E-1,1.102277442495E-1,-2.E0));
#12128=LINE('',#12127,#12126);
#12129=CURVE_STYLE('',#48,POSITIVE_LENGTH_MEASURE(2.E-2),#8022);
#12130=PRESENTATION_STYLE_ASSIGNMENT((#12129));
#12131=STYLED_ITEM('',(#12130),#12128);
#12132=CARTESIAN_POINT('',(-6.453827564402E-1,1.019137822009E-1,
-1.980656600008E0));
#12133=CARTESIAN_POINT('',(-6.457261638140E-1,1.036308190701E-1,
-1.987575175040E0));
#12134=CARTESIAN_POINT('',(-6.462813970113E-1,1.064069850565E-1,
-1.994020811438E0));
#12135=CARTESIAN_POINT('',(-6.470455488499E-1,1.102277442495E-1,-2.E0));
#12137=CURVE_STYLE('',#48,POSITIVE_LENGTH_MEASURE(2.E-2),#8022);
#12138=PRESENTATION_STYLE_ASSIGNMENT((#12137));
#12139=STYLED_ITEM('',(#12138),#12136);
#12140=DIRECTION('',(1.961161351382E-1,-9.805806756909E-1,0.E0));
#12141=VECTOR('',#12140,8.676388564261E-2);
#12142=CARTESIAN_POINT('',(-6.453827564402E-1,1.019137822009E-1,
-1.980656600008E0));
#12143=LINE('',#12142,#12141);
#12144=CURVE_STYLE('',#48,POSITIVE_LENGTH_MEASURE(2.E-2),#8022);
#12145=PRESENTATION_STYLE_ASSIGNMENT((#12144));
#12146=STYLED_ITEM('',(#12145),#12143);
#12147=DIRECTION('',(1.E0,0.E0,0.E0));
#12148=VECTOR('',#12147,2.907655128804E-1);
#12149=CARTESIAN_POINT('',(-6.453827564402E-1,1.019137822009E-1,
-1.980656600008E0));
#12150=LINE('',#12149,#12148);
#12151=CURVE_STYLE('',#48,POSITIVE_LENGTH_MEASURE(2.E-2),#8022);
#12152=PRESENTATION_STYLE_ASSIGNMENT((#12151));
#12153=STYLED_ITEM('',(#12152),#12150);
#12154=DIRECTION('',(1.E0,0.E0,0.E0));
#12155=VECTOR('',#12154,2.567339170368E-1);
#12156=CARTESIAN_POINT('',(-6.283669585184E-1,1.683479259195E-2,
-1.980656600008E0));
#12157=LINE('',#12156,#12155);
#12158=CURVE_STYLE('',#48,POSITIVE_LENGTH_MEASURE(2.E-2),#8022);
#12159=PRESENTATION_STYLE_ASSIGNMENT((#12158));
#12160=STYLED_ITEM('',(#12159),#12157);
#12161=CARTESIAN_POINT('',(-6.25E-1,0.E0,-1.6E0));
#12162=CARTESIAN_POINT('',(-3.75E-1,0.E0,-1.6E0));
#12163=VERTEX_POINT('',#12161);
#12164=VERTEX_POINT('',#12162);
#12165=CARTESIAN_POINT('',(-6.25E-1,0.E0,-2.E0));
#12166=CARTESIAN_POINT('',(-3.75E-1,0.E0,-2.E0));
#12167=VERTEX_POINT('',#12165);
#12168=VERTEX_POINT('',#12166);
#12169=CARTESIAN_POINT('',(-3.529544511501E-1,1.102277442495E-1,-2.E0));
#12170=VERTEX_POINT('',#12169);
#12171=CARTESIAN_POINT('',(-6.470455488499E-1,1.102277442495E-1,-2.E0));
#12172=VERTEX_POINT('',#12171);
#12173=CARTESIAN_POINT('',(-3.716330414816E-1,1.683479259195E-2,-1.6E0));
#12174=CARTESIAN_POINT('',(-6.283669585184E-1,1.683479259195E-2,-1.6E0));
#12175=VERTEX_POINT('',#12173);
#12176=VERTEX_POINT('',#12174);
#12177=CARTESIAN_POINT('',(-3.716330414816E-1,1.683479259195E-2,
-1.980656600008E0));
#12178=VERTEX_POINT('',#12177);
#12179=CARTESIAN_POINT('',(-3.546172435598E-1,1.019137822009E-1,
-1.980656600008E0));
#12180=VERTEX_POINT('',#12179);
#12181=CARTESIAN_POINT('',(-6.283669585184E-1,1.683479259195E-2,
-1.980656600008E0));
#12182=VERTEX_POINT('',#12181);
#12183=CARTESIAN_POINT('',(-6.453827564402E-1,1.019137822009E-1,
-1.980656600008E0));
#12184=VERTEX_POINT('',#12183);
#12185=CARTESIAN_POINT('',(0.E0,0.E0,0.E0));
#12186=DIRECTION('',(0.E0,1.E0,0.E0));
#12187=DIRECTION('',(1.E0,0.E0,0.E0));
#12188=AXIS2_PLACEMENT_3D('',#12185,#12186,#12187);
#12189=PLANE('',#12188);
#12191=ORIENTED_EDGE('',*,*,#12190,.F.);
#12193=ORIENTED_EDGE('',*,*,#12192,.T.);
#12195=ORIENTED_EDGE('',*,*,#12194,.T.);
#12197=ORIENTED_EDGE('',*,*,#12196,.F.);
#12198=EDGE_LOOP('',(#12191,#12193,#12195,#12197));
#12199=FACE_OUTER_BOUND('',#12198,.F.);
#12200=ADVANCED_FACE('',(#12199),#12189,.F.);
#12201=FILL_AREA_STYLE_COLOUR('',#8021);
#12202=FILL_AREA_STYLE('',(#12201));
#12203=SURFACE_STYLE_FILL_AREA(#12202);
#12204=SURFACE_SIDE_STYLE('',(#12203));
#12205=SURFACE_STYLE_USAGE(.NEGATIVE.,#12204);
#12206=PRESENTATION_STYLE_ASSIGNMENT((#12205));
#12207=OVER_RIDING_STYLED_ITEM('',(#12206),#12200,#12032);
#12208=CARTESIAN_POINT('',(-2.5E0,2.E-1,-2.E0));
#12209=DIRECTION('',(0.E0,0.E0,1.E0));
#12210=DIRECTION('',(1.E0,0.E0,0.E0));
#12211=AXIS2_PLACEMENT_3D('',#12208,#12209,#12210);
#12212=PLANE('',#12211);
#12213=ORIENTED_EDGE('',*,*,#12190,.T.);
#12215=ORIENTED_EDGE('',*,*,#12214,.T.);
#12217=ORIENTED_EDGE('',*,*,#12216,.F.);
#12219=ORIENTED_EDGE('',*,*,#12218,.T.);
#12220=EDGE_LOOP('',(#12213,#12215,#12217,#12219));
#12221=FACE_OUTER_BOUND('',#12220,.F.);
#12222=ADVANCED_FACE('',(#12221),#12212,.F.);
#12223=CARTESIAN_POINT('',(-3.75E-1,0.E0,-2.05E0));
#12224=DIRECTION('',(9.805806756909E-1,-1.961161351382E-1,0.E0));
#12225=DIRECTION('',(1.961161351382E-1,9.805806756909E-1,0.E0));
#12226=AXIS2_PLACEMENT_3D('',#12223,#12224,#12225);
#12227=PLANE('',#12226);
#12229=ORIENTED_EDGE('',*,*,#12228,.T.);
#12231=ORIENTED_EDGE('',*,*,#12230,.F.);
#12233=ORIENTED_EDGE('',*,*,#12232,.T.);
#12234=ORIENTED_EDGE('',*,*,#12214,.F.);
#12235=ORIENTED_EDGE('',*,*,#12196,.T.);
#12237=ORIENTED_EDGE('',*,*,#12236,.T.);
#12238=EDGE_LOOP('',(#12229,#12231,#12233,#12234,#12235,#12237));
#12239=FACE_OUTER_BOUND('',#12238,.F.);
#12240=ADVANCED_FACE('',(#12239),#12227,.T.);
#12241=CARTESIAN_POINT('',(-2.48E0,1.683479259195E-2,1.980481988881E0));
#12242=DIRECTION('',(0.E0,-1.E0,0.E0));
#12243=DIRECTION('',(0.E0,0.E0,-1.E0));
#12244=AXIS2_PLACEMENT_3D('',#12241,#12242,#12243);
#12245=PLANE('',#12244);
#12247=ORIENTED_EDGE('',*,*,#12246,.T.);
#12249=ORIENTED_EDGE('',*,*,#12248,.T.);
#12251=ORIENTED_EDGE('',*,*,#12250,.T.);
#12252=ORIENTED_EDGE('',*,*,#12228,.F.);
#12253=EDGE_LOOP('',(#12247,#12249,#12251,#12252));
#12254=FACE_OUTER_BOUND('',#12253,.F.);
#12255=ADVANCED_FACE('',(#12254),#12245,.F.);
#12256=CARTESIAN_POINT('',(0.E0,0.E0,-1.6E0));
#12257=DIRECTION('',(0.E0,0.E0,1.E0));
#12258=DIRECTION('',(-1.E0,0.E0,0.E0));
#12259=AXIS2_PLACEMENT_3D('',#12256,#12257,#12258);
#12260=PLANE('',#12259);
#12261=ORIENTED_EDGE('',*,*,#12246,.F.);
#12262=ORIENTED_EDGE('',*,*,#12236,.F.);
#12263=ORIENTED_EDGE('',*,*,#12194,.F.);
#12265=ORIENTED_EDGE('',*,*,#12264,.F.);
#12266=EDGE_LOOP('',(#12261,#12262,#12263,#12265));
#12267=FACE_OUTER_BOUND('',#12266,.F.);
#12268=ADVANCED_FACE('',(#12267),#12260,.T.);
#12269=CARTESIAN_POINT('',(-6.65E-1,2.E-1,-2.05E0));
#12270=DIRECTION('',(-9.805806756909E-1,-1.961161351382E-1,0.E0));
#12271=DIRECTION('',(1.961161351382E-1,-9.805806756909E-1,0.E0));
#12272=AXIS2_PLACEMENT_3D('',#12269,#12270,#12271);
#12273=PLANE('',#12272);
#12274=ORIENTED_EDGE('',*,*,#12248,.F.);
#12275=ORIENTED_EDGE('',*,*,#12264,.T.);
#12276=ORIENTED_EDGE('',*,*,#12192,.F.);
#12277=ORIENTED_EDGE('',*,*,#12218,.F.);
#12279=ORIENTED_EDGE('',*,*,#12278,.F.);
#12281=ORIENTED_EDGE('',*,*,#12280,.T.);
#12282=EDGE_LOOP('',(#12274,#12275,#12276,#12277,#12279,#12281));
#12283=FACE_OUTER_BOUND('',#12282,.F.);
#12284=ADVANCED_FACE('',(#12283),#12273,.T.);
#12285=CARTESIAN_POINT('',(1.75E0,1.65E-1,-1.965E0));
#12286=DIRECTION('',(1.E0,0.E0,0.E0));
#12287=DIRECTION('',(0.E0,0.E0,1.E0));
#12288=AXIS2_PLACEMENT_3D('',#12285,#12286,#12287);
#12289=CYLINDRICAL_SURFACE('',#12288,6.5E-2);
#12291=ORIENTED_EDGE('',*,*,#12290,.F.);
#12292=ORIENTED_EDGE('',*,*,#12278,.T.);
#12293=ORIENTED_EDGE('',*,*,#12216,.T.);
#12294=ORIENTED_EDGE('',*,*,#12232,.F.);
#12295=EDGE_LOOP('',(#12291,#12292,#12293,#12294));
#12296=FACE_OUTER_BOUND('',#12295,.F.);
#12297=ADVANCED_FACE('',(#12296),#12289,.F.);
#12298=CARTESIAN_POINT('',(-2.48E0,1.683479259195E-2,-1.980656600008E0));
#12299=DIRECTION('',(0.E0,0.E0,-1.E0));
#12300=DIRECTION('',(0.E0,1.E0,0.E0));
#12301=AXIS2_PLACEMENT_3D('',#12298,#12299,#12300);
#12302=PLANE('',#12301);
#12303=ORIENTED_EDGE('',*,*,#12230,.T.);
#12304=ORIENTED_EDGE('',*,*,#12250,.F.);
#12305=ORIENTED_EDGE('',*,*,#12280,.F.);
#12306=ORIENTED_EDGE('',*,*,#12290,.T.);
#12307=EDGE_LOOP('',(#12303,#12304,#12305,#12306));
#12308=FACE_OUTER_BOUND('',#12307,.F.);
#12309=ADVANCED_FACE('',(#12308),#12302,.F.);
#12310=CLOSED_SHELL('',(#12200,#12222,#12240,#12255,#12268,#12284,#12297,
#12309));
#12311=MANIFOLD_SOLID_BREP('',#12310);
#12312=FILL_AREA_STYLE_COLOUR('',#8022);
#12313=FILL_AREA_STYLE('',(#12312));
#12314=SURFACE_STYLE_FILL_AREA(#12313);
#12315=SURFACE_SIDE_STYLE('',(#12314));
#12316=SURFACE_STYLE_USAGE(.POSITIVE.,#12315);
#12317=PRESENTATION_STYLE_ASSIGNMENT((#12316));
#12032=STYLED_ITEM('',(#12317),#12311);
#12319=DIRECTION('',(1.E0,0.E0,0.E0));
#12320=VECTOR('',#12319,2.5E-1);
#12321=CARTESIAN_POINT('',(-1.125E0,0.E0,-2.E0));
#12322=LINE('',#12321,#12320);
#12323=CURVE_STYLE('',#48,POSITIVE_LENGTH_MEASURE(2.E-2),#8022);
#12324=PRESENTATION_STYLE_ASSIGNMENT((#12323));
#12325=STYLED_ITEM('',(#12324),#12322);
#12326=DIRECTION('',(0.E0,0.E0,1.E0));
#12327=VECTOR('',#12326,4.E-1);
#12328=CARTESIAN_POINT('',(-1.125E0,0.E0,-2.E0));
#12329=LINE('',#12328,#12327);
#12330=CURVE_STYLE('',#48,POSITIVE_LENGTH_MEASURE(2.E-2),#8022);
#12331=PRESENTATION_STYLE_ASSIGNMENT((#12330));
#12332=STYLED_ITEM('',(#12331),#12329);
#12333=DIRECTION('',(1.E0,0.E0,0.E0));
#12334=VECTOR('',#12333,2.940910976998E-1);
#12335=CARTESIAN_POINT('',(-1.147045548850E0,1.102277442495E-1,-2.E0));
#12336=LINE('',#12335,#12334);
#12337=CURVE_STYLE('',#48,POSITIVE_LENGTH_MEASURE(2.E-2),#8022);
#12338=PRESENTATION_STYLE_ASSIGNMENT((#12337));
#12339=STYLED_ITEM('',(#12338),#12336);
#12340=DIRECTION('',(0.E0,0.E0,-1.E0));
#12341=VECTOR('',#12340,3.806566000080E-1);
#12342=CARTESIAN_POINT('',(-8.716330414816E-1,1.683479259195E-2,-1.6E0));
#12343=LINE('',#12342,#12341);
#12344=CURVE_STYLE('',#48,POSITIVE_LENGTH_MEASURE(2.E-2),#8022);
#12345=PRESENTATION_STYLE_ASSIGNMENT((#12344));
#12346=STYLED_ITEM('',(#12345),#12343);
#12347=DIRECTION('',(-1.961161351382E-1,-9.805806756909E-1,0.E0));
#12348=VECTOR('',#12347,8.676388564261E-2);
#12349=CARTESIAN_POINT('',(-8.546172435598E-1,1.019137822009E-1,
-1.980656600008E0));
#12350=LINE('',#12349,#12348);
#12351=CURVE_STYLE('',#48,POSITIVE_LENGTH_MEASURE(2.E-2),#8022);
#12352=PRESENTATION_STYLE_ASSIGNMENT((#12351));
#12353=STYLED_ITEM('',(#12352),#12350);
#12354=CARTESIAN_POINT('',(-8.546172435598E-1,1.019137822009E-1,
-1.980656600008E0));
#12355=CARTESIAN_POINT('',(-8.542738361860E-1,1.036308190701E-1,
-1.987575175040E0));
#12356=CARTESIAN_POINT('',(-8.537186029887E-1,1.064069850565E-1,
-1.994020811438E0));
#12357=CARTESIAN_POINT('',(-8.529544511501E-1,1.102277442495E-1,-2.E0));
#12359=CURVE_STYLE('',#48,POSITIVE_LENGTH_MEASURE(2.E-2),#8022);
#12360=PRESENTATION_STYLE_ASSIGNMENT((#12359));
#12361=STYLED_ITEM('',(#12360),#12358);
#12362=DIRECTION('',(1.961161351382E-1,9.805806756909E-1,0.E0));
#12363=VECTOR('',#12362,1.124106837735E-1);
#12364=CARTESIAN_POINT('',(-8.75E-1,0.E0,-2.E0));
#12365=LINE('',#12364,#12363);
#12366=CURVE_STYLE('',#48,POSITIVE_LENGTH_MEASURE(2.E-2),#8022);
#12367=PRESENTATION_STYLE_ASSIGNMENT((#12366));
#12368=STYLED_ITEM('',(#12367),#12365);
#12369=DIRECTION('',(0.E0,0.E0,1.E0));
#12370=VECTOR('',#12369,4.E-1);
#12371=CARTESIAN_POINT('',(-8.75E-1,0.E0,-2.E0));
#12372=LINE('',#12371,#12370);
#12373=CURVE_STYLE('',#48,POSITIVE_LENGTH_MEASURE(2.E-2),#8022);
#12374=PRESENTATION_STYLE_ASSIGNMENT((#12373));
#12375=STYLED_ITEM('',(#12374),#12372);
#12376=DIRECTION('',(-1.E0,0.E0,0.E0));
#12377=VECTOR('',#12376,2.567339170368E-1);
#12378=CARTESIAN_POINT('',(-8.716330414816E-1,1.683479259195E-2,-1.6E0));
#12379=LINE('',#12378,#12377);
#12380=CURVE_STYLE('',#48,POSITIVE_LENGTH_MEASURE(2.E-2),#8022);
#12381=PRESENTATION_STYLE_ASSIGNMENT((#12380));
#12382=STYLED_ITEM('',(#12381),#12379);
#12383=DIRECTION('',(1.961161351382E-1,9.805806756909E-1,1.293349160922E-14));
#12384=VECTOR('',#12383,1.716818718673E-2);
#12385=CARTESIAN_POINT('',(-8.75E-1,0.E0,-1.6E0));
#12386=LINE('',#12385,#12384);
#12387=CURVE_STYLE('',#48,POSITIVE_LENGTH_MEASURE(2.E-2),#8022);
#12388=PRESENTATION_STYLE_ASSIGNMENT((#12387));
#12389=STYLED_ITEM('',(#12388),#12386);
#12390=DIRECTION('',(1.E0,0.E0,0.E0));
#12391=VECTOR('',#12390,2.5E-1);
#12392=CARTESIAN_POINT('',(-1.125E0,0.E0,-1.6E0));
#12393=LINE('',#12392,#12391);
#12394=CURVE_STYLE('',#48,POSITIVE_LENGTH_MEASURE(2.E-2),#8022);
#12395=PRESENTATION_STYLE_ASSIGNMENT((#12394));
#12396=STYLED_ITEM('',(#12395),#12393);
#12397=DIRECTION('',(1.961161351382E-1,-9.805806756909E-1,-1.293349160922E-14));
#12398=VECTOR('',#12397,1.716818718673E-2);
#12399=CARTESIAN_POINT('',(-1.128366958518E0,1.683479259195E-2,-1.6E0));
#12400=LINE('',#12399,#12398);
#12401=CURVE_STYLE('',#48,POSITIVE_LENGTH_MEASURE(2.E-2),#8022);
#12402=PRESENTATION_STYLE_ASSIGNMENT((#12401));
#12403=STYLED_ITEM('',(#12402),#12400);
#12404=DIRECTION('',(0.E0,0.E0,-1.E0));
#12405=VECTOR('',#12404,3.806566000080E-1);
#12406=CARTESIAN_POINT('',(-1.128366958518E0,1.683479259195E-2,-1.6E0));
#12407=LINE('',#12406,#12405);
#12408=CURVE_STYLE('',#48,POSITIVE_LENGTH_MEASURE(2.E-2),#8022);
#12409=PRESENTATION_STYLE_ASSIGNMENT((#12408));
#12410=STYLED_ITEM('',(#12409),#12407);
#12411=DIRECTION('',(1.961161351382E-1,-9.805806756909E-1,0.E0));
#12412=VECTOR('',#12411,1.124106837735E-1);
#12413=CARTESIAN_POINT('',(-1.147045548850E0,1.102277442495E-1,-2.E0));
#12414=LINE('',#12413,#12412);
#12415=CURVE_STYLE('',#48,POSITIVE_LENGTH_MEASURE(2.E-2),#8022);
#12416=PRESENTATION_STYLE_ASSIGNMENT((#12415));
#12417=STYLED_ITEM('',(#12416),#12414);
#12418=CARTESIAN_POINT('',(-1.145382756440E0,1.019137822009E-1,
-1.980656600008E0));
#12419=CARTESIAN_POINT('',(-1.145726163814E0,1.036308190701E-1,
-1.987575175040E0));
#12420=CARTESIAN_POINT('',(-1.146281397011E0,1.064069850565E-1,
-1.994020811438E0));
#12421=CARTESIAN_POINT('',(-1.147045548850E0,1.102277442495E-1,-2.E0));
#12423=CURVE_STYLE('',#48,POSITIVE_LENGTH_MEASURE(2.E-2),#8022);
#12424=PRESENTATION_STYLE_ASSIGNMENT((#12423));
#12425=STYLED_ITEM('',(#12424),#12422);
#12426=DIRECTION('',(1.961161351382E-1,-9.805806756909E-1,0.E0));
#12427=VECTOR('',#12426,8.676388564261E-2);
#12428=CARTESIAN_POINT('',(-1.145382756440E0,1.019137822009E-1,
-1.980656600008E0));
#12429=LINE('',#12428,#12427);
#12430=CURVE_STYLE('',#48,POSITIVE_LENGTH_MEASURE(2.E-2),#8022);
#12431=PRESENTATION_STYLE_ASSIGNMENT((#12430));
#12432=STYLED_ITEM('',(#12431),#12429);
#12433=DIRECTION('',(1.E0,0.E0,0.E0));
#12434=VECTOR('',#12433,2.907655128804E-1);
#12435=CARTESIAN_POINT('',(-1.145382756440E0,1.019137822009E-1,
-1.980656600008E0));
#12436=LINE('',#12435,#12434);
#12437=CURVE_STYLE('',#48,POSITIVE_LENGTH_MEASURE(2.E-2),#8022);
#12438=PRESENTATION_STYLE_ASSIGNMENT((#12437));
#12439=STYLED_ITEM('',(#12438),#12436);
#12440=DIRECTION('',(1.E0,0.E0,0.E0));
#12441=VECTOR('',#12440,2.567339170368E-1);
#12442=CARTESIAN_POINT('',(-1.128366958518E0,1.683479259195E-2,
-1.980656600008E0));
#12443=LINE('',#12442,#12441);
#12444=CURVE_STYLE('',#48,POSITIVE_LENGTH_MEASURE(2.E-2),#8022);
#12445=PRESENTATION_STYLE_ASSIGNMENT((#12444));
#12446=STYLED_ITEM('',(#12445),#12443);
#12447=CARTESIAN_POINT('',(-1.125E0,0.E0,-1.6E0));
#12448=CARTESIAN_POINT('',(-8.75E-1,0.E0,-1.6E0));
#12449=VERTEX_POINT('',#12447);
#12450=VERTEX_POINT('',#12448);
#12451=CARTESIAN_POINT('',(-1.125E0,0.E0,-2.E0));
#12452=CARTESIAN_POINT('',(-8.75E-1,0.E0,-2.E0));
#12453=VERTEX_POINT('',#12451);
#12454=VERTEX_POINT('',#12452);
#12455=CARTESIAN_POINT('',(-8.529544511501E-1,1.102277442495E-1,-2.E0));
#12456=VERTEX_POINT('',#12455);
#12457=CARTESIAN_POINT('',(-1.147045548850E0,1.102277442495E-1,-2.E0));
#12458=VERTEX_POINT('',#12457);
#12459=CARTESIAN_POINT('',(-8.716330414816E-1,1.683479259195E-2,-1.6E0));
#12460=CARTESIAN_POINT('',(-1.128366958518E0,1.683479259195E-2,-1.6E0));
#12461=VERTEX_POINT('',#12459);
#12462=VERTEX_POINT('',#12460);
#12463=CARTESIAN_POINT('',(-8.716330414816E-1,1.683479259195E-2,
-1.980656600008E0));
#12464=VERTEX_POINT('',#12463);
#12465=CARTESIAN_POINT('',(-8.546172435598E-1,1.019137822009E-1,
-1.980656600008E0));
#12466=VERTEX_POINT('',#12465);
#12467=CARTESIAN_POINT('',(-1.128366958518E0,1.683479259195E-2,
-1.980656600008E0));
#12468=VERTEX_POINT('',#12467);
#12469=CARTESIAN_POINT('',(-1.145382756440E0,1.019137822009E-1,
-1.980656600008E0));
#12470=VERTEX_POINT('',#12469);
#12471=CARTESIAN_POINT('',(0.E0,0.E0,0.E0));
#12472=DIRECTION('',(0.E0,1.E0,0.E0));
#12473=DIRECTION('',(1.E0,0.E0,0.E0));
#12474=AXIS2_PLACEMENT_3D('',#12471,#12472,#12473);
#12475=PLANE('',#12474);
#12477=ORIENTED_EDGE('',*,*,#12476,.F.);
#12479=ORIENTED_EDGE('',*,*,#12478,.T.);
#12481=ORIENTED_EDGE('',*,*,#12480,.T.);
#12483=ORIENTED_EDGE('',*,*,#12482,.F.);
#12484=EDGE_LOOP('',(#12477,#12479,#12481,#12483));
#12485=FACE_OUTER_BOUND('',#12484,.F.);
#12486=ADVANCED_FACE('',(#12485),#12475,.F.);
#12487=FILL_AREA_STYLE_COLOUR('',#8021);
#12488=FILL_AREA_STYLE('',(#12487));
#12489=SURFACE_STYLE_FILL_AREA(#12488);
#12490=SURFACE_SIDE_STYLE('',(#12489));
#12491=SURFACE_STYLE_USAGE(.NEGATIVE.,#12490);
#12492=PRESENTATION_STYLE_ASSIGNMENT((#12491));
#12493=OVER_RIDING_STYLED_ITEM('',(#12492),#12486,#12318);
#12494=CARTESIAN_POINT('',(-2.5E0,2.E-1,-2.E0));
#12495=DIRECTION('',(0.E0,0.E0,1.E0));
#12496=DIRECTION('',(1.E0,0.E0,0.E0));
#12497=AXIS2_PLACEMENT_3D('',#12494,#12495,#12496);
#12498=PLANE('',#12497);
#12499=ORIENTED_EDGE('',*,*,#12476,.T.);
#12501=ORIENTED_EDGE('',*,*,#12500,.T.);
#12503=ORIENTED_EDGE('',*,*,#12502,.F.);
#12505=ORIENTED_EDGE('',*,*,#12504,.T.);
#12506=EDGE_LOOP('',(#12499,#12501,#12503,#12505));
#12507=FACE_OUTER_BOUND('',#12506,.F.);
#12508=ADVANCED_FACE('',(#12507),#12498,.F.);
#12509=CARTESIAN_POINT('',(-8.75E-1,0.E0,-2.05E0));
#12510=DIRECTION('',(9.805806756909E-1,-1.961161351382E-1,0.E0));
#12511=DIRECTION('',(1.961161351382E-1,9.805806756909E-1,0.E0));
#12512=AXIS2_PLACEMENT_3D('',#12509,#12510,#12511);
#12513=PLANE('',#12512);
#12515=ORIENTED_EDGE('',*,*,#12514,.T.);
#12517=ORIENTED_EDGE('',*,*,#12516,.F.);
#12519=ORIENTED_EDGE('',*,*,#12518,.T.);
#12520=ORIENTED_EDGE('',*,*,#12500,.F.);
#12521=ORIENTED_EDGE('',*,*,#12482,.T.);
#12523=ORIENTED_EDGE('',*,*,#12522,.T.);
#12524=EDGE_LOOP('',(#12515,#12517,#12519,#12520,#12521,#12523));
#12525=FACE_OUTER_BOUND('',#12524,.F.);
#12526=ADVANCED_FACE('',(#12525),#12513,.T.);
#12527=CARTESIAN_POINT('',(-2.48E0,1.683479259195E-2,1.980481988881E0));
#12528=DIRECTION('',(0.E0,-1.E0,0.E0));
#12529=DIRECTION('',(0.E0,0.E0,-1.E0));
#12530=AXIS2_PLACEMENT_3D('',#12527,#12528,#12529);
#12531=PLANE('',#12530);
#12533=ORIENTED_EDGE('',*,*,#12532,.T.);
#12535=ORIENTED_EDGE('',*,*,#12534,.T.);
#12537=ORIENTED_EDGE('',*,*,#12536,.T.);
#12538=ORIENTED_EDGE('',*,*,#12514,.F.);
#12539=EDGE_LOOP('',(#12533,#12535,#12537,#12538));
#12540=FACE_OUTER_BOUND('',#12539,.F.);
#12541=ADVANCED_FACE('',(#12540),#12531,.F.);
#12542=CARTESIAN_POINT('',(0.E0,0.E0,-1.6E0));
#12543=DIRECTION('',(0.E0,0.E0,1.E0));
#12544=DIRECTION('',(-1.E0,0.E0,0.E0));
#12545=AXIS2_PLACEMENT_3D('',#12542,#12543,#12544);
#12546=PLANE('',#12545);
#12547=ORIENTED_EDGE('',*,*,#12532,.F.);
#12548=ORIENTED_EDGE('',*,*,#12522,.F.);
#12549=ORIENTED_EDGE('',*,*,#12480,.F.);
#12551=ORIENTED_EDGE('',*,*,#12550,.F.);
#12552=EDGE_LOOP('',(#12547,#12548,#12549,#12551));
#12553=FACE_OUTER_BOUND('',#12552,.F.);
#12554=ADVANCED_FACE('',(#12553),#12546,.T.);
#12555=CARTESIAN_POINT('',(-1.165E0,2.E-1,-2.05E0));
#12556=DIRECTION('',(-9.805806756909E-1,-1.961161351382E-1,0.E0));
#12557=DIRECTION('',(1.961161351382E-1,-9.805806756909E-1,0.E0));
#12558=AXIS2_PLACEMENT_3D('',#12555,#12556,#12557);
#12559=PLANE('',#12558);
#12560=ORIENTED_EDGE('',*,*,#12534,.F.);
#12561=ORIENTED_EDGE('',*,*,#12550,.T.);
#12562=ORIENTED_EDGE('',*,*,#12478,.F.);
#12563=ORIENTED_EDGE('',*,*,#12504,.F.);
#12565=ORIENTED_EDGE('',*,*,#12564,.F.);
#12567=ORIENTED_EDGE('',*,*,#12566,.T.);
#12568=EDGE_LOOP('',(#12560,#12561,#12562,#12563,#12565,#12567));
#12569=FACE_OUTER_BOUND('',#12568,.F.);
#12570=ADVANCED_FACE('',(#12569),#12559,.T.);
#12571=CARTESIAN_POINT('',(1.75E0,1.65E-1,-1.965E0));
#12572=DIRECTION('',(1.E0,0.E0,0.E0));
#12573=DIRECTION('',(0.E0,0.E0,1.E0));
#12574=AXIS2_PLACEMENT_3D('',#12571,#12572,#12573);
#12575=CYLINDRICAL_SURFACE('',#12574,6.5E-2);
#12577=ORIENTED_EDGE('',*,*,#12576,.F.);
#12578=ORIENTED_EDGE('',*,*,#12564,.T.);
#12579=ORIENTED_EDGE('',*,*,#12502,.T.);
#12580=ORIENTED_EDGE('',*,*,#12518,.F.);
#12581=EDGE_LOOP('',(#12577,#12578,#12579,#12580));
#12582=FACE_OUTER_BOUND('',#12581,.F.);
#12583=ADVANCED_FACE('',(#12582),#12575,.F.);
#12584=CARTESIAN_POINT('',(-2.48E0,1.683479259195E-2,-1.980656600008E0));
#12585=DIRECTION('',(0.E0,0.E0,-1.E0));
#12586=DIRECTION('',(0.E0,1.E0,0.E0));
#12587=AXIS2_PLACEMENT_3D('',#12584,#12585,#12586);
#12588=PLANE('',#12587);
#12589=ORIENTED_EDGE('',*,*,#12516,.T.);
#12590=ORIENTED_EDGE('',*,*,#12536,.F.);
#12591=ORIENTED_EDGE('',*,*,#12566,.F.);
#12592=ORIENTED_EDGE('',*,*,#12576,.T.);
#12593=EDGE_LOOP('',(#12589,#12590,#12591,#12592));
#12594=FACE_OUTER_BOUND('',#12593,.F.);
#12595=ADVANCED_FACE('',(#12594),#12588,.F.);
#12596=CLOSED_SHELL('',(#12486,#12508,#12526,#12541,#12554,#12570,#12583,
#12595));
#12597=MANIFOLD_SOLID_BREP('',#12596);
#12598=FILL_AREA_STYLE_COLOUR('',#8022);
#12599=FILL_AREA_STYLE('',(#12598));
#12600=SURFACE_STYLE_FILL_AREA(#12599);
#12601=SURFACE_SIDE_STYLE('',(#12600));
#12602=SURFACE_STYLE_USAGE(.POSITIVE.,#12601);
#12603=PRESENTATION_STYLE_ASSIGNMENT((#12602));
#12318=STYLED_ITEM('',(#12603),#12597);
#12605=DIRECTION('',(1.E0,0.E0,0.E0));
#12606=VECTOR('',#12605,2.5E-1);
#12607=CARTESIAN_POINT('',(-1.625E0,0.E0,-2.E0));
#12608=LINE('',#12607,#12606);
#12609=CURVE_STYLE('',#48,POSITIVE_LENGTH_MEASURE(2.E-2),#8022);
#12610=PRESENTATION_STYLE_ASSIGNMENT((#12609));
#12611=STYLED_ITEM('',(#12610),#12608);
#12612=DIRECTION('',(0.E0,0.E0,1.E0));
#12613=VECTOR('',#12612,4.E-1);
#12614=CARTESIAN_POINT('',(-1.625E0,0.E0,-2.E0));
#12615=LINE('',#12614,#12613);
#12616=CURVE_STYLE('',#48,POSITIVE_LENGTH_MEASURE(2.E-2),#8022);
#12617=PRESENTATION_STYLE_ASSIGNMENT((#12616));
#12618=STYLED_ITEM('',(#12617),#12615);
#12619=DIRECTION('',(1.E0,0.E0,0.E0));
#12620=VECTOR('',#12619,2.940910976998E-1);
#12621=CARTESIAN_POINT('',(-1.647045548850E0,1.102277442495E-1,-2.E0));
#12622=LINE('',#12621,#12620);
#12623=CURVE_STYLE('',#48,POSITIVE_LENGTH_MEASURE(2.E-2),#8022);
#12624=PRESENTATION_STYLE_ASSIGNMENT((#12623));
#12625=STYLED_ITEM('',(#12624),#12622);
#12626=DIRECTION('',(0.E0,0.E0,-1.E0));
#12627=VECTOR('',#12626,3.806566000080E-1);
#12628=CARTESIAN_POINT('',(-1.371633041482E0,1.683479259195E-2,-1.6E0));
#12629=LINE('',#12628,#12627);
#12630=CURVE_STYLE('',#48,POSITIVE_LENGTH_MEASURE(2.E-2),#8022);
#12631=PRESENTATION_STYLE_ASSIGNMENT((#12630));
#12632=STYLED_ITEM('',(#12631),#12629);
#12633=DIRECTION('',(-1.961161351382E-1,-9.805806756909E-1,0.E0));
#12634=VECTOR('',#12633,8.676388564261E-2);
#12635=CARTESIAN_POINT('',(-1.354617243560E0,1.019137822009E-1,
-1.980656600008E0));
#12636=LINE('',#12635,#12634);
#12637=CURVE_STYLE('',#48,POSITIVE_LENGTH_MEASURE(2.E-2),#8022);
#12638=PRESENTATION_STYLE_ASSIGNMENT((#12637));
#12639=STYLED_ITEM('',(#12638),#12636);
#12640=CARTESIAN_POINT('',(-1.354617243560E0,1.019137822009E-1,
-1.980656600008E0));
#12641=CARTESIAN_POINT('',(-1.354273836186E0,1.036308190701E-1,
-1.987575175040E0));
#12642=CARTESIAN_POINT('',(-1.353718602989E0,1.064069850565E-1,
-1.994020811438E0));
#12643=CARTESIAN_POINT('',(-1.352954451150E0,1.102277442495E-1,-2.E0));
#12645=CURVE_STYLE('',#48,POSITIVE_LENGTH_MEASURE(2.E-2),#8022);
#12646=PRESENTATION_STYLE_ASSIGNMENT((#12645));
#12647=STYLED_ITEM('',(#12646),#12644);
#12648=DIRECTION('',(1.961161351382E-1,9.805806756909E-1,0.E0));
#12649=VECTOR('',#12648,1.124106837735E-1);
#12650=CARTESIAN_POINT('',(-1.375E0,0.E0,-2.E0));
#12651=LINE('',#12650,#12649);
#12652=CURVE_STYLE('',#48,POSITIVE_LENGTH_MEASURE(2.E-2),#8022);
#12653=PRESENTATION_STYLE_ASSIGNMENT((#12652));
#12654=STYLED_ITEM('',(#12653),#12651);
#12655=DIRECTION('',(0.E0,0.E0,1.E0));
#12656=VECTOR('',#12655,4.E-1);
#12657=CARTESIAN_POINT('',(-1.375E0,0.E0,-2.E0));
#12658=LINE('',#12657,#12656);
#12659=CURVE_STYLE('',#48,POSITIVE_LENGTH_MEASURE(2.E-2),#8022);
#12660=PRESENTATION_STYLE_ASSIGNMENT((#12659));
#12661=STYLED_ITEM('',(#12660),#12658);
#12662=DIRECTION('',(-1.E0,0.E0,0.E0));
#12663=VECTOR('',#12662,2.567339170368E-1);
#12664=CARTESIAN_POINT('',(-1.371633041482E0,1.683479259195E-2,-1.6E0));
#12665=LINE('',#12664,#12663);
#12666=CURVE_STYLE('',#48,POSITIVE_LENGTH_MEASURE(2.E-2),#8022);
#12667=PRESENTATION_STYLE_ASSIGNMENT((#12666));
#12668=STYLED_ITEM('',(#12667),#12665);
#12669=DIRECTION('',(1.961161351382E-1,9.805806756909E-1,1.293349160922E-14));
#12670=VECTOR('',#12669,1.716818718673E-2);
#12671=CARTESIAN_POINT('',(-1.375E0,0.E0,-1.6E0));
#12672=LINE('',#12671,#12670);
#12673=CURVE_STYLE('',#48,POSITIVE_LENGTH_MEASURE(2.E-2),#8022);
#12674=PRESENTATION_STYLE_ASSIGNMENT((#12673));
#12675=STYLED_ITEM('',(#12674),#12672);
#12676=DIRECTION('',(1.E0,0.E0,0.E0));
#12677=VECTOR('',#12676,2.5E-1);
#12678=CARTESIAN_POINT('',(-1.625E0,0.E0,-1.6E0));
#12679=LINE('',#12678,#12677);
#12680=CURVE_STYLE('',#48,POSITIVE_LENGTH_MEASURE(2.E-2),#8022);
#12681=PRESENTATION_STYLE_ASSIGNMENT((#12680));
#12682=STYLED_ITEM('',(#12681),#12679);
#12683=DIRECTION('',(1.961161351382E-1,-9.805806756909E-1,-1.293349160922E-14));
#12684=VECTOR('',#12683,1.716818718673E-2);
#12685=CARTESIAN_POINT('',(-1.628366958518E0,1.683479259195E-2,-1.6E0));
#12686=LINE('',#12685,#12684);
#12687=CURVE_STYLE('',#48,POSITIVE_LENGTH_MEASURE(2.E-2),#8022);
#12688=PRESENTATION_STYLE_ASSIGNMENT((#12687));
#12689=STYLED_ITEM('',(#12688),#12686);
#12690=DIRECTION('',(0.E0,0.E0,-1.E0));
#12691=VECTOR('',#12690,3.806566000080E-1);
#12692=CARTESIAN_POINT('',(-1.628366958518E0,1.683479259195E-2,-1.6E0));
#12693=LINE('',#12692,#12691);
#12694=CURVE_STYLE('',#48,POSITIVE_LENGTH_MEASURE(2.E-2),#8022);
#12695=PRESENTATION_STYLE_ASSIGNMENT((#12694));
#12696=STYLED_ITEM('',(#12695),#12693);
#12697=DIRECTION('',(1.961161351382E-1,-9.805806756909E-1,0.E0));
#12698=VECTOR('',#12697,1.124106837735E-1);
#12699=CARTESIAN_POINT('',(-1.647045548850E0,1.102277442495E-1,-2.E0));
#12700=LINE('',#12699,#12698);
#12701=CURVE_STYLE('',#48,POSITIVE_LENGTH_MEASURE(2.E-2),#8022);
#12702=PRESENTATION_STYLE_ASSIGNMENT((#12701));
#12703=STYLED_ITEM('',(#12702),#12700);
#12704=CARTESIAN_POINT('',(-1.645382756440E0,1.019137822009E-1,
-1.980656600008E0));
#12705=CARTESIAN_POINT('',(-1.645726163814E0,1.036308190701E-1,
-1.987575175040E0));
#12706=CARTESIAN_POINT('',(-1.646281397011E0,1.064069850565E-1,
-1.994020811438E0));
#12707=CARTESIAN_POINT('',(-1.647045548850E0,1.102277442495E-1,-2.E0));
#12709=CURVE_STYLE('',#48,POSITIVE_LENGTH_MEASURE(2.E-2),#8022);
#12710=PRESENTATION_STYLE_ASSIGNMENT((#12709));
#12711=STYLED_ITEM('',(#12710),#12708);
#12712=DIRECTION('',(1.961161351382E-1,-9.805806756909E-1,0.E0));
#12713=VECTOR('',#12712,8.676388564261E-2);
#12714=CARTESIAN_POINT('',(-1.645382756440E0,1.019137822009E-1,
-1.980656600008E0));
#12715=LINE('',#12714,#12713);
#12716=CURVE_STYLE('',#48,POSITIVE_LENGTH_MEASURE(2.E-2),#8022);
#12717=PRESENTATION_STYLE_ASSIGNMENT((#12716));
#12718=STYLED_ITEM('',(#12717),#12715);
#12719=DIRECTION('',(1.E0,0.E0,0.E0));
#12720=VECTOR('',#12719,2.907655128804E-1);
#12721=CARTESIAN_POINT('',(-1.645382756440E0,1.019137822009E-1,
-1.980656600008E0));
#12722=LINE('',#12721,#12720);
#12723=CURVE_STYLE('',#48,POSITIVE_LENGTH_MEASURE(2.E-2),#8022);
#12724=PRESENTATION_STYLE_ASSIGNMENT((#12723));
#12725=STYLED_ITEM('',(#12724),#12722);
#12726=DIRECTION('',(1.E0,0.E0,0.E0));
#12727=VECTOR('',#12726,2.567339170368E-1);
#12728=CARTESIAN_POINT('',(-1.628366958518E0,1.683479259195E-2,
-1.980656600008E0));
#12729=LINE('',#12728,#12727);
#12730=CURVE_STYLE('',#48,POSITIVE_LENGTH_MEASURE(2.E-2),#8022);
#12731=PRESENTATION_STYLE_ASSIGNMENT((#12730));
#12732=STYLED_ITEM('',(#12731),#12729);
#12733=CARTESIAN_POINT('',(-1.625E0,0.E0,-1.6E0));
#12734=CARTESIAN_POINT('',(-1.375E0,0.E0,-1.6E0));
#12735=VERTEX_POINT('',#12733);
#12736=VERTEX_POINT('',#12734);
#12737=CARTESIAN_POINT('',(-1.625E0,0.E0,-2.E0));
#12738=CARTESIAN_POINT('',(-1.375E0,0.E0,-2.E0));
#12739=VERTEX_POINT('',#12737);
#12740=VERTEX_POINT('',#12738);
#12741=CARTESIAN_POINT('',(-1.352954451150E0,1.102277442495E-1,-2.E0));
#12742=VERTEX_POINT('',#12741);
#12743=CARTESIAN_POINT('',(-1.647045548850E0,1.102277442495E-1,-2.E0));
#12744=VERTEX_POINT('',#12743);
#12745=CARTESIAN_POINT('',(-1.371633041482E0,1.683479259195E-2,-1.6E0));
#12746=CARTESIAN_POINT('',(-1.628366958518E0,1.683479259195E-2,-1.6E0));
#12747=VERTEX_POINT('',#12745);
#12748=VERTEX_POINT('',#12746);
#12749=CARTESIAN_POINT('',(-1.371633041482E0,1.683479259195E-2,
-1.980656600008E0));
#12750=VERTEX_POINT('',#12749);
#12751=CARTESIAN_POINT('',(-1.354617243560E0,1.019137822009E-1,
-1.980656600008E0));
#12752=VERTEX_POINT('',#12751);
#12753=CARTESIAN_POINT('',(-1.628366958518E0,1.683479259195E-2,
-1.980656600008E0));
#12754=VERTEX_POINT('',#12753);
#12755=CARTESIAN_POINT('',(-1.645382756440E0,1.019137822009E-1,
-1.980656600008E0));
#12756=VERTEX_POINT('',#12755);
#12757=CARTESIAN_POINT('',(0.E0,0.E0,0.E0));
#12758=DIRECTION('',(0.E0,1.E0,0.E0));
#12759=DIRECTION('',(1.E0,0.E0,0.E0));
#12760=AXIS2_PLACEMENT_3D('',#12757,#12758,#12759);
#12761=PLANE('',#12760);
#12763=ORIENTED_EDGE('',*,*,#12762,.F.);
#12765=ORIENTED_EDGE('',*,*,#12764,.T.);
#12767=ORIENTED_EDGE('',*,*,#12766,.T.);
#12769=ORIENTED_EDGE('',*,*,#12768,.F.);
#12770=EDGE_LOOP('',(#12763,#12765,#12767,#12769));
#12771=FACE_OUTER_BOUND('',#12770,.F.);
#12772=ADVANCED_FACE('',(#12771),#12761,.F.);
#12773=FILL_AREA_STYLE_COLOUR('',#8021);
#12774=FILL_AREA_STYLE('',(#12773));
#12775=SURFACE_STYLE_FILL_AREA(#12774);
#12776=SURFACE_SIDE_STYLE('',(#12775));
#12777=SURFACE_STYLE_USAGE(.NEGATIVE.,#12776);
#12778=PRESENTATION_STYLE_ASSIGNMENT((#12777));
#12779=OVER_RIDING_STYLED_ITEM('',(#12778),#12772,#12604);
#12780=CARTESIAN_POINT('',(-2.5E0,2.E-1,-2.E0));
#12781=DIRECTION('',(0.E0,0.E0,1.E0));
#12782=DIRECTION('',(1.E0,0.E0,0.E0));
#12783=AXIS2_PLACEMENT_3D('',#12780,#12781,#12782);
#12784=PLANE('',#12783);
#12785=ORIENTED_EDGE('',*,*,#12762,.T.);
#12787=ORIENTED_EDGE('',*,*,#12786,.T.);
#12789=ORIENTED_EDGE('',*,*,#12788,.F.);
#12791=ORIENTED_EDGE('',*,*,#12790,.T.);
#12792=EDGE_LOOP('',(#12785,#12787,#12789,#12791));
#12793=FACE_OUTER_BOUND('',#12792,.F.);
#12794=ADVANCED_FACE('',(#12793),#12784,.F.);
#12795=CARTESIAN_POINT('',(-1.375E0,0.E0,-2.05E0));
#12796=DIRECTION('',(9.805806756909E-1,-1.961161351382E-1,0.E0));
#12797=DIRECTION('',(1.961161351382E-1,9.805806756909E-1,0.E0));
#12798=AXIS2_PLACEMENT_3D('',#12795,#12796,#12797);
#12799=PLANE('',#12798);
#12801=ORIENTED_EDGE('',*,*,#12800,.T.);
#12803=ORIENTED_EDGE('',*,*,#12802,.F.);
#12805=ORIENTED_EDGE('',*,*,#12804,.T.);
#12806=ORIENTED_EDGE('',*,*,#12786,.F.);
#12807=ORIENTED_EDGE('',*,*,#12768,.T.);
#12809=ORIENTED_EDGE('',*,*,#12808,.T.);
#12810=EDGE_LOOP('',(#12801,#12803,#12805,#12806,#12807,#12809));
#12811=FACE_OUTER_BOUND('',#12810,.F.);
#12812=ADVANCED_FACE('',(#12811),#12799,.T.);
#12813=CARTESIAN_POINT('',(-2.48E0,1.683479259195E-2,1.980481988881E0));
#12814=DIRECTION('',(0.E0,-1.E0,0.E0));
#12815=DIRECTION('',(0.E0,0.E0,-1.E0));
#12816=AXIS2_PLACEMENT_3D('',#12813,#12814,#12815);
#12817=PLANE('',#12816);
#12819=ORIENTED_EDGE('',*,*,#12818,.T.);
#12821=ORIENTED_EDGE('',*,*,#12820,.T.);
#12823=ORIENTED_EDGE('',*,*,#12822,.T.);
#12824=ORIENTED_EDGE('',*,*,#12800,.F.);
#12825=EDGE_LOOP('',(#12819,#12821,#12823,#12824));
#12826=FACE_OUTER_BOUND('',#12825,.F.);
#12827=ADVANCED_FACE('',(#12826),#12817,.F.);
#12828=CARTESIAN_POINT('',(0.E0,0.E0,-1.6E0));
#12829=DIRECTION('',(0.E0,0.E0,1.E0));
#12830=DIRECTION('',(-1.E0,0.E0,0.E0));
#12831=AXIS2_PLACEMENT_3D('',#12828,#12829,#12830);
#12832=PLANE('',#12831);
#12833=ORIENTED_EDGE('',*,*,#12818,.F.);
#12834=ORIENTED_EDGE('',*,*,#12808,.F.);
#12835=ORIENTED_EDGE('',*,*,#12766,.F.);
#12837=ORIENTED_EDGE('',*,*,#12836,.F.);
#12838=EDGE_LOOP('',(#12833,#12834,#12835,#12837));
#12839=FACE_OUTER_BOUND('',#12838,.F.);
#12840=ADVANCED_FACE('',(#12839),#12832,.T.);
#12841=CARTESIAN_POINT('',(-1.665E0,2.E-1,-2.05E0));
#12842=DIRECTION('',(-9.805806756909E-1,-1.961161351382E-1,0.E0));
#12843=DIRECTION('',(1.961161351382E-1,-9.805806756909E-1,0.E0));
#12844=AXIS2_PLACEMENT_3D('',#12841,#12842,#12843);
#12845=PLANE('',#12844);
#12846=ORIENTED_EDGE('',*,*,#12820,.F.);
#12847=ORIENTED_EDGE('',*,*,#12836,.T.);
#12848=ORIENTED_EDGE('',*,*,#12764,.F.);
#12849=ORIENTED_EDGE('',*,*,#12790,.F.);
#12851=ORIENTED_EDGE('',*,*,#12850,.F.);
#12853=ORIENTED_EDGE('',*,*,#12852,.T.);
#12854=EDGE_LOOP('',(#12846,#12847,#12848,#12849,#12851,#12853));
#12855=FACE_OUTER_BOUND('',#12854,.F.);
#12856=ADVANCED_FACE('',(#12855),#12845,.T.);
#12857=CARTESIAN_POINT('',(1.75E0,1.65E-1,-1.965E0));
#12858=DIRECTION('',(1.E0,0.E0,0.E0));
#12859=DIRECTION('',(0.E0,0.E0,1.E0));
#12860=AXIS2_PLACEMENT_3D('',#12857,#12858,#12859);
#12861=CYLINDRICAL_SURFACE('',#12860,6.5E-2);
#12863=ORIENTED_EDGE('',*,*,#12862,.F.);
#12864=ORIENTED_EDGE('',*,*,#12850,.T.);
#12865=ORIENTED_EDGE('',*,*,#12788,.T.);
#12866=ORIENTED_EDGE('',*,*,#12804,.F.);
#12867=EDGE_LOOP('',(#12863,#12864,#12865,#12866));
#12868=FACE_OUTER_BOUND('',#12867,.F.);
#12869=ADVANCED_FACE('',(#12868),#12861,.F.);
#12870=CARTESIAN_POINT('',(-2.48E0,1.683479259195E-2,-1.980656600008E0));
#12871=DIRECTION('',(0.E0,0.E0,-1.E0));
#12872=DIRECTION('',(0.E0,1.E0,0.E0));
#12873=AXIS2_PLACEMENT_3D('',#12870,#12871,#12872);
#12874=PLANE('',#12873);
#12875=ORIENTED_EDGE('',*,*,#12802,.T.);
#12876=ORIENTED_EDGE('',*,*,#12822,.F.);
#12877=ORIENTED_EDGE('',*,*,#12852,.F.);
#12878=ORIENTED_EDGE('',*,*,#12862,.T.);
#12879=EDGE_LOOP('',(#12875,#12876,#12877,#12878));
#12880=FACE_OUTER_BOUND('',#12879,.F.);
#12881=ADVANCED_FACE('',(#12880),#12874,.F.);
#12882=CLOSED_SHELL('',(#12772,#12794,#12812,#12827,#12840,#12856,#12869,
#12881));
#12883=MANIFOLD_SOLID_BREP('',#12882);
#12884=FILL_AREA_STYLE_COLOUR('',#8022);
#12885=FILL_AREA_STYLE('',(#12884));
#12886=SURFACE_STYLE_FILL_AREA(#12885);
#12887=SURFACE_SIDE_STYLE('',(#12886));
#12888=SURFACE_STYLE_USAGE(.POSITIVE.,#12887);
#12889=PRESENTATION_STYLE_ASSIGNMENT((#12888));
#12604=STYLED_ITEM('',(#12889),#12883);
#12891=DIRECTION('',(-1.E0,0.E0,0.E0));
#12892=VECTOR('',#12891,2.5E-1);
#12893=CARTESIAN_POINT('',(1.625E0,0.E0,2.E0));
#12894=LINE('',#12893,#12892);
#12895=CURVE_STYLE('',#48,POSITIVE_LENGTH_MEASURE(2.E-2),#8022);
#12896=PRESENTATION_STYLE_ASSIGNMENT((#12895));
#12897=STYLED_ITEM('',(#12896),#12894);
#12898=DIRECTION('',(0.E0,0.E0,-1.E0));
#12899=VECTOR('',#12898,4.E-1);
#12900=CARTESIAN_POINT('',(1.375E0,0.E0,2.E0));
#12901=LINE('',#12900,#12899);
#12902=CURVE_STYLE('',#48,POSITIVE_LENGTH_MEASURE(2.E-2),#8022);
#12903=PRESENTATION_STYLE_ASSIGNMENT((#12902));
#12904=STYLED_ITEM('',(#12903),#12901);
#12905=DIRECTION('',(-1.E0,0.E0,0.E0));
#12906=VECTOR('',#12905,2.940910976998E-1);
#12907=CARTESIAN_POINT('',(1.647045548850E0,1.102277442495E-1,2.E0));
#12908=LINE('',#12907,#12906);
#12909=CURVE_STYLE('',#48,POSITIVE_LENGTH_MEASURE(2.E-2),#8022);
#12910=PRESENTATION_STYLE_ASSIGNMENT((#12909));
#12911=STYLED_ITEM('',(#12910),#12908);
#12912=DIRECTION('',(0.E0,0.E0,1.E0));
#12913=VECTOR('',#12912,3.804819888812E-1);
#12914=CARTESIAN_POINT('',(1.371633041482E0,1.683479259195E-2,1.6E0));
#12915=LINE('',#12914,#12913);
#12916=CURVE_STYLE('',#48,POSITIVE_LENGTH_MEASURE(2.E-2),#8022);
#12917=PRESENTATION_STYLE_ASSIGNMENT((#12916));
#12918=STYLED_ITEM('',(#12917),#12915);
#12919=DIRECTION('',(1.961161351382E-1,-9.805806756909E-1,0.E0));
#12920=VECTOR('',#12919,8.671995427003E-2);
#12921=CARTESIAN_POINT('',(1.354625859211E0,1.018707039459E-1,
1.980481988881E0));
#12922=LINE('',#12921,#12920);
#12923=CURVE_STYLE('',#48,POSITIVE_LENGTH_MEASURE(2.E-2),#8022);
#12924=PRESENTATION_STYLE_ASSIGNMENT((#12923));
#12925=STYLED_ITEM('',(#12924),#12922);
#12926=CARTESIAN_POINT('',(1.354625859211E0,1.018707039459E-1,
1.980481988881E0));
#12927=CARTESIAN_POINT('',(1.354283337157E0,1.035833142152E-1,
1.987465321678E0));
#12928=CARTESIAN_POINT('',(1.353725209323E0,1.063739533855E-1,
1.993969119463E0));
#12929=CARTESIAN_POINT('',(1.352954451150E0,1.102277442495E-1,2.E0));
#12931=CURVE_STYLE('',#48,POSITIVE_LENGTH_MEASURE(2.E-2),#8022);
#12932=PRESENTATION_STYLE_ASSIGNMENT((#12931));
#12933=STYLED_ITEM('',(#12932),#12930);
#12934=DIRECTION('',(1.961161351382E-1,-9.805806756909E-1,0.E0));
#12935=VECTOR('',#12934,1.124106837735E-1);
#12936=CARTESIAN_POINT('',(1.352954451150E0,1.102277442495E-1,2.E0));
#12937=LINE('',#12936,#12935);
#12938=CURVE_STYLE('',#48,POSITIVE_LENGTH_MEASURE(2.E-2),#8022);
#12939=PRESENTATION_STYLE_ASSIGNMENT((#12938));
#12940=STYLED_ITEM('',(#12939),#12937);
#12941=DIRECTION('',(1.E0,0.E0,0.E0));
#12942=VECTOR('',#12941,2.567339170368E-1);
#12943=CARTESIAN_POINT('',(1.371633041482E0,1.683479259195E-2,
1.980481988881E0));
#12944=LINE('',#12943,#12942);
#12945=CURVE_STYLE('',#48,POSITIVE_LENGTH_MEASURE(2.E-2),#8022);
#12946=PRESENTATION_STYLE_ASSIGNMENT((#12945));
#12947=STYLED_ITEM('',(#12946),#12944);
#12948=DIRECTION('',(-1.E0,0.E0,0.E0));
#12949=VECTOR('',#12948,2.567339170368E-1);
#12950=CARTESIAN_POINT('',(1.628366958518E0,1.683479259195E-2,1.6E0));
#12951=LINE('',#12950,#12949);
#12952=CURVE_STYLE('',#48,POSITIVE_LENGTH_MEASURE(2.E-2),#8022);
#12953=PRESENTATION_STYLE_ASSIGNMENT((#12952));
#12954=STYLED_ITEM('',(#12953),#12951);
#12955=DIRECTION('',(1.961161351382E-1,-9.805806756909E-1,0.E0));
#12956=VECTOR('',#12955,1.716818718673E-2);
#12957=CARTESIAN_POINT('',(1.371633041482E0,1.683479259195E-2,1.6E0));
#12958=LINE('',#12957,#12956);
#12959=CURVE_STYLE('',#48,POSITIVE_LENGTH_MEASURE(2.E-2),#8022);
#12960=PRESENTATION_STYLE_ASSIGNMENT((#12959));
#12961=STYLED_ITEM('',(#12960),#12958);
#12962=DIRECTION('',(1.E0,0.E0,0.E0));
#12963=VECTOR('',#12962,2.5E-1);
#12964=CARTESIAN_POINT('',(1.375E0,0.E0,1.6E0));
#12965=LINE('',#12964,#12963);
#12966=CURVE_STYLE('',#48,POSITIVE_LENGTH_MEASURE(2.E-2),#8022);
#12967=PRESENTATION_STYLE_ASSIGNMENT((#12966));
#12968=STYLED_ITEM('',(#12967),#12965);
#12969=DIRECTION('',(1.961161351382E-1,9.805806756909E-1,0.E0));
#12970=VECTOR('',#12969,1.716818718673E-2);
#12971=CARTESIAN_POINT('',(1.625E0,0.E0,1.6E0));
#12972=LINE('',#12971,#12970);
#12973=CURVE_STYLE('',#48,POSITIVE_LENGTH_MEASURE(2.E-2),#8022);
#12974=PRESENTATION_STYLE_ASSIGNMENT((#12973));
#12975=STYLED_ITEM('',(#12974),#12972);
#12976=DIRECTION('',(0.E0,0.E0,1.E0));
#12977=VECTOR('',#12976,3.804819888812E-1);
#12978=CARTESIAN_POINT('',(1.628366958518E0,1.683479259195E-2,1.6E0));
#12979=LINE('',#12978,#12977);
#12980=CURVE_STYLE('',#48,POSITIVE_LENGTH_MEASURE(2.E-2),#8022);
#12981=PRESENTATION_STYLE_ASSIGNMENT((#12980));
#12982=STYLED_ITEM('',(#12981),#12979);
#12983=DIRECTION('',(0.E0,0.E0,-1.E0));
#12984=VECTOR('',#12983,4.E-1);
#12985=CARTESIAN_POINT('',(1.625E0,0.E0,2.E0));
#12986=LINE('',#12985,#12984);
#12987=CURVE_STYLE('',#48,POSITIVE_LENGTH_MEASURE(2.E-2),#8022);
#12988=PRESENTATION_STYLE_ASSIGNMENT((#12987));
#12989=STYLED_ITEM('',(#12988),#12986);
#12990=DIRECTION('',(1.961161351382E-1,9.805806756909E-1,0.E0));
#12991=VECTOR('',#12990,1.124106837735E-1);
#12992=CARTESIAN_POINT('',(1.625E0,0.E0,2.E0));
#12993=LINE('',#12992,#12991);
#12994=CURVE_STYLE('',#48,POSITIVE_LENGTH_MEASURE(2.E-2),#8022);
#12995=PRESENTATION_STYLE_ASSIGNMENT((#12994));
#12996=STYLED_ITEM('',(#12995),#12993);
#12997=CARTESIAN_POINT('',(1.645374140789E0,1.018707039459E-1,
1.980481988881E0));
#12998=CARTESIAN_POINT('',(1.645716662843E0,1.035833142152E-1,
1.987465321678E0));
#12999=CARTESIAN_POINT('',(1.646274790677E0,1.063739533855E-1,
1.993969119463E0));
#13000=CARTESIAN_POINT('',(1.647045548850E0,1.102277442495E-1,2.E0));
#13002=CURVE_STYLE('',#48,POSITIVE_LENGTH_MEASURE(2.E-2),#8022);
#13003=PRESENTATION_STYLE_ASSIGNMENT((#13002));
#13004=STYLED_ITEM('',(#13003),#13001);
#13005=DIRECTION('',(-1.961161351382E-1,-9.805806756909E-1,0.E0));
#13006=VECTOR('',#13005,8.671995427002E-2);
#13007=CARTESIAN_POINT('',(1.645374140789E0,1.018707039459E-1,
1.980481988881E0));
#13008=LINE('',#13007,#13006);
#13009=CURVE_STYLE('',#48,POSITIVE_LENGTH_MEASURE(2.E-2),#8022);
#13010=PRESENTATION_STYLE_ASSIGNMENT((#13009));
#13011=STYLED_ITEM('',(#13010),#13008);
#13012=DIRECTION('',(-1.E0,0.E0,0.E0));
#13013=VECTOR('',#13012,2.907482815784E-1);
#13014=CARTESIAN_POINT('',(1.645374140789E0,1.018707039459E-1,
1.980481988881E0));
#13015=LINE('',#13014,#13013);
#13016=CURVE_STYLE('',#48,POSITIVE_LENGTH_MEASURE(2.E-2),#8022);
#13017=PRESENTATION_STYLE_ASSIGNMENT((#13016));
#13018=STYLED_ITEM('',(#13017),#13015);
#13019=CARTESIAN_POINT('',(1.375E0,0.E0,1.6E0));
#13020=CARTESIAN_POINT('',(1.625E0,0.E0,1.6E0));
#13021=VERTEX_POINT('',#13019);
#13022=VERTEX_POINT('',#13020);
#13023=CARTESIAN_POINT('',(1.625E0,0.E0,2.E0));
#13024=CARTESIAN_POINT('',(1.375E0,0.E0,2.E0));
#13025=VERTEX_POINT('',#13023);
#13026=VERTEX_POINT('',#13024);
#13027=CARTESIAN_POINT('',(1.647045548850E0,1.102277442495E-1,2.E0));
#13028=VERTEX_POINT('',#13027);
#13029=CARTESIAN_POINT('',(1.352954451150E0,1.102277442495E-1,2.E0));
#13030=VERTEX_POINT('',#13029);
#13031=CARTESIAN_POINT('',(1.628366958518E0,1.683479259195E-2,1.6E0));
#13032=CARTESIAN_POINT('',(1.371633041482E0,1.683479259195E-2,1.6E0));
#13033=VERTEX_POINT('',#13031);
#13034=VERTEX_POINT('',#13032);
#13035=CARTESIAN_POINT('',(1.628366958518E0,1.683479259195E-2,
1.980481988881E0));
#13036=VERTEX_POINT('',#13035);
#13037=CARTESIAN_POINT('',(1.645374140789E0,1.018707039459E-1,
1.980481988881E0));
#13038=VERTEX_POINT('',#13037);
#13039=CARTESIAN_POINT('',(1.371633041482E0,1.683479259195E-2,
1.980481988881E0));
#13040=VERTEX_POINT('',#13039);
#13041=CARTESIAN_POINT('',(1.354625859211E0,1.018707039459E-1,
1.980481988881E0));
#13042=VERTEX_POINT('',#13041);
#13043=CARTESIAN_POINT('',(0.E0,0.E0,0.E0));
#13044=DIRECTION('',(0.E0,1.E0,0.E0));
#13045=DIRECTION('',(1.E0,0.E0,0.E0));
#13046=AXIS2_PLACEMENT_3D('',#13043,#13044,#13045);
#13047=PLANE('',#13046);
#13049=ORIENTED_EDGE('',*,*,#13048,.F.);
#13051=ORIENTED_EDGE('',*,*,#13050,.T.);
#13053=ORIENTED_EDGE('',*,*,#13052,.F.);
#13055=ORIENTED_EDGE('',*,*,#13054,.F.);
#13056=EDGE_LOOP('',(#13049,#13051,#13053,#13055));
#13057=FACE_OUTER_BOUND('',#13056,.F.);
#13058=ADVANCED_FACE('',(#13057),#13047,.F.);
#13059=FILL_AREA_STYLE_COLOUR('',#8021);
#13060=FILL_AREA_STYLE('',(#13059));
#13061=SURFACE_STYLE_FILL_AREA(#13060);
#13062=SURFACE_SIDE_STYLE('',(#13061));
#13063=SURFACE_STYLE_USAGE(.NEGATIVE.,#13062);
#13064=PRESENTATION_STYLE_ASSIGNMENT((#13063));
#13065=OVER_RIDING_STYLED_ITEM('',(#13064),#13058,#12890);
#13066=CARTESIAN_POINT('',(2.5E0,2.E-1,2.E0));
#13067=DIRECTION('',(0.E0,0.E0,-1.E0));
#13068=DIRECTION('',(-1.E0,0.E0,0.E0));
#13069=AXIS2_PLACEMENT_3D('',#13066,#13067,#13068);
#13070=PLANE('',#13069);
#13071=ORIENTED_EDGE('',*,*,#13048,.T.);
#13073=ORIENTED_EDGE('',*,*,#13072,.F.);
#13075=ORIENTED_EDGE('',*,*,#13074,.F.);
#13077=ORIENTED_EDGE('',*,*,#13076,.F.);
#13078=EDGE_LOOP('',(#13071,#13073,#13075,#13077));
#13079=FACE_OUTER_BOUND('',#13078,.F.);
#13080=ADVANCED_FACE('',(#13079),#13070,.F.);
#13081=CARTESIAN_POINT('',(1.335E0,2.E-1,2.05E0));
#13082=DIRECTION('',(9.805806756909E-1,1.961161351382E-1,0.E0));
#13083=DIRECTION('',(1.961161351382E-1,-9.805806756909E-1,0.E0));
#13084=AXIS2_PLACEMENT_3D('',#13081,#13082,#13083);
#13085=PLANE('',#13084);
#13087=ORIENTED_EDGE('',*,*,#13086,.T.);
#13089=ORIENTED_EDGE('',*,*,#13088,.F.);
#13091=ORIENTED_EDGE('',*,*,#13090,.T.);
#13092=ORIENTED_EDGE('',*,*,#13072,.T.);
#13093=ORIENTED_EDGE('',*,*,#13054,.T.);
#13095=ORIENTED_EDGE('',*,*,#13094,.F.);
#13096=EDGE_LOOP('',(#13087,#13089,#13091,#13092,#13093,#13095));
#13097=FACE_OUTER_BOUND('',#13096,.F.);
#13098=ADVANCED_FACE('',(#13097),#13085,.F.);
#13099=CARTESIAN_POINT('',(-2.48E0,1.683479259195E-2,1.980481988881E0));
#13100=DIRECTION('',(0.E0,-1.E0,0.E0));
#13101=DIRECTION('',(0.E0,0.E0,-1.E0));
#13102=AXIS2_PLACEMENT_3D('',#13099,#13100,#13101);
#13103=PLANE('',#13102);
#13105=ORIENTED_EDGE('',*,*,#13104,.F.);
#13107=ORIENTED_EDGE('',*,*,#13106,.T.);
#13109=ORIENTED_EDGE('',*,*,#13108,.F.);
#13110=ORIENTED_EDGE('',*,*,#13086,.F.);
#13111=EDGE_LOOP('',(#13105,#13107,#13109,#13110));
#13112=FACE_OUTER_BOUND('',#13111,.F.);
#13113=ADVANCED_FACE('',(#13112),#13103,.F.);
#13114=CARTESIAN_POINT('',(0.E0,0.E0,1.6E0));
#13115=DIRECTION('',(0.E0,0.E0,1.E0));
#13116=DIRECTION('',(-1.E0,0.E0,0.E0));
#13117=AXIS2_PLACEMENT_3D('',#13114,#13115,#13116);
#13118=PLANE('',#13117);
#13119=ORIENTED_EDGE('',*,*,#13104,.T.);
#13120=ORIENTED_EDGE('',*,*,#13094,.T.);
#13121=ORIENTED_EDGE('',*,*,#13052,.T.);
#13123=ORIENTED_EDGE('',*,*,#13122,.T.);
#13124=EDGE_LOOP('',(#13119,#13120,#13121,#13123));
#13125=FACE_OUTER_BOUND('',#13124,.F.);
#13126=ADVANCED_FACE('',(#13125),#13118,.F.);
#13127=CARTESIAN_POINT('',(1.625E0,0.E0,2.05E0));
#13128=DIRECTION('',(-9.805806756909E-1,1.961161351382E-1,0.E0));
#13129=DIRECTION('',(1.961161351382E-1,9.805806756909E-1,0.E0));
#13130=AXIS2_PLACEMENT_3D('',#13127,#13128,#13129);
#13131=PLANE('',#13130);
#13132=ORIENTED_EDGE('',*,*,#13106,.F.);
#13133=ORIENTED_EDGE('',*,*,#13122,.F.);
#13134=ORIENTED_EDGE('',*,*,#13050,.F.);
#13135=ORIENTED_EDGE('',*,*,#13076,.T.);
#13137=ORIENTED_EDGE('',*,*,#13136,.F.);
#13139=ORIENTED_EDGE('',*,*,#13138,.T.);
#13140=EDGE_LOOP('',(#13132,#13133,#13134,#13135,#13137,#13139));
#13141=FACE_OUTER_BOUND('',#13140,.F.);
#13142=ADVANCED_FACE('',(#13141),#13131,.F.);
#13143=CARTESIAN_POINT('',(1.75E0,1.65E-1,1.965E0));
#13144=DIRECTION('',(-1.E0,0.E0,0.E0));
#13145=DIRECTION('',(0.E0,0.E0,-1.E0));
#13146=AXIS2_PLACEMENT_3D('',#13143,#13144,#13145);
#13147=CYLINDRICAL_SURFACE('',#13146,6.5E-2);
#13149=ORIENTED_EDGE('',*,*,#13148,.F.);
#13150=ORIENTED_EDGE('',*,*,#13136,.T.);
#13151=ORIENTED_EDGE('',*,*,#13074,.T.);
#13152=ORIENTED_EDGE('',*,*,#13090,.F.);
#13153=EDGE_LOOP('',(#13149,#13150,#13151,#13152));
#13154=FACE_OUTER_BOUND('',#13153,.F.);
#13155=ADVANCED_FACE('',(#13154),#13147,.F.);
#13156=CARTESIAN_POINT('',(-2.48E0,2.281676324467E-1,1.980481988881E0));
#13157=DIRECTION('',(0.E0,0.E0,1.E0));
#13158=DIRECTION('',(0.E0,-1.E0,0.E0));
#13159=AXIS2_PLACEMENT_3D('',#13156,#13157,#13158);
#13160=PLANE('',#13159);
#13161=ORIENTED_EDGE('',*,*,#13138,.F.);
#13162=ORIENTED_EDGE('',*,*,#13148,.T.);
#13163=ORIENTED_EDGE('',*,*,#13088,.T.);
#13164=ORIENTED_EDGE('',*,*,#13108,.T.);
#13165=EDGE_LOOP('',(#13161,#13162,#13163,#13164));
#13166=FACE_OUTER_BOUND('',#13165,.F.);
#13167=ADVANCED_FACE('',(#13166),#13160,.F.);
#13168=CLOSED_SHELL('',(#13058,#13080,#13098,#13113,#13126,#13142,#13155,
#13167));
#13169=MANIFOLD_SOLID_BREP('',#13168);
#13170=FILL_AREA_STYLE_COLOUR('',#8022);
#13171=FILL_AREA_STYLE('',(#13170));
#13172=SURFACE_STYLE_FILL_AREA(#13171);
#13173=SURFACE_SIDE_STYLE('',(#13172));
#13174=SURFACE_STYLE_USAGE(.POSITIVE.,#13173);
#13175=PRESENTATION_STYLE_ASSIGNMENT((#13174));
#12890=STYLED_ITEM('',(#13175),#13169);
#13177=DIRECTION('',(-1.E0,0.E0,0.E0));
#13178=VECTOR('',#13177,2.5E-1);
#13179=CARTESIAN_POINT('',(1.125E0,0.E0,2.E0));
#13180=LINE('',#13179,#13178);
#13181=CURVE_STYLE('',#48,POSITIVE_LENGTH_MEASURE(2.E-2),#8022);
#13182=PRESENTATION_STYLE_ASSIGNMENT((#13181));
#13183=STYLED_ITEM('',(#13182),#13180);
#13184=DIRECTION('',(0.E0,0.E0,-1.E0));
#13185=VECTOR('',#13184,4.E-1);
#13186=CARTESIAN_POINT('',(8.75E-1,0.E0,2.E0));
#13187=LINE('',#13186,#13185);
#13188=CURVE_STYLE('',#48,POSITIVE_LENGTH_MEASURE(2.E-2),#8022);
#13189=PRESENTATION_STYLE_ASSIGNMENT((#13188));
#13190=STYLED_ITEM('',(#13189),#13187);
#13191=DIRECTION('',(-1.E0,0.E0,0.E0));
#13192=VECTOR('',#13191,2.940910976998E-1);
#13193=CARTESIAN_POINT('',(1.147045548850E0,1.102277442495E-1,2.E0));
#13194=LINE('',#13193,#13192);
#13195=CURVE_STYLE('',#48,POSITIVE_LENGTH_MEASURE(2.E-2),#8022);
#13196=PRESENTATION_STYLE_ASSIGNMENT((#13195));
#13197=STYLED_ITEM('',(#13196),#13194);
#13198=DIRECTION('',(0.E0,0.E0,1.E0));
#13199=VECTOR('',#13198,3.804819888812E-1);
#13200=CARTESIAN_POINT('',(8.716330414816E-1,1.683479259195E-2,1.6E0));
#13201=LINE('',#13200,#13199);
#13202=CURVE_STYLE('',#48,POSITIVE_LENGTH_MEASURE(2.E-2),#8022);
#13203=PRESENTATION_STYLE_ASSIGNMENT((#13202));
#13204=STYLED_ITEM('',(#13203),#13201);
#13205=DIRECTION('',(1.961161351382E-1,-9.805806756909E-1,0.E0));
#13206=VECTOR('',#13205,8.671995427002E-2);
#13207=CARTESIAN_POINT('',(8.546258592108E-1,1.018707039459E-1,
1.980481988881E0));
#13208=LINE('',#13207,#13206);
#13209=CURVE_STYLE('',#48,POSITIVE_LENGTH_MEASURE(2.E-2),#8022);
#13210=PRESENTATION_STYLE_ASSIGNMENT((#13209));
#13211=STYLED_ITEM('',(#13210),#13208);
#13212=CARTESIAN_POINT('',(8.546258592108E-1,1.018707039459E-1,
1.980481988881E0));
#13213=CARTESIAN_POINT('',(8.542833371570E-1,1.035833142152E-1,
1.987465321678E0));
#13214=CARTESIAN_POINT('',(8.537252093229E-1,1.063739533855E-1,
1.993969119463E0));
#13215=CARTESIAN_POINT('',(8.529544511501E-1,1.102277442495E-1,2.E0));
#13217=CURVE_STYLE('',#48,POSITIVE_LENGTH_MEASURE(2.E-2),#8022);
#13218=PRESENTATION_STYLE_ASSIGNMENT((#13217));
#13219=STYLED_ITEM('',(#13218),#13216);
#13220=DIRECTION('',(1.961161351382E-1,-9.805806756909E-1,0.E0));
#13221=VECTOR('',#13220,1.124106837735E-1);
#13222=CARTESIAN_POINT('',(8.529544511501E-1,1.102277442495E-1,2.E0));
#13223=LINE('',#13222,#13221);
#13224=CURVE_STYLE('',#48,POSITIVE_LENGTH_MEASURE(2.E-2),#8022);
#13225=PRESENTATION_STYLE_ASSIGNMENT((#13224));
#13226=STYLED_ITEM('',(#13225),#13223);
#13227=DIRECTION('',(1.E0,0.E0,0.E0));
#13228=VECTOR('',#13227,2.567339170368E-1);
#13229=CARTESIAN_POINT('',(8.716330414816E-1,1.683479259195E-2,
1.980481988881E0));
#13230=LINE('',#13229,#13228);
#13231=CURVE_STYLE('',#48,POSITIVE_LENGTH_MEASURE(2.E-2),#8022);
#13232=PRESENTATION_STYLE_ASSIGNMENT((#13231));
#13233=STYLED_ITEM('',(#13232),#13230);
#13234=DIRECTION('',(-1.E0,0.E0,0.E0));
#13235=VECTOR('',#13234,2.567339170368E-1);
#13236=CARTESIAN_POINT('',(1.128366958518E0,1.683479259195E-2,1.6E0));
#13237=LINE('',#13236,#13235);
#13238=CURVE_STYLE('',#48,POSITIVE_LENGTH_MEASURE(2.E-2),#8022);
#13239=PRESENTATION_STYLE_ASSIGNMENT((#13238));
#13240=STYLED_ITEM('',(#13239),#13237);
#13241=DIRECTION('',(1.961161351382E-1,-9.805806756909E-1,0.E0));
#13242=VECTOR('',#13241,1.716818718673E-2);
#13243=CARTESIAN_POINT('',(8.716330414816E-1,1.683479259195E-2,1.6E0));
#13244=LINE('',#13243,#13242);
#13245=CURVE_STYLE('',#48,POSITIVE_LENGTH_MEASURE(2.E-2),#8022);
#13246=PRESENTATION_STYLE_ASSIGNMENT((#13245));
#13247=STYLED_ITEM('',(#13246),#13244);
#13248=DIRECTION('',(1.E0,0.E0,0.E0));
#13249=VECTOR('',#13248,2.5E-1);
#13250=CARTESIAN_POINT('',(8.75E-1,0.E0,1.6E0));
#13251=LINE('',#13250,#13249);
#13252=CURVE_STYLE('',#48,POSITIVE_LENGTH_MEASURE(2.E-2),#8022);
#13253=PRESENTATION_STYLE_ASSIGNMENT((#13252));
#13254=STYLED_ITEM('',(#13253),#13251);
#13255=DIRECTION('',(1.961161351382E-1,9.805806756909E-1,0.E0));
#13256=VECTOR('',#13255,1.716818718673E-2);
#13257=CARTESIAN_POINT('',(1.125E0,0.E0,1.6E0));
#13258=LINE('',#13257,#13256);
#13259=CURVE_STYLE('',#48,POSITIVE_LENGTH_MEASURE(2.E-2),#8022);
#13260=PRESENTATION_STYLE_ASSIGNMENT((#13259));
#13261=STYLED_ITEM('',(#13260),#13258);
#13262=DIRECTION('',(0.E0,0.E0,1.E0));
#13263=VECTOR('',#13262,3.804819888812E-1);
#13264=CARTESIAN_POINT('',(1.128366958518E0,1.683479259195E-2,1.6E0));
#13265=LINE('',#13264,#13263);
#13266=CURVE_STYLE('',#48,POSITIVE_LENGTH_MEASURE(2.E-2),#8022);
#13267=PRESENTATION_STYLE_ASSIGNMENT((#13266));
#13268=STYLED_ITEM('',(#13267),#13265);
#13269=DIRECTION('',(0.E0,0.E0,-1.E0));
#13270=VECTOR('',#13269,4.E-1);
#13271=CARTESIAN_POINT('',(1.125E0,0.E0,2.E0));
#13272=LINE('',#13271,#13270);
#13273=CURVE_STYLE('',#48,POSITIVE_LENGTH_MEASURE(2.E-2),#8022);
#13274=PRESENTATION_STYLE_ASSIGNMENT((#13273));
#13275=STYLED_ITEM('',(#13274),#13272);
#13276=DIRECTION('',(1.961161351382E-1,9.805806756909E-1,0.E0));
#13277=VECTOR('',#13276,1.124106837735E-1);
#13278=CARTESIAN_POINT('',(1.125E0,0.E0,2.E0));
#13279=LINE('',#13278,#13277);
#13280=CURVE_STYLE('',#48,POSITIVE_LENGTH_MEASURE(2.E-2),#8022);
#13281=PRESENTATION_STYLE_ASSIGNMENT((#13280));
#13282=STYLED_ITEM('',(#13281),#13279);
#13283=CARTESIAN_POINT('',(1.145374140789E0,1.018707039459E-1,
1.980481988881E0));
#13284=CARTESIAN_POINT('',(1.145716662843E0,1.035833142152E-1,
1.987465321678E0));
#13285=CARTESIAN_POINT('',(1.146274790677E0,1.063739533855E-1,
1.993969119463E0));
#13286=CARTESIAN_POINT('',(1.147045548850E0,1.102277442495E-1,2.E0));
#13288=CURVE_STYLE('',#48,POSITIVE_LENGTH_MEASURE(2.E-2),#8022);
#13289=PRESENTATION_STYLE_ASSIGNMENT((#13288));
#13290=STYLED_ITEM('',(#13289),#13287);
#13291=DIRECTION('',(-1.961161351382E-1,-9.805806756909E-1,0.E0));
#13292=VECTOR('',#13291,8.671995427002E-2);
#13293=CARTESIAN_POINT('',(1.145374140789E0,1.018707039459E-1,
1.980481988881E0));
#13294=LINE('',#13293,#13292);
#13295=CURVE_STYLE('',#48,POSITIVE_LENGTH_MEASURE(2.E-2),#8022);
#13296=PRESENTATION_STYLE_ASSIGNMENT((#13295));
#13297=STYLED_ITEM('',(#13296),#13294);
#13298=DIRECTION('',(-1.E0,0.E0,0.E0));
#13299=VECTOR('',#13298,2.907482815784E-1);
#13300=CARTESIAN_POINT('',(1.145374140789E0,1.018707039459E-1,
1.980481988881E0));
#13301=LINE('',#13300,#13299);
#13302=CURVE_STYLE('',#48,POSITIVE_LENGTH_MEASURE(2.E-2),#8022);
#13303=PRESENTATION_STYLE_ASSIGNMENT((#13302));
#13304=STYLED_ITEM('',(#13303),#13301);
#13305=CARTESIAN_POINT('',(8.75E-1,0.E0,1.6E0));
#13306=CARTESIAN_POINT('',(1.125E0,0.E0,1.6E0));
#13307=VERTEX_POINT('',#13305);
#13308=VERTEX_POINT('',#13306);
#13309=CARTESIAN_POINT('',(1.125E0,0.E0,2.E0));
#13310=CARTESIAN_POINT('',(8.75E-1,0.E0,2.E0));
#13311=VERTEX_POINT('',#13309);
#13312=VERTEX_POINT('',#13310);
#13313=CARTESIAN_POINT('',(1.147045548850E0,1.102277442495E-1,2.E0));
#13314=VERTEX_POINT('',#13313);
#13315=CARTESIAN_POINT('',(8.529544511501E-1,1.102277442495E-1,2.E0));
#13316=VERTEX_POINT('',#13315);
#13317=CARTESIAN_POINT('',(1.128366958518E0,1.683479259195E-2,1.6E0));
#13318=CARTESIAN_POINT('',(8.716330414816E-1,1.683479259195E-2,1.6E0));
#13319=VERTEX_POINT('',#13317);
#13320=VERTEX_POINT('',#13318);
#13321=CARTESIAN_POINT('',(1.128366958518E0,1.683479259195E-2,
1.980481988881E0));
#13322=VERTEX_POINT('',#13321);
#13323=CARTESIAN_POINT('',(1.145374140789E0,1.018707039459E-1,
1.980481988881E0));
#13324=VERTEX_POINT('',#13323);
#13325=CARTESIAN_POINT('',(8.716330414816E-1,1.683479259195E-2,
1.980481988881E0));
#13326=VERTEX_POINT('',#13325);
#13327=CARTESIAN_POINT('',(8.546258592108E-1,1.018707039459E-1,
1.980481988881E0));
#13328=VERTEX_POINT('',#13327);
#13329=CARTESIAN_POINT('',(0.E0,0.E0,0.E0));
#13330=DIRECTION('',(0.E0,1.E0,0.E0));
#13331=DIRECTION('',(1.E0,0.E0,0.E0));
#13332=AXIS2_PLACEMENT_3D('',#13329,#13330,#13331);
#13333=PLANE('',#13332);
#13335=ORIENTED_EDGE('',*,*,#13334,.F.);
#13337=ORIENTED_EDGE('',*,*,#13336,.T.);
#13339=ORIENTED_EDGE('',*,*,#13338,.F.);
#13341=ORIENTED_EDGE('',*,*,#13340,.F.);
#13342=EDGE_LOOP('',(#13335,#13337,#13339,#13341));
#13343=FACE_OUTER_BOUND('',#13342,.F.);
#13344=ADVANCED_FACE('',(#13343),#13333,.F.);
#13345=FILL_AREA_STYLE_COLOUR('',#8021);
#13346=FILL_AREA_STYLE('',(#13345));
#13347=SURFACE_STYLE_FILL_AREA(#13346);
#13348=SURFACE_SIDE_STYLE('',(#13347));
#13349=SURFACE_STYLE_USAGE(.NEGATIVE.,#13348);
#13350=PRESENTATION_STYLE_ASSIGNMENT((#13349));
#13351=OVER_RIDING_STYLED_ITEM('',(#13350),#13344,#13176);
#13352=CARTESIAN_POINT('',(2.5E0,2.E-1,2.E0));
#13353=DIRECTION('',(0.E0,0.E0,-1.E0));
#13354=DIRECTION('',(-1.E0,0.E0,0.E0));
#13355=AXIS2_PLACEMENT_3D('',#13352,#13353,#13354);
#13356=PLANE('',#13355);
#13357=ORIENTED_EDGE('',*,*,#13334,.T.);
#13359=ORIENTED_EDGE('',*,*,#13358,.F.);
#13361=ORIENTED_EDGE('',*,*,#13360,.F.);
#13363=ORIENTED_EDGE('',*,*,#13362,.F.);
#13364=EDGE_LOOP('',(#13357,#13359,#13361,#13363));
#13365=FACE_OUTER_BOUND('',#13364,.F.);
#13366=ADVANCED_FACE('',(#13365),#13356,.F.);
#13367=CARTESIAN_POINT('',(8.35E-1,2.E-1,2.05E0));
#13368=DIRECTION('',(9.805806756909E-1,1.961161351382E-1,0.E0));
#13369=DIRECTION('',(1.961161351382E-1,-9.805806756909E-1,0.E0));
#13370=AXIS2_PLACEMENT_3D('',#13367,#13368,#13369);
#13371=PLANE('',#13370);
#13373=ORIENTED_EDGE('',*,*,#13372,.T.);
#13375=ORIENTED_EDGE('',*,*,#13374,.F.);
#13377=ORIENTED_EDGE('',*,*,#13376,.T.);
#13378=ORIENTED_EDGE('',*,*,#13358,.T.);
#13379=ORIENTED_EDGE('',*,*,#13340,.T.);
#13381=ORIENTED_EDGE('',*,*,#13380,.F.);
#13382=EDGE_LOOP('',(#13373,#13375,#13377,#13378,#13379,#13381));
#13383=FACE_OUTER_BOUND('',#13382,.F.);
#13384=ADVANCED_FACE('',(#13383),#13371,.F.);
#13385=CARTESIAN_POINT('',(-2.48E0,1.683479259195E-2,1.980481988881E0));
#13386=DIRECTION('',(0.E0,-1.E0,0.E0));
#13387=DIRECTION('',(0.E0,0.E0,-1.E0));
#13388=AXIS2_PLACEMENT_3D('',#13385,#13386,#13387);
#13389=PLANE('',#13388);
#13391=ORIENTED_EDGE('',*,*,#13390,.F.);
#13393=ORIENTED_EDGE('',*,*,#13392,.T.);
#13395=ORIENTED_EDGE('',*,*,#13394,.F.);
#13396=ORIENTED_EDGE('',*,*,#13372,.F.);
#13397=EDGE_LOOP('',(#13391,#13393,#13395,#13396));
#13398=FACE_OUTER_BOUND('',#13397,.F.);
#13399=ADVANCED_FACE('',(#13398),#13389,.F.);
#13400=CARTESIAN_POINT('',(0.E0,0.E0,1.6E0));
#13401=DIRECTION('',(0.E0,0.E0,1.E0));
#13402=DIRECTION('',(-1.E0,0.E0,0.E0));
#13403=AXIS2_PLACEMENT_3D('',#13400,#13401,#13402);
#13404=PLANE('',#13403);
#13405=ORIENTED_EDGE('',*,*,#13390,.T.);
#13406=ORIENTED_EDGE('',*,*,#13380,.T.);
#13407=ORIENTED_EDGE('',*,*,#13338,.T.);
#13409=ORIENTED_EDGE('',*,*,#13408,.T.);
#13410=EDGE_LOOP('',(#13405,#13406,#13407,#13409));
#13411=FACE_OUTER_BOUND('',#13410,.F.);
#13412=ADVANCED_FACE('',(#13411),#13404,.F.);
#13413=CARTESIAN_POINT('',(1.125E0,0.E0,2.05E0));
#13414=DIRECTION('',(-9.805806756909E-1,1.961161351382E-1,0.E0));
#13415=DIRECTION('',(1.961161351382E-1,9.805806756909E-1,0.E0));
#13416=AXIS2_PLACEMENT_3D('',#13413,#13414,#13415);
#13417=PLANE('',#13416);
#13418=ORIENTED_EDGE('',*,*,#13392,.F.);
#13419=ORIENTED_EDGE('',*,*,#13408,.F.);
#13420=ORIENTED_EDGE('',*,*,#13336,.F.);
#13421=ORIENTED_EDGE('',*,*,#13362,.T.);
#13423=ORIENTED_EDGE('',*,*,#13422,.F.);
#13425=ORIENTED_EDGE('',*,*,#13424,.T.);
#13426=EDGE_LOOP('',(#13418,#13419,#13420,#13421,#13423,#13425));
#13427=FACE_OUTER_BOUND('',#13426,.F.);
#13428=ADVANCED_FACE('',(#13427),#13417,.F.);
#13429=CARTESIAN_POINT('',(1.75E0,1.65E-1,1.965E0));
#13430=DIRECTION('',(-1.E0,0.E0,0.E0));
#13431=DIRECTION('',(0.E0,0.E0,-1.E0));
#13432=AXIS2_PLACEMENT_3D('',#13429,#13430,#13431);
#13433=CYLINDRICAL_SURFACE('',#13432,6.5E-2);
#13435=ORIENTED_EDGE('',*,*,#13434,.F.);
#13436=ORIENTED_EDGE('',*,*,#13422,.T.);
#13437=ORIENTED_EDGE('',*,*,#13360,.T.);
#13438=ORIENTED_EDGE('',*,*,#13376,.F.);
#13439=EDGE_LOOP('',(#13435,#13436,#13437,#13438));
#13440=FACE_OUTER_BOUND('',#13439,.F.);
#13441=ADVANCED_FACE('',(#13440),#13433,.F.);
#13442=CARTESIAN_POINT('',(-2.48E0,2.281676324467E-1,1.980481988881E0));
#13443=DIRECTION('',(0.E0,0.E0,1.E0));
#13444=DIRECTION('',(0.E0,-1.E0,0.E0));
#13445=AXIS2_PLACEMENT_3D('',#13442,#13443,#13444);
#13446=PLANE('',#13445);
#13447=ORIENTED_EDGE('',*,*,#13424,.F.);
#13448=ORIENTED_EDGE('',*,*,#13434,.T.);
#13449=ORIENTED_EDGE('',*,*,#13374,.T.);
#13450=ORIENTED_EDGE('',*,*,#13394,.T.);
#13451=EDGE_LOOP('',(#13447,#13448,#13449,#13450));
#13452=FACE_OUTER_BOUND('',#13451,.F.);
#13453=ADVANCED_FACE('',(#13452),#13446,.F.);
#13454=CLOSED_SHELL('',(#13344,#13366,#13384,#13399,#13412,#13428,#13441,
#13453));
#13455=MANIFOLD_SOLID_BREP('',#13454);
#13456=FILL_AREA_STYLE_COLOUR('',#8022);
#13457=FILL_AREA_STYLE('',(#13456));
#13458=SURFACE_STYLE_FILL_AREA(#13457);
#13459=SURFACE_SIDE_STYLE('',(#13458));
#13460=SURFACE_STYLE_USAGE(.POSITIVE.,#13459);
#13461=PRESENTATION_STYLE_ASSIGNMENT((#13460));
#13176=STYLED_ITEM('',(#13461),#13455);
#13463=DIRECTION('',(-1.E0,0.E0,0.E0));
#13464=VECTOR('',#13463,2.5E-1);
#13465=CARTESIAN_POINT('',(6.25E-1,0.E0,2.E0));
#13466=LINE('',#13465,#13464);
#13467=CURVE_STYLE('',#48,POSITIVE_LENGTH_MEASURE(2.E-2),#8022);
#13468=PRESENTATION_STYLE_ASSIGNMENT((#13467));
#13469=STYLED_ITEM('',(#13468),#13466);
#13470=DIRECTION('',(0.E0,0.E0,-1.E0));
#13471=VECTOR('',#13470,4.E-1);
#13472=CARTESIAN_POINT('',(3.75E-1,0.E0,2.E0));
#13473=LINE('',#13472,#13471);
#13474=CURVE_STYLE('',#48,POSITIVE_LENGTH_MEASURE(2.E-2),#8022);
#13475=PRESENTATION_STYLE_ASSIGNMENT((#13474));
#13476=STYLED_ITEM('',(#13475),#13473);
#13477=DIRECTION('',(-1.E0,0.E0,0.E0));
#13478=VECTOR('',#13477,2.940910976998E-1);
#13479=CARTESIAN_POINT('',(6.470455488499E-1,1.102277442495E-1,2.E0));
#13480=LINE('',#13479,#13478);
#13481=CURVE_STYLE('',#48,POSITIVE_LENGTH_MEASURE(2.E-2),#8022);
#13482=PRESENTATION_STYLE_ASSIGNMENT((#13481));
#13483=STYLED_ITEM('',(#13482),#13480);
#13484=DIRECTION('',(0.E0,0.E0,1.E0));
#13485=VECTOR('',#13484,3.804819888812E-1);
#13486=CARTESIAN_POINT('',(3.716330414816E-1,1.683479259195E-2,1.6E0));
#13487=LINE('',#13486,#13485);
#13488=CURVE_STYLE('',#48,POSITIVE_LENGTH_MEASURE(2.E-2),#8022);
#13489=PRESENTATION_STYLE_ASSIGNMENT((#13488));
#13490=STYLED_ITEM('',(#13489),#13487);
#13491=DIRECTION('',(1.961161351382E-1,-9.805806756909E-1,0.E0));
#13492=VECTOR('',#13491,8.671995427002E-2);
#13493=CARTESIAN_POINT('',(3.546258592108E-1,1.018707039459E-1,
1.980481988881E0));
#13494=LINE('',#13493,#13492);
#13495=CURVE_STYLE('',#48,POSITIVE_LENGTH_MEASURE(2.E-2),#8022);
#13496=PRESENTATION_STYLE_ASSIGNMENT((#13495));
#13497=STYLED_ITEM('',(#13496),#13494);
#13498=CARTESIAN_POINT('',(3.546258592108E-1,1.018707039459E-1,
1.980481988881E0));
#13499=CARTESIAN_POINT('',(3.542833371570E-1,1.035833142152E-1,
1.987465321678E0));
#13500=CARTESIAN_POINT('',(3.537252093229E-1,1.063739533855E-1,
1.993969119463E0));
#13501=CARTESIAN_POINT('',(3.529544511501E-1,1.102277442495E-1,2.E0));
#13503=CURVE_STYLE('',#48,POSITIVE_LENGTH_MEASURE(2.E-2),#8022);
#13504=PRESENTATION_STYLE_ASSIGNMENT((#13503));
#13505=STYLED_ITEM('',(#13504),#13502);
#13506=DIRECTION('',(1.961161351382E-1,-9.805806756909E-1,0.E0));
#13507=VECTOR('',#13506,1.124106837735E-1);
#13508=CARTESIAN_POINT('',(3.529544511501E-1,1.102277442495E-1,2.E0));
#13509=LINE('',#13508,#13507);
#13510=CURVE_STYLE('',#48,POSITIVE_LENGTH_MEASURE(2.E-2),#8022);
#13511=PRESENTATION_STYLE_ASSIGNMENT((#13510));
#13512=STYLED_ITEM('',(#13511),#13509);
#13513=DIRECTION('',(1.E0,0.E0,0.E0));
#13514=VECTOR('',#13513,2.567339170368E-1);
#13515=CARTESIAN_POINT('',(3.716330414816E-1,1.683479259195E-2,
1.980481988881E0));
#13516=LINE('',#13515,#13514);
#13517=CURVE_STYLE('',#48,POSITIVE_LENGTH_MEASURE(2.E-2),#8022);
#13518=PRESENTATION_STYLE_ASSIGNMENT((#13517));
#13519=STYLED_ITEM('',(#13518),#13516);
#13520=DIRECTION('',(-1.E0,0.E0,0.E0));
#13521=VECTOR('',#13520,2.567339170368E-1);
#13522=CARTESIAN_POINT('',(6.283669585184E-1,1.683479259195E-2,1.6E0));
#13523=LINE('',#13522,#13521);
#13524=CURVE_STYLE('',#48,POSITIVE_LENGTH_MEASURE(2.E-2),#8022);
#13525=PRESENTATION_STYLE_ASSIGNMENT((#13524));
#13526=STYLED_ITEM('',(#13525),#13523);
#13527=DIRECTION('',(1.961161351382E-1,-9.805806756909E-1,0.E0));
#13528=VECTOR('',#13527,1.716818718673E-2);
#13529=CARTESIAN_POINT('',(3.716330414816E-1,1.683479259195E-2,1.6E0));
#13530=LINE('',#13529,#13528);
#13531=CURVE_STYLE('',#48,POSITIVE_LENGTH_MEASURE(2.E-2),#8022);
#13532=PRESENTATION_STYLE_ASSIGNMENT((#13531));
#13533=STYLED_ITEM('',(#13532),#13530);
#13534=DIRECTION('',(1.E0,0.E0,0.E0));
#13535=VECTOR('',#13534,2.5E-1);
#13536=CARTESIAN_POINT('',(3.75E-1,0.E0,1.6E0));
#13537=LINE('',#13536,#13535);
#13538=CURVE_STYLE('',#48,POSITIVE_LENGTH_MEASURE(2.E-2),#8022);
#13539=PRESENTATION_STYLE_ASSIGNMENT((#13538));
#13540=STYLED_ITEM('',(#13539),#13537);
#13541=DIRECTION('',(1.961161351382E-1,9.805806756909E-1,0.E0));
#13542=VECTOR('',#13541,1.716818718673E-2);
#13543=CARTESIAN_POINT('',(6.25E-1,0.E0,1.6E0));
#13544=LINE('',#13543,#13542);
#13545=CURVE_STYLE('',#48,POSITIVE_LENGTH_MEASURE(2.E-2),#8022);
#13546=PRESENTATION_STYLE_ASSIGNMENT((#13545));
#13547=STYLED_ITEM('',(#13546),#13544);
#13548=DIRECTION('',(0.E0,0.E0,1.E0));
#13549=VECTOR('',#13548,3.804819888812E-1);
#13550=CARTESIAN_POINT('',(6.283669585184E-1,1.683479259195E-2,1.6E0));
#13551=LINE('',#13550,#13549);
#13552=CURVE_STYLE('',#48,POSITIVE_LENGTH_MEASURE(2.E-2),#8022);
#13553=PRESENTATION_STYLE_ASSIGNMENT((#13552));
#13554=STYLED_ITEM('',(#13553),#13551);
#13555=DIRECTION('',(0.E0,0.E0,-1.E0));
#13556=VECTOR('',#13555,4.E-1);
#13557=CARTESIAN_POINT('',(6.25E-1,0.E0,2.E0));
#13558=LINE('',#13557,#13556);
#13559=CURVE_STYLE('',#48,POSITIVE_LENGTH_MEASURE(2.E-2),#8022);
#13560=PRESENTATION_STYLE_ASSIGNMENT((#13559));
#13561=STYLED_ITEM('',(#13560),#13558);
#13562=DIRECTION('',(1.961161351382E-1,9.805806756909E-1,0.E0));
#13563=VECTOR('',#13562,1.124106837735E-1);
#13564=CARTESIAN_POINT('',(6.25E-1,0.E0,2.E0));
#13565=LINE('',#13564,#13563);
#13566=CURVE_STYLE('',#48,POSITIVE_LENGTH_MEASURE(2.E-2),#8022);
#13567=PRESENTATION_STYLE_ASSIGNMENT((#13566));
#13568=STYLED_ITEM('',(#13567),#13565);
#13569=CARTESIAN_POINT('',(6.453741407892E-1,1.018707039459E-1,
1.980481988881E0));
#13570=CARTESIAN_POINT('',(6.457166628430E-1,1.035833142152E-1,
1.987465321678E0));
#13571=CARTESIAN_POINT('',(6.462747906771E-1,1.063739533855E-1,
1.993969119463E0));
#13572=CARTESIAN_POINT('',(6.470455488499E-1,1.102277442495E-1,2.E0));
#13574=CURVE_STYLE('',#48,POSITIVE_LENGTH_MEASURE(2.E-2),#8022);
#13575=PRESENTATION_STYLE_ASSIGNMENT((#13574));
#13576=STYLED_ITEM('',(#13575),#13573);
#13577=DIRECTION('',(-1.961161351382E-1,-9.805806756909E-1,0.E0));
#13578=VECTOR('',#13577,8.671995427002E-2);
#13579=CARTESIAN_POINT('',(6.453741407892E-1,1.018707039459E-1,
1.980481988881E0));
#13580=LINE('',#13579,#13578);
#13581=CURVE_STYLE('',#48,POSITIVE_LENGTH_MEASURE(2.E-2),#8022);
#13582=PRESENTATION_STYLE_ASSIGNMENT((#13581));
#13583=STYLED_ITEM('',(#13582),#13580);
#13584=DIRECTION('',(-1.E0,0.E0,0.E0));
#13585=VECTOR('',#13584,2.907482815784E-1);
#13586=CARTESIAN_POINT('',(6.453741407892E-1,1.018707039459E-1,
1.980481988881E0));
#13587=LINE('',#13586,#13585);
#13588=CURVE_STYLE('',#48,POSITIVE_LENGTH_MEASURE(2.E-2),#8022);
#13589=PRESENTATION_STYLE_ASSIGNMENT((#13588));
#13590=STYLED_ITEM('',(#13589),#13587);
#13591=CARTESIAN_POINT('',(3.75E-1,0.E0,1.6E0));
#13592=CARTESIAN_POINT('',(6.25E-1,0.E0,1.6E0));
#13593=VERTEX_POINT('',#13591);
#13594=VERTEX_POINT('',#13592);
#13595=CARTESIAN_POINT('',(6.25E-1,0.E0,2.E0));
#13596=CARTESIAN_POINT('',(3.75E-1,0.E0,2.E0));
#13597=VERTEX_POINT('',#13595);
#13598=VERTEX_POINT('',#13596);
#13599=CARTESIAN_POINT('',(6.470455488499E-1,1.102277442495E-1,2.E0));
#13600=VERTEX_POINT('',#13599);
#13601=CARTESIAN_POINT('',(3.529544511501E-1,1.102277442495E-1,2.E0));
#13602=VERTEX_POINT('',#13601);
#13603=CARTESIAN_POINT('',(6.283669585184E-1,1.683479259195E-2,1.6E0));
#13604=CARTESIAN_POINT('',(3.716330414816E-1,1.683479259195E-2,1.6E0));
#13605=VERTEX_POINT('',#13603);
#13606=VERTEX_POINT('',#13604);
#13607=CARTESIAN_POINT('',(6.283669585184E-1,1.683479259195E-2,
1.980481988881E0));
#13608=VERTEX_POINT('',#13607);
#13609=CARTESIAN_POINT('',(6.453741407892E-1,1.018707039459E-1,
1.980481988881E0));
#13610=VERTEX_POINT('',#13609);
#13611=CARTESIAN_POINT('',(3.716330414816E-1,1.683479259195E-2,
1.980481988881E0));
#13612=VERTEX_POINT('',#13611);
#13613=CARTESIAN_POINT('',(3.546258592108E-1,1.018707039459E-1,
1.980481988881E0));
#13614=VERTEX_POINT('',#13613);
#13615=CARTESIAN_POINT('',(0.E0,0.E0,0.E0));
#13616=DIRECTION('',(0.E0,1.E0,0.E0));
#13617=DIRECTION('',(1.E0,0.E0,0.E0));
#13618=AXIS2_PLACEMENT_3D('',#13615,#13616,#13617);
#13619=PLANE('',#13618);
#13621=ORIENTED_EDGE('',*,*,#13620,.F.);
#13623=ORIENTED_EDGE('',*,*,#13622,.T.);
#13625=ORIENTED_EDGE('',*,*,#13624,.F.);
#13627=ORIENTED_EDGE('',*,*,#13626,.F.);
#13628=EDGE_LOOP('',(#13621,#13623,#13625,#13627));
#13629=FACE_OUTER_BOUND('',#13628,.F.);
#13630=ADVANCED_FACE('',(#13629),#13619,.F.);
#13631=FILL_AREA_STYLE_COLOUR('',#8021);
#13632=FILL_AREA_STYLE('',(#13631));
#13633=SURFACE_STYLE_FILL_AREA(#13632);
#13634=SURFACE_SIDE_STYLE('',(#13633));
#13635=SURFACE_STYLE_USAGE(.NEGATIVE.,#13634);
#13636=PRESENTATION_STYLE_ASSIGNMENT((#13635));
#13637=OVER_RIDING_STYLED_ITEM('',(#13636),#13630,#13462);
#13638=CARTESIAN_POINT('',(2.5E0,2.E-1,2.E0));
#13639=DIRECTION('',(0.E0,0.E0,-1.E0));
#13640=DIRECTION('',(-1.E0,0.E0,0.E0));
#13641=AXIS2_PLACEMENT_3D('',#13638,#13639,#13640);
#13642=PLANE('',#13641);
#13643=ORIENTED_EDGE('',*,*,#13620,.T.);
#13645=ORIENTED_EDGE('',*,*,#13644,.F.);
#13647=ORIENTED_EDGE('',*,*,#13646,.F.);
#13649=ORIENTED_EDGE('',*,*,#13648,.F.);
#13650=EDGE_LOOP('',(#13643,#13645,#13647,#13649));
#13651=FACE_OUTER_BOUND('',#13650,.F.);
#13652=ADVANCED_FACE('',(#13651),#13642,.F.);
#13653=CARTESIAN_POINT('',(3.35E-1,2.E-1,2.05E0));
#13654=DIRECTION('',(9.805806756909E-1,1.961161351382E-1,0.E0));
#13655=DIRECTION('',(1.961161351382E-1,-9.805806756909E-1,0.E0));
#13656=AXIS2_PLACEMENT_3D('',#13653,#13654,#13655);
#13657=PLANE('',#13656);
#13659=ORIENTED_EDGE('',*,*,#13658,.T.);
#13661=ORIENTED_EDGE('',*,*,#13660,.F.);
#13663=ORIENTED_EDGE('',*,*,#13662,.T.);
#13664=ORIENTED_EDGE('',*,*,#13644,.T.);
#13665=ORIENTED_EDGE('',*,*,#13626,.T.);
#13667=ORIENTED_EDGE('',*,*,#13666,.F.);
#13668=EDGE_LOOP('',(#13659,#13661,#13663,#13664,#13665,#13667));
#13669=FACE_OUTER_BOUND('',#13668,.F.);
#13670=ADVANCED_FACE('',(#13669),#13657,.F.);
#13671=CARTESIAN_POINT('',(-2.48E0,1.683479259195E-2,1.980481988881E0));
#13672=DIRECTION('',(0.E0,-1.E0,0.E0));
#13673=DIRECTION('',(0.E0,0.E0,-1.E0));
#13674=AXIS2_PLACEMENT_3D('',#13671,#13672,#13673);
#13675=PLANE('',#13674);
#13677=ORIENTED_EDGE('',*,*,#13676,.F.);
#13679=ORIENTED_EDGE('',*,*,#13678,.T.);
#13681=ORIENTED_EDGE('',*,*,#13680,.F.);
#13682=ORIENTED_EDGE('',*,*,#13658,.F.);
#13683=EDGE_LOOP('',(#13677,#13679,#13681,#13682));
#13684=FACE_OUTER_BOUND('',#13683,.F.);
#13685=ADVANCED_FACE('',(#13684),#13675,.F.);
#13686=CARTESIAN_POINT('',(0.E0,0.E0,1.6E0));
#13687=DIRECTION('',(0.E0,0.E0,1.E0));
#13688=DIRECTION('',(-1.E0,0.E0,0.E0));
#13689=AXIS2_PLACEMENT_3D('',#13686,#13687,#13688);
#13690=PLANE('',#13689);
#13691=ORIENTED_EDGE('',*,*,#13676,.T.);
#13692=ORIENTED_EDGE('',*,*,#13666,.T.);
#13693=ORIENTED_EDGE('',*,*,#13624,.T.);
#13695=ORIENTED_EDGE('',*,*,#13694,.T.);
#13696=EDGE_LOOP('',(#13691,#13692,#13693,#13695));
#13697=FACE_OUTER_BOUND('',#13696,.F.);
#13698=ADVANCED_FACE('',(#13697),#13690,.F.);
#13699=CARTESIAN_POINT('',(6.25E-1,0.E0,2.05E0));
#13700=DIRECTION('',(-9.805806756909E-1,1.961161351382E-1,0.E0));
#13701=DIRECTION('',(1.961161351382E-1,9.805806756909E-1,0.E0));
#13702=AXIS2_PLACEMENT_3D('',#13699,#13700,#13701);
#13703=PLANE('',#13702);
#13704=ORIENTED_EDGE('',*,*,#13678,.F.);
#13705=ORIENTED_EDGE('',*,*,#13694,.F.);
#13706=ORIENTED_EDGE('',*,*,#13622,.F.);
#13707=ORIENTED_EDGE('',*,*,#13648,.T.);
#13709=ORIENTED_EDGE('',*,*,#13708,.F.);
#13711=ORIENTED_EDGE('',*,*,#13710,.T.);
#13712=EDGE_LOOP('',(#13704,#13705,#13706,#13707,#13709,#13711));
#13713=FACE_OUTER_BOUND('',#13712,.F.);
#13714=ADVANCED_FACE('',(#13713),#13703,.F.);
#13715=CARTESIAN_POINT('',(1.75E0,1.65E-1,1.965E0));
#13716=DIRECTION('',(-1.E0,0.E0,0.E0));
#13717=DIRECTION('',(0.E0,0.E0,-1.E0));
#13718=AXIS2_PLACEMENT_3D('',#13715,#13716,#13717);
#13719=CYLINDRICAL_SURFACE('',#13718,6.5E-2);
#13721=ORIENTED_EDGE('',*,*,#13720,.F.);
#13722=ORIENTED_EDGE('',*,*,#13708,.T.);
#13723=ORIENTED_EDGE('',*,*,#13646,.T.);
#13724=ORIENTED_EDGE('',*,*,#13662,.F.);
#13725=EDGE_LOOP('',(#13721,#13722,#13723,#13724));
#13726=FACE_OUTER_BOUND('',#13725,.F.);
#13727=ADVANCED_FACE('',(#13726),#13719,.F.);
#13728=CARTESIAN_POINT('',(-2.48E0,2.281676324467E-1,1.980481988881E0));
#13729=DIRECTION('',(0.E0,0.E0,1.E0));
#13730=DIRECTION('',(0.E0,-1.E0,0.E0));
#13731=AXIS2_PLACEMENT_3D('',#13728,#13729,#13730);
#13732=PLANE('',#13731);
#13733=ORIENTED_EDGE('',*,*,#13710,.F.);
#13734=ORIENTED_EDGE('',*,*,#13720,.T.);
#13735=ORIENTED_EDGE('',*,*,#13660,.T.);
#13736=ORIENTED_EDGE('',*,*,#13680,.T.);
#13737=EDGE_LOOP('',(#13733,#13734,#13735,#13736));
#13738=FACE_OUTER_BOUND('',#13737,.F.);
#13739=ADVANCED_FACE('',(#13738),#13732,.F.);
#13740=CLOSED_SHELL('',(#13630,#13652,#13670,#13685,#13698,#13714,#13727,
#13739));
#13741=MANIFOLD_SOLID_BREP('',#13740);
#13742=FILL_AREA_STYLE_COLOUR('',#8022);
#13743=FILL_AREA_STYLE('',(#13742));
#13744=SURFACE_STYLE_FILL_AREA(#13743);
#13745=SURFACE_SIDE_STYLE('',(#13744));
#13746=SURFACE_STYLE_USAGE(.POSITIVE.,#13745);
#13747=PRESENTATION_STYLE_ASSIGNMENT((#13746));
#13462=STYLED_ITEM('',(#13747),#13741);
#13749=DIRECTION('',(-1.E0,0.E0,0.E0));
#13750=VECTOR('',#13749,2.5E-1);
#13751=CARTESIAN_POINT('',(1.25E-1,0.E0,2.E0));
#13752=LINE('',#13751,#13750);
#13753=CURVE_STYLE('',#48,POSITIVE_LENGTH_MEASURE(2.E-2),#8022);
#13754=PRESENTATION_STYLE_ASSIGNMENT((#13753));
#13755=STYLED_ITEM('',(#13754),#13752);
#13756=DIRECTION('',(0.E0,0.E0,-1.E0));
#13757=VECTOR('',#13756,4.E-1);
#13758=CARTESIAN_POINT('',(-1.25E-1,0.E0,2.E0));
#13759=LINE('',#13758,#13757);
#13760=CURVE_STYLE('',#48,POSITIVE_LENGTH_MEASURE(2.E-2),#8022);
#13761=PRESENTATION_STYLE_ASSIGNMENT((#13760));
#13762=STYLED_ITEM('',(#13761),#13759);
#13763=DIRECTION('',(-1.E0,0.E0,0.E0));
#13764=VECTOR('',#13763,2.940910976998E-1);
#13765=CARTESIAN_POINT('',(1.470455488499E-1,1.102277442495E-1,2.E0));
#13766=LINE('',#13765,#13764);
#13767=CURVE_STYLE('',#48,POSITIVE_LENGTH_MEASURE(2.E-2),#8022);
#13768=PRESENTATION_STYLE_ASSIGNMENT((#13767));
#13769=STYLED_ITEM('',(#13768),#13766);
#13770=DIRECTION('',(0.E0,0.E0,1.E0));
#13771=VECTOR('',#13770,3.804819888812E-1);
#13772=CARTESIAN_POINT('',(-1.283669585184E-1,1.683479259195E-2,1.6E0));
#13773=LINE('',#13772,#13771);
#13774=CURVE_STYLE('',#48,POSITIVE_LENGTH_MEASURE(2.E-2),#8022);
#13775=PRESENTATION_STYLE_ASSIGNMENT((#13774));
#13776=STYLED_ITEM('',(#13775),#13773);
#13777=DIRECTION('',(1.961161351382E-1,-9.805806756909E-1,0.E0));
#13778=VECTOR('',#13777,8.671995427002E-2);
#13779=CARTESIAN_POINT('',(-1.453741407892E-1,1.018707039459E-1,
1.980481988881E0));
#13780=LINE('',#13779,#13778);
#13781=CURVE_STYLE('',#48,POSITIVE_LENGTH_MEASURE(2.E-2),#8022);
#13782=PRESENTATION_STYLE_ASSIGNMENT((#13781));
#13783=STYLED_ITEM('',(#13782),#13780);
#13784=CARTESIAN_POINT('',(-1.453741407892E-1,1.018707039459E-1,
1.980481988881E0));
#13785=CARTESIAN_POINT('',(-1.457166628430E-1,1.035833142152E-1,
1.987465321678E0));
#13786=CARTESIAN_POINT('',(-1.462747906771E-1,1.063739533855E-1,
1.993969119463E0));
#13787=CARTESIAN_POINT('',(-1.470455488499E-1,1.102277442495E-1,2.E0));
#13789=CURVE_STYLE('',#48,POSITIVE_LENGTH_MEASURE(2.E-2),#8022);
#13790=PRESENTATION_STYLE_ASSIGNMENT((#13789));
#13791=STYLED_ITEM('',(#13790),#13788);
#13792=DIRECTION('',(1.961161351382E-1,-9.805806756909E-1,0.E0));
#13793=VECTOR('',#13792,1.124106837735E-1);
#13794=CARTESIAN_POINT('',(-1.470455488499E-1,1.102277442495E-1,2.E0));
#13795=LINE('',#13794,#13793);
#13796=CURVE_STYLE('',#48,POSITIVE_LENGTH_MEASURE(2.E-2),#8022);
#13797=PRESENTATION_STYLE_ASSIGNMENT((#13796));
#13798=STYLED_ITEM('',(#13797),#13795);
#13799=DIRECTION('',(1.E0,0.E0,0.E0));
#13800=VECTOR('',#13799,2.567339170368E-1);
#13801=CARTESIAN_POINT('',(-1.283669585184E-1,1.683479259195E-2,
1.980481988881E0));
#13802=LINE('',#13801,#13800);
#13803=CURVE_STYLE('',#48,POSITIVE_LENGTH_MEASURE(2.E-2),#8022);
#13804=PRESENTATION_STYLE_ASSIGNMENT((#13803));
#13805=STYLED_ITEM('',(#13804),#13802);
#13806=DIRECTION('',(-1.E0,0.E0,0.E0));
#13807=VECTOR('',#13806,2.567339170368E-1);
#13808=CARTESIAN_POINT('',(1.283669585184E-1,1.683479259195E-2,1.6E0));
#13809=LINE('',#13808,#13807);
#13810=CURVE_STYLE('',#48,POSITIVE_LENGTH_MEASURE(2.E-2),#8022);
#13811=PRESENTATION_STYLE_ASSIGNMENT((#13810));
#13812=STYLED_ITEM('',(#13811),#13809);
#13813=DIRECTION('',(1.961161351382E-1,-9.805806756909E-1,0.E0));
#13814=VECTOR('',#13813,1.716818718673E-2);
#13815=CARTESIAN_POINT('',(-1.283669585184E-1,1.683479259195E-2,1.6E0));
#13816=LINE('',#13815,#13814);
#13817=CURVE_STYLE('',#48,POSITIVE_LENGTH_MEASURE(2.E-2),#8022);
#13818=PRESENTATION_STYLE_ASSIGNMENT((#13817));
#13819=STYLED_ITEM('',(#13818),#13816);
#13820=DIRECTION('',(1.E0,0.E0,0.E0));
#13821=VECTOR('',#13820,2.5E-1);
#13822=CARTESIAN_POINT('',(-1.25E-1,0.E0,1.6E0));
#13823=LINE('',#13822,#13821);
#13824=CURVE_STYLE('',#48,POSITIVE_LENGTH_MEASURE(2.E-2),#8022);
#13825=PRESENTATION_STYLE_ASSIGNMENT((#13824));
#13826=STYLED_ITEM('',(#13825),#13823);
#13827=DIRECTION('',(1.961161351382E-1,9.805806756909E-1,0.E0));
#13828=VECTOR('',#13827,1.716818718673E-2);
#13829=CARTESIAN_POINT('',(1.25E-1,0.E0,1.6E0));
#13830=LINE('',#13829,#13828);
#13831=CURVE_STYLE('',#48,POSITIVE_LENGTH_MEASURE(2.E-2),#8022);
#13832=PRESENTATION_STYLE_ASSIGNMENT((#13831));
#13833=STYLED_ITEM('',(#13832),#13830);
#13834=DIRECTION('',(0.E0,0.E0,1.E0));
#13835=VECTOR('',#13834,3.804819888812E-1);
#13836=CARTESIAN_POINT('',(1.283669585184E-1,1.683479259195E-2,1.6E0));
#13837=LINE('',#13836,#13835);
#13838=CURVE_STYLE('',#48,POSITIVE_LENGTH_MEASURE(2.E-2),#8022);
#13839=PRESENTATION_STYLE_ASSIGNMENT((#13838));
#13840=STYLED_ITEM('',(#13839),#13837);
#13841=DIRECTION('',(0.E0,0.E0,-1.E0));
#13842=VECTOR('',#13841,4.E-1);
#13843=CARTESIAN_POINT('',(1.25E-1,0.E0,2.E0));
#13844=LINE('',#13843,#13842);
#13845=CURVE_STYLE('',#48,POSITIVE_LENGTH_MEASURE(2.E-2),#8022);
#13846=PRESENTATION_STYLE_ASSIGNMENT((#13845));
#13847=STYLED_ITEM('',(#13846),#13844);
#13848=DIRECTION('',(1.961161351382E-1,9.805806756909E-1,0.E0));
#13849=VECTOR('',#13848,1.124106837735E-1);
#13850=CARTESIAN_POINT('',(1.25E-1,0.E0,2.E0));
#13851=LINE('',#13850,#13849);
#13852=CURVE_STYLE('',#48,POSITIVE_LENGTH_MEASURE(2.E-2),#8022);
#13853=PRESENTATION_STYLE_ASSIGNMENT((#13852));
#13854=STYLED_ITEM('',(#13853),#13851);
#13855=CARTESIAN_POINT('',(1.453741407892E-1,1.018707039459E-1,
1.980481988881E0));
#13856=CARTESIAN_POINT('',(1.457166628430E-1,1.035833142152E-1,
1.987465321678E0));
#13857=CARTESIAN_POINT('',(1.462747906771E-1,1.063739533855E-1,
1.993969119463E0));
#13858=CARTESIAN_POINT('',(1.470455488499E-1,1.102277442495E-1,2.E0));
#13860=CURVE_STYLE('',#48,POSITIVE_LENGTH_MEASURE(2.E-2),#8022);
#13861=PRESENTATION_STYLE_ASSIGNMENT((#13860));
#13862=STYLED_ITEM('',(#13861),#13859);
#13863=DIRECTION('',(-1.961161351382E-1,-9.805806756909E-1,0.E0));
#13864=VECTOR('',#13863,8.671995427002E-2);
#13865=CARTESIAN_POINT('',(1.453741407892E-1,1.018707039459E-1,
1.980481988881E0));
#13866=LINE('',#13865,#13864);
#13867=CURVE_STYLE('',#48,POSITIVE_LENGTH_MEASURE(2.E-2),#8022);
#13868=PRESENTATION_STYLE_ASSIGNMENT((#13867));
#13869=STYLED_ITEM('',(#13868),#13866);
#13870=DIRECTION('',(-1.E0,0.E0,0.E0));
#13871=VECTOR('',#13870,2.907482815784E-1);
#13872=CARTESIAN_POINT('',(1.453741407892E-1,1.018707039459E-1,
1.980481988881E0));
#13873=LINE('',#13872,#13871);
#13874=CURVE_STYLE('',#48,POSITIVE_LENGTH_MEASURE(2.E-2),#8022);
#13875=PRESENTATION_STYLE_ASSIGNMENT((#13874));
#13876=STYLED_ITEM('',(#13875),#13873);
#13877=CARTESIAN_POINT('',(-1.25E-1,0.E0,1.6E0));
#13878=CARTESIAN_POINT('',(1.25E-1,0.E0,1.6E0));
#13879=VERTEX_POINT('',#13877);
#13880=VERTEX_POINT('',#13878);
#13881=CARTESIAN_POINT('',(1.25E-1,0.E0,2.E0));
#13882=CARTESIAN_POINT('',(-1.25E-1,0.E0,2.E0));
#13883=VERTEX_POINT('',#13881);
#13884=VERTEX_POINT('',#13882);
#13885=CARTESIAN_POINT('',(1.470455488499E-1,1.102277442495E-1,2.E0));
#13886=VERTEX_POINT('',#13885);
#13887=CARTESIAN_POINT('',(-1.470455488499E-1,1.102277442495E-1,2.E0));
#13888=VERTEX_POINT('',#13887);
#13889=CARTESIAN_POINT('',(1.283669585184E-1,1.683479259195E-2,1.6E0));
#13890=CARTESIAN_POINT('',(-1.283669585184E-1,1.683479259195E-2,1.6E0));
#13891=VERTEX_POINT('',#13889);
#13892=VERTEX_POINT('',#13890);
#13893=CARTESIAN_POINT('',(1.283669585184E-1,1.683479259195E-2,
1.980481988881E0));
#13894=VERTEX_POINT('',#13893);
#13895=CARTESIAN_POINT('',(1.453741407892E-1,1.018707039459E-1,
1.980481988881E0));
#13896=VERTEX_POINT('',#13895);
#13897=CARTESIAN_POINT('',(-1.283669585184E-1,1.683479259195E-2,
1.980481988881E0));
#13898=VERTEX_POINT('',#13897);
#13899=CARTESIAN_POINT('',(-1.453741407892E-1,1.018707039459E-1,
1.980481988881E0));
#13900=VERTEX_POINT('',#13899);
#13901=CARTESIAN_POINT('',(0.E0,0.E0,0.E0));
#13902=DIRECTION('',(0.E0,1.E0,0.E0));
#13903=DIRECTION('',(1.E0,0.E0,0.E0));
#13904=AXIS2_PLACEMENT_3D('',#13901,#13902,#13903);
#13905=PLANE('',#13904);
#13907=ORIENTED_EDGE('',*,*,#13906,.F.);
#13909=ORIENTED_EDGE('',*,*,#13908,.T.);
#13911=ORIENTED_EDGE('',*,*,#13910,.F.);
#13913=ORIENTED_EDGE('',*,*,#13912,.F.);
#13914=EDGE_LOOP('',(#13907,#13909,#13911,#13913));
#13915=FACE_OUTER_BOUND('',#13914,.F.);
#13916=ADVANCED_FACE('',(#13915),#13905,.F.);
#13917=FILL_AREA_STYLE_COLOUR('',#8021);
#13918=FILL_AREA_STYLE('',(#13917));
#13919=SURFACE_STYLE_FILL_AREA(#13918);
#13920=SURFACE_SIDE_STYLE('',(#13919));
#13921=SURFACE_STYLE_USAGE(.NEGATIVE.,#13920);
#13922=PRESENTATION_STYLE_ASSIGNMENT((#13921));
#13923=OVER_RIDING_STYLED_ITEM('',(#13922),#13916,#13748);
#13924=CARTESIAN_POINT('',(2.5E0,2.E-1,2.E0));
#13925=DIRECTION('',(0.E0,0.E0,-1.E0));
#13926=DIRECTION('',(-1.E0,0.E0,0.E0));
#13927=AXIS2_PLACEMENT_3D('',#13924,#13925,#13926);
#13928=PLANE('',#13927);
#13929=ORIENTED_EDGE('',*,*,#13906,.T.);
#13931=ORIENTED_EDGE('',*,*,#13930,.F.);
#13933=ORIENTED_EDGE('',*,*,#13932,.F.);
#13935=ORIENTED_EDGE('',*,*,#13934,.F.);
#13936=EDGE_LOOP('',(#13929,#13931,#13933,#13935));
#13937=FACE_OUTER_BOUND('',#13936,.F.);
#13938=ADVANCED_FACE('',(#13937),#13928,.F.);
#13939=CARTESIAN_POINT('',(-1.65E-1,2.E-1,2.05E0));
#13940=DIRECTION('',(9.805806756909E-1,1.961161351382E-1,0.E0));
#13941=DIRECTION('',(1.961161351382E-1,-9.805806756909E-1,0.E0));
#13942=AXIS2_PLACEMENT_3D('',#13939,#13940,#13941);
#13943=PLANE('',#13942);
#13945=ORIENTED_EDGE('',*,*,#13944,.T.);
#13947=ORIENTED_EDGE('',*,*,#13946,.F.);
#13949=ORIENTED_EDGE('',*,*,#13948,.T.);
#13950=ORIENTED_EDGE('',*,*,#13930,.T.);
#13951=ORIENTED_EDGE('',*,*,#13912,.T.);
#13953=ORIENTED_EDGE('',*,*,#13952,.F.);
#13954=EDGE_LOOP('',(#13945,#13947,#13949,#13950,#13951,#13953));
#13955=FACE_OUTER_BOUND('',#13954,.F.);
#13956=ADVANCED_FACE('',(#13955),#13943,.F.);
#13957=CARTESIAN_POINT('',(-2.48E0,1.683479259195E-2,1.980481988881E0));
#13958=DIRECTION('',(0.E0,-1.E0,0.E0));
#13959=DIRECTION('',(0.E0,0.E0,-1.E0));
#13960=AXIS2_PLACEMENT_3D('',#13957,#13958,#13959);
#13961=PLANE('',#13960);
#13963=ORIENTED_EDGE('',*,*,#13962,.F.);
#13965=ORIENTED_EDGE('',*,*,#13964,.T.);
#13967=ORIENTED_EDGE('',*,*,#13966,.F.);
#13968=ORIENTED_EDGE('',*,*,#13944,.F.);
#13969=EDGE_LOOP('',(#13963,#13965,#13967,#13968));
#13970=FACE_OUTER_BOUND('',#13969,.F.);
#13971=ADVANCED_FACE('',(#13970),#13961,.F.);
#13972=CARTESIAN_POINT('',(0.E0,0.E0,1.6E0));
#13973=DIRECTION('',(0.E0,0.E0,1.E0));
#13974=DIRECTION('',(-1.E0,0.E0,0.E0));
#13975=AXIS2_PLACEMENT_3D('',#13972,#13973,#13974);
#13976=PLANE('',#13975);
#13977=ORIENTED_EDGE('',*,*,#13962,.T.);
#13978=ORIENTED_EDGE('',*,*,#13952,.T.);
#13979=ORIENTED_EDGE('',*,*,#13910,.T.);
#13981=ORIENTED_EDGE('',*,*,#13980,.T.);
#13982=EDGE_LOOP('',(#13977,#13978,#13979,#13981));
#13983=FACE_OUTER_BOUND('',#13982,.F.);
#13984=ADVANCED_FACE('',(#13983),#13976,.F.);
#13985=CARTESIAN_POINT('',(1.25E-1,0.E0,2.05E0));
#13986=DIRECTION('',(-9.805806756909E-1,1.961161351382E-1,0.E0));
#13987=DIRECTION('',(1.961161351382E-1,9.805806756909E-1,0.E0));
#13988=AXIS2_PLACEMENT_3D('',#13985,#13986,#13987);
#13989=PLANE('',#13988);
#13990=ORIENTED_EDGE('',*,*,#13964,.F.);
#13991=ORIENTED_EDGE('',*,*,#13980,.F.);
#13992=ORIENTED_EDGE('',*,*,#13908,.F.);
#13993=ORIENTED_EDGE('',*,*,#13934,.T.);
#13995=ORIENTED_EDGE('',*,*,#13994,.F.);
#13997=ORIENTED_EDGE('',*,*,#13996,.T.);
#13998=EDGE_LOOP('',(#13990,#13991,#13992,#13993,#13995,#13997));
#13999=FACE_OUTER_BOUND('',#13998,.F.);
#14000=ADVANCED_FACE('',(#13999),#13989,.F.);
#14001=CARTESIAN_POINT('',(1.75E0,1.65E-1,1.965E0));
#14002=DIRECTION('',(-1.E0,0.E0,0.E0));
#14003=DIRECTION('',(0.E0,0.E0,-1.E0));
#14004=AXIS2_PLACEMENT_3D('',#14001,#14002,#14003);
#14005=CYLINDRICAL_SURFACE('',#14004,6.5E-2);
#14007=ORIENTED_EDGE('',*,*,#14006,.F.);
#14008=ORIENTED_EDGE('',*,*,#13994,.T.);
#14009=ORIENTED_EDGE('',*,*,#13932,.T.);
#14010=ORIENTED_EDGE('',*,*,#13948,.F.);
#14011=EDGE_LOOP('',(#14007,#14008,#14009,#14010));
#14012=FACE_OUTER_BOUND('',#14011,.F.);
#14013=ADVANCED_FACE('',(#14012),#14005,.F.);
#14014=CARTESIAN_POINT('',(-2.48E0,2.281676324467E-1,1.980481988881E0));
#14015=DIRECTION('',(0.E0,0.E0,1.E0));
#14016=DIRECTION('',(0.E0,-1.E0,0.E0));
#14017=AXIS2_PLACEMENT_3D('',#14014,#14015,#14016);
#14018=PLANE('',#14017);
#14019=ORIENTED_EDGE('',*,*,#13996,.F.);
#14020=ORIENTED_EDGE('',*,*,#14006,.T.);
#14021=ORIENTED_EDGE('',*,*,#13946,.T.);
#14022=ORIENTED_EDGE('',*,*,#13966,.T.);
#14023=EDGE_LOOP('',(#14019,#14020,#14021,#14022));
#14024=FACE_OUTER_BOUND('',#14023,.F.);
#14025=ADVANCED_FACE('',(#14024),#14018,.F.);
#14026=CLOSED_SHELL('',(#13916,#13938,#13956,#13971,#13984,#14000,#14013,
#14025));
#14027=MANIFOLD_SOLID_BREP('',#14026);
#14028=FILL_AREA_STYLE_COLOUR('',#8022);
#14029=FILL_AREA_STYLE('',(#14028));
#14030=SURFACE_STYLE_FILL_AREA(#14029);
#14031=SURFACE_SIDE_STYLE('',(#14030));
#14032=SURFACE_STYLE_USAGE(.POSITIVE.,#14031);
#14033=PRESENTATION_STYLE_ASSIGNMENT((#14032));
#13748=STYLED_ITEM('',(#14033),#14027);
#14035=DIRECTION('',(-1.E0,0.E0,0.E0));
#14036=VECTOR('',#14035,2.5E-1);
#14037=CARTESIAN_POINT('',(-3.75E-1,0.E0,2.E0));
#14038=LINE('',#14037,#14036);
#14039=CURVE_STYLE('',#48,POSITIVE_LENGTH_MEASURE(2.E-2),#8022);
#14040=PRESENTATION_STYLE_ASSIGNMENT((#14039));
#14041=STYLED_ITEM('',(#14040),#14038);
#14042=DIRECTION('',(0.E0,0.E0,-1.E0));
#14043=VECTOR('',#14042,4.E-1);
#14044=CARTESIAN_POINT('',(-6.25E-1,0.E0,2.E0));
#14045=LINE('',#14044,#14043);
#14046=CURVE_STYLE('',#48,POSITIVE_LENGTH_MEASURE(2.E-2),#8022);
#14047=PRESENTATION_STYLE_ASSIGNMENT((#14046));
#14048=STYLED_ITEM('',(#14047),#14045);
#14049=DIRECTION('',(-1.E0,0.E0,0.E0));
#14050=VECTOR('',#14049,2.940910976998E-1);
#14051=CARTESIAN_POINT('',(-3.529544511501E-1,1.102277442495E-1,2.E0));
#14052=LINE('',#14051,#14050);
#14053=CURVE_STYLE('',#48,POSITIVE_LENGTH_MEASURE(2.E-2),#8022);
#14054=PRESENTATION_STYLE_ASSIGNMENT((#14053));
#14055=STYLED_ITEM('',(#14054),#14052);
#14056=DIRECTION('',(0.E0,0.E0,1.E0));
#14057=VECTOR('',#14056,3.804819888812E-1);
#14058=CARTESIAN_POINT('',(-6.283669585184E-1,1.683479259195E-2,1.6E0));
#14059=LINE('',#14058,#14057);
#14060=CURVE_STYLE('',#48,POSITIVE_LENGTH_MEASURE(2.E-2),#8022);
#14061=PRESENTATION_STYLE_ASSIGNMENT((#14060));
#14062=STYLED_ITEM('',(#14061),#14059);
#14063=DIRECTION('',(1.961161351382E-1,-9.805806756909E-1,0.E0));
#14064=VECTOR('',#14063,8.671995427002E-2);
#14065=CARTESIAN_POINT('',(-6.453741407892E-1,1.018707039459E-1,
1.980481988881E0));
#14066=LINE('',#14065,#14064);
#14067=CURVE_STYLE('',#48,POSITIVE_LENGTH_MEASURE(2.E-2),#8022);
#14068=PRESENTATION_STYLE_ASSIGNMENT((#14067));
#14069=STYLED_ITEM('',(#14068),#14066);
#14070=CARTESIAN_POINT('',(-6.453741407892E-1,1.018707039459E-1,
1.980481988881E0));
#14071=CARTESIAN_POINT('',(-6.457166628430E-1,1.035833142152E-1,
1.987465321678E0));
#14072=CARTESIAN_POINT('',(-6.462747906771E-1,1.063739533855E-1,
1.993969119463E0));
#14073=CARTESIAN_POINT('',(-6.470455488499E-1,1.102277442495E-1,2.E0));
#14075=CURVE_STYLE('',#48,POSITIVE_LENGTH_MEASURE(2.E-2),#8022);
#14076=PRESENTATION_STYLE_ASSIGNMENT((#14075));
#14077=STYLED_ITEM('',(#14076),#14074);
#14078=DIRECTION('',(1.961161351382E-1,-9.805806756909E-1,0.E0));
#14079=VECTOR('',#14078,1.124106837735E-1);
#14080=CARTESIAN_POINT('',(-6.470455488499E-1,1.102277442495E-1,2.E0));
#14081=LINE('',#14080,#14079);
#14082=CURVE_STYLE('',#48,POSITIVE_LENGTH_MEASURE(2.E-2),#8022);
#14083=PRESENTATION_STYLE_ASSIGNMENT((#14082));
#14084=STYLED_ITEM('',(#14083),#14081);
#14085=DIRECTION('',(1.E0,0.E0,0.E0));
#14086=VECTOR('',#14085,2.567339170368E-1);
#14087=CARTESIAN_POINT('',(-6.283669585184E-1,1.683479259195E-2,
1.980481988881E0));
#14088=LINE('',#14087,#14086);
#14089=CURVE_STYLE('',#48,POSITIVE_LENGTH_MEASURE(2.E-2),#8022);
#14090=PRESENTATION_STYLE_ASSIGNMENT((#14089));
#14091=STYLED_ITEM('',(#14090),#14088);
#14092=DIRECTION('',(-1.E0,0.E0,0.E0));
#14093=VECTOR('',#14092,2.567339170368E-1);
#14094=CARTESIAN_POINT('',(-3.716330414816E-1,1.683479259195E-2,1.6E0));
#14095=LINE('',#14094,#14093);
#14096=CURVE_STYLE('',#48,POSITIVE_LENGTH_MEASURE(2.E-2),#8022);
#14097=PRESENTATION_STYLE_ASSIGNMENT((#14096));
#14098=STYLED_ITEM('',(#14097),#14095);
#14099=DIRECTION('',(1.961161351382E-1,-9.805806756909E-1,0.E0));
#14100=VECTOR('',#14099,1.716818718673E-2);
#14101=CARTESIAN_POINT('',(-6.283669585184E-1,1.683479259195E-2,1.6E0));
#14102=LINE('',#14101,#14100);
#14103=CURVE_STYLE('',#48,POSITIVE_LENGTH_MEASURE(2.E-2),#8022);
#14104=PRESENTATION_STYLE_ASSIGNMENT((#14103));
#14105=STYLED_ITEM('',(#14104),#14102);
#14106=DIRECTION('',(1.E0,0.E0,0.E0));
#14107=VECTOR('',#14106,2.5E-1);
#14108=CARTESIAN_POINT('',(-6.25E-1,0.E0,1.6E0));
#14109=LINE('',#14108,#14107);
#14110=CURVE_STYLE('',#48,POSITIVE_LENGTH_MEASURE(2.E-2),#8022);
#14111=PRESENTATION_STYLE_ASSIGNMENT((#14110));
#14112=STYLED_ITEM('',(#14111),#14109);
#14113=DIRECTION('',(1.961161351382E-1,9.805806756909E-1,0.E0));
#14114=VECTOR('',#14113,1.716818718673E-2);
#14115=CARTESIAN_POINT('',(-3.75E-1,0.E0,1.6E0));
#14116=LINE('',#14115,#14114);
#14117=CURVE_STYLE('',#48,POSITIVE_LENGTH_MEASURE(2.E-2),#8022);
#14118=PRESENTATION_STYLE_ASSIGNMENT((#14117));
#14119=STYLED_ITEM('',(#14118),#14116);
#14120=DIRECTION('',(0.E0,0.E0,1.E0));
#14121=VECTOR('',#14120,3.804819888812E-1);
#14122=CARTESIAN_POINT('',(-3.716330414816E-1,1.683479259195E-2,1.6E0));
#14123=LINE('',#14122,#14121);
#14124=CURVE_STYLE('',#48,POSITIVE_LENGTH_MEASURE(2.E-2),#8022);
#14125=PRESENTATION_STYLE_ASSIGNMENT((#14124));
#14126=STYLED_ITEM('',(#14125),#14123);
#14127=DIRECTION('',(0.E0,0.E0,-1.E0));
#14128=VECTOR('',#14127,4.E-1);
#14129=CARTESIAN_POINT('',(-3.75E-1,0.E0,2.E0));
#14130=LINE('',#14129,#14128);
#14131=CURVE_STYLE('',#48,POSITIVE_LENGTH_MEASURE(2.E-2),#8022);
#14132=PRESENTATION_STYLE_ASSIGNMENT((#14131));
#14133=STYLED_ITEM('',(#14132),#14130);
#14134=DIRECTION('',(1.961161351382E-1,9.805806756909E-1,0.E0));
#14135=VECTOR('',#14134,1.124106837735E-1);
#14136=CARTESIAN_POINT('',(-3.75E-1,0.E0,2.E0));
#14137=LINE('',#14136,#14135);
#14138=CURVE_STYLE('',#48,POSITIVE_LENGTH_MEASURE(2.E-2),#8022);
#14139=PRESENTATION_STYLE_ASSIGNMENT((#14138));
#14140=STYLED_ITEM('',(#14139),#14137);
#14141=CARTESIAN_POINT('',(-3.546258592108E-1,1.018707039459E-1,
1.980481988881E0));
#14142=CARTESIAN_POINT('',(-3.542833371570E-1,1.035833142152E-1,
1.987465321678E0));
#14143=CARTESIAN_POINT('',(-3.537252093229E-1,1.063739533855E-1,
1.993969119463E0));
#14144=CARTESIAN_POINT('',(-3.529544511501E-1,1.102277442495E-1,2.E0));
#14146=CURVE_STYLE('',#48,POSITIVE_LENGTH_MEASURE(2.E-2),#8022);
#14147=PRESENTATION_STYLE_ASSIGNMENT((#14146));
#14148=STYLED_ITEM('',(#14147),#14145);
#14149=DIRECTION('',(-1.961161351382E-1,-9.805806756909E-1,0.E0));
#14150=VECTOR('',#14149,8.671995427002E-2);
#14151=CARTESIAN_POINT('',(-3.546258592108E-1,1.018707039459E-1,
1.980481988881E0));
#14152=LINE('',#14151,#14150);
#14153=CURVE_STYLE('',#48,POSITIVE_LENGTH_MEASURE(2.E-2),#8022);
#14154=PRESENTATION_STYLE_ASSIGNMENT((#14153));
#14155=STYLED_ITEM('',(#14154),#14152);
#14156=DIRECTION('',(-1.E0,0.E0,0.E0));
#14157=VECTOR('',#14156,2.907482815784E-1);
#14158=CARTESIAN_POINT('',(-3.546258592108E-1,1.018707039459E-1,
1.980481988881E0));
#14159=LINE('',#14158,#14157);
#14160=CURVE_STYLE('',#48,POSITIVE_LENGTH_MEASURE(2.E-2),#8022);
#14161=PRESENTATION_STYLE_ASSIGNMENT((#14160));
#14162=STYLED_ITEM('',(#14161),#14159);
#14163=CARTESIAN_POINT('',(-6.25E-1,0.E0,1.6E0));
#14164=CARTESIAN_POINT('',(-3.75E-1,0.E0,1.6E0));
#14165=VERTEX_POINT('',#14163);
#14166=VERTEX_POINT('',#14164);
#14167=CARTESIAN_POINT('',(-3.75E-1,0.E0,2.E0));
#14168=CARTESIAN_POINT('',(-6.25E-1,0.E0,2.E0));
#14169=VERTEX_POINT('',#14167);
#14170=VERTEX_POINT('',#14168);
#14171=CARTESIAN_POINT('',(-3.529544511501E-1,1.102277442495E-1,2.E0));
#14172=VERTEX_POINT('',#14171);
#14173=CARTESIAN_POINT('',(-6.470455488499E-1,1.102277442495E-1,2.E0));
#14174=VERTEX_POINT('',#14173);
#14175=CARTESIAN_POINT('',(-3.716330414816E-1,1.683479259195E-2,1.6E0));
#14176=CARTESIAN_POINT('',(-6.283669585184E-1,1.683479259195E-2,1.6E0));
#14177=VERTEX_POINT('',#14175);
#14178=VERTEX_POINT('',#14176);
#14179=CARTESIAN_POINT('',(-3.716330414816E-1,1.683479259195E-2,
1.980481988881E0));
#14180=VERTEX_POINT('',#14179);
#14181=CARTESIAN_POINT('',(-3.546258592108E-1,1.018707039459E-1,
1.980481988881E0));
#14182=VERTEX_POINT('',#14181);
#14183=CARTESIAN_POINT('',(-6.283669585184E-1,1.683479259195E-2,
1.980481988881E0));
#14184=VERTEX_POINT('',#14183);
#14185=CARTESIAN_POINT('',(-6.453741407892E-1,1.018707039459E-1,
1.980481988881E0));
#14186=VERTEX_POINT('',#14185);
#14187=CARTESIAN_POINT('',(0.E0,0.E0,0.E0));
#14188=DIRECTION('',(0.E0,1.E0,0.E0));
#14189=DIRECTION('',(1.E0,0.E0,0.E0));
#14190=AXIS2_PLACEMENT_3D('',#14187,#14188,#14189);
#14191=PLANE('',#14190);
#14193=ORIENTED_EDGE('',*,*,#14192,.F.);
#14195=ORIENTED_EDGE('',*,*,#14194,.T.);
#14197=ORIENTED_EDGE('',*,*,#14196,.F.);
#14199=ORIENTED_EDGE('',*,*,#14198,.F.);
#14200=EDGE_LOOP('',(#14193,#14195,#14197,#14199));
#14201=FACE_OUTER_BOUND('',#14200,.F.);
#14202=ADVANCED_FACE('',(#14201),#14191,.F.);
#14203=FILL_AREA_STYLE_COLOUR('',#8021);
#14204=FILL_AREA_STYLE('',(#14203));
#14205=SURFACE_STYLE_FILL_AREA(#14204);
#14206=SURFACE_SIDE_STYLE('',(#14205));
#14207=SURFACE_STYLE_USAGE(.NEGATIVE.,#14206);
#14208=PRESENTATION_STYLE_ASSIGNMENT((#14207));
#14209=OVER_RIDING_STYLED_ITEM('',(#14208),#14202,#14034);
#14210=CARTESIAN_POINT('',(2.5E0,2.E-1,2.E0));
#14211=DIRECTION('',(0.E0,0.E0,-1.E0));
#14212=DIRECTION('',(-1.E0,0.E0,0.E0));
#14213=AXIS2_PLACEMENT_3D('',#14210,#14211,#14212);
#14214=PLANE('',#14213);
#14215=ORIENTED_EDGE('',*,*,#14192,.T.);
#14217=ORIENTED_EDGE('',*,*,#14216,.F.);
#14219=ORIENTED_EDGE('',*,*,#14218,.F.);
#14221=ORIENTED_EDGE('',*,*,#14220,.F.);
#14222=EDGE_LOOP('',(#14215,#14217,#14219,#14221));
#14223=FACE_OUTER_BOUND('',#14222,.F.);
#14224=ADVANCED_FACE('',(#14223),#14214,.F.);
#14225=CARTESIAN_POINT('',(-6.65E-1,2.E-1,2.05E0));
#14226=DIRECTION('',(9.805806756909E-1,1.961161351382E-1,0.E0));
#14227=DIRECTION('',(1.961161351382E-1,-9.805806756909E-1,0.E0));
#14228=AXIS2_PLACEMENT_3D('',#14225,#14226,#14227);
#14229=PLANE('',#14228);
#14231=ORIENTED_EDGE('',*,*,#14230,.T.);
#14233=ORIENTED_EDGE('',*,*,#14232,.F.);
#14235=ORIENTED_EDGE('',*,*,#14234,.T.);
#14236=ORIENTED_EDGE('',*,*,#14216,.T.);
#14237=ORIENTED_EDGE('',*,*,#14198,.T.);
#14239=ORIENTED_EDGE('',*,*,#14238,.F.);
#14240=EDGE_LOOP('',(#14231,#14233,#14235,#14236,#14237,#14239));
#14241=FACE_OUTER_BOUND('',#14240,.F.);
#14242=ADVANCED_FACE('',(#14241),#14229,.F.);
#14243=CARTESIAN_POINT('',(-2.48E0,1.683479259195E-2,1.980481988881E0));
#14244=DIRECTION('',(0.E0,-1.E0,0.E0));
#14245=DIRECTION('',(0.E0,0.E0,-1.E0));
#14246=AXIS2_PLACEMENT_3D('',#14243,#14244,#14245);
#14247=PLANE('',#14246);
#14249=ORIENTED_EDGE('',*,*,#14248,.F.);
#14251=ORIENTED_EDGE('',*,*,#14250,.T.);
#14253=ORIENTED_EDGE('',*,*,#14252,.F.);
#14254=ORIENTED_EDGE('',*,*,#14230,.F.);
#14255=EDGE_LOOP('',(#14249,#14251,#14253,#14254));
#14256=FACE_OUTER_BOUND('',#14255,.F.);
#14257=ADVANCED_FACE('',(#14256),#14247,.F.);
#14258=CARTESIAN_POINT('',(0.E0,0.E0,1.6E0));
#14259=DIRECTION('',(0.E0,0.E0,1.E0));
#14260=DIRECTION('',(-1.E0,0.E0,0.E0));
#14261=AXIS2_PLACEMENT_3D('',#14258,#14259,#14260);
#14262=PLANE('',#14261);
#14263=ORIENTED_EDGE('',*,*,#14248,.T.);
#14264=ORIENTED_EDGE('',*,*,#14238,.T.);
#14265=ORIENTED_EDGE('',*,*,#14196,.T.);
#14267=ORIENTED_EDGE('',*,*,#14266,.T.);
#14268=EDGE_LOOP('',(#14263,#14264,#14265,#14267));
#14269=FACE_OUTER_BOUND('',#14268,.F.);
#14270=ADVANCED_FACE('',(#14269),#14262,.F.);
#14271=CARTESIAN_POINT('',(-3.75E-1,0.E0,2.05E0));
#14272=DIRECTION('',(-9.805806756909E-1,1.961161351382E-1,0.E0));
#14273=DIRECTION('',(1.961161351382E-1,9.805806756909E-1,0.E0));
#14274=AXIS2_PLACEMENT_3D('',#14271,#14272,#14273);
#14275=PLANE('',#14274);
#14276=ORIENTED_EDGE('',*,*,#14250,.F.);
#14277=ORIENTED_EDGE('',*,*,#14266,.F.);
#14278=ORIENTED_EDGE('',*,*,#14194,.F.);
#14279=ORIENTED_EDGE('',*,*,#14220,.T.);
#14281=ORIENTED_EDGE('',*,*,#14280,.F.);
#14283=ORIENTED_EDGE('',*,*,#14282,.T.);
#14284=EDGE_LOOP('',(#14276,#14277,#14278,#14279,#14281,#14283));
#14285=FACE_OUTER_BOUND('',#14284,.F.);
#14286=ADVANCED_FACE('',(#14285),#14275,.F.);
#14287=CARTESIAN_POINT('',(1.75E0,1.65E-1,1.965E0));
#14288=DIRECTION('',(-1.E0,0.E0,0.E0));
#14289=DIRECTION('',(0.E0,0.E0,-1.E0));
#14290=AXIS2_PLACEMENT_3D('',#14287,#14288,#14289);
#14291=CYLINDRICAL_SURFACE('',#14290,6.5E-2);
#14293=ORIENTED_EDGE('',*,*,#14292,.F.);
#14294=ORIENTED_EDGE('',*,*,#14280,.T.);
#14295=ORIENTED_EDGE('',*,*,#14218,.T.);
#14296=ORIENTED_EDGE('',*,*,#14234,.F.);
#14297=EDGE_LOOP('',(#14293,#14294,#14295,#14296));
#14298=FACE_OUTER_BOUND('',#14297,.F.);
#14299=ADVANCED_FACE('',(#14298),#14291,.F.);
#14300=CARTESIAN_POINT('',(-2.48E0,2.281676324467E-1,1.980481988881E0));
#14301=DIRECTION('',(0.E0,0.E0,1.E0));
#14302=DIRECTION('',(0.E0,-1.E0,0.E0));
#14303=AXIS2_PLACEMENT_3D('',#14300,#14301,#14302);
#14304=PLANE('',#14303);
#14305=ORIENTED_EDGE('',*,*,#14282,.F.);
#14306=ORIENTED_EDGE('',*,*,#14292,.T.);
#14307=ORIENTED_EDGE('',*,*,#14232,.T.);
#14308=ORIENTED_EDGE('',*,*,#14252,.T.);
#14309=EDGE_LOOP('',(#14305,#14306,#14307,#14308));
#14310=FACE_OUTER_BOUND('',#14309,.F.);
#14311=ADVANCED_FACE('',(#14310),#14304,.F.);
#14312=CLOSED_SHELL('',(#14202,#14224,#14242,#14257,#14270,#14286,#14299,
#14311));
#14313=MANIFOLD_SOLID_BREP('',#14312);
#14314=FILL_AREA_STYLE_COLOUR('',#8022);
#14315=FILL_AREA_STYLE('',(#14314));
#14316=SURFACE_STYLE_FILL_AREA(#14315);
#14317=SURFACE_SIDE_STYLE('',(#14316));
#14318=SURFACE_STYLE_USAGE(.POSITIVE.,#14317);
#14319=PRESENTATION_STYLE_ASSIGNMENT((#14318));
#14034=STYLED_ITEM('',(#14319),#14313);
#14321=DIRECTION('',(-1.E0,0.E0,0.E0));
#14322=VECTOR('',#14321,2.5E-1);
#14323=CARTESIAN_POINT('',(-8.75E-1,0.E0,2.E0));
#14324=LINE('',#14323,#14322);
#14325=CURVE_STYLE('',#48,POSITIVE_LENGTH_MEASURE(2.E-2),#8022);
#14326=PRESENTATION_STYLE_ASSIGNMENT((#14325));
#14327=STYLED_ITEM('',(#14326),#14324);
#14328=DIRECTION('',(0.E0,0.E0,-1.E0));
#14329=VECTOR('',#14328,4.E-1);
#14330=CARTESIAN_POINT('',(-1.125E0,0.E0,2.E0));
#14331=LINE('',#14330,#14329);
#14332=CURVE_STYLE('',#48,POSITIVE_LENGTH_MEASURE(2.E-2),#8022);
#14333=PRESENTATION_STYLE_ASSIGNMENT((#14332));
#14334=STYLED_ITEM('',(#14333),#14331);
#14335=DIRECTION('',(-1.E0,0.E0,0.E0));
#14336=VECTOR('',#14335,2.940910976998E-1);
#14337=CARTESIAN_POINT('',(-8.529544511501E-1,1.102277442495E-1,2.E0));
#14338=LINE('',#14337,#14336);
#14339=CURVE_STYLE('',#48,POSITIVE_LENGTH_MEASURE(2.E-2),#8022);
#14340=PRESENTATION_STYLE_ASSIGNMENT((#14339));
#14341=STYLED_ITEM('',(#14340),#14338);
#14342=DIRECTION('',(0.E0,0.E0,1.E0));
#14343=VECTOR('',#14342,3.804819888812E-1);
#14344=CARTESIAN_POINT('',(-1.128366958518E0,1.683479259195E-2,1.6E0));
#14345=LINE('',#14344,#14343);
#14346=CURVE_STYLE('',#48,POSITIVE_LENGTH_MEASURE(2.E-2),#8022);
#14347=PRESENTATION_STYLE_ASSIGNMENT((#14346));
#14348=STYLED_ITEM('',(#14347),#14345);
#14349=DIRECTION('',(1.961161351382E-1,-9.805806756909E-1,0.E0));
#14350=VECTOR('',#14349,8.671995427002E-2);
#14351=CARTESIAN_POINT('',(-1.145374140789E0,1.018707039459E-1,
1.980481988881E0));
#14352=LINE('',#14351,#14350);
#14353=CURVE_STYLE('',#48,POSITIVE_LENGTH_MEASURE(2.E-2),#8022);
#14354=PRESENTATION_STYLE_ASSIGNMENT((#14353));
#14355=STYLED_ITEM('',(#14354),#14352);
#14356=CARTESIAN_POINT('',(-1.145374140789E0,1.018707039459E-1,
1.980481988881E0));
#14357=CARTESIAN_POINT('',(-1.145716662843E0,1.035833142152E-1,
1.987465321678E0));
#14358=CARTESIAN_POINT('',(-1.146274790677E0,1.063739533855E-1,
1.993969119463E0));
#14359=CARTESIAN_POINT('',(-1.147045548850E0,1.102277442495E-1,2.E0));
#14361=CURVE_STYLE('',#48,POSITIVE_LENGTH_MEASURE(2.E-2),#8022);
#14362=PRESENTATION_STYLE_ASSIGNMENT((#14361));
#14363=STYLED_ITEM('',(#14362),#14360);
#14364=DIRECTION('',(1.961161351382E-1,-9.805806756909E-1,0.E0));
#14365=VECTOR('',#14364,1.124106837735E-1);
#14366=CARTESIAN_POINT('',(-1.147045548850E0,1.102277442495E-1,2.E0));
#14367=LINE('',#14366,#14365);
#14368=CURVE_STYLE('',#48,POSITIVE_LENGTH_MEASURE(2.E-2),#8022);
#14369=PRESENTATION_STYLE_ASSIGNMENT((#14368));
#14370=STYLED_ITEM('',(#14369),#14367);
#14371=DIRECTION('',(1.E0,0.E0,0.E0));
#14372=VECTOR('',#14371,2.567339170368E-1);
#14373=CARTESIAN_POINT('',(-1.128366958518E0,1.683479259195E-2,
1.980481988881E0));
#14374=LINE('',#14373,#14372);
#14375=CURVE_STYLE('',#48,POSITIVE_LENGTH_MEASURE(2.E-2),#8022);
#14376=PRESENTATION_STYLE_ASSIGNMENT((#14375));
#14377=STYLED_ITEM('',(#14376),#14374);
#14378=DIRECTION('',(-1.E0,0.E0,0.E0));
#14379=VECTOR('',#14378,2.567339170368E-1);
#14380=CARTESIAN_POINT('',(-8.716330414816E-1,1.683479259195E-2,1.6E0));
#14381=LINE('',#14380,#14379);
#14382=CURVE_STYLE('',#48,POSITIVE_LENGTH_MEASURE(2.E-2),#8022);
#14383=PRESENTATION_STYLE_ASSIGNMENT((#14382));
#14384=STYLED_ITEM('',(#14383),#14381);
#14385=DIRECTION('',(1.961161351382E-1,-9.805806756909E-1,0.E0));
#14386=VECTOR('',#14385,1.716818718673E-2);
#14387=CARTESIAN_POINT('',(-1.128366958518E0,1.683479259195E-2,1.6E0));
#14388=LINE('',#14387,#14386);
#14389=CURVE_STYLE('',#48,POSITIVE_LENGTH_MEASURE(2.E-2),#8022);
#14390=PRESENTATION_STYLE_ASSIGNMENT((#14389));
#14391=STYLED_ITEM('',(#14390),#14388);
#14392=DIRECTION('',(1.E0,0.E0,0.E0));
#14393=VECTOR('',#14392,2.5E-1);
#14394=CARTESIAN_POINT('',(-1.125E0,0.E0,1.6E0));
#14395=LINE('',#14394,#14393);
#14396=CURVE_STYLE('',#48,POSITIVE_LENGTH_MEASURE(2.E-2),#8022);
#14397=PRESENTATION_STYLE_ASSIGNMENT((#14396));
#14398=STYLED_ITEM('',(#14397),#14395);
#14399=DIRECTION('',(1.961161351382E-1,9.805806756909E-1,0.E0));
#14400=VECTOR('',#14399,1.716818718673E-2);
#14401=CARTESIAN_POINT('',(-8.75E-1,0.E0,1.6E0));
#14402=LINE('',#14401,#14400);
#14403=CURVE_STYLE('',#48,POSITIVE_LENGTH_MEASURE(2.E-2),#8022);
#14404=PRESENTATION_STYLE_ASSIGNMENT((#14403));
#14405=STYLED_ITEM('',(#14404),#14402);
#14406=DIRECTION('',(0.E0,0.E0,1.E0));
#14407=VECTOR('',#14406,3.804819888812E-1);
#14408=CARTESIAN_POINT('',(-8.716330414816E-1,1.683479259195E-2,1.6E0));
#14409=LINE('',#14408,#14407);
#14410=CURVE_STYLE('',#48,POSITIVE_LENGTH_MEASURE(2.E-2),#8022);
#14411=PRESENTATION_STYLE_ASSIGNMENT((#14410));
#14412=STYLED_ITEM('',(#14411),#14409);
#14413=DIRECTION('',(0.E0,0.E0,-1.E0));
#14414=VECTOR('',#14413,4.E-1);
#14415=CARTESIAN_POINT('',(-8.75E-1,0.E0,2.E0));
#14416=LINE('',#14415,#14414);
#14417=CURVE_STYLE('',#48,POSITIVE_LENGTH_MEASURE(2.E-2),#8022);
#14418=PRESENTATION_STYLE_ASSIGNMENT((#14417));
#14419=STYLED_ITEM('',(#14418),#14416);
#14420=DIRECTION('',(1.961161351382E-1,9.805806756909E-1,0.E0));
#14421=VECTOR('',#14420,1.124106837735E-1);
#14422=CARTESIAN_POINT('',(-8.75E-1,0.E0,2.E0));
#14423=LINE('',#14422,#14421);
#14424=CURVE_STYLE('',#48,POSITIVE_LENGTH_MEASURE(2.E-2),#8022);
#14425=PRESENTATION_STYLE_ASSIGNMENT((#14424));
#14426=STYLED_ITEM('',(#14425),#14423);
#14427=CARTESIAN_POINT('',(-8.546258592108E-1,1.018707039459E-1,
1.980481988881E0));
#14428=CARTESIAN_POINT('',(-8.542833371570E-1,1.035833142152E-1,
1.987465321678E0));
#14429=CARTESIAN_POINT('',(-8.537252093229E-1,1.063739533855E-1,
1.993969119463E0));
#14430=CARTESIAN_POINT('',(-8.529544511501E-1,1.102277442495E-1,2.E0));
#14432=CURVE_STYLE('',#48,POSITIVE_LENGTH_MEASURE(2.E-2),#8022);
#14433=PRESENTATION_STYLE_ASSIGNMENT((#14432));
#14434=STYLED_ITEM('',(#14433),#14431);
#14435=DIRECTION('',(-1.961161351382E-1,-9.805806756909E-1,0.E0));
#14436=VECTOR('',#14435,8.671995427002E-2);
#14437=CARTESIAN_POINT('',(-8.546258592108E-1,1.018707039459E-1,
1.980481988881E0));
#14438=LINE('',#14437,#14436);
#14439=CURVE_STYLE('',#48,POSITIVE_LENGTH_MEASURE(2.E-2),#8022);
#14440=PRESENTATION_STYLE_ASSIGNMENT((#14439));
#14441=STYLED_ITEM('',(#14440),#14438);
#14442=DIRECTION('',(-1.E0,0.E0,0.E0));
#14443=VECTOR('',#14442,2.907482815784E-1);
#14444=CARTESIAN_POINT('',(-8.546258592108E-1,1.018707039459E-1,
1.980481988881E0));
#14445=LINE('',#14444,#14443);
#14446=CURVE_STYLE('',#48,POSITIVE_LENGTH_MEASURE(2.E-2),#8022);
#14447=PRESENTATION_STYLE_ASSIGNMENT((#14446));
#14448=STYLED_ITEM('',(#14447),#14445);
#14449=CARTESIAN_POINT('',(-1.125E0,0.E0,1.6E0));
#14450=CARTESIAN_POINT('',(-8.75E-1,0.E0,1.6E0));
#14451=VERTEX_POINT('',#14449);
#14452=VERTEX_POINT('',#14450);
#14453=CARTESIAN_POINT('',(-8.75E-1,0.E0,2.E0));
#14454=CARTESIAN_POINT('',(-1.125E0,0.E0,2.E0));
#14455=VERTEX_POINT('',#14453);
#14456=VERTEX_POINT('',#14454);
#14457=CARTESIAN_POINT('',(-8.529544511501E-1,1.102277442495E-1,2.E0));
#14458=VERTEX_POINT('',#14457);
#14459=CARTESIAN_POINT('',(-1.147045548850E0,1.102277442495E-1,2.E0));
#14460=VERTEX_POINT('',#14459);
#14461=CARTESIAN_POINT('',(-8.716330414816E-1,1.683479259195E-2,1.6E0));
#14462=CARTESIAN_POINT('',(-1.128366958518E0,1.683479259195E-2,1.6E0));
#14463=VERTEX_POINT('',#14461);
#14464=VERTEX_POINT('',#14462);
#14465=CARTESIAN_POINT('',(-8.716330414816E-1,1.683479259195E-2,
1.980481988881E0));
#14466=VERTEX_POINT('',#14465);
#14467=CARTESIAN_POINT('',(-8.546258592108E-1,1.018707039459E-1,
1.980481988881E0));
#14468=VERTEX_POINT('',#14467);
#14469=CARTESIAN_POINT('',(-1.128366958518E0,1.683479259195E-2,
1.980481988881E0));
#14470=VERTEX_POINT('',#14469);
#14471=CARTESIAN_POINT('',(-1.145374140789E0,1.018707039459E-1,
1.980481988881E0));
#14472=VERTEX_POINT('',#14471);
#14473=CARTESIAN_POINT('',(0.E0,0.E0,0.E0));
#14474=DIRECTION('',(0.E0,1.E0,0.E0));
#14475=DIRECTION('',(1.E0,0.E0,0.E0));
#14476=AXIS2_PLACEMENT_3D('',#14473,#14474,#14475);
#14477=PLANE('',#14476);
#14479=ORIENTED_EDGE('',*,*,#14478,.F.);
#14481=ORIENTED_EDGE('',*,*,#14480,.T.);
#14483=ORIENTED_EDGE('',*,*,#14482,.F.);
#14485=ORIENTED_EDGE('',*,*,#14484,.F.);
#14486=EDGE_LOOP('',(#14479,#14481,#14483,#14485));
#14487=FACE_OUTER_BOUND('',#14486,.F.);
#14488=ADVANCED_FACE('',(#14487),#14477,.F.);
#14489=FILL_AREA_STYLE_COLOUR('',#8021);
#14490=FILL_AREA_STYLE('',(#14489));
#14491=SURFACE_STYLE_FILL_AREA(#14490);
#14492=SURFACE_SIDE_STYLE('',(#14491));
#14493=SURFACE_STYLE_USAGE(.NEGATIVE.,#14492);
#14494=PRESENTATION_STYLE_ASSIGNMENT((#14493));
#14495=OVER_RIDING_STYLED_ITEM('',(#14494),#14488,#14320);
#14496=CARTESIAN_POINT('',(2.5E0,2.E-1,2.E0));
#14497=DIRECTION('',(0.E0,0.E0,-1.E0));
#14498=DIRECTION('',(-1.E0,0.E0,0.E0));
#14499=AXIS2_PLACEMENT_3D('',#14496,#14497,#14498);
#14500=PLANE('',#14499);
#14501=ORIENTED_EDGE('',*,*,#14478,.T.);
#14503=ORIENTED_EDGE('',*,*,#14502,.F.);
#14505=ORIENTED_EDGE('',*,*,#14504,.F.);
#14507=ORIENTED_EDGE('',*,*,#14506,.F.);
#14508=EDGE_LOOP('',(#14501,#14503,#14505,#14507));
#14509=FACE_OUTER_BOUND('',#14508,.F.);
#14510=ADVANCED_FACE('',(#14509),#14500,.F.);
#14511=CARTESIAN_POINT('',(-1.165E0,2.E-1,2.05E0));
#14512=DIRECTION('',(9.805806756909E-1,1.961161351382E-1,0.E0));
#14513=DIRECTION('',(1.961161351382E-1,-9.805806756909E-1,0.E0));
#14514=AXIS2_PLACEMENT_3D('',#14511,#14512,#14513);
#14515=PLANE('',#14514);
#14517=ORIENTED_EDGE('',*,*,#14516,.T.);
#14519=ORIENTED_EDGE('',*,*,#14518,.F.);
#14521=ORIENTED_EDGE('',*,*,#14520,.T.);
#14522=ORIENTED_EDGE('',*,*,#14502,.T.);
#14523=ORIENTED_EDGE('',*,*,#14484,.T.);
#14525=ORIENTED_EDGE('',*,*,#14524,.F.);
#14526=EDGE_LOOP('',(#14517,#14519,#14521,#14522,#14523,#14525));
#14527=FACE_OUTER_BOUND('',#14526,.F.);
#14528=ADVANCED_FACE('',(#14527),#14515,.F.);
#14529=CARTESIAN_POINT('',(-2.48E0,1.683479259195E-2,1.980481988881E0));
#14530=DIRECTION('',(0.E0,-1.E0,0.E0));
#14531=DIRECTION('',(0.E0,0.E0,-1.E0));
#14532=AXIS2_PLACEMENT_3D('',#14529,#14530,#14531);
#14533=PLANE('',#14532);
#14535=ORIENTED_EDGE('',*,*,#14534,.F.);
#14537=ORIENTED_EDGE('',*,*,#14536,.T.);
#14539=ORIENTED_EDGE('',*,*,#14538,.F.);
#14540=ORIENTED_EDGE('',*,*,#14516,.F.);
#14541=EDGE_LOOP('',(#14535,#14537,#14539,#14540));
#14542=FACE_OUTER_BOUND('',#14541,.F.);
#14543=ADVANCED_FACE('',(#14542),#14533,.F.);
#14544=CARTESIAN_POINT('',(0.E0,0.E0,1.6E0));
#14545=DIRECTION('',(0.E0,0.E0,1.E0));
#14546=DIRECTION('',(-1.E0,0.E0,0.E0));
#14547=AXIS2_PLACEMENT_3D('',#14544,#14545,#14546);
#14548=PLANE('',#14547);
#14549=ORIENTED_EDGE('',*,*,#14534,.T.);
#14550=ORIENTED_EDGE('',*,*,#14524,.T.);
#14551=ORIENTED_EDGE('',*,*,#14482,.T.);
#14553=ORIENTED_EDGE('',*,*,#14552,.T.);
#14554=EDGE_LOOP('',(#14549,#14550,#14551,#14553));
#14555=FACE_OUTER_BOUND('',#14554,.F.);
#14556=ADVANCED_FACE('',(#14555),#14548,.F.);
#14557=CARTESIAN_POINT('',(-8.75E-1,0.E0,2.05E0));
#14558=DIRECTION('',(-9.805806756909E-1,1.961161351382E-1,0.E0));
#14559=DIRECTION('',(1.961161351382E-1,9.805806756909E-1,0.E0));
#14560=AXIS2_PLACEMENT_3D('',#14557,#14558,#14559);
#14561=PLANE('',#14560);
#14562=ORIENTED_EDGE('',*,*,#14536,.F.);
#14563=ORIENTED_EDGE('',*,*,#14552,.F.);
#14564=ORIENTED_EDGE('',*,*,#14480,.F.);
#14565=ORIENTED_EDGE('',*,*,#14506,.T.);
#14567=ORIENTED_EDGE('',*,*,#14566,.F.);
#14569=ORIENTED_EDGE('',*,*,#14568,.T.);
#14570=EDGE_LOOP('',(#14562,#14563,#14564,#14565,#14567,#14569));
#14571=FACE_OUTER_BOUND('',#14570,.F.);
#14572=ADVANCED_FACE('',(#14571),#14561,.F.);
#14573=CARTESIAN_POINT('',(1.75E0,1.65E-1,1.965E0));
#14574=DIRECTION('',(-1.E0,0.E0,0.E0));
#14575=DIRECTION('',(0.E0,0.E0,-1.E0));
#14576=AXIS2_PLACEMENT_3D('',#14573,#14574,#14575);
#14577=CYLINDRICAL_SURFACE('',#14576,6.5E-2);
#14579=ORIENTED_EDGE('',*,*,#14578,.F.);
#14580=ORIENTED_EDGE('',*,*,#14566,.T.);
#14581=ORIENTED_EDGE('',*,*,#14504,.T.);
#14582=ORIENTED_EDGE('',*,*,#14520,.F.);
#14583=EDGE_LOOP('',(#14579,#14580,#14581,#14582));
#14584=FACE_OUTER_BOUND('',#14583,.F.);
#14585=ADVANCED_FACE('',(#14584),#14577,.F.);
#14586=CARTESIAN_POINT('',(-2.48E0,2.281676324467E-1,1.980481988881E0));
#14587=DIRECTION('',(0.E0,0.E0,1.E0));
#14588=DIRECTION('',(0.E0,-1.E0,0.E0));
#14589=AXIS2_PLACEMENT_3D('',#14586,#14587,#14588);
#14590=PLANE('',#14589);
#14591=ORIENTED_EDGE('',*,*,#14568,.F.);
#14592=ORIENTED_EDGE('',*,*,#14578,.T.);
#14593=ORIENTED_EDGE('',*,*,#14518,.T.);
#14594=ORIENTED_EDGE('',*,*,#14538,.T.);
#14595=EDGE_LOOP('',(#14591,#14592,#14593,#14594));
#14596=FACE_OUTER_BOUND('',#14595,.F.);
#14597=ADVANCED_FACE('',(#14596),#14590,.F.);
#14598=CLOSED_SHELL('',(#14488,#14510,#14528,#14543,#14556,#14572,#14585,
#14597));
#14599=MANIFOLD_SOLID_BREP('',#14598);
#14600=FILL_AREA_STYLE_COLOUR('',#8022);
#14601=FILL_AREA_STYLE('',(#14600));
#14602=SURFACE_STYLE_FILL_AREA(#14601);
#14603=SURFACE_SIDE_STYLE('',(#14602));
#14604=SURFACE_STYLE_USAGE(.POSITIVE.,#14603);
#14605=PRESENTATION_STYLE_ASSIGNMENT((#14604));
#14320=STYLED_ITEM('',(#14605),#14599);
#14607=DIRECTION('',(-1.E0,0.E0,0.E0));
#14608=VECTOR('',#14607,2.5E-1);
#14609=CARTESIAN_POINT('',(-1.375E0,0.E0,2.E0));
#14610=LINE('',#14609,#14608);
#14611=CURVE_STYLE('',#48,POSITIVE_LENGTH_MEASURE(2.E-2),#8022);
#14612=PRESENTATION_STYLE_ASSIGNMENT((#14611));
#14613=STYLED_ITEM('',(#14612),#14610);
#14614=DIRECTION('',(0.E0,0.E0,-1.E0));
#14615=VECTOR('',#14614,4.E-1);
#14616=CARTESIAN_POINT('',(-1.625E0,0.E0,2.E0));
#14617=LINE('',#14616,#14615);
#14618=CURVE_STYLE('',#48,POSITIVE_LENGTH_MEASURE(2.E-2),#8022);
#14619=PRESENTATION_STYLE_ASSIGNMENT((#14618));
#14620=STYLED_ITEM('',(#14619),#14617);
#14621=DIRECTION('',(-1.E0,0.E0,0.E0));
#14622=VECTOR('',#14621,2.940910976998E-1);
#14623=CARTESIAN_POINT('',(-1.352954451150E0,1.102277442495E-1,2.E0));
#14624=LINE('',#14623,#14622);
#14625=CURVE_STYLE('',#48,POSITIVE_LENGTH_MEASURE(2.E-2),#8022);
#14626=PRESENTATION_STYLE_ASSIGNMENT((#14625));
#14627=STYLED_ITEM('',(#14626),#14624);
#14628=DIRECTION('',(0.E0,0.E0,1.E0));
#14629=VECTOR('',#14628,3.804819888812E-1);
#14630=CARTESIAN_POINT('',(-1.628366958518E0,1.683479259195E-2,1.6E0));
#14631=LINE('',#14630,#14629);
#14632=CURVE_STYLE('',#48,POSITIVE_LENGTH_MEASURE(2.E-2),#8022);
#14633=PRESENTATION_STYLE_ASSIGNMENT((#14632));
#14634=STYLED_ITEM('',(#14633),#14631);
#14635=DIRECTION('',(1.961161351382E-1,-9.805806756909E-1,0.E0));
#14636=VECTOR('',#14635,8.671995427002E-2);
#14637=CARTESIAN_POINT('',(-1.645374140789E0,1.018707039459E-1,
1.980481988881E0));
#14638=LINE('',#14637,#14636);
#14639=CURVE_STYLE('',#48,POSITIVE_LENGTH_MEASURE(2.E-2),#8022);
#14640=PRESENTATION_STYLE_ASSIGNMENT((#14639));
#14641=STYLED_ITEM('',(#14640),#14638);
#14642=CARTESIAN_POINT('',(-1.645374140789E0,1.018707039459E-1,
1.980481988881E0));
#14643=CARTESIAN_POINT('',(-1.645716662843E0,1.035833142152E-1,
1.987465321678E0));
#14644=CARTESIAN_POINT('',(-1.646274790677E0,1.063739533855E-1,
1.993969119463E0));
#14645=CARTESIAN_POINT('',(-1.647045548850E0,1.102277442495E-1,2.E0));
#14647=CURVE_STYLE('',#48,POSITIVE_LENGTH_MEASURE(2.E-2),#8022);
#14648=PRESENTATION_STYLE_ASSIGNMENT((#14647));
#14649=STYLED_ITEM('',(#14648),#14646);
#14650=DIRECTION('',(1.961161351382E-1,-9.805806756909E-1,0.E0));
#14651=VECTOR('',#14650,1.124106837735E-1);
#14652=CARTESIAN_POINT('',(-1.647045548850E0,1.102277442495E-1,2.E0));
#14653=LINE('',#14652,#14651);
#14654=CURVE_STYLE('',#48,POSITIVE_LENGTH_MEASURE(2.E-2),#8022);
#14655=PRESENTATION_STYLE_ASSIGNMENT((#14654));
#14656=STYLED_ITEM('',(#14655),#14653);
#14657=DIRECTION('',(1.E0,0.E0,0.E0));
#14658=VECTOR('',#14657,2.567339170368E-1);
#14659=CARTESIAN_POINT('',(-1.628366958518E0,1.683479259195E-2,
1.980481988881E0));
#14660=LINE('',#14659,#14658);
#14661=CURVE_STYLE('',#48,POSITIVE_LENGTH_MEASURE(2.E-2),#8022);
#14662=PRESENTATION_STYLE_ASSIGNMENT((#14661));
#14663=STYLED_ITEM('',(#14662),#14660);
#14664=DIRECTION('',(-1.E0,0.E0,0.E0));
#14665=VECTOR('',#14664,2.567339170368E-1);
#14666=CARTESIAN_POINT('',(-1.371633041482E0,1.683479259195E-2,1.6E0));
#14667=LINE('',#14666,#14665);
#14668=CURVE_STYLE('',#48,POSITIVE_LENGTH_MEASURE(2.E-2),#8022);
#14669=PRESENTATION_STYLE_ASSIGNMENT((#14668));
#14670=STYLED_ITEM('',(#14669),#14667);
#14671=DIRECTION('',(1.961161351382E-1,-9.805806756909E-1,0.E0));
#14672=VECTOR('',#14671,1.716818718673E-2);
#14673=CARTESIAN_POINT('',(-1.628366958518E0,1.683479259195E-2,1.6E0));
#14674=LINE('',#14673,#14672);
#14675=CURVE_STYLE('',#48,POSITIVE_LENGTH_MEASURE(2.E-2),#8022);
#14676=PRESENTATION_STYLE_ASSIGNMENT((#14675));
#14677=STYLED_ITEM('',(#14676),#14674);
#14678=DIRECTION('',(1.E0,0.E0,0.E0));
#14679=VECTOR('',#14678,2.5E-1);
#14680=CARTESIAN_POINT('',(-1.625E0,0.E0,1.6E0));
#14681=LINE('',#14680,#14679);
#14682=CURVE_STYLE('',#48,POSITIVE_LENGTH_MEASURE(2.E-2),#8022);
#14683=PRESENTATION_STYLE_ASSIGNMENT((#14682));
#14684=STYLED_ITEM('',(#14683),#14681);
#14685=DIRECTION('',(1.961161351382E-1,9.805806756909E-1,0.E0));
#14686=VECTOR('',#14685,1.716818718673E-2);
#14687=CARTESIAN_POINT('',(-1.375E0,0.E0,1.6E0));
#14688=LINE('',#14687,#14686);
#14689=CURVE_STYLE('',#48,POSITIVE_LENGTH_MEASURE(2.E-2),#8022);
#14690=PRESENTATION_STYLE_ASSIGNMENT((#14689));
#14691=STYLED_ITEM('',(#14690),#14688);
#14692=DIRECTION('',(0.E0,0.E0,1.E0));
#14693=VECTOR('',#14692,3.804819888812E-1);
#14694=CARTESIAN_POINT('',(-1.371633041482E0,1.683479259195E-2,1.6E0));
#14695=LINE('',#14694,#14693);
#14696=CURVE_STYLE('',#48,POSITIVE_LENGTH_MEASURE(2.E-2),#8022);
#14697=PRESENTATION_STYLE_ASSIGNMENT((#14696));
#14698=STYLED_ITEM('',(#14697),#14695);
#14699=DIRECTION('',(0.E0,0.E0,-1.E0));
#14700=VECTOR('',#14699,4.E-1);
#14701=CARTESIAN_POINT('',(-1.375E0,0.E0,2.E0));
#14702=LINE('',#14701,#14700);
#14703=CURVE_STYLE('',#48,POSITIVE_LENGTH_MEASURE(2.E-2),#8022);
#14704=PRESENTATION_STYLE_ASSIGNMENT((#14703));
#14705=STYLED_ITEM('',(#14704),#14702);
#14706=DIRECTION('',(1.961161351382E-1,9.805806756909E-1,0.E0));
#14707=VECTOR('',#14706,1.124106837735E-1);
#14708=CARTESIAN_POINT('',(-1.375E0,0.E0,2.E0));
#14709=LINE('',#14708,#14707);
#14710=CURVE_STYLE('',#48,POSITIVE_LENGTH_MEASURE(2.E-2),#8022);
#14711=PRESENTATION_STYLE_ASSIGNMENT((#14710));
#14712=STYLED_ITEM('',(#14711),#14709);
#14713=CARTESIAN_POINT('',(-1.354625859211E0,1.018707039459E-1,
1.980481988881E0));
#14714=CARTESIAN_POINT('',(-1.354283337157E0,1.035833142152E-1,
1.987465321678E0));
#14715=CARTESIAN_POINT('',(-1.353725209323E0,1.063739533855E-1,
1.993969119463E0));
#14716=CARTESIAN_POINT('',(-1.352954451150E0,1.102277442495E-1,2.E0));
#14718=CURVE_STYLE('',#48,POSITIVE_LENGTH_MEASURE(2.E-2),#8022);
#14719=PRESENTATION_STYLE_ASSIGNMENT((#14718));
#14720=STYLED_ITEM('',(#14719),#14717);
#14721=DIRECTION('',(-1.961161351382E-1,-9.805806756909E-1,0.E0));
#14722=VECTOR('',#14721,8.671995427002E-2);
#14723=CARTESIAN_POINT('',(-1.354625859211E0,1.018707039459E-1,
1.980481988881E0));
#14724=LINE('',#14723,#14722);
#14725=CURVE_STYLE('',#48,POSITIVE_LENGTH_MEASURE(2.E-2),#8022);
#14726=PRESENTATION_STYLE_ASSIGNMENT((#14725));
#14727=STYLED_ITEM('',(#14726),#14724);
#14728=DIRECTION('',(-1.E0,0.E0,0.E0));
#14729=VECTOR('',#14728,2.907482815784E-1);
#14730=CARTESIAN_POINT('',(-1.354625859211E0,1.018707039459E-1,
1.980481988881E0));
#14731=LINE('',#14730,#14729);
#14732=CURVE_STYLE('',#48,POSITIVE_LENGTH_MEASURE(2.E-2),#8022);
#14733=PRESENTATION_STYLE_ASSIGNMENT((#14732));
#14734=STYLED_ITEM('',(#14733),#14731);
#14735=CARTESIAN_POINT('',(-1.625E0,0.E0,1.6E0));
#14736=CARTESIAN_POINT('',(-1.375E0,0.E0,1.6E0));
#14737=VERTEX_POINT('',#14735);
#14738=VERTEX_POINT('',#14736);
#14739=CARTESIAN_POINT('',(-1.375E0,0.E0,2.E0));
#14740=CARTESIAN_POINT('',(-1.625E0,0.E0,2.E0));
#14741=VERTEX_POINT('',#14739);
#14742=VERTEX_POINT('',#14740);
#14743=CARTESIAN_POINT('',(-1.352954451150E0,1.102277442495E-1,2.E0));
#14744=VERTEX_POINT('',#14743);
#14745=CARTESIAN_POINT('',(-1.647045548850E0,1.102277442495E-1,2.E0));
#14746=VERTEX_POINT('',#14745);
#14747=CARTESIAN_POINT('',(-1.371633041482E0,1.683479259195E-2,1.6E0));
#14748=CARTESIAN_POINT('',(-1.628366958518E0,1.683479259195E-2,1.6E0));
#14749=VERTEX_POINT('',#14747);
#14750=VERTEX_POINT('',#14748);
#14751=CARTESIAN_POINT('',(-1.371633041482E0,1.683479259195E-2,
1.980481988881E0));
#14752=VERTEX_POINT('',#14751);
#14753=CARTESIAN_POINT('',(-1.354625859211E0,1.018707039459E-1,
1.980481988881E0));
#14754=VERTEX_POINT('',#14753);
#14755=CARTESIAN_POINT('',(-1.628366958518E0,1.683479259195E-2,
1.980481988881E0));
#14756=VERTEX_POINT('',#14755);
#14757=CARTESIAN_POINT('',(-1.645374140789E0,1.018707039459E-1,
1.980481988881E0));
#14758=VERTEX_POINT('',#14757);
#14759=CARTESIAN_POINT('',(0.E0,0.E0,0.E0));
#14760=DIRECTION('',(0.E0,1.E0,0.E0));
#14761=DIRECTION('',(1.E0,0.E0,0.E0));
#14762=AXIS2_PLACEMENT_3D('',#14759,#14760,#14761);
#14763=PLANE('',#14762);
#14765=ORIENTED_EDGE('',*,*,#14764,.F.);
#14767=ORIENTED_EDGE('',*,*,#14766,.T.);
#14769=ORIENTED_EDGE('',*,*,#14768,.F.);
#14771=ORIENTED_EDGE('',*,*,#14770,.F.);
#14772=EDGE_LOOP('',(#14765,#14767,#14769,#14771));
#14773=FACE_OUTER_BOUND('',#14772,.F.);
#14774=ADVANCED_FACE('',(#14773),#14763,.F.);
#14775=FILL_AREA_STYLE_COLOUR('',#8021);
#14776=FILL_AREA_STYLE('',(#14775));
#14777=SURFACE_STYLE_FILL_AREA(#14776);
#14778=SURFACE_SIDE_STYLE('',(#14777));
#14779=SURFACE_STYLE_USAGE(.NEGATIVE.,#14778);
#14780=PRESENTATION_STYLE_ASSIGNMENT((#14779));
#14781=OVER_RIDING_STYLED_ITEM('',(#14780),#14774,#14606);
#14782=CARTESIAN_POINT('',(2.5E0,2.E-1,2.E0));
#14783=DIRECTION('',(0.E0,0.E0,-1.E0));
#14784=DIRECTION('',(-1.E0,0.E0,0.E0));
#14785=AXIS2_PLACEMENT_3D('',#14782,#14783,#14784);
#14786=PLANE('',#14785);
#14787=ORIENTED_EDGE('',*,*,#14764,.T.);
#14789=ORIENTED_EDGE('',*,*,#14788,.F.);
#14791=ORIENTED_EDGE('',*,*,#14790,.F.);
#14793=ORIENTED_EDGE('',*,*,#14792,.F.);
#14794=EDGE_LOOP('',(#14787,#14789,#14791,#14793));
#14795=FACE_OUTER_BOUND('',#14794,.F.);
#14796=ADVANCED_FACE('',(#14795),#14786,.F.);
#14797=CARTESIAN_POINT('',(-1.665E0,2.E-1,2.05E0));
#14798=DIRECTION('',(9.805806756909E-1,1.961161351382E-1,0.E0));
#14799=DIRECTION('',(1.961161351382E-1,-9.805806756909E-1,0.E0));
#14800=AXIS2_PLACEMENT_3D('',#14797,#14798,#14799);
#14801=PLANE('',#14800);
#14803=ORIENTED_EDGE('',*,*,#14802,.T.);
#14805=ORIENTED_EDGE('',*,*,#14804,.F.);
#14807=ORIENTED_EDGE('',*,*,#14806,.T.);
#14808=ORIENTED_EDGE('',*,*,#14788,.T.);
#14809=ORIENTED_EDGE('',*,*,#14770,.T.);
#14811=ORIENTED_EDGE('',*,*,#14810,.F.);
#14812=EDGE_LOOP('',(#14803,#14805,#14807,#14808,#14809,#14811));
#14813=FACE_OUTER_BOUND('',#14812,.F.);
#14814=ADVANCED_FACE('',(#14813),#14801,.F.);
#14815=CARTESIAN_POINT('',(-2.48E0,1.683479259195E-2,1.980481988881E0));
#14816=DIRECTION('',(0.E0,-1.E0,0.E0));
#14817=DIRECTION('',(0.E0,0.E0,-1.E0));
#14818=AXIS2_PLACEMENT_3D('',#14815,#14816,#14817);
#14819=PLANE('',#14818);
#14821=ORIENTED_EDGE('',*,*,#14820,.F.);
#14823=ORIENTED_EDGE('',*,*,#14822,.T.);
#14825=ORIENTED_EDGE('',*,*,#14824,.F.);
#14826=ORIENTED_EDGE('',*,*,#14802,.F.);
#14827=EDGE_LOOP('',(#14821,#14823,#14825,#14826));
#14828=FACE_OUTER_BOUND('',#14827,.F.);
#14829=ADVANCED_FACE('',(#14828),#14819,.F.);
#14830=CARTESIAN_POINT('',(0.E0,0.E0,1.6E0));
#14831=DIRECTION('',(0.E0,0.E0,1.E0));
#14832=DIRECTION('',(-1.E0,0.E0,0.E0));
#14833=AXIS2_PLACEMENT_3D('',#14830,#14831,#14832);
#14834=PLANE('',#14833);
#14835=ORIENTED_EDGE('',*,*,#14820,.T.);
#14836=ORIENTED_EDGE('',*,*,#14810,.T.);
#14837=ORIENTED_EDGE('',*,*,#14768,.T.);
#14839=ORIENTED_EDGE('',*,*,#14838,.T.);
#14840=EDGE_LOOP('',(#14835,#14836,#14837,#14839));
#14841=FACE_OUTER_BOUND('',#14840,.F.);
#14842=ADVANCED_FACE('',(#14841),#14834,.F.);
#14843=CARTESIAN_POINT('',(-1.375E0,0.E0,2.05E0));
#14844=DIRECTION('',(-9.805806756909E-1,1.961161351382E-1,0.E0));
#14845=DIRECTION('',(1.961161351382E-1,9.805806756909E-1,0.E0));
#14846=AXIS2_PLACEMENT_3D('',#14843,#14844,#14845);
#14847=PLANE('',#14846);
#14848=ORIENTED_EDGE('',*,*,#14822,.F.);
#14849=ORIENTED_EDGE('',*,*,#14838,.F.);
#14850=ORIENTED_EDGE('',*,*,#14766,.F.);
#14851=ORIENTED_EDGE('',*,*,#14792,.T.);
#14853=ORIENTED_EDGE('',*,*,#14852,.F.);
#14855=ORIENTED_EDGE('',*,*,#14854,.T.);
#14856=EDGE_LOOP('',(#14848,#14849,#14850,#14851,#14853,#14855));
#14857=FACE_OUTER_BOUND('',#14856,.F.);
#14858=ADVANCED_FACE('',(#14857),#14847,.F.);
#14859=CARTESIAN_POINT('',(1.75E0,1.65E-1,1.965E0));
#14860=DIRECTION('',(-1.E0,0.E0,0.E0));
#14861=DIRECTION('',(0.E0,0.E0,-1.E0));
#14862=AXIS2_PLACEMENT_3D('',#14859,#14860,#14861);
#14863=CYLINDRICAL_SURFACE('',#14862,6.5E-2);
#14865=ORIENTED_EDGE('',*,*,#14864,.F.);
#14866=ORIENTED_EDGE('',*,*,#14852,.T.);
#14867=ORIENTED_EDGE('',*,*,#14790,.T.);
#14868=ORIENTED_EDGE('',*,*,#14806,.F.);
#14869=EDGE_LOOP('',(#14865,#14866,#14867,#14868));
#14870=FACE_OUTER_BOUND('',#14869,.F.);
#14871=ADVANCED_FACE('',(#14870),#14863,.F.);
#14872=CARTESIAN_POINT('',(-2.48E0,2.281676324467E-1,1.980481988881E0));
#14873=DIRECTION('',(0.E0,0.E0,1.E0));
#14874=DIRECTION('',(0.E0,-1.E0,0.E0));
#14875=AXIS2_PLACEMENT_3D('',#14872,#14873,#14874);
#14876=PLANE('',#14875);
#14877=ORIENTED_EDGE('',*,*,#14854,.F.);
#14878=ORIENTED_EDGE('',*,*,#14864,.T.);
#14879=ORIENTED_EDGE('',*,*,#14804,.T.);
#14880=ORIENTED_EDGE('',*,*,#14824,.T.);
#14881=EDGE_LOOP('',(#14877,#14878,#14879,#14880));
#14882=FACE_OUTER_BOUND('',#14881,.F.);
#14883=ADVANCED_FACE('',(#14882),#14876,.F.);
#14884=CLOSED_SHELL('',(#14774,#14796,#14814,#14829,#14842,#14858,#14871,
#14883));
#14885=MANIFOLD_SOLID_BREP('',#14884);
#14886=FILL_AREA_STYLE_COLOUR('',#8022);
#14887=FILL_AREA_STYLE('',(#14886));
#14888=SURFACE_STYLE_FILL_AREA(#14887);
#14889=SURFACE_SIDE_STYLE('',(#14888));
#14890=SURFACE_STYLE_USAGE(.POSITIVE.,#14889);
#14891=PRESENTATION_STYLE_ASSIGNMENT((#14890));
#14606=STYLED_ITEM('',(#14891),#14885);
#14893=DIRECTION('',(-1.E0,0.E0,0.E0));
#14894=VECTOR('',#14893,1.5E-1);
#14895=CARTESIAN_POINT('',(-1.9E0,1.E-1,-1.980656600008E0));
#14896=LINE('',#14895,#14894);
#14897=CURVE_STYLE('',#48,POSITIVE_LENGTH_MEASURE(2.E-2),#8022);
#14898=PRESENTATION_STYLE_ASSIGNMENT((#14897));
#14899=STYLED_ITEM('',(#14898),#14896);
#14900=DIRECTION('',(0.E0,0.E0,1.E0));
#14901=VECTOR('',#14900,1.934339999200E-2);
#14902=CARTESIAN_POINT('',(-1.9E0,1.E-1,-2.E0));
#14903=LINE('',#14902,#14901);
#14904=CURVE_STYLE('',#48,POSITIVE_LENGTH_MEASURE(2.E-2),#8022);
#14905=PRESENTATION_STYLE_ASSIGNMENT((#14904));
#14906=STYLED_ITEM('',(#14905),#14903);
#14907=DIRECTION('',(-1.E0,0.E0,0.E0));
#14908=VECTOR('',#14907,1.5E-1);
#14909=CARTESIAN_POINT('',(-1.9E0,1.E-1,-2.E0));
#14910=LINE('',#14909,#14908);
#14911=CURVE_STYLE('',#48,POSITIVE_LENGTH_MEASURE(2.E-2),#8022);
#14912=PRESENTATION_STYLE_ASSIGNMENT((#14911));
#14913=STYLED_ITEM('',(#14912),#14910);
#14914=DIRECTION('',(0.E0,0.E0,-1.E0));
#14915=VECTOR('',#14914,1.934339999200E-2);
#14916=CARTESIAN_POINT('',(-2.05E0,1.E-1,-1.980656600008E0));
#14917=LINE('',#14916,#14915);
#14918=CURVE_STYLE('',#48,POSITIVE_LENGTH_MEASURE(2.E-2),#8022);
#14919=PRESENTATION_STYLE_ASSIGNMENT((#14918));
#14920=STYLED_ITEM('',(#14919),#14917);
#14921=DIRECTION('',(1.E0,0.E0,0.E0));
#14922=VECTOR('',#14921,1.5E-1);
#14923=CARTESIAN_POINT('',(-2.05E0,2.E-1,-1.980656600008E0));
#14924=LINE('',#14923,#14922);
#14925=CURVE_STYLE('',#48,POSITIVE_LENGTH_MEASURE(2.E-2),#8022);
#14926=PRESENTATION_STYLE_ASSIGNMENT((#14925));
#14927=STYLED_ITEM('',(#14926),#14924);
#14928=DIRECTION('',(1.E0,0.E0,0.E0));
#14929=VECTOR('',#14928,1.5E-1);
#14930=CARTESIAN_POINT('',(-2.05E0,2.E-1,-2.E0));
#14931=LINE('',#14930,#14929);
#14932=CURVE_STYLE('',#48,POSITIVE_LENGTH_MEASURE(2.E-2),#8022);
#14933=PRESENTATION_STYLE_ASSIGNMENT((#14932));
#14934=STYLED_ITEM('',(#14933),#14931);
#14935=DIRECTION('',(0.E0,0.E0,1.E0));
#14936=VECTOR('',#14935,1.934339999200E-2);
#14937=CARTESIAN_POINT('',(-1.9E0,2.E-1,-2.E0));
#14938=LINE('',#14937,#14936);
#14939=CURVE_STYLE('',#48,POSITIVE_LENGTH_MEASURE(2.E-2),#8022);
#14940=PRESENTATION_STYLE_ASSIGNMENT((#14939));
#14941=STYLED_ITEM('',(#14940),#14938);
#14942=DIRECTION('',(0.E0,-1.E0,0.E0));
#14943=VECTOR('',#14942,1.E-1);
#14944=CARTESIAN_POINT('',(-2.05E0,2.E-1,-1.980656600008E0));
#14945=LINE('',#14944,#14943);
#14946=CURVE_STYLE('',#48,POSITIVE_LENGTH_MEASURE(2.E-2),#8022);
#14947=PRESENTATION_STYLE_ASSIGNMENT((#14946));
#14948=STYLED_ITEM('',(#14947),#14945);
#14949=DIRECTION('',(0.E0,-1.E0,0.E0));
#14950=VECTOR('',#14949,1.E-1);
#14951=CARTESIAN_POINT('',(-2.05E0,2.E-1,-2.E0));
#14952=LINE('',#14951,#14950);
#14953=CURVE_STYLE('',#48,POSITIVE_LENGTH_MEASURE(2.E-2),#8022);
#14954=PRESENTATION_STYLE_ASSIGNMENT((#14953));
#14955=STYLED_ITEM('',(#14954),#14952);
#14956=DIRECTION('',(0.E0,0.E0,1.E0));
#14957=VECTOR('',#14956,1.934339999200E-2);
#14958=CARTESIAN_POINT('',(-2.05E0,2.E-1,-2.E0));
#14959=LINE('',#14958,#14957);
#14960=CURVE_STYLE('',#48,POSITIVE_LENGTH_MEASURE(2.E-2),#8022);
#14961=PRESENTATION_STYLE_ASSIGNMENT((#14960));
#14962=STYLED_ITEM('',(#14961),#14959);
#14963=DIRECTION('',(0.E0,-1.E0,0.E0));
#14964=VECTOR('',#14963,1.E-1);
#14965=CARTESIAN_POINT('',(-1.9E0,2.E-1,-1.980656600008E0));
#14966=LINE('',#14965,#14964);
#14967=CURVE_STYLE('',#48,POSITIVE_LENGTH_MEASURE(2.E-2),#8022);
#14968=PRESENTATION_STYLE_ASSIGNMENT((#14967));
#14969=STYLED_ITEM('',(#14968),#14966);
#14970=DIRECTION('',(0.E0,-1.E0,0.E0));
#14971=VECTOR('',#14970,1.E-1);
#14972=CARTESIAN_POINT('',(-1.9E0,2.E-1,-2.E0));
#14973=LINE('',#14972,#14971);
#14974=CURVE_STYLE('',#48,POSITIVE_LENGTH_MEASURE(2.E-2),#8022);
#14975=PRESENTATION_STYLE_ASSIGNMENT((#14974));
#14976=STYLED_ITEM('',(#14975),#14973);
#14977=CARTESIAN_POINT('',(-2.05E0,2.E-1,-2.E0));
#14978=CARTESIAN_POINT('',(-1.9E0,2.E-1,-2.E0));
#14979=VERTEX_POINT('',#14977);
#14980=VERTEX_POINT('',#14978);
#14981=CARTESIAN_POINT('',(-1.9E0,1.E-1,-2.E0));
#14982=CARTESIAN_POINT('',(-2.05E0,1.E-1,-2.E0));
#14983=VERTEX_POINT('',#14981);
#14984=VERTEX_POINT('',#14982);
#14985=CARTESIAN_POINT('',(-2.05E0,2.E-1,-1.980656600008E0));
#14986=CARTESIAN_POINT('',(-1.9E0,2.E-1,-1.980656600008E0));
#14987=VERTEX_POINT('',#14985);
#14988=VERTEX_POINT('',#14986);
#14989=CARTESIAN_POINT('',(-1.9E0,1.E-1,-1.980656600008E0));
#14990=CARTESIAN_POINT('',(-2.05E0,1.E-1,-1.980656600008E0));
#14991=VERTEX_POINT('',#14989);
#14992=VERTEX_POINT('',#14990);
#14993=CARTESIAN_POINT('',(0.E0,1.E-1,0.E0));
#14994=DIRECTION('',(0.E0,-1.E0,0.E0));
#14995=DIRECTION('',(-1.E0,0.E0,0.E0));
#14996=AXIS2_PLACEMENT_3D('',#14993,#14994,#14995);
#14997=PLANE('',#14996);
#14999=ORIENTED_EDGE('',*,*,#14998,.F.);
#15001=ORIENTED_EDGE('',*,*,#15000,.F.);
#15003=ORIENTED_EDGE('',*,*,#15002,.T.);
#15005=ORIENTED_EDGE('',*,*,#15004,.F.);
#15006=EDGE_LOOP('',(#14999,#15001,#15003,#15005));
#15007=FACE_OUTER_BOUND('',#15006,.F.);
#15008=ADVANCED_FACE('',(#15007),#14997,.T.);
#15009=CARTESIAN_POINT('',(-2.48E0,1.683479259195E-2,-1.980656600008E0));
#15010=DIRECTION('',(0.E0,0.E0,-1.E0));
#15011=DIRECTION('',(0.E0,1.E0,0.E0));
#15012=AXIS2_PLACEMENT_3D('',#15009,#15010,#15011);
#15013=PLANE('',#15012);
#15015=ORIENTED_EDGE('',*,*,#15014,.T.);
#15017=ORIENTED_EDGE('',*,*,#15016,.T.);
#15018=ORIENTED_EDGE('',*,*,#14998,.T.);
#15020=ORIENTED_EDGE('',*,*,#15019,.F.);
#15021=EDGE_LOOP('',(#15015,#15017,#15018,#15020));
#15022=FACE_OUTER_BOUND('',#15021,.F.);
#15023=ADVANCED_FACE('',(#15022),#15013,.F.);
#15024=CARTESIAN_POINT('',(0.E0,2.E-1,0.E0));
#15025=DIRECTION('',(0.E0,1.E0,0.E0));
#15026=DIRECTION('',(1.E0,0.E0,0.E0));
#15027=AXIS2_PLACEMENT_3D('',#15024,#15025,#15026);
#15028=PLANE('',#15027);
#15029=ORIENTED_EDGE('',*,*,#15014,.F.);
#15031=ORIENTED_EDGE('',*,*,#15030,.F.);
#15033=ORIENTED_EDGE('',*,*,#15032,.T.);
#15035=ORIENTED_EDGE('',*,*,#15034,.T.);
#15036=EDGE_LOOP('',(#15029,#15031,#15033,#15035));
#15037=FACE_OUTER_BOUND('',#15036,.F.);
#15038=ADVANCED_FACE('',(#15037),#15028,.T.);
#15039=CARTESIAN_POINT('',(-2.05E0,2.E-1,-1.55E0));
#15040=DIRECTION('',(-1.E0,0.E0,0.E0));
#15041=DIRECTION('',(0.E0,0.E0,-1.E0));
#15042=AXIS2_PLACEMENT_3D('',#15039,#15040,#15041);
#15043=PLANE('',#15042);
#15044=ORIENTED_EDGE('',*,*,#15019,.T.);
#15045=ORIENTED_EDGE('',*,*,#15004,.T.);
#15047=ORIENTED_EDGE('',*,*,#15046,.F.);
#15048=ORIENTED_EDGE('',*,*,#15030,.T.);
#15049=EDGE_LOOP('',(#15044,#15045,#15047,#15048));
#15050=FACE_OUTER_BOUND('',#15049,.F.);
#15051=ADVANCED_FACE('',(#15050),#15043,.T.);
#15052=CARTESIAN_POINT('',(-2.5E0,2.E-1,-2.E0));
#15053=DIRECTION('',(0.E0,0.E0,1.E0));
#15054=DIRECTION('',(1.E0,0.E0,0.E0));
#15055=AXIS2_PLACEMENT_3D('',#15052,#15053,#15054);
#15056=PLANE('',#15055);
#15057=ORIENTED_EDGE('',*,*,#15046,.T.);
#15058=ORIENTED_EDGE('',*,*,#15002,.F.);
#15060=ORIENTED_EDGE('',*,*,#15059,.F.);
#15061=ORIENTED_EDGE('',*,*,#15032,.F.);
#15062=EDGE_LOOP('',(#15057,#15058,#15060,#15061));
#15063=FACE_OUTER_BOUND('',#15062,.F.);
#15064=ADVANCED_FACE('',(#15063),#15056,.F.);
#15065=CARTESIAN_POINT('',(-1.9E0,2.E-1,-2.05E0));
#15066=DIRECTION('',(1.E0,0.E0,0.E0));
#15067=DIRECTION('',(0.E0,0.E0,1.E0));
#15068=AXIS2_PLACEMENT_3D('',#15065,#15066,#15067);
#15069=PLANE('',#15068);
#15070=ORIENTED_EDGE('',*,*,#15016,.F.);
#15071=ORIENTED_EDGE('',*,*,#15034,.F.);
#15072=ORIENTED_EDGE('',*,*,#15059,.T.);
#15073=ORIENTED_EDGE('',*,*,#15000,.T.);
#15074=EDGE_LOOP('',(#15070,#15071,#15072,#15073));
#15075=FACE_OUTER_BOUND('',#15074,.F.);
#15076=ADVANCED_FACE('',(#15075),#15069,.T.);
#15077=CLOSED_SHELL('',(#15008,#15023,#15038,#15051,#15064,#15076));
#15078=MANIFOLD_SOLID_BREP('',#15077);
#15079=FILL_AREA_STYLE_COLOUR('',#8022);
#15080=FILL_AREA_STYLE('',(#15079));
#15081=SURFACE_STYLE_FILL_AREA(#15080);
#15082=SURFACE_SIDE_STYLE('',(#15081));
#15083=SURFACE_STYLE_USAGE(.POSITIVE.,#15082);
#15084=PRESENTATION_STYLE_ASSIGNMENT((#15083));
#14892=STYLED_ITEM('',(#15084),#15078);
#15086=DIRECTION('',(1.E0,0.E0,0.E0));
#15087=VECTOR('',#15086,1.5E-1);
#15088=CARTESIAN_POINT('',(1.9E0,1.E-1,-1.980656600008E0));
#15089=LINE('',#15088,#15087);
#15090=CURVE_STYLE('',#48,POSITIVE_LENGTH_MEASURE(2.E-2),#8022);
#15091=PRESENTATION_STYLE_ASSIGNMENT((#15090));
#15092=STYLED_ITEM('',(#15091),#15089);
#15093=DIRECTION('',(0.E0,0.E0,-1.E0));
#15094=VECTOR('',#15093,1.934339999200E-2);
#15095=CARTESIAN_POINT('',(2.05E0,1.E-1,-1.980656600008E0));
#15096=LINE('',#15095,#15094);
#15097=CURVE_STYLE('',#48,POSITIVE_LENGTH_MEASURE(2.E-2),#8022);
#15098=PRESENTATION_STYLE_ASSIGNMENT((#15097));
#15099=STYLED_ITEM('',(#15098),#15096);
#15100=DIRECTION('',(1.E0,0.E0,0.E0));
#15101=VECTOR('',#15100,1.5E-1);
#15102=CARTESIAN_POINT('',(1.9E0,1.E-1,-2.E0));
#15103=LINE('',#15102,#15101);
#15104=CURVE_STYLE('',#48,POSITIVE_LENGTH_MEASURE(2.E-2),#8022);
#15105=PRESENTATION_STYLE_ASSIGNMENT((#15104));
#15106=STYLED_ITEM('',(#15105),#15103);
#15107=DIRECTION('',(0.E0,0.E0,1.E0));
#15108=VECTOR('',#15107,1.934339999200E-2);
#15109=CARTESIAN_POINT('',(1.9E0,1.E-1,-2.E0));
#15110=LINE('',#15109,#15108);
#15111=CURVE_STYLE('',#48,POSITIVE_LENGTH_MEASURE(2.E-2),#8022);
#15112=PRESENTATION_STYLE_ASSIGNMENT((#15111));
#15113=STYLED_ITEM('',(#15112),#15110);
#15114=DIRECTION('',(1.E0,0.E0,0.E0));
#15115=VECTOR('',#15114,1.5E-1);
#15116=CARTESIAN_POINT('',(1.9E0,2.E-1,-1.980656600008E0));
#15117=LINE('',#15116,#15115);
#15118=CURVE_STYLE('',#48,POSITIVE_LENGTH_MEASURE(2.E-2),#8022);
#15119=PRESENTATION_STYLE_ASSIGNMENT((#15118));
#15120=STYLED_ITEM('',(#15119),#15117);
#15121=DIRECTION('',(0.E0,0.E0,1.E0));
#15122=VECTOR('',#15121,1.934339999200E-2);
#15123=CARTESIAN_POINT('',(1.9E0,2.E-1,-2.E0));
#15124=LINE('',#15123,#15122);
#15125=CURVE_STYLE('',#48,POSITIVE_LENGTH_MEASURE(2.E-2),#8022);
#15126=PRESENTATION_STYLE_ASSIGNMENT((#15125));
#15127=STYLED_ITEM('',(#15126),#15124);
#15128=DIRECTION('',(1.E0,0.E0,0.E0));
#15129=VECTOR('',#15128,1.5E-1);
#15130=CARTESIAN_POINT('',(1.9E0,2.E-1,-2.E0));
#15131=LINE('',#15130,#15129);
#15132=CURVE_STYLE('',#48,POSITIVE_LENGTH_MEASURE(2.E-2),#8022);
#15133=PRESENTATION_STYLE_ASSIGNMENT((#15132));
#15134=STYLED_ITEM('',(#15133),#15131);
#15135=DIRECTION('',(0.E0,-1.E0,0.E0));
#15136=VECTOR('',#15135,1.E-1);
#15137=CARTESIAN_POINT('',(1.9E0,2.E-1,-1.980656600008E0));
#15138=LINE('',#15137,#15136);
#15139=CURVE_STYLE('',#48,POSITIVE_LENGTH_MEASURE(2.E-2),#8022);
#15140=PRESENTATION_STYLE_ASSIGNMENT((#15139));
#15141=STYLED_ITEM('',(#15140),#15138);
#15142=DIRECTION('',(0.E0,-1.E0,0.E0));
#15143=VECTOR('',#15142,1.E-1);
#15144=CARTESIAN_POINT('',(1.9E0,2.E-1,-2.E0));
#15145=LINE('',#15144,#15143);
#15146=CURVE_STYLE('',#48,POSITIVE_LENGTH_MEASURE(2.E-2),#8022);
#15147=PRESENTATION_STYLE_ASSIGNMENT((#15146));
#15148=STYLED_ITEM('',(#15147),#15145);
#15149=DIRECTION('',(0.E0,-1.E0,0.E0));
#15150=VECTOR('',#15149,1.E-1);
#15151=CARTESIAN_POINT('',(2.05E0,2.E-1,-1.980656600008E0));
#15152=LINE('',#15151,#15150);
#15153=CURVE_STYLE('',#48,POSITIVE_LENGTH_MEASURE(2.E-2),#8022);
#15154=PRESENTATION_STYLE_ASSIGNMENT((#15153));
#15155=STYLED_ITEM('',(#15154),#15152);
#15156=DIRECTION('',(0.E0,0.E0,-1.E0));
#15157=VECTOR('',#15156,1.934339999200E-2);
#15158=CARTESIAN_POINT('',(2.05E0,2.E-1,-1.980656600008E0));
#15159=LINE('',#15158,#15157);
#15160=CURVE_STYLE('',#48,POSITIVE_LENGTH_MEASURE(2.E-2),#8022);
#15161=PRESENTATION_STYLE_ASSIGNMENT((#15160));
#15162=STYLED_ITEM('',(#15161),#15159);
#15163=DIRECTION('',(0.E0,-1.E0,0.E0));
#15164=VECTOR('',#15163,1.E-1);
#15165=CARTESIAN_POINT('',(2.05E0,2.E-1,-2.E0));
#15166=LINE('',#15165,#15164);
#15167=CURVE_STYLE('',#48,POSITIVE_LENGTH_MEASURE(2.E-2),#8022);
#15168=PRESENTATION_STYLE_ASSIGNMENT((#15167));
#15169=STYLED_ITEM('',(#15168),#15166);
#15170=CARTESIAN_POINT('',(1.9E0,2.E-1,-2.E0));
#15171=CARTESIAN_POINT('',(2.05E0,2.E-1,-2.E0));
#15172=VERTEX_POINT('',#15170);
#15173=VERTEX_POINT('',#15171);
#15174=CARTESIAN_POINT('',(1.9E0,1.E-1,-2.E0));
#15175=CARTESIAN_POINT('',(2.05E0,1.E-1,-2.E0));
#15176=VERTEX_POINT('',#15174);
#15177=VERTEX_POINT('',#15175);
#15178=CARTESIAN_POINT('',(1.9E0,2.E-1,-1.980656600008E0));
#15179=CARTESIAN_POINT('',(2.05E0,2.E-1,-1.980656600008E0));
#15180=VERTEX_POINT('',#15178);
#15181=VERTEX_POINT('',#15179);
#15182=CARTESIAN_POINT('',(1.9E0,1.E-1,-1.980656600008E0));
#15183=CARTESIAN_POINT('',(2.05E0,1.E-1,-1.980656600008E0));
#15184=VERTEX_POINT('',#15182);
#15185=VERTEX_POINT('',#15183);
#15186=CARTESIAN_POINT('',(0.E0,1.E-1,0.E0));
#15187=DIRECTION('',(0.E0,1.E0,0.E0));
#15188=DIRECTION('',(1.E0,0.E0,0.E0));
#15189=AXIS2_PLACEMENT_3D('',#15186,#15187,#15188);
#15190=PLANE('',#15189);
#15192=ORIENTED_EDGE('',*,*,#15191,.T.);
#15194=ORIENTED_EDGE('',*,*,#15193,.T.);
#15196=ORIENTED_EDGE('',*,*,#15195,.F.);
#15198=ORIENTED_EDGE('',*,*,#15197,.T.);
#15199=EDGE_LOOP('',(#15192,#15194,#15196,#15198));
#15200=FACE_OUTER_BOUND('',#15199,.F.);
#15201=ADVANCED_FACE('',(#15200),#15190,.F.);
#15202=CARTESIAN_POINT('',(-2.48E0,1.683479259195E-2,-1.980656600008E0));
#15203=DIRECTION('',(0.E0,0.E0,-1.E0));
#15204=DIRECTION('',(0.E0,1.E0,0.E0));
#15205=AXIS2_PLACEMENT_3D('',#15202,#15203,#15204);
#15206=PLANE('',#15205);
#15208=ORIENTED_EDGE('',*,*,#15207,.T.);
#15210=ORIENTED_EDGE('',*,*,#15209,.T.);
#15211=ORIENTED_EDGE('',*,*,#15191,.F.);
#15213=ORIENTED_EDGE('',*,*,#15212,.F.);
#15214=EDGE_LOOP('',(#15208,#15210,#15211,#15213));
#15215=FACE_OUTER_BOUND('',#15214,.F.);
#15216=ADVANCED_FACE('',(#15215),#15206,.F.);
#15217=CARTESIAN_POINT('',(0.E0,2.E-1,0.E0));
#15218=DIRECTION('',(0.E0,1.E0,0.E0));
#15219=DIRECTION('',(1.E0,0.E0,0.E0));
#15220=AXIS2_PLACEMENT_3D('',#15217,#15218,#15219);
#15221=PLANE('',#15220);
#15222=ORIENTED_EDGE('',*,*,#15207,.F.);
#15224=ORIENTED_EDGE('',*,*,#15223,.F.);
#15226=ORIENTED_EDGE('',*,*,#15225,.T.);
#15228=ORIENTED_EDGE('',*,*,#15227,.F.);
#15229=EDGE_LOOP('',(#15222,#15224,#15226,#15228));
#15230=FACE_OUTER_BOUND('',#15229,.F.);
#15231=ADVANCED_FACE('',(#15230),#15221,.T.);
#15232=CARTESIAN_POINT('',(1.9E0,2.E-1,-2.05E0));
#15233=DIRECTION('',(1.E0,0.E0,0.E0));
#15234=DIRECTION('',(0.E0,0.E0,1.E0));
#15235=AXIS2_PLACEMENT_3D('',#15232,#15233,#15234);
#15236=PLANE('',#15235);
#15237=ORIENTED_EDGE('',*,*,#15212,.T.);
#15238=ORIENTED_EDGE('',*,*,#15197,.F.);
#15240=ORIENTED_EDGE('',*,*,#15239,.F.);
#15241=ORIENTED_EDGE('',*,*,#15223,.T.);
#15242=EDGE_LOOP('',(#15237,#15238,#15240,#15241));
#15243=FACE_OUTER_BOUND('',#15242,.F.);
#15244=ADVANCED_FACE('',(#15243),#15236,.F.);
#15245=CARTESIAN_POINT('',(-2.5E0,2.E-1,-2.E0));
#15246=DIRECTION('',(0.E0,0.E0,1.E0));
#15247=DIRECTION('',(1.E0,0.E0,0.E0));
#15248=AXIS2_PLACEMENT_3D('',#15245,#15246,#15247);
#15249=PLANE('',#15248);
#15250=ORIENTED_EDGE('',*,*,#15239,.T.);
#15251=ORIENTED_EDGE('',*,*,#15195,.T.);
#15253=ORIENTED_EDGE('',*,*,#15252,.F.);
#15254=ORIENTED_EDGE('',*,*,#15225,.F.);
#15255=EDGE_LOOP('',(#15250,#15251,#15253,#15254));
#15256=FACE_OUTER_BOUND('',#15255,.F.);
#15257=ADVANCED_FACE('',(#15256),#15249,.F.);
#15258=CARTESIAN_POINT('',(2.05E0,2.E-1,-1.55E0));
#15259=DIRECTION('',(-1.E0,0.E0,0.E0));
#15260=DIRECTION('',(0.E0,0.E0,-1.E0));
#15261=AXIS2_PLACEMENT_3D('',#15258,#15259,#15260);
#15262=PLANE('',#15261);
#15263=ORIENTED_EDGE('',*,*,#15209,.F.);
#15264=ORIENTED_EDGE('',*,*,#15227,.T.);
#15265=ORIENTED_EDGE('',*,*,#15252,.T.);
#15266=ORIENTED_EDGE('',*,*,#15193,.F.);
#15267=EDGE_LOOP('',(#15263,#15264,#15265,#15266));
#15268=FACE_OUTER_BOUND('',#15267,.F.);
#15269=ADVANCED_FACE('',(#15268),#15262,.F.);
#15270=CLOSED_SHELL('',(#15201,#15216,#15231,#15244,#15257,#15269));
#15271=MANIFOLD_SOLID_BREP('',#15270);
#15272=FILL_AREA_STYLE_COLOUR('',#8022);
#15273=FILL_AREA_STYLE('',(#15272));
#15274=SURFACE_STYLE_FILL_AREA(#15273);
#15275=SURFACE_SIDE_STYLE('',(#15274));
#15276=SURFACE_STYLE_USAGE(.POSITIVE.,#15275);
#15277=PRESENTATION_STYLE_ASSIGNMENT((#15276));
#15085=STYLED_ITEM('',(#15277),#15271);
#15279=DIRECTION('',(0.E0,0.E0,-1.E0));
#15280=VECTOR('',#15279,1.5E-1);
#15281=CARTESIAN_POINT('',(2.48E0,1.E-1,-1.4E0));
#15282=LINE('',#15281,#15280);
#15283=CURVE_STYLE('',#48,POSITIVE_LENGTH_MEASURE(2.E-2),#8022);
#15284=PRESENTATION_STYLE_ASSIGNMENT((#15283));
#15285=STYLED_ITEM('',(#15284),#15282);
#15286=DIRECTION('',(1.E0,0.E0,0.E0));
#15287=VECTOR('',#15286,2.E-2);
#15288=CARTESIAN_POINT('',(2.48E0,1.E-1,-1.4E0));
#15289=LINE('',#15288,#15287);
#15290=CURVE_STYLE('',#48,POSITIVE_LENGTH_MEASURE(2.E-2),#8022);
#15291=PRESENTATION_STYLE_ASSIGNMENT((#15290));
#15292=STYLED_ITEM('',(#15291),#15289);
#15293=DIRECTION('',(0.E0,0.E0,-1.E0));
#15294=VECTOR('',#15293,1.5E-1);
#15295=CARTESIAN_POINT('',(2.5E0,1.E-1,-1.4E0));
#15296=LINE('',#15295,#15294);
#15297=CURVE_STYLE('',#48,POSITIVE_LENGTH_MEASURE(2.E-2),#8022);
#15298=PRESENTATION_STYLE_ASSIGNMENT((#15297));
#15299=STYLED_ITEM('',(#15298),#15296);
#15300=DIRECTION('',(-1.E0,0.E0,0.E0));
#15301=VECTOR('',#15300,2.E-2);
#15302=CARTESIAN_POINT('',(2.5E0,1.E-1,-1.55E0));
#15303=LINE('',#15302,#15301);
#15304=CURVE_STYLE('',#48,POSITIVE_LENGTH_MEASURE(2.E-2),#8022);
#15305=PRESENTATION_STYLE_ASSIGNMENT((#15304));
#15306=STYLED_ITEM('',(#15305),#15303);
#15307=DIRECTION('',(0.E0,0.E0,-1.E0));
#15308=VECTOR('',#15307,1.5E-1);
#15309=CARTESIAN_POINT('',(2.48E0,2.E-1,-1.4E0));
#15310=LINE('',#15309,#15308);
#15311=CURVE_STYLE('',#48,POSITIVE_LENGTH_MEASURE(2.E-2),#8022);
#15312=PRESENTATION_STYLE_ASSIGNMENT((#15311));
#15313=STYLED_ITEM('',(#15312),#15310);
#15314=DIRECTION('',(0.E0,0.E0,1.E0));
#15315=VECTOR('',#15314,1.5E-1);
#15316=CARTESIAN_POINT('',(2.5E0,2.E-1,-1.55E0));
#15317=LINE('',#15316,#15315);
#15318=CURVE_STYLE('',#48,POSITIVE_LENGTH_MEASURE(2.E-2),#8022);
#15319=PRESENTATION_STYLE_ASSIGNMENT((#15318));
#15320=STYLED_ITEM('',(#15319),#15317);
#15321=DIRECTION('',(1.E0,0.E0,0.E0));
#15322=VECTOR('',#15321,2.E-2);
#15323=CARTESIAN_POINT('',(2.48E0,2.E-1,-1.4E0));
#15324=LINE('',#15323,#15322);
#15325=CURVE_STYLE('',#48,POSITIVE_LENGTH_MEASURE(2.E-2),#8022);
#15326=PRESENTATION_STYLE_ASSIGNMENT((#15325));
#15327=STYLED_ITEM('',(#15326),#15324);
#15328=DIRECTION('',(0.E0,-1.E0,0.E0));
#15329=VECTOR('',#15328,1.E-1);
#15330=CARTESIAN_POINT('',(2.48E0,2.E-1,-1.55E0));
#15331=LINE('',#15330,#15329);
#15332=CURVE_STYLE('',#48,POSITIVE_LENGTH_MEASURE(2.E-2),#8022);
#15333=PRESENTATION_STYLE_ASSIGNMENT((#15332));
#15334=STYLED_ITEM('',(#15333),#15331);
#15335=DIRECTION('',(0.E0,-1.E0,0.E0));
#15336=VECTOR('',#15335,1.E-1);
#15337=CARTESIAN_POINT('',(2.5E0,2.E-1,-1.55E0));
#15338=LINE('',#15337,#15336);
#15339=CURVE_STYLE('',#48,POSITIVE_LENGTH_MEASURE(2.E-2),#8022);
#15340=PRESENTATION_STYLE_ASSIGNMENT((#15339));
#15341=STYLED_ITEM('',(#15340),#15338);
#15342=DIRECTION('',(-1.E0,0.E0,0.E0));
#15343=VECTOR('',#15342,2.E-2);
#15344=CARTESIAN_POINT('',(2.5E0,2.E-1,-1.55E0));
#15345=LINE('',#15344,#15343);
#15346=CURVE_STYLE('',#48,POSITIVE_LENGTH_MEASURE(2.E-2),#8022);
#15347=PRESENTATION_STYLE_ASSIGNMENT((#15346));
#15348=STYLED_ITEM('',(#15347),#15345);
#15349=DIRECTION('',(0.E0,-1.E0,0.E0));
#15350=VECTOR('',#15349,1.E-1);
#15351=CARTESIAN_POINT('',(2.48E0,2.E-1,-1.4E0));
#15352=LINE('',#15351,#15350);
#15353=CURVE_STYLE('',#48,POSITIVE_LENGTH_MEASURE(2.E-2),#8022);
#15354=PRESENTATION_STYLE_ASSIGNMENT((#15353));
#15355=STYLED_ITEM('',(#15354),#15352);
#15356=DIRECTION('',(0.E0,-1.E0,0.E0));
#15357=VECTOR('',#15356,1.E-1);
#15358=CARTESIAN_POINT('',(2.5E0,2.E-1,-1.4E0));
#15359=LINE('',#15358,#15357);
#15360=CURVE_STYLE('',#48,POSITIVE_LENGTH_MEASURE(2.E-2),#8022);
#15361=PRESENTATION_STYLE_ASSIGNMENT((#15360));
#15362=STYLED_ITEM('',(#15361),#15359);
#15363=CARTESIAN_POINT('',(2.5E0,2.E-1,-1.55E0));
#15364=CARTESIAN_POINT('',(2.5E0,2.E-1,-1.4E0));
#15365=VERTEX_POINT('',#15363);
#15366=VERTEX_POINT('',#15364);
#15367=CARTESIAN_POINT('',(2.5E0,1.E-1,-1.4E0));
#15368=CARTESIAN_POINT('',(2.5E0,1.E-1,-1.55E0));
#15369=VERTEX_POINT('',#15367);
#15370=VERTEX_POINT('',#15368);
#15371=CARTESIAN_POINT('',(2.48E0,2.E-1,-1.4E0));
#15372=CARTESIAN_POINT('',(2.48E0,2.E-1,-1.55E0));
#15373=VERTEX_POINT('',#15371);
#15374=VERTEX_POINT('',#15372);
#15375=CARTESIAN_POINT('',(2.48E0,1.E-1,-1.4E0));
#15376=CARTESIAN_POINT('',(2.48E0,1.E-1,-1.55E0));
#15377=VERTEX_POINT('',#15375);
#15378=VERTEX_POINT('',#15376);
#15379=CARTESIAN_POINT('',(0.E0,1.E-1,0.E0));
#15380=DIRECTION('',(0.E0,1.E0,0.E0));
#15381=DIRECTION('',(1.E0,0.E0,0.E0));
#15382=AXIS2_PLACEMENT_3D('',#15379,#15380,#15381);
#15383=PLANE('',#15382);
#15385=ORIENTED_EDGE('',*,*,#15384,.F.);
#15387=ORIENTED_EDGE('',*,*,#15386,.T.);
#15389=ORIENTED_EDGE('',*,*,#15388,.T.);
#15391=ORIENTED_EDGE('',*,*,#15390,.T.);
#15392=EDGE_LOOP('',(#15385,#15387,#15389,#15391));
#15393=FACE_OUTER_BOUND('',#15392,.F.);
#15394=ADVANCED_FACE('',(#15393),#15383,.F.);
#15395=CARTESIAN_POINT('',(2.48E0,0.E0,0.E0));
#15396=DIRECTION('',(1.E0,0.E0,0.E0));
#15397=DIRECTION('',(0.E0,0.E0,-1.E0));
#15398=AXIS2_PLACEMENT_3D('',#15395,#15396,#15397);
#15399=PLANE('',#15398);
#15401=ORIENTED_EDGE('',*,*,#15400,.F.);
#15403=ORIENTED_EDGE('',*,*,#15402,.T.);
#15404=ORIENTED_EDGE('',*,*,#15384,.T.);
#15406=ORIENTED_EDGE('',*,*,#15405,.F.);
#15407=EDGE_LOOP('',(#15401,#15403,#15404,#15406));
#15408=FACE_OUTER_BOUND('',#15407,.F.);
#15409=ADVANCED_FACE('',(#15408),#15399,.F.);
#15410=CARTESIAN_POINT('',(0.E0,2.E-1,0.E0));
#15411=DIRECTION('',(0.E0,1.E0,0.E0));
#15412=DIRECTION('',(1.E0,0.E0,0.E0));
#15413=AXIS2_PLACEMENT_3D('',#15410,#15411,#15412);
#15414=PLANE('',#15413);
#15415=ORIENTED_EDGE('',*,*,#15400,.T.);
#15417=ORIENTED_EDGE('',*,*,#15416,.F.);
#15419=ORIENTED_EDGE('',*,*,#15418,.T.);
#15421=ORIENTED_EDGE('',*,*,#15420,.F.);
#15422=EDGE_LOOP('',(#15415,#15417,#15419,#15421));
#15423=FACE_OUTER_BOUND('',#15422,.F.);
#15424=ADVANCED_FACE('',(#15423),#15414,.T.);
#15425=CARTESIAN_POINT('',(2.55E0,2.E-1,-1.55E0));
#15426=DIRECTION('',(0.E0,0.E0,1.E0));
#15427=DIRECTION('',(-1.E0,0.E0,0.E0));
#15428=AXIS2_PLACEMENT_3D('',#15425,#15426,#15427);
#15429=PLANE('',#15428);
#15430=ORIENTED_EDGE('',*,*,#15405,.T.);
#15431=ORIENTED_EDGE('',*,*,#15390,.F.);
#15433=ORIENTED_EDGE('',*,*,#15432,.F.);
#15434=ORIENTED_EDGE('',*,*,#15416,.T.);
#15435=EDGE_LOOP('',(#15430,#15431,#15433,#15434));
#15436=FACE_OUTER_BOUND('',#15435,.F.);
#15437=ADVANCED_FACE('',(#15436),#15429,.F.);
#15438=CARTESIAN_POINT('',(2.5E0,2.E-1,-2.E0));
#15439=DIRECTION('',(-1.E0,0.E0,0.E0));
#15440=DIRECTION('',(0.E0,0.E0,1.E0));
#15441=AXIS2_PLACEMENT_3D('',#15438,#15439,#15440);
#15442=PLANE('',#15441);
#15443=ORIENTED_EDGE('',*,*,#15432,.T.);
#15444=ORIENTED_EDGE('',*,*,#15388,.F.);
#15446=ORIENTED_EDGE('',*,*,#15445,.F.);
#15447=ORIENTED_EDGE('',*,*,#15418,.F.);
#15448=EDGE_LOOP('',(#15443,#15444,#15446,#15447));
#15449=FACE_OUTER_BOUND('',#15448,.F.);
#15450=ADVANCED_FACE('',(#15449),#15442,.F.);
#15451=CARTESIAN_POINT('',(2.006066017178E0,2.E-1,-1.4E0));
#15452=DIRECTION('',(0.E0,0.E0,-1.E0));
#15453=DIRECTION('',(1.E0,0.E0,0.E0));
#15454=AXIS2_PLACEMENT_3D('',#15451,#15452,#15453);
#15455=PLANE('',#15454);
#15456=ORIENTED_EDGE('',*,*,#15402,.F.);
#15457=ORIENTED_EDGE('',*,*,#15420,.T.);
#15458=ORIENTED_EDGE('',*,*,#15445,.T.);
#15459=ORIENTED_EDGE('',*,*,#15386,.F.);
#15460=EDGE_LOOP('',(#15456,#15457,#15458,#15459));
#15461=FACE_OUTER_BOUND('',#15460,.F.);
#15462=ADVANCED_FACE('',(#15461),#15455,.F.);
#15463=CLOSED_SHELL('',(#15394,#15409,#15424,#15437,#15450,#15462));
#15464=MANIFOLD_SOLID_BREP('',#15463);
#15465=FILL_AREA_STYLE_COLOUR('',#8022);
#15466=FILL_AREA_STYLE('',(#15465));
#15467=SURFACE_STYLE_FILL_AREA(#15466);
#15468=SURFACE_SIDE_STYLE('',(#15467));
#15469=SURFACE_STYLE_USAGE(.POSITIVE.,#15468);
#15470=PRESENTATION_STYLE_ASSIGNMENT((#15469));
#15278=STYLED_ITEM('',(#15470),#15464);
#15472=DIRECTION('',(0.E0,0.E0,1.E0));
#15473=VECTOR('',#15472,1.5E-1);
#15474=CARTESIAN_POINT('',(2.48E0,1.E-1,1.4E0));
#15475=LINE('',#15474,#15473);
#15476=CURVE_STYLE('',#48,POSITIVE_LENGTH_MEASURE(2.E-2),#8022);
#15477=PRESENTATION_STYLE_ASSIGNMENT((#15476));
#15478=STYLED_ITEM('',(#15477),#15475);
#15479=DIRECTION('',(-1.E0,0.E0,0.E0));
#15480=VECTOR('',#15479,2.E-2);
#15481=CARTESIAN_POINT('',(2.5E0,1.E-1,1.55E0));
#15482=LINE('',#15481,#15480);
#15483=CURVE_STYLE('',#48,POSITIVE_LENGTH_MEASURE(2.E-2),#8022);
#15484=PRESENTATION_STYLE_ASSIGNMENT((#15483));
#15485=STYLED_ITEM('',(#15484),#15482);
#15486=DIRECTION('',(0.E0,0.E0,1.E0));
#15487=VECTOR('',#15486,1.5E-1);
#15488=CARTESIAN_POINT('',(2.5E0,1.E-1,1.4E0));
#15489=LINE('',#15488,#15487);
#15490=CURVE_STYLE('',#48,POSITIVE_LENGTH_MEASURE(2.E-2),#8022);
#15491=PRESENTATION_STYLE_ASSIGNMENT((#15490));
#15492=STYLED_ITEM('',(#15491),#15489);
#15493=DIRECTION('',(1.E0,0.E0,0.E0));
#15494=VECTOR('',#15493,2.E-2);
#15495=CARTESIAN_POINT('',(2.48E0,1.E-1,1.4E0));
#15496=LINE('',#15495,#15494);
#15497=CURVE_STYLE('',#48,POSITIVE_LENGTH_MEASURE(2.E-2),#8022);
#15498=PRESENTATION_STYLE_ASSIGNMENT((#15497));
#15499=STYLED_ITEM('',(#15498),#15496);
#15500=DIRECTION('',(0.E0,0.E0,-1.E0));
#15501=VECTOR('',#15500,1.5E-1);
#15502=CARTESIAN_POINT('',(2.48E0,2.E-1,1.55E0));
#15503=LINE('',#15502,#15501);
#15504=CURVE_STYLE('',#48,POSITIVE_LENGTH_MEASURE(2.E-2),#8022);
#15505=PRESENTATION_STYLE_ASSIGNMENT((#15504));
#15506=STYLED_ITEM('',(#15505),#15503);
#15507=DIRECTION('',(1.E0,0.E0,0.E0));
#15508=VECTOR('',#15507,2.E-2);
#15509=CARTESIAN_POINT('',(2.48E0,2.E-1,1.4E0));
#15510=LINE('',#15509,#15508);
#15511=CURVE_STYLE('',#48,POSITIVE_LENGTH_MEASURE(2.E-2),#8022);
#15512=PRESENTATION_STYLE_ASSIGNMENT((#15511));
#15513=STYLED_ITEM('',(#15512),#15510);
#15514=DIRECTION('',(0.E0,0.E0,1.E0));
#15515=VECTOR('',#15514,1.5E-1);
#15516=CARTESIAN_POINT('',(2.5E0,2.E-1,1.4E0));
#15517=LINE('',#15516,#15515);
#15518=CURVE_STYLE('',#48,POSITIVE_LENGTH_MEASURE(2.E-2),#8022);
#15519=PRESENTATION_STYLE_ASSIGNMENT((#15518));
#15520=STYLED_ITEM('',(#15519),#15517);
#15521=DIRECTION('',(0.E0,-1.E0,0.E0));
#15522=VECTOR('',#15521,1.E-1);
#15523=CARTESIAN_POINT('',(2.48E0,2.E-1,1.4E0));
#15524=LINE('',#15523,#15522);
#15525=CURVE_STYLE('',#48,POSITIVE_LENGTH_MEASURE(2.E-2),#8022);
#15526=PRESENTATION_STYLE_ASSIGNMENT((#15525));
#15527=STYLED_ITEM('',(#15526),#15524);
#15528=DIRECTION('',(0.E0,-1.E0,0.E0));
#15529=VECTOR('',#15528,1.E-1);
#15530=CARTESIAN_POINT('',(2.5E0,2.E-1,1.4E0));
#15531=LINE('',#15530,#15529);
#15532=CURVE_STYLE('',#48,POSITIVE_LENGTH_MEASURE(2.E-2),#8022);
#15533=PRESENTATION_STYLE_ASSIGNMENT((#15532));
#15534=STYLED_ITEM('',(#15533),#15531);
#15535=DIRECTION('',(0.E0,-1.E0,0.E0));
#15536=VECTOR('',#15535,1.E-1);
#15537=CARTESIAN_POINT('',(2.48E0,2.E-1,1.55E0));
#15538=LINE('',#15537,#15536);
#15539=CURVE_STYLE('',#48,POSITIVE_LENGTH_MEASURE(2.E-2),#8022);
#15540=PRESENTATION_STYLE_ASSIGNMENT((#15539));
#15541=STYLED_ITEM('',(#15540),#15538);
#15542=DIRECTION('',(1.E0,0.E0,0.E0));
#15543=VECTOR('',#15542,2.E-2);
#15544=CARTESIAN_POINT('',(2.48E0,2.E-1,1.55E0));
#15545=LINE('',#15544,#15543);
#15546=CURVE_STYLE('',#48,POSITIVE_LENGTH_MEASURE(2.E-2),#8022);
#15547=PRESENTATION_STYLE_ASSIGNMENT((#15546));
#15548=STYLED_ITEM('',(#15547),#15545);
#15549=DIRECTION('',(0.E0,-1.E0,0.E0));
#15550=VECTOR('',#15549,1.E-1);
#15551=CARTESIAN_POINT('',(2.5E0,2.E-1,1.55E0));
#15552=LINE('',#15551,#15550);
#15553=CURVE_STYLE('',#48,POSITIVE_LENGTH_MEASURE(2.E-2),#8022);
#15554=PRESENTATION_STYLE_ASSIGNMENT((#15553));
#15555=STYLED_ITEM('',(#15554),#15552);
#15556=CARTESIAN_POINT('',(2.5E0,2.E-1,1.4E0));
#15557=CARTESIAN_POINT('',(2.5E0,2.E-1,1.55E0));
#15558=VERTEX_POINT('',#15556);
#15559=VERTEX_POINT('',#15557);
#15560=CARTESIAN_POINT('',(2.5E0,1.E-1,1.4E0));
#15561=CARTESIAN_POINT('',(2.5E0,1.E-1,1.55E0));
#15562=VERTEX_POINT('',#15560);
#15563=VERTEX_POINT('',#15561);
#15564=CARTESIAN_POINT('',(2.48E0,2.E-1,1.55E0));
#15565=CARTESIAN_POINT('',(2.48E0,2.E-1,1.4E0));
#15566=VERTEX_POINT('',#15564);
#15567=VERTEX_POINT('',#15565);
#15568=CARTESIAN_POINT('',(2.48E0,1.E-1,1.4E0));
#15569=CARTESIAN_POINT('',(2.48E0,1.E-1,1.55E0));
#15570=VERTEX_POINT('',#15568);
#15571=VERTEX_POINT('',#15569);
#15572=CARTESIAN_POINT('',(0.E0,1.E-1,0.E0));
#15573=DIRECTION('',(0.E0,-1.E0,0.E0));
#15574=DIRECTION('',(1.E0,0.E0,0.E0));
#15575=AXIS2_PLACEMENT_3D('',#15572,#15573,#15574);
#15576=PLANE('',#15575);
#15578=ORIENTED_EDGE('',*,*,#15577,.T.);
#15580=ORIENTED_EDGE('',*,*,#15579,.F.);
#15582=ORIENTED_EDGE('',*,*,#15581,.F.);
#15584=ORIENTED_EDGE('',*,*,#15583,.F.);
#15585=EDGE_LOOP('',(#15578,#15580,#15582,#15584));
#15586=FACE_OUTER_BOUND('',#15585,.F.);
#15587=ADVANCED_FACE('',(#15586),#15576,.T.);
#15588=CARTESIAN_POINT('',(2.48E0,0.E0,0.E0));
#15589=DIRECTION('',(1.E0,0.E0,0.E0));
#15590=DIRECTION('',(0.E0,0.E0,-1.E0));
#15591=AXIS2_PLACEMENT_3D('',#15588,#15589,#15590);
#15592=PLANE('',#15591);
#15594=ORIENTED_EDGE('',*,*,#15593,.F.);
#15596=ORIENTED_EDGE('',*,*,#15595,.T.);
#15597=ORIENTED_EDGE('',*,*,#15577,.F.);
#15599=ORIENTED_EDGE('',*,*,#15598,.F.);
#15600=EDGE_LOOP('',(#15594,#15596,#15597,#15599));
#15601=FACE_OUTER_BOUND('',#15600,.F.);
#15602=ADVANCED_FACE('',(#15601),#15592,.F.);
#15603=CARTESIAN_POINT('',(0.E0,2.E-1,0.E0));
#15604=DIRECTION('',(0.E0,1.E0,0.E0));
#15605=DIRECTION('',(1.E0,0.E0,0.E0));
#15606=AXIS2_PLACEMENT_3D('',#15603,#15604,#15605);
#15607=PLANE('',#15606);
#15608=ORIENTED_EDGE('',*,*,#15593,.T.);
#15610=ORIENTED_EDGE('',*,*,#15609,.T.);
#15612=ORIENTED_EDGE('',*,*,#15611,.T.);
#15614=ORIENTED_EDGE('',*,*,#15613,.F.);
#15615=EDGE_LOOP('',(#15608,#15610,#15612,#15614));
#15616=FACE_OUTER_BOUND('',#15615,.F.);
#15617=ADVANCED_FACE('',(#15616),#15607,.T.);
#15618=CARTESIAN_POINT('',(2.006066017178E0,2.E-1,1.4E0));
#15619=DIRECTION('',(0.E0,0.E0,-1.E0));
#15620=DIRECTION('',(1.E0,0.E0,0.E0));
#15621=AXIS2_PLACEMENT_3D('',#15618,#15619,#15620);
#15622=PLANE('',#15621);
#15623=ORIENTED_EDGE('',*,*,#15598,.T.);
#15624=ORIENTED_EDGE('',*,*,#15583,.T.);
#15626=ORIENTED_EDGE('',*,*,#15625,.F.);
#15627=ORIENTED_EDGE('',*,*,#15609,.F.);
#15628=EDGE_LOOP('',(#15623,#15624,#15626,#15627));
#15629=FACE_OUTER_BOUND('',#15628,.F.);
#15630=ADVANCED_FACE('',(#15629),#15622,.T.);
#15631=CARTESIAN_POINT('',(2.5E0,2.E-1,-2.E0));
#15632=DIRECTION('',(-1.E0,0.E0,0.E0));
#15633=DIRECTION('',(0.E0,0.E0,1.E0));
#15634=AXIS2_PLACEMENT_3D('',#15631,#15632,#15633);
#15635=PLANE('',#15634);
#15636=ORIENTED_EDGE('',*,*,#15625,.T.);
#15637=ORIENTED_EDGE('',*,*,#15581,.T.);
#15639=ORIENTED_EDGE('',*,*,#15638,.F.);
#15640=ORIENTED_EDGE('',*,*,#15611,.F.);
#15641=EDGE_LOOP('',(#15636,#15637,#15639,#15640));
#15642=FACE_OUTER_BOUND('',#15641,.F.);
#15643=ADVANCED_FACE('',(#15642),#15635,.F.);
#15644=CARTESIAN_POINT('',(2.55E0,2.E-1,1.55E0));
#15645=DIRECTION('',(0.E0,0.E0,1.E0));
#15646=DIRECTION('',(-1.E0,0.E0,0.E0));
#15647=AXIS2_PLACEMENT_3D('',#15644,#15645,#15646);
#15648=PLANE('',#15647);
#15649=ORIENTED_EDGE('',*,*,#15595,.F.);
#15650=ORIENTED_EDGE('',*,*,#15613,.T.);
#15651=ORIENTED_EDGE('',*,*,#15638,.T.);
#15652=ORIENTED_EDGE('',*,*,#15579,.T.);
#15653=EDGE_LOOP('',(#15649,#15650,#15651,#15652));
#15654=FACE_OUTER_BOUND('',#15653,.F.);
#15655=ADVANCED_FACE('',(#15654),#15648,.T.);
#15656=CLOSED_SHELL('',(#15587,#15602,#15617,#15630,#15643,#15655));
#15657=MANIFOLD_SOLID_BREP('',#15656);
#15658=FILL_AREA_STYLE_COLOUR('',#8022);
#15659=FILL_AREA_STYLE('',(#15658));
#15660=SURFACE_STYLE_FILL_AREA(#15659);
#15661=SURFACE_SIDE_STYLE('',(#15660));
#15662=SURFACE_STYLE_USAGE(.POSITIVE.,#15661);
#15663=PRESENTATION_STYLE_ASSIGNMENT((#15662));
#15471=STYLED_ITEM('',(#15663),#15657);
#15665=DIRECTION('',(1.E0,0.E0,0.E0));
#15666=VECTOR('',#15665,1.5E-1);
#15667=CARTESIAN_POINT('',(1.9E0,1.E-1,1.980481988881E0));
#15668=LINE('',#15667,#15666);
#15669=CURVE_STYLE('',#48,POSITIVE_LENGTH_MEASURE(2.E-2),#8022);
#15670=PRESENTATION_STYLE_ASSIGNMENT((#15669));
#15671=STYLED_ITEM('',(#15670),#15668);
#15672=DIRECTION('',(0.E0,0.E0,-1.E0));
#15673=VECTOR('',#15672,1.951801111878E-2);
#15674=CARTESIAN_POINT('',(1.9E0,1.E-1,2.E0));
#15675=LINE('',#15674,#15673);
#15676=CURVE_STYLE('',#48,POSITIVE_LENGTH_MEASURE(2.E-2),#8022);
#15677=PRESENTATION_STYLE_ASSIGNMENT((#15676));
#15678=STYLED_ITEM('',(#15677),#15675);
#15679=DIRECTION('',(1.E0,0.E0,0.E0));
#15680=VECTOR('',#15679,1.5E-1);
#15681=CARTESIAN_POINT('',(1.9E0,1.E-1,2.E0));
#15682=LINE('',#15681,#15680);
#15683=CURVE_STYLE('',#48,POSITIVE_LENGTH_MEASURE(2.E-2),#8022);
#15684=PRESENTATION_STYLE_ASSIGNMENT((#15683));
#15685=STYLED_ITEM('',(#15684),#15682);
#15686=DIRECTION('',(0.E0,0.E0,1.E0));
#15687=VECTOR('',#15686,1.951801111878E-2);
#15688=CARTESIAN_POINT('',(2.05E0,1.E-1,1.980481988881E0));
#15689=LINE('',#15688,#15687);
#15690=CURVE_STYLE('',#48,POSITIVE_LENGTH_MEASURE(2.E-2),#8022);
#15691=PRESENTATION_STYLE_ASSIGNMENT((#15690));
#15692=STYLED_ITEM('',(#15691),#15689);
#15693=DIRECTION('',(1.E0,0.E0,0.E0));
#15694=VECTOR('',#15693,1.5E-1);
#15695=CARTESIAN_POINT('',(1.9E0,2.E-1,1.980481988881E0));
#15696=LINE('',#15695,#15694);
#15697=CURVE_STYLE('',#48,POSITIVE_LENGTH_MEASURE(2.E-2),#8022);
#15698=PRESENTATION_STYLE_ASSIGNMENT((#15697));
#15699=STYLED_ITEM('',(#15698),#15696);
#15700=DIRECTION('',(-1.E0,0.E0,0.E0));
#15701=VECTOR('',#15700,1.5E-1);
#15702=CARTESIAN_POINT('',(2.05E0,2.E-1,2.E0));
#15703=LINE('',#15702,#15701);
#15704=CURVE_STYLE('',#48,POSITIVE_LENGTH_MEASURE(2.E-2),#8022);
#15705=PRESENTATION_STYLE_ASSIGNMENT((#15704));
#15706=STYLED_ITEM('',(#15705),#15703);
#15707=DIRECTION('',(0.E0,0.E0,-1.E0));
#15708=VECTOR('',#15707,1.951801111878E-2);
#15709=CARTESIAN_POINT('',(1.9E0,2.E-1,2.E0));
#15710=LINE('',#15709,#15708);
#15711=CURVE_STYLE('',#48,POSITIVE_LENGTH_MEASURE(2.E-2),#8022);
#15712=PRESENTATION_STYLE_ASSIGNMENT((#15711));
#15713=STYLED_ITEM('',(#15712),#15710);
#15714=DIRECTION('',(0.E0,-1.E0,0.E0));
#15715=VECTOR('',#15714,1.E-1);
#15716=CARTESIAN_POINT('',(2.05E0,2.E-1,1.980481988881E0));
#15717=LINE('',#15716,#15715);
#15718=CURVE_STYLE('',#48,POSITIVE_LENGTH_MEASURE(2.E-2),#8022);
#15719=PRESENTATION_STYLE_ASSIGNMENT((#15718));
#15720=STYLED_ITEM('',(#15719),#15717);
#15721=DIRECTION('',(0.E0,-1.E0,0.E0));
#15722=VECTOR('',#15721,1.E-1);
#15723=CARTESIAN_POINT('',(2.05E0,2.E-1,2.E0));
#15724=LINE('',#15723,#15722);
#15725=CURVE_STYLE('',#48,POSITIVE_LENGTH_MEASURE(2.E-2),#8022);
#15726=PRESENTATION_STYLE_ASSIGNMENT((#15725));
#15727=STYLED_ITEM('',(#15726),#15724);
#15728=DIRECTION('',(0.E0,0.E0,-1.E0));
#15729=VECTOR('',#15728,1.951801111878E-2);
#15730=CARTESIAN_POINT('',(2.05E0,2.E-1,2.E0));
#15731=LINE('',#15730,#15729);
#15732=CURVE_STYLE('',#48,POSITIVE_LENGTH_MEASURE(2.E-2),#8022);
#15733=PRESENTATION_STYLE_ASSIGNMENT((#15732));
#15734=STYLED_ITEM('',(#15733),#15731);
#15735=DIRECTION('',(0.E0,-1.E0,0.E0));
#15736=VECTOR('',#15735,1.E-1);
#15737=CARTESIAN_POINT('',(1.9E0,2.E-1,1.980481988881E0));
#15738=LINE('',#15737,#15736);
#15739=CURVE_STYLE('',#48,POSITIVE_LENGTH_MEASURE(2.E-2),#8022);
#15740=PRESENTATION_STYLE_ASSIGNMENT((#15739));
#15741=STYLED_ITEM('',(#15740),#15738);
#15742=DIRECTION('',(0.E0,-1.E0,0.E0));
#15743=VECTOR('',#15742,1.E-1);
#15744=CARTESIAN_POINT('',(1.9E0,2.E-1,2.E0));
#15745=LINE('',#15744,#15743);
#15746=CURVE_STYLE('',#48,POSITIVE_LENGTH_MEASURE(2.E-2),#8022);
#15747=PRESENTATION_STYLE_ASSIGNMENT((#15746));
#15748=STYLED_ITEM('',(#15747),#15745);
#15749=CARTESIAN_POINT('',(2.05E0,2.E-1,2.E0));
#15750=CARTESIAN_POINT('',(1.9E0,2.E-1,2.E0));
#15751=VERTEX_POINT('',#15749);
#15752=VERTEX_POINT('',#15750);
#15753=CARTESIAN_POINT('',(1.9E0,1.E-1,2.E0));
#15754=CARTESIAN_POINT('',(2.05E0,1.E-1,2.E0));
#15755=VERTEX_POINT('',#15753);
#15756=VERTEX_POINT('',#15754);
#15757=CARTESIAN_POINT('',(1.9E0,2.E-1,1.980481988881E0));
#15758=CARTESIAN_POINT('',(2.05E0,2.E-1,1.980481988881E0));
#15759=VERTEX_POINT('',#15757);
#15760=VERTEX_POINT('',#15758);
#15761=CARTESIAN_POINT('',(1.9E0,1.E-1,1.980481988881E0));
#15762=CARTESIAN_POINT('',(2.05E0,1.E-1,1.980481988881E0));
#15763=VERTEX_POINT('',#15761);
#15764=VERTEX_POINT('',#15762);
#15765=CARTESIAN_POINT('',(0.E0,1.E-1,0.E0));
#15766=DIRECTION('',(0.E0,-1.E0,0.E0));
#15767=DIRECTION('',(1.E0,0.E0,0.E0));
#15768=AXIS2_PLACEMENT_3D('',#15765,#15766,#15767);
#15769=PLANE('',#15768);
#15771=ORIENTED_EDGE('',*,*,#15770,.F.);
#15773=ORIENTED_EDGE('',*,*,#15772,.F.);
#15775=ORIENTED_EDGE('',*,*,#15774,.T.);
#15777=ORIENTED_EDGE('',*,*,#15776,.F.);
#15778=EDGE_LOOP('',(#15771,#15773,#15775,#15777));
#15779=FACE_OUTER_BOUND('',#15778,.F.);
#15780=ADVANCED_FACE('',(#15779),#15769,.T.);
#15781=CARTESIAN_POINT('',(-2.48E0,2.281676324467E-1,1.980481988881E0));
#15782=DIRECTION('',(0.E0,0.E0,1.E0));
#15783=DIRECTION('',(0.E0,-1.E0,0.E0));
#15784=AXIS2_PLACEMENT_3D('',#15781,#15782,#15783);
#15785=PLANE('',#15784);
#15787=ORIENTED_EDGE('',*,*,#15786,.F.);
#15789=ORIENTED_EDGE('',*,*,#15788,.T.);
#15790=ORIENTED_EDGE('',*,*,#15770,.T.);
#15792=ORIENTED_EDGE('',*,*,#15791,.F.);
#15793=EDGE_LOOP('',(#15787,#15789,#15790,#15792));
#15794=FACE_OUTER_BOUND('',#15793,.F.);
#15795=ADVANCED_FACE('',(#15794),#15785,.F.);
#15796=CARTESIAN_POINT('',(0.E0,2.E-1,0.E0));
#15797=DIRECTION('',(0.E0,1.E0,0.E0));
#15798=DIRECTION('',(1.E0,0.E0,0.E0));
#15799=AXIS2_PLACEMENT_3D('',#15796,#15797,#15798);
#15800=PLANE('',#15799);
#15801=ORIENTED_EDGE('',*,*,#15786,.T.);
#15803=ORIENTED_EDGE('',*,*,#15802,.F.);
#15805=ORIENTED_EDGE('',*,*,#15804,.T.);
#15807=ORIENTED_EDGE('',*,*,#15806,.T.);
#15808=EDGE_LOOP('',(#15801,#15803,#15805,#15807));
#15809=FACE_OUTER_BOUND('',#15808,.F.);
#15810=ADVANCED_FACE('',(#15809),#15800,.T.);
#15811=CARTESIAN_POINT('',(2.05E0,2.E-1,1.55E0));
#15812=DIRECTION('',(1.E0,0.E0,0.E0));
#15813=DIRECTION('',(0.E0,0.E0,1.E0));
#15814=AXIS2_PLACEMENT_3D('',#15811,#15812,#15813);
#15815=PLANE('',#15814);
#15816=ORIENTED_EDGE('',*,*,#15791,.T.);
#15817=ORIENTED_EDGE('',*,*,#15776,.T.);
#15819=ORIENTED_EDGE('',*,*,#15818,.F.);
#15820=ORIENTED_EDGE('',*,*,#15802,.T.);
#15821=EDGE_LOOP('',(#15816,#15817,#15819,#15820));
#15822=FACE_OUTER_BOUND('',#15821,.F.);
#15823=ADVANCED_FACE('',(#15822),#15815,.T.);
#15824=CARTESIAN_POINT('',(2.5E0,2.E-1,2.E0));
#15825=DIRECTION('',(0.E0,0.E0,-1.E0));
#15826=DIRECTION('',(-1.E0,0.E0,0.E0));
#15827=AXIS2_PLACEMENT_3D('',#15824,#15825,#15826);
#15828=PLANE('',#15827);
#15829=ORIENTED_EDGE('',*,*,#15818,.T.);
#15830=ORIENTED_EDGE('',*,*,#15774,.F.);
#15832=ORIENTED_EDGE('',*,*,#15831,.F.);
#15833=ORIENTED_EDGE('',*,*,#15804,.F.);
#15834=EDGE_LOOP('',(#15829,#15830,#15832,#15833));
#15835=FACE_OUTER_BOUND('',#15834,.F.);
#15836=ADVANCED_FACE('',(#15835),#15828,.F.);
#15837=CARTESIAN_POINT('',(1.9E0,2.E-1,2.05E0));
#15838=DIRECTION('',(-1.E0,0.E0,0.E0));
#15839=DIRECTION('',(0.E0,0.E0,-1.E0));
#15840=AXIS2_PLACEMENT_3D('',#15837,#15838,#15839);
#15841=PLANE('',#15840);
#15842=ORIENTED_EDGE('',*,*,#15788,.F.);
#15843=ORIENTED_EDGE('',*,*,#15806,.F.);
#15844=ORIENTED_EDGE('',*,*,#15831,.T.);
#15845=ORIENTED_EDGE('',*,*,#15772,.T.);
#15846=EDGE_LOOP('',(#15842,#15843,#15844,#15845));
#15847=FACE_OUTER_BOUND('',#15846,.F.);
#15848=ADVANCED_FACE('',(#15847),#15841,.T.);
#15849=CLOSED_SHELL('',(#15780,#15795,#15810,#15823,#15836,#15848));
#15850=MANIFOLD_SOLID_BREP('',#15849);
#15851=FILL_AREA_STYLE_COLOUR('',#8022);
#15852=FILL_AREA_STYLE('',(#15851));
#15853=SURFACE_STYLE_FILL_AREA(#15852);
#15854=SURFACE_SIDE_STYLE('',(#15853));
#15855=SURFACE_STYLE_USAGE(.POSITIVE.,#15854);
#15856=PRESENTATION_STYLE_ASSIGNMENT((#15855));
#15664=STYLED_ITEM('',(#15856),#15850);
#15858=DIRECTION('',(-1.E0,0.E0,0.E0));
#15859=VECTOR('',#15858,1.5E-1);
#15860=CARTESIAN_POINT('',(-1.9E0,1.E-1,1.980481988881E0));
#15861=LINE('',#15860,#15859);
#15862=CURVE_STYLE('',#48,POSITIVE_LENGTH_MEASURE(2.E-2),#8022);
#15863=PRESENTATION_STYLE_ASSIGNMENT((#15862));
#15864=STYLED_ITEM('',(#15863),#15861);
#15865=DIRECTION('',(0.E0,0.E0,1.E0));
#15866=VECTOR('',#15865,1.951801111878E-2);
#15867=CARTESIAN_POINT('',(-2.05E0,1.E-1,1.980481988881E0));
#15868=LINE('',#15867,#15866);
#15869=CURVE_STYLE('',#48,POSITIVE_LENGTH_MEASURE(2.E-2),#8022);
#15870=PRESENTATION_STYLE_ASSIGNMENT((#15869));
#15871=STYLED_ITEM('',(#15870),#15868);
#15872=DIRECTION('',(-1.E0,0.E0,0.E0));
#15873=VECTOR('',#15872,1.5E-1);
#15874=CARTESIAN_POINT('',(-1.9E0,1.E-1,2.E0));
#15875=LINE('',#15874,#15873);
#15876=CURVE_STYLE('',#48,POSITIVE_LENGTH_MEASURE(2.E-2),#8022);
#15877=PRESENTATION_STYLE_ASSIGNMENT((#15876));
#15878=STYLED_ITEM('',(#15877),#15875);
#15879=DIRECTION('',(0.E0,0.E0,-1.E0));
#15880=VECTOR('',#15879,1.951801111878E-2);
#15881=CARTESIAN_POINT('',(-1.9E0,1.E-1,2.E0));
#15882=LINE('',#15881,#15880);
#15883=CURVE_STYLE('',#48,POSITIVE_LENGTH_MEASURE(2.E-2),#8022);
#15884=PRESENTATION_STYLE_ASSIGNMENT((#15883));
#15885=STYLED_ITEM('',(#15884),#15882);
#15886=DIRECTION('',(1.E0,0.E0,0.E0));
#15887=VECTOR('',#15886,1.5E-1);
#15888=CARTESIAN_POINT('',(-2.05E0,2.E-1,1.980481988881E0));
#15889=LINE('',#15888,#15887);
#15890=CURVE_STYLE('',#48,POSITIVE_LENGTH_MEASURE(2.E-2),#8022);
#15891=PRESENTATION_STYLE_ASSIGNMENT((#15890));
#15892=STYLED_ITEM('',(#15891),#15889);
#15893=DIRECTION('',(0.E0,0.E0,-1.E0));
#15894=VECTOR('',#15893,1.951801111878E-2);
#15895=CARTESIAN_POINT('',(-1.9E0,2.E-1,2.E0));
#15896=LINE('',#15895,#15894);
#15897=CURVE_STYLE('',#48,POSITIVE_LENGTH_MEASURE(2.E-2),#8022);
#15898=PRESENTATION_STYLE_ASSIGNMENT((#15897));
#15899=STYLED_ITEM('',(#15898),#15896);
#15900=DIRECTION('',(-1.E0,0.E0,0.E0));
#15901=VECTOR('',#15900,1.5E-1);
#15902=CARTESIAN_POINT('',(-1.9E0,2.E-1,2.E0));
#15903=LINE('',#15902,#15901);
#15904=CURVE_STYLE('',#48,POSITIVE_LENGTH_MEASURE(2.E-2),#8022);
#15905=PRESENTATION_STYLE_ASSIGNMENT((#15904));
#15906=STYLED_ITEM('',(#15905),#15903);
#15907=DIRECTION('',(0.E0,-1.E0,0.E0));
#15908=VECTOR('',#15907,1.E-1);
#15909=CARTESIAN_POINT('',(-1.9E0,2.E-1,1.980481988881E0));
#15910=LINE('',#15909,#15908);
#15911=CURVE_STYLE('',#48,POSITIVE_LENGTH_MEASURE(2.E-2),#8022);
#15912=PRESENTATION_STYLE_ASSIGNMENT((#15911));
#15913=STYLED_ITEM('',(#15912),#15910);
#15914=DIRECTION('',(0.E0,-1.E0,0.E0));
#15915=VECTOR('',#15914,1.E-1);
#15916=CARTESIAN_POINT('',(-1.9E0,2.E-1,2.E0));
#15917=LINE('',#15916,#15915);
#15918=CURVE_STYLE('',#48,POSITIVE_LENGTH_MEASURE(2.E-2),#8022);
#15919=PRESENTATION_STYLE_ASSIGNMENT((#15918));
#15920=STYLED_ITEM('',(#15919),#15917);
#15921=DIRECTION('',(0.E0,-1.E0,0.E0));
#15922=VECTOR('',#15921,1.E-1);
#15923=CARTESIAN_POINT('',(-2.05E0,2.E-1,1.980481988881E0));
#15924=LINE('',#15923,#15922);
#15925=CURVE_STYLE('',#48,POSITIVE_LENGTH_MEASURE(2.E-2),#8022);
#15926=PRESENTATION_STYLE_ASSIGNMENT((#15925));
#15927=STYLED_ITEM('',(#15926),#15924);
#15928=DIRECTION('',(0.E0,0.E0,1.E0));
#15929=VECTOR('',#15928,1.951801111878E-2);
#15930=CARTESIAN_POINT('',(-2.05E0,2.E-1,1.980481988881E0));
#15931=LINE('',#15930,#15929);
#15932=CURVE_STYLE('',#48,POSITIVE_LENGTH_MEASURE(2.E-2),#8022);
#15933=PRESENTATION_STYLE_ASSIGNMENT((#15932));
#15934=STYLED_ITEM('',(#15933),#15931);
#15935=DIRECTION('',(0.E0,-1.E0,0.E0));
#15936=VECTOR('',#15935,1.E-1);
#15937=CARTESIAN_POINT('',(-2.05E0,2.E-1,2.E0));
#15938=LINE('',#15937,#15936);
#15939=CURVE_STYLE('',#48,POSITIVE_LENGTH_MEASURE(2.E-2),#8022);
#15940=PRESENTATION_STYLE_ASSIGNMENT((#15939));
#15941=STYLED_ITEM('',(#15940),#15938);
#15942=CARTESIAN_POINT('',(-1.9E0,2.E-1,2.E0));
#15943=CARTESIAN_POINT('',(-2.05E0,2.E-1,2.E0));
#15944=VERTEX_POINT('',#15942);
#15945=VERTEX_POINT('',#15943);
#15946=CARTESIAN_POINT('',(-1.9E0,1.E-1,2.E0));
#15947=CARTESIAN_POINT('',(-2.05E0,1.E-1,2.E0));
#15948=VERTEX_POINT('',#15946);
#15949=VERTEX_POINT('',#15947);
#15950=CARTESIAN_POINT('',(-2.05E0,2.E-1,1.980481988881E0));
#15951=CARTESIAN_POINT('',(-1.9E0,2.E-1,1.980481988881E0));
#15952=VERTEX_POINT('',#15950);
#15953=VERTEX_POINT('',#15951);
#15954=CARTESIAN_POINT('',(-1.9E0,1.E-1,1.980481988881E0));
#15955=CARTESIAN_POINT('',(-2.05E0,1.E-1,1.980481988881E0));
#15956=VERTEX_POINT('',#15954);
#15957=VERTEX_POINT('',#15955);
#15958=CARTESIAN_POINT('',(0.E0,1.E-1,0.E0));
#15959=DIRECTION('',(0.E0,1.E0,0.E0));
#15960=DIRECTION('',(-1.E0,0.E0,0.E0));
#15961=AXIS2_PLACEMENT_3D('',#15958,#15959,#15960);
#15962=PLANE('',#15961);
#15964=ORIENTED_EDGE('',*,*,#15963,.T.);
#15966=ORIENTED_EDGE('',*,*,#15965,.T.);
#15968=ORIENTED_EDGE('',*,*,#15967,.F.);
#15970=ORIENTED_EDGE('',*,*,#15969,.T.);
#15971=EDGE_LOOP('',(#15964,#15966,#15968,#15970));
#15972=FACE_OUTER_BOUND('',#15971,.F.);
#15973=ADVANCED_FACE('',(#15972),#15962,.F.);
#15974=CARTESIAN_POINT('',(-2.48E0,2.281676324467E-1,1.980481988881E0));
#15975=DIRECTION('',(0.E0,0.E0,1.E0));
#15976=DIRECTION('',(0.E0,-1.E0,0.E0));
#15977=AXIS2_PLACEMENT_3D('',#15974,#15975,#15976);
#15978=PLANE('',#15977);
#15980=ORIENTED_EDGE('',*,*,#15979,.F.);
#15982=ORIENTED_EDGE('',*,*,#15981,.T.);
#15983=ORIENTED_EDGE('',*,*,#15963,.F.);
#15985=ORIENTED_EDGE('',*,*,#15984,.F.);
#15986=EDGE_LOOP('',(#15980,#15982,#15983,#15985));
#15987=FACE_OUTER_BOUND('',#15986,.F.);
#15988=ADVANCED_FACE('',(#15987),#15978,.F.);
#15989=CARTESIAN_POINT('',(0.E0,2.E-1,0.E0));
#15990=DIRECTION('',(0.E0,1.E0,0.E0));
#15991=DIRECTION('',(1.E0,0.E0,0.E0));
#15992=AXIS2_PLACEMENT_3D('',#15989,#15990,#15991);
#15993=PLANE('',#15992);
#15994=ORIENTED_EDGE('',*,*,#15979,.T.);
#15996=ORIENTED_EDGE('',*,*,#15995,.F.);
#15998=ORIENTED_EDGE('',*,*,#15997,.T.);
#16000=ORIENTED_EDGE('',*,*,#15999,.F.);
#16001=EDGE_LOOP('',(#15994,#15996,#15998,#16000));
#16002=FACE_OUTER_BOUND('',#16001,.F.);
#16003=ADVANCED_FACE('',(#16002),#15993,.T.);
#16004=CARTESIAN_POINT('',(-1.9E0,2.E-1,2.05E0));
#16005=DIRECTION('',(-1.E0,0.E0,0.E0));
#16006=DIRECTION('',(0.E0,0.E0,-1.E0));
#16007=AXIS2_PLACEMENT_3D('',#16004,#16005,#16006);
#16008=PLANE('',#16007);
#16009=ORIENTED_EDGE('',*,*,#15984,.T.);
#16010=ORIENTED_EDGE('',*,*,#15969,.F.);
#16012=ORIENTED_EDGE('',*,*,#16011,.F.);
#16013=ORIENTED_EDGE('',*,*,#15995,.T.);
#16014=EDGE_LOOP('',(#16009,#16010,#16012,#16013));
#16015=FACE_OUTER_BOUND('',#16014,.F.);
#16016=ADVANCED_FACE('',(#16015),#16008,.F.);
#16017=CARTESIAN_POINT('',(2.5E0,2.E-1,2.E0));
#16018=DIRECTION('',(0.E0,0.E0,-1.E0));
#16019=DIRECTION('',(-1.E0,0.E0,0.E0));
#16020=AXIS2_PLACEMENT_3D('',#16017,#16018,#16019);
#16021=PLANE('',#16020);
#16022=ORIENTED_EDGE('',*,*,#16011,.T.);
#16023=ORIENTED_EDGE('',*,*,#15967,.T.);
#16025=ORIENTED_EDGE('',*,*,#16024,.F.);
#16026=ORIENTED_EDGE('',*,*,#15997,.F.);
#16027=EDGE_LOOP('',(#16022,#16023,#16025,#16026));
#16028=FACE_OUTER_BOUND('',#16027,.F.);
#16029=ADVANCED_FACE('',(#16028),#16021,.F.);
#16030=CARTESIAN_POINT('',(-2.05E0,2.E-1,1.55E0));
#16031=DIRECTION('',(1.E0,0.E0,0.E0));
#16032=DIRECTION('',(0.E0,0.E0,1.E0));
#16033=AXIS2_PLACEMENT_3D('',#16030,#16031,#16032);
#16034=PLANE('',#16033);
#16035=ORIENTED_EDGE('',*,*,#15981,.F.);
#16036=ORIENTED_EDGE('',*,*,#15999,.T.);
#16037=ORIENTED_EDGE('',*,*,#16024,.T.);
#16038=ORIENTED_EDGE('',*,*,#15965,.F.);
#16039=EDGE_LOOP('',(#16035,#16036,#16037,#16038));
#16040=FACE_OUTER_BOUND('',#16039,.F.);
#16041=ADVANCED_FACE('',(#16040),#16034,.F.);
#16042=CLOSED_SHELL('',(#15973,#15988,#16003,#16016,#16029,#16041));
#16043=MANIFOLD_SOLID_BREP('',#16042);
#16044=FILL_AREA_STYLE_COLOUR('',#8022);
#16045=FILL_AREA_STYLE('',(#16044));
#16046=SURFACE_STYLE_FILL_AREA(#16045);
#16047=SURFACE_SIDE_STYLE('',(#16046));
#16048=SURFACE_STYLE_USAGE(.POSITIVE.,#16047);
#16049=PRESENTATION_STYLE_ASSIGNMENT((#16048));
#15857=STYLED_ITEM('',(#16049),#16043);
#16051=DIRECTION('',(0.E0,0.E0,1.E0));
#16052=VECTOR('',#16051,1.5E-1);
#16053=CARTESIAN_POINT('',(-2.48E0,1.E-1,1.4E0));
#16054=LINE('',#16053,#16052);
#16055=CURVE_STYLE('',#48,POSITIVE_LENGTH_MEASURE(2.E-2),#8022);
#16056=PRESENTATION_STYLE_ASSIGNMENT((#16055));
#16057=STYLED_ITEM('',(#16056),#16054);
#16058=DIRECTION('',(-1.E0,0.E0,0.E0));
#16059=VECTOR('',#16058,2.E-2);
#16060=CARTESIAN_POINT('',(-2.48E0,1.E-1,1.4E0));
#16061=LINE('',#16060,#16059);
#16062=CURVE_STYLE('',#48,POSITIVE_LENGTH_MEASURE(2.E-2),#8022);
#16063=PRESENTATION_STYLE_ASSIGNMENT((#16062));
#16064=STYLED_ITEM('',(#16063),#16061);
#16065=DIRECTION('',(0.E0,0.E0,1.E0));
#16066=VECTOR('',#16065,1.5E-1);
#16067=CARTESIAN_POINT('',(-2.5E0,1.E-1,1.4E0));
#16068=LINE('',#16067,#16066);
#16069=CURVE_STYLE('',#48,POSITIVE_LENGTH_MEASURE(2.E-2),#8022);
#16070=PRESENTATION_STYLE_ASSIGNMENT((#16069));
#16071=STYLED_ITEM('',(#16070),#16068);
#16072=DIRECTION('',(1.E0,0.E0,0.E0));
#16073=VECTOR('',#16072,2.E-2);
#16074=CARTESIAN_POINT('',(-2.5E0,1.E-1,1.55E0));
#16075=LINE('',#16074,#16073);
#16076=CURVE_STYLE('',#48,POSITIVE_LENGTH_MEASURE(2.E-2),#8022);
#16077=PRESENTATION_STYLE_ASSIGNMENT((#16076));
#16078=STYLED_ITEM('',(#16077),#16075);
#16079=DIRECTION('',(0.E0,0.E0,-1.E0));
#16080=VECTOR('',#16079,1.5E-1);
#16081=CARTESIAN_POINT('',(-2.48E0,2.E-1,1.55E0));
#16082=LINE('',#16081,#16080);
#16083=CURVE_STYLE('',#48,POSITIVE_LENGTH_MEASURE(2.E-2),#8022);
#16084=PRESENTATION_STYLE_ASSIGNMENT((#16083));
#16085=STYLED_ITEM('',(#16084),#16082);
#16086=DIRECTION('',(0.E0,0.E0,-1.E0));
#16087=VECTOR('',#16086,1.5E-1);
#16088=CARTESIAN_POINT('',(-2.5E0,2.E-1,1.55E0));
#16089=LINE('',#16088,#16087);
#16090=CURVE_STYLE('',#48,POSITIVE_LENGTH_MEASURE(2.E-2),#8022);
#16091=PRESENTATION_STYLE_ASSIGNMENT((#16090));
#16092=STYLED_ITEM('',(#16091),#16089);
#16093=DIRECTION('',(-1.E0,0.E0,0.E0));
#16094=VECTOR('',#16093,2.E-2);
#16095=CARTESIAN_POINT('',(-2.48E0,2.E-1,1.4E0));
#16096=LINE('',#16095,#16094);
#16097=CURVE_STYLE('',#48,POSITIVE_LENGTH_MEASURE(2.E-2),#8022);
#16098=PRESENTATION_STYLE_ASSIGNMENT((#16097));
#16099=STYLED_ITEM('',(#16098),#16096);
#16100=DIRECTION('',(0.E0,-1.E0,0.E0));
#16101=VECTOR('',#16100,1.E-1);
#16102=CARTESIAN_POINT('',(-2.48E0,2.E-1,1.55E0));
#16103=LINE('',#16102,#16101);
#16104=CURVE_STYLE('',#48,POSITIVE_LENGTH_MEASURE(2.E-2),#8022);
#16105=PRESENTATION_STYLE_ASSIGNMENT((#16104));
#16106=STYLED_ITEM('',(#16105),#16103);
#16107=DIRECTION('',(0.E0,-1.E0,0.E0));
#16108=VECTOR('',#16107,1.E-1);
#16109=CARTESIAN_POINT('',(-2.5E0,2.E-1,1.55E0));
#16110=LINE('',#16109,#16108);
#16111=CURVE_STYLE('',#48,POSITIVE_LENGTH_MEASURE(2.E-2),#8022);
#16112=PRESENTATION_STYLE_ASSIGNMENT((#16111));
#16113=STYLED_ITEM('',(#16112),#16110);
#16114=DIRECTION('',(1.E0,0.E0,0.E0));
#16115=VECTOR('',#16114,2.E-2);
#16116=CARTESIAN_POINT('',(-2.5E0,2.E-1,1.55E0));
#16117=LINE('',#16116,#16115);
#16118=CURVE_STYLE('',#48,POSITIVE_LENGTH_MEASURE(2.E-2),#8022);
#16119=PRESENTATION_STYLE_ASSIGNMENT((#16118));
#16120=STYLED_ITEM('',(#16119),#16117);
#16121=DIRECTION('',(0.E0,-1.E0,0.E0));
#16122=VECTOR('',#16121,1.E-1);
#16123=CARTESIAN_POINT('',(-2.48E0,2.E-1,1.4E0));
#16124=LINE('',#16123,#16122);
#16125=CURVE_STYLE('',#48,POSITIVE_LENGTH_MEASURE(2.E-2),#8022);
#16126=PRESENTATION_STYLE_ASSIGNMENT((#16125));
#16127=STYLED_ITEM('',(#16126),#16124);
#16128=DIRECTION('',(0.E0,-1.E0,0.E0));
#16129=VECTOR('',#16128,1.E-1);
#16130=CARTESIAN_POINT('',(-2.5E0,2.E-1,1.4E0));
#16131=LINE('',#16130,#16129);
#16132=CURVE_STYLE('',#48,POSITIVE_LENGTH_MEASURE(2.E-2),#8022);
#16133=PRESENTATION_STYLE_ASSIGNMENT((#16132));
#16134=STYLED_ITEM('',(#16133),#16131);
#16135=CARTESIAN_POINT('',(-2.5E0,2.E-1,1.55E0));
#16136=CARTESIAN_POINT('',(-2.5E0,2.E-1,1.4E0));
#16137=VERTEX_POINT('',#16135);
#16138=VERTEX_POINT('',#16136);
#16139=CARTESIAN_POINT('',(-2.5E0,1.E-1,1.4E0));
#16140=CARTESIAN_POINT('',(-2.5E0,1.E-1,1.55E0));
#16141=VERTEX_POINT('',#16139);
#16142=VERTEX_POINT('',#16140);
#16143=CARTESIAN_POINT('',(-2.48E0,2.E-1,1.55E0));
#16144=CARTESIAN_POINT('',(-2.48E0,2.E-1,1.4E0));
#16145=VERTEX_POINT('',#16143);
#16146=VERTEX_POINT('',#16144);
#16147=CARTESIAN_POINT('',(-2.48E0,1.E-1,1.4E0));
#16148=CARTESIAN_POINT('',(-2.48E0,1.E-1,1.55E0));
#16149=VERTEX_POINT('',#16147);
#16150=VERTEX_POINT('',#16148);
#16151=CARTESIAN_POINT('',(0.E0,1.E-1,0.E0));
#16152=DIRECTION('',(0.E0,1.E0,0.E0));
#16153=DIRECTION('',(-1.E0,0.E0,0.E0));
#16154=AXIS2_PLACEMENT_3D('',#16151,#16152,#16153);
#16155=PLANE('',#16154);
#16157=ORIENTED_EDGE('',*,*,#16156,.F.);
#16159=ORIENTED_EDGE('',*,*,#16158,.T.);
#16161=ORIENTED_EDGE('',*,*,#16160,.T.);
#16163=ORIENTED_EDGE('',*,*,#16162,.T.);
#16164=EDGE_LOOP('',(#16157,#16159,#16161,#16163));
#16165=FACE_OUTER_BOUND('',#16164,.F.);
#16166=ADVANCED_FACE('',(#16165),#16155,.F.);
#16167=CARTESIAN_POINT('',(-2.48E0,0.E0,0.E0));
#16168=DIRECTION('',(1.E0,0.E0,0.E0));
#16169=DIRECTION('',(0.E0,0.E0,-1.E0));
#16170=AXIS2_PLACEMENT_3D('',#16167,#16168,#16169);
#16171=PLANE('',#16170);
#16173=ORIENTED_EDGE('',*,*,#16172,.T.);
#16175=ORIENTED_EDGE('',*,*,#16174,.T.);
#16176=ORIENTED_EDGE('',*,*,#16156,.T.);
#16178=ORIENTED_EDGE('',*,*,#16177,.F.);
#16179=EDGE_LOOP('',(#16173,#16175,#16176,#16178));
#16180=FACE_OUTER_BOUND('',#16179,.F.);
#16181=ADVANCED_FACE('',(#16180),#16171,.T.);
#16182=CARTESIAN_POINT('',(0.E0,2.E-1,0.E0));
#16183=DIRECTION('',(0.E0,1.E0,0.E0));
#16184=DIRECTION('',(1.E0,0.E0,0.E0));
#16185=AXIS2_PLACEMENT_3D('',#16182,#16183,#16184);
#16186=PLANE('',#16185);
#16187=ORIENTED_EDGE('',*,*,#16172,.F.);
#16189=ORIENTED_EDGE('',*,*,#16188,.F.);
#16191=ORIENTED_EDGE('',*,*,#16190,.T.);
#16193=ORIENTED_EDGE('',*,*,#16192,.F.);
#16194=EDGE_LOOP('',(#16187,#16189,#16191,#16193));
#16195=FACE_OUTER_BOUND('',#16194,.F.);
#16196=ADVANCED_FACE('',(#16195),#16186,.T.);
#16197=CARTESIAN_POINT('',(-2.55E0,2.E-1,1.55E0));
#16198=DIRECTION('',(0.E0,0.E0,-1.E0));
#16199=DIRECTION('',(1.E0,0.E0,0.E0));
#16200=AXIS2_PLACEMENT_3D('',#16197,#16198,#16199);
#16201=PLANE('',#16200);
#16202=ORIENTED_EDGE('',*,*,#16177,.T.);
#16203=ORIENTED_EDGE('',*,*,#16162,.F.);
#16205=ORIENTED_EDGE('',*,*,#16204,.F.);
#16206=ORIENTED_EDGE('',*,*,#16188,.T.);
#16207=EDGE_LOOP('',(#16202,#16203,#16205,#16206));
#16208=FACE_OUTER_BOUND('',#16207,.F.);
#16209=ADVANCED_FACE('',(#16208),#16201,.F.);
#16210=CARTESIAN_POINT('',(-2.5E0,2.E-1,2.E0));
#16211=DIRECTION('',(1.E0,0.E0,0.E0));
#16212=DIRECTION('',(0.E0,0.E0,-1.E0));
#16213=AXIS2_PLACEMENT_3D('',#16210,#16211,#16212);
#16214=PLANE('',#16213);
#16215=ORIENTED_EDGE('',*,*,#16204,.T.);
#16216=ORIENTED_EDGE('',*,*,#16160,.F.);
#16218=ORIENTED_EDGE('',*,*,#16217,.F.);
#16219=ORIENTED_EDGE('',*,*,#16190,.F.);
#16220=EDGE_LOOP('',(#16215,#16216,#16218,#16219));
#16221=FACE_OUTER_BOUND('',#16220,.F.);
#16222=ADVANCED_FACE('',(#16221),#16214,.F.);
#16223=CARTESIAN_POINT('',(-2.006066017178E0,2.E-1,1.4E0));
#16224=DIRECTION('',(0.E0,0.E0,1.E0));
#16225=DIRECTION('',(-1.E0,0.E0,0.E0));
#16226=AXIS2_PLACEMENT_3D('',#16223,#16224,#16225);
#16227=PLANE('',#16226);
#16228=ORIENTED_EDGE('',*,*,#16174,.F.);
#16229=ORIENTED_EDGE('',*,*,#16192,.T.);
#16230=ORIENTED_EDGE('',*,*,#16217,.T.);
#16231=ORIENTED_EDGE('',*,*,#16158,.F.);
#16232=EDGE_LOOP('',(#16228,#16229,#16230,#16231));
#16233=FACE_OUTER_BOUND('',#16232,.F.);
#16234=ADVANCED_FACE('',(#16233),#16227,.F.);
#16235=CLOSED_SHELL('',(#16166,#16181,#16196,#16209,#16222,#16234));
#16236=MANIFOLD_SOLID_BREP('',#16235);
#16237=FILL_AREA_STYLE_COLOUR('',#8022);
#16238=FILL_AREA_STYLE('',(#16237));
#16239=SURFACE_STYLE_FILL_AREA(#16238);
#16240=SURFACE_SIDE_STYLE('',(#16239));
#16241=SURFACE_STYLE_USAGE(.POSITIVE.,#16240);
#16242=PRESENTATION_STYLE_ASSIGNMENT((#16241));
#16050=STYLED_ITEM('',(#16242),#16236);
#16244=DIRECTION('',(0.E0,0.E0,-1.E0));
#16245=VECTOR('',#16244,1.5E-1);
#16246=CARTESIAN_POINT('',(-2.48E0,1.E-1,-1.4E0));
#16247=LINE('',#16246,#16245);
#16248=CURVE_STYLE('',#48,POSITIVE_LENGTH_MEASURE(2.E-2),#8022);
#16249=PRESENTATION_STYLE_ASSIGNMENT((#16248));
#16250=STYLED_ITEM('',(#16249),#16247);
#16251=DIRECTION('',(1.E0,0.E0,0.E0));
#16252=VECTOR('',#16251,2.E-2);
#16253=CARTESIAN_POINT('',(-2.5E0,1.E-1,-1.55E0));
#16254=LINE('',#16253,#16252);
#16255=CURVE_STYLE('',#48,POSITIVE_LENGTH_MEASURE(2.E-2),#8022);
#16256=PRESENTATION_STYLE_ASSIGNMENT((#16255));
#16257=STYLED_ITEM('',(#16256),#16254);
#16258=DIRECTION('',(0.E0,0.E0,-1.E0));
#16259=VECTOR('',#16258,1.5E-1);
#16260=CARTESIAN_POINT('',(-2.5E0,1.E-1,-1.4E0));
#16261=LINE('',#16260,#16259);
#16262=CURVE_STYLE('',#48,POSITIVE_LENGTH_MEASURE(2.E-2),#8022);
#16263=PRESENTATION_STYLE_ASSIGNMENT((#16262));
#16264=STYLED_ITEM('',(#16263),#16261);
#16265=DIRECTION('',(-1.E0,0.E0,0.E0));
#16266=VECTOR('',#16265,2.E-2);
#16267=CARTESIAN_POINT('',(-2.48E0,1.E-1,-1.4E0));
#16268=LINE('',#16267,#16266);
#16269=CURVE_STYLE('',#48,POSITIVE_LENGTH_MEASURE(2.E-2),#8022);
#16270=PRESENTATION_STYLE_ASSIGNMENT((#16269));
#16271=STYLED_ITEM('',(#16270),#16268);
#16272=DIRECTION('',(0.E0,0.E0,-1.E0));
#16273=VECTOR('',#16272,1.5E-1);
#16274=CARTESIAN_POINT('',(-2.48E0,2.E-1,-1.4E0));
#16275=LINE('',#16274,#16273);
#16276=CURVE_STYLE('',#48,POSITIVE_LENGTH_MEASURE(2.E-2),#8022);
#16277=PRESENTATION_STYLE_ASSIGNMENT((#16276));
#16278=STYLED_ITEM('',(#16277),#16275);
#16279=DIRECTION('',(-1.E0,0.E0,0.E0));
#16280=VECTOR('',#16279,2.E-2);
#16281=CARTESIAN_POINT('',(-2.48E0,2.E-1,-1.4E0));
#16282=LINE('',#16281,#16280);
#16283=CURVE_STYLE('',#48,POSITIVE_LENGTH_MEASURE(2.E-2),#8022);
#16284=PRESENTATION_STYLE_ASSIGNMENT((#16283));
#16285=STYLED_ITEM('',(#16284),#16282);
#16286=DIRECTION('',(0.E0,0.E0,-1.E0));
#16287=VECTOR('',#16286,1.5E-1);
#16288=CARTESIAN_POINT('',(-2.5E0,2.E-1,-1.4E0));
#16289=LINE('',#16288,#16287);
#16290=CURVE_STYLE('',#48,POSITIVE_LENGTH_MEASURE(2.E-2),#8022);
#16291=PRESENTATION_STYLE_ASSIGNMENT((#16290));
#16292=STYLED_ITEM('',(#16291),#16289);
#16293=DIRECTION('',(0.E0,-1.E0,0.E0));
#16294=VECTOR('',#16293,1.E-1);
#16295=CARTESIAN_POINT('',(-2.48E0,2.E-1,-1.4E0));
#16296=LINE('',#16295,#16294);
#16297=CURVE_STYLE('',#48,POSITIVE_LENGTH_MEASURE(2.E-2),#8022);
#16298=PRESENTATION_STYLE_ASSIGNMENT((#16297));
#16299=STYLED_ITEM('',(#16298),#16296);
#16300=DIRECTION('',(0.E0,-1.E0,0.E0));
#16301=VECTOR('',#16300,1.E-1);
#16302=CARTESIAN_POINT('',(-2.5E0,2.E-1,-1.4E0));
#16303=LINE('',#16302,#16301);
#16304=CURVE_STYLE('',#48,POSITIVE_LENGTH_MEASURE(2.E-2),#8022);
#16305=PRESENTATION_STYLE_ASSIGNMENT((#16304));
#16306=STYLED_ITEM('',(#16305),#16303);
#16307=DIRECTION('',(0.E0,-1.E0,0.E0));
#16308=VECTOR('',#16307,1.E-1);
#16309=CARTESIAN_POINT('',(-2.48E0,2.E-1,-1.55E0));
#16310=LINE('',#16309,#16308);
#16311=CURVE_STYLE('',#48,POSITIVE_LENGTH_MEASURE(2.E-2),#8022);
#16312=PRESENTATION_STYLE_ASSIGNMENT((#16311));
#16313=STYLED_ITEM('',(#16312),#16310);
#16314=DIRECTION('',(-1.E0,0.E0,0.E0));
#16315=VECTOR('',#16314,2.E-2);
#16316=CARTESIAN_POINT('',(-2.48E0,2.E-1,-1.55E0));
#16317=LINE('',#16316,#16315);
#16318=CURVE_STYLE('',#48,POSITIVE_LENGTH_MEASURE(2.E-2),#8022);
#16319=PRESENTATION_STYLE_ASSIGNMENT((#16318));
#16320=STYLED_ITEM('',(#16319),#16317);
#16321=DIRECTION('',(0.E0,-1.E0,0.E0));
#16322=VECTOR('',#16321,1.E-1);
#16323=CARTESIAN_POINT('',(-2.5E0,2.E-1,-1.55E0));
#16324=LINE('',#16323,#16322);
#16325=CURVE_STYLE('',#48,POSITIVE_LENGTH_MEASURE(2.E-2),#8022);
#16326=PRESENTATION_STYLE_ASSIGNMENT((#16325));
#16327=STYLED_ITEM('',(#16326),#16324);
#16328=CARTESIAN_POINT('',(-2.5E0,2.E-1,-1.4E0));
#16329=CARTESIAN_POINT('',(-2.5E0,2.E-1,-1.55E0));
#16330=VERTEX_POINT('',#16328);
#16331=VERTEX_POINT('',#16329);
#16332=CARTESIAN_POINT('',(-2.5E0,1.E-1,-1.4E0));
#16333=CARTESIAN_POINT('',(-2.5E0,1.E-1,-1.55E0));
#16334=VERTEX_POINT('',#16332);
#16335=VERTEX_POINT('',#16333);
#16336=CARTESIAN_POINT('',(-2.48E0,2.E-1,-1.4E0));
#16337=CARTESIAN_POINT('',(-2.48E0,2.E-1,-1.55E0));
#16338=VERTEX_POINT('',#16336);
#16339=VERTEX_POINT('',#16337);
#16340=CARTESIAN_POINT('',(-2.48E0,1.E-1,-1.4E0));
#16341=CARTESIAN_POINT('',(-2.48E0,1.E-1,-1.55E0));
#16342=VERTEX_POINT('',#16340);
#16343=VERTEX_POINT('',#16341);
#16344=CARTESIAN_POINT('',(0.E0,1.E-1,0.E0));
#16345=DIRECTION('',(0.E0,-1.E0,0.E0));
#16346=DIRECTION('',(-1.E0,0.E0,0.E0));
#16347=AXIS2_PLACEMENT_3D('',#16344,#16345,#16346);
#16348=PLANE('',#16347);
#16350=ORIENTED_EDGE('',*,*,#16349,.T.);
#16352=ORIENTED_EDGE('',*,*,#16351,.F.);
#16354=ORIENTED_EDGE('',*,*,#16353,.F.);
#16356=ORIENTED_EDGE('',*,*,#16355,.F.);
#16357=EDGE_LOOP('',(#16350,#16352,#16354,#16356));
#16358=FACE_OUTER_BOUND('',#16357,.F.);
#16359=ADVANCED_FACE('',(#16358),#16348,.T.);
#16360=CARTESIAN_POINT('',(-2.48E0,0.E0,0.E0));
#16361=DIRECTION('',(1.E0,0.E0,0.E0));
#16362=DIRECTION('',(0.E0,0.E0,-1.E0));
#16363=AXIS2_PLACEMENT_3D('',#16360,#16361,#16362);
#16364=PLANE('',#16363);
#16366=ORIENTED_EDGE('',*,*,#16365,.T.);
#16368=ORIENTED_EDGE('',*,*,#16367,.T.);
#16369=ORIENTED_EDGE('',*,*,#16349,.F.);
#16371=ORIENTED_EDGE('',*,*,#16370,.F.);
#16372=EDGE_LOOP('',(#16366,#16368,#16369,#16371));
#16373=FACE_OUTER_BOUND('',#16372,.F.);
#16374=ADVANCED_FACE('',(#16373),#16364,.T.);
#16375=CARTESIAN_POINT('',(0.E0,2.E-1,0.E0));
#16376=DIRECTION('',(0.E0,1.E0,0.E0));
#16377=DIRECTION('',(1.E0,0.E0,0.E0));
#16378=AXIS2_PLACEMENT_3D('',#16375,#16376,#16377);
#16379=PLANE('',#16378);
#16380=ORIENTED_EDGE('',*,*,#16365,.F.);
#16382=ORIENTED_EDGE('',*,*,#16381,.T.);
#16384=ORIENTED_EDGE('',*,*,#16383,.T.);
#16386=ORIENTED_EDGE('',*,*,#16385,.F.);
#16387=EDGE_LOOP('',(#16380,#16382,#16384,#16386));
#16388=FACE_OUTER_BOUND('',#16387,.F.);
#16389=ADVANCED_FACE('',(#16388),#16379,.T.);
#16390=CARTESIAN_POINT('',(-2.006066017178E0,2.E-1,-1.4E0));
#16391=DIRECTION('',(0.E0,0.E0,1.E0));
#16392=DIRECTION('',(-1.E0,0.E0,0.E0));
#16393=AXIS2_PLACEMENT_3D('',#16390,#16391,#16392);
#16394=PLANE('',#16393);
#16395=ORIENTED_EDGE('',*,*,#16370,.T.);
#16396=ORIENTED_EDGE('',*,*,#16355,.T.);
#16398=ORIENTED_EDGE('',*,*,#16397,.F.);
#16399=ORIENTED_EDGE('',*,*,#16381,.F.);
#16400=EDGE_LOOP('',(#16395,#16396,#16398,#16399));
#16401=FACE_OUTER_BOUND('',#16400,.F.);
#16402=ADVANCED_FACE('',(#16401),#16394,.T.);
#16403=CARTESIAN_POINT('',(-2.5E0,2.E-1,2.E0));
#16404=DIRECTION('',(1.E0,0.E0,0.E0));
#16405=DIRECTION('',(0.E0,0.E0,-1.E0));
#16406=AXIS2_PLACEMENT_3D('',#16403,#16404,#16405);
#16407=PLANE('',#16406);
#16408=ORIENTED_EDGE('',*,*,#16397,.T.);
#16409=ORIENTED_EDGE('',*,*,#16353,.T.);
#16411=ORIENTED_EDGE('',*,*,#16410,.F.);
#16412=ORIENTED_EDGE('',*,*,#16383,.F.);
#16413=EDGE_LOOP('',(#16408,#16409,#16411,#16412));
#16414=FACE_OUTER_BOUND('',#16413,.F.);
#16415=ADVANCED_FACE('',(#16414),#16407,.F.);
#16416=CARTESIAN_POINT('',(-2.55E0,2.E-1,-1.55E0));
#16417=DIRECTION('',(0.E0,0.E0,-1.E0));
#16418=DIRECTION('',(1.E0,0.E0,0.E0));
#16419=AXIS2_PLACEMENT_3D('',#16416,#16417,#16418);
#16420=PLANE('',#16419);
#16421=ORIENTED_EDGE('',*,*,#16367,.F.);
#16422=ORIENTED_EDGE('',*,*,#16385,.T.);
#16423=ORIENTED_EDGE('',*,*,#16410,.T.);
#16424=ORIENTED_EDGE('',*,*,#16351,.T.);
#16425=EDGE_LOOP('',(#16421,#16422,#16423,#16424));
#16426=FACE_OUTER_BOUND('',#16425,.F.);
#16427=ADVANCED_FACE('',(#16426),#16420,.T.);
#16428=CLOSED_SHELL('',(#16359,#16374,#16389,#16402,#16415,#16427));
#16429=MANIFOLD_SOLID_BREP('',#16428);
#16430=FILL_AREA_STYLE_COLOUR('',#8022);
#16431=FILL_AREA_STYLE('',(#16430));
#16432=SURFACE_STYLE_FILL_AREA(#16431);
#16433=SURFACE_SIDE_STYLE('',(#16432));
#16434=SURFACE_STYLE_USAGE(.POSITIVE.,#16433);
#16435=PRESENTATION_STYLE_ASSIGNMENT((#16434));
#16243=STYLED_ITEM('',(#16435),#16429);
#16437=DIRECTION('',(-9.999999999977E-1,0.E0,2.123992750266E-6));
#16438=VECTOR('',#16437,3.350589835758E0);
#16439=CARTESIAN_POINT('',(1.549169794181E0,1.683479259195E-2,
-1.301427163424E0));
#16440=LINE('',#16439,#16438);
#16441=CURVE_STYLE('',#48,POSITIVE_LENGTH_MEASURE(2.E-2),#8022);
#16442=PRESENTATION_STYLE_ASSIGNMENT((#16441));
#16443=STYLED_ITEM('',(#16442),#16440);
#16444=DIRECTION('',(-7.071067811865E-1,0.E0,-7.071067811865E-1));
#16445=VECTOR('',#16444,3.567457927921E-1);
#16446=CARTESIAN_POINT('',(1.801427163424E0,1.683479259195E-2,
-1.049169794181E0));
#16447=LINE('',#16446,#16445);
#16448=CURVE_STYLE('',#48,POSITIVE_LENGTH_MEASURE(2.E-2),#8022);
#16449=PRESENTATION_STYLE_ASSIGNMENT((#16448));
#16450=STYLED_ITEM('',(#16449),#16447);
#16451=CARTESIAN_POINT('',(1.548578643763E0,0.E0,-1.3E0));
#16452=CARTESIAN_POINT('',(1.548580421211E0,2.794185679908E-3,
-1.299998222552E0));
#16453=CARTESIAN_POINT('',(1.548678405013E0,8.407681475295E-3,
-1.300231724171E0));
#16454=CARTESIAN_POINT('',(1.548972260585E0,1.403112481345E-2,
-1.300947535323E0));
#16455=CARTESIAN_POINT('',(1.549169794181E0,1.683479259195E-2,
-1.301427163424E0));
#16457=CURVE_STYLE('',#48,POSITIVE_LENGTH_MEASURE(2.E-2),#8022);
#16458=PRESENTATION_STYLE_ASSIGNMENT((#16457));
#16459=STYLED_ITEM('',(#16458),#16456);
#16460=CARTESIAN_POINT('',(1.8E0,0.E0,-1.048578643763E0));
#16461=CARTESIAN_POINT('',(1.799998222552E0,2.794185679908E-3,
-1.048580421211E0));
#16462=CARTESIAN_POINT('',(1.800231724171E0,8.407681475295E-3,
-1.048678405013E0));
#16463=CARTESIAN_POINT('',(1.800947535323E0,1.403112481345E-2,
-1.048972260585E0));
#16464=CARTESIAN_POINT('',(1.801427163424E0,1.683479259195E-2,
-1.049169794181E0));
#16466=CURVE_STYLE('',#48,POSITIVE_LENGTH_MEASURE(2.E-2),#8022);
#16467=PRESENTATION_STYLE_ASSIGNMENT((#16466));
#16468=STYLED_ITEM('',(#16467),#16465);
#16469=DIRECTION('',(-1.E0,0.E0,0.E0));
#16470=VECTOR('',#16469,3.348578643763E0);
#16471=CARTESIAN_POINT('',(1.548578643763E0,0.E0,-1.3E0));
#16472=LINE('',#16471,#16470);
#16473=CURVE_STYLE('',#48,POSITIVE_LENGTH_MEASURE(2.E-2),#8022);
#16474=PRESENTATION_STYLE_ASSIGNMENT((#16473));
#16475=STYLED_ITEM('',(#16474),#16472);
#16476=DIRECTION('',(0.E0,0.E0,1.E0));
#16477=VECTOR('',#16476,2.6E0);
#16478=CARTESIAN_POINT('',(-1.8E0,0.E0,-1.3E0));
#16479=LINE('',#16478,#16477);
#16480=CURVE_STYLE('',#48,POSITIVE_LENGTH_MEASURE(2.E-2),#8022);
#16481=PRESENTATION_STYLE_ASSIGNMENT((#16480));
#16482=STYLED_ITEM('',(#16481),#16479);
#16483=DIRECTION('',(1.E0,0.E0,0.E0));
#16484=VECTOR('',#16483,3.6E0);
#16485=CARTESIAN_POINT('',(-1.8E0,0.E0,1.3E0));
#16486=LINE('',#16485,#16484);
#16487=CURVE_STYLE('',#48,POSITIVE_LENGTH_MEASURE(2.E-2),#8022);
#16488=PRESENTATION_STYLE_ASSIGNMENT((#16487));
#16489=STYLED_ITEM('',(#16488),#16486);
#16490=DIRECTION('',(0.E0,0.E0,-1.E0));
#16491=VECTOR('',#16490,2.348578643763E0);
#16492=CARTESIAN_POINT('',(1.8E0,0.E0,1.3E0));
#16493=LINE('',#16492,#16491);
#16494=CURVE_STYLE('',#48,POSITIVE_LENGTH_MEASURE(2.E-2),#8022);
#16495=PRESENTATION_STYLE_ASSIGNMENT((#16494));
#16496=STYLED_ITEM('',(#16495),#16493);
#16497=DIRECTION('',(-7.071067811865E-1,0.E0,-7.071067811865E-1));
#16498=VECTOR('',#16497,3.555634918610E-1);
#16499=CARTESIAN_POINT('',(1.8E0,0.E0,-1.048578643763E0));
#16500=LINE('',#16499,#16498);
#16501=CURVE_STYLE('',#48,POSITIVE_LENGTH_MEASURE(2.E-2),#8022);
#16502=PRESENTATION_STYLE_ASSIGNMENT((#16501));
#16503=STYLED_ITEM('',(#16502),#16500);
#16504=DIRECTION('',(-2.008322594300E-9,0.E0,1.E0));
#16505=VECTOR('',#16504,2.602840088364E0);
#16506=CARTESIAN_POINT('',(-1.801420041569E0,1.683479259195E-2,
-1.301420046796E0));
#16507=LINE('',#16506,#16505);
#16508=CURVE_STYLE('',#48,POSITIVE_LENGTH_MEASURE(2.E-2),#8022);
#16509=PRESENTATION_STYLE_ASSIGNMENT((#16508));
#16510=STYLED_ITEM('',(#16509),#16507);
#16511=CARTESIAN_POINT('',(-1.8E0,0.E0,-1.3E0));
#16512=CARTESIAN_POINT('',(-1.8E0,2.725409496096E-3,-1.299972343330E0));
#16513=CARTESIAN_POINT('',(-1.800226499148E0,8.270360379418E-3,
-1.300171775222E0));
#16514=CARTESIAN_POINT('',(-1.800929637612E0,1.396333022825E-2,
-1.300923834147E0));
#16515=CARTESIAN_POINT('',(-1.801420041569E0,1.683479259195E-2,
-1.301420046796E0));
#16517=CURVE_STYLE('',#48,POSITIVE_LENGTH_MEASURE(2.E-2),#8022);
#16518=PRESENTATION_STYLE_ASSIGNMENT((#16517));
#16519=STYLED_ITEM('',(#16518),#16516);
#16520=DIRECTION('',(1.E0,0.E0,1.450895092397E-9));
#16521=VECTOR('',#16520,3.602840088364E0);
#16522=CARTESIAN_POINT('',(-1.801420046796E0,1.683479259195E-2,
1.301420041569E0));
#16523=LINE('',#16522,#16521);
#16524=CURVE_STYLE('',#48,POSITIVE_LENGTH_MEASURE(2.E-2),#8022);
#16525=PRESENTATION_STYLE_ASSIGNMENT((#16524));
#16526=STYLED_ITEM('',(#16525),#16523);
#16527=CARTESIAN_POINT('',(-1.8E0,0.E0,1.3E0));
#16528=CARTESIAN_POINT('',(-1.799972343330E0,2.725409496096E-3,1.3E0));
#16529=CARTESIAN_POINT('',(-1.800171775222E0,8.270360379417E-3,
1.300226499148E0));
#16530=CARTESIAN_POINT('',(-1.800923834147E0,1.396333022825E-2,
1.300929637612E0));
#16531=CARTESIAN_POINT('',(-1.801420046796E0,1.683479259195E-2,
1.301420041569E0));
#16533=CURVE_STYLE('',#48,POSITIVE_LENGTH_MEASURE(2.E-2),#8022);
#16534=PRESENTATION_STYLE_ASSIGNMENT((#16533));
#16535=STYLED_ITEM('',(#16534),#16532);
#16536=DIRECTION('',(3.029816490772E-6,0.E0,-9.999999999954E-1));
#16537=VECTOR('',#16536,2.350589840988E0);
#16538=CARTESIAN_POINT('',(1.801420041569E0,1.683479259195E-2,
1.301420046796E0));
#16539=LINE('',#16538,#16537);
#16540=CURVE_STYLE('',#48,POSITIVE_LENGTH_MEASURE(2.E-2),#8022);
#16541=PRESENTATION_STYLE_ASSIGNMENT((#16540));
#16542=STYLED_ITEM('',(#16541),#16539);
#16543=CARTESIAN_POINT('',(1.8E0,0.E0,1.3E0));
#16544=CARTESIAN_POINT('',(1.8E0,2.725409496096E-3,1.299972343330E0));
#16545=CARTESIAN_POINT('',(1.800226499148E0,8.270360379418E-3,
1.300171775222E0));
#16546=CARTESIAN_POINT('',(1.800929637612E0,1.396333022825E-2,
1.300923834147E0));
#16547=CARTESIAN_POINT('',(1.801420041569E0,1.683479259195E-2,
1.301420046796E0));
#16549=CURVE_STYLE('',#48,POSITIVE_LENGTH_MEASURE(2.E-2),#8022);
#16550=PRESENTATION_STYLE_ASSIGNMENT((#16549));
#16551=STYLED_ITEM('',(#16550),#16548);
#16552=CARTESIAN_POINT('',(1.548578643763E0,0.E0,-1.3E0));
#16553=CARTESIAN_POINT('',(-1.8E0,0.E0,-1.3E0));
#16554=VERTEX_POINT('',#16552);
#16555=VERTEX_POINT('',#16553);
#16556=CARTESIAN_POINT('',(-1.8E0,0.E0,1.3E0));
#16557=VERTEX_POINT('',#16556);
#16558=CARTESIAN_POINT('',(1.8E0,0.E0,1.3E0));
#16559=VERTEX_POINT('',#16558);
#16560=CARTESIAN_POINT('',(1.8E0,0.E0,-1.048578643763E0));
#16561=VERTEX_POINT('',#16560);
#16562=CARTESIAN_POINT('',(1.549169794181E0,1.683479259195E-2,
-1.301427163424E0));
#16563=CARTESIAN_POINT('',(-1.801420041569E0,1.683479259195E-2,
-1.301420046796E0));
#16564=VERTEX_POINT('',#16562);
#16565=VERTEX_POINT('',#16563);
#16566=CARTESIAN_POINT('',(-1.801420046796E0,1.683479259195E-2,
1.301420041569E0));
#16567=VERTEX_POINT('',#16566);
#16568=CARTESIAN_POINT('',(1.801420041569E0,1.683479259195E-2,
1.301420046796E0));
#16569=VERTEX_POINT('',#16568);
#16570=CARTESIAN_POINT('',(1.801427163424E0,1.683479259195E-2,
-1.049169794181E0));
#16571=VERTEX_POINT('',#16570);
#16572=CARTESIAN_POINT('',(1.59E0,0.E0,-1.4E0));
#16573=DIRECTION('',(-1.E0,0.E0,0.E0));
#16574=DIRECTION('',(0.E0,0.E0,-1.E0));
#16575=AXIS2_PLACEMENT_3D('',#16572,#16573,#16574);
#16576=CYLINDRICAL_SURFACE('',#16575,1.E-1);
#16578=ORIENTED_EDGE('',*,*,#16577,.T.);
#16580=ORIENTED_EDGE('',*,*,#16579,.F.);
#16582=ORIENTED_EDGE('',*,*,#16581,.F.);
#16584=ORIENTED_EDGE('',*,*,#16583,.T.);
#16585=EDGE_LOOP('',(#16578,#16580,#16582,#16584));
#16586=FACE_OUTER_BOUND('',#16585,.F.);
#16587=ADVANCED_FACE('',(#16586),#16576,.F.);
#16588=CARTESIAN_POINT('',(-2.48E0,1.683479259195E-2,1.980481988881E0));
#16589=DIRECTION('',(0.E0,-1.E0,0.E0));
#16590=DIRECTION('',(0.E0,0.E0,-1.E0));
#16591=AXIS2_PLACEMENT_3D('',#16588,#16589,#16590);
#16592=PLANE('',#16591);
#16593=ORIENTED_EDGE('',*,*,#16577,.F.);
#16595=ORIENTED_EDGE('',*,*,#16594,.F.);
#16597=ORIENTED_EDGE('',*,*,#16596,.F.);
#16599=ORIENTED_EDGE('',*,*,#16598,.F.);
#16601=ORIENTED_EDGE('',*,*,#16600,.F.);
#16602=EDGE_LOOP('',(#16593,#16595,#16597,#16599,#16601));
#16603=FACE_OUTER_BOUND('',#16602,.F.);
#16604=ADVANCED_FACE('',(#16603),#16592,.F.);
#16605=CARTESIAN_POINT('',(1.9E0,0.E0,-1.09E0));
#16606=DIRECTION('',(-7.071067811865E-1,0.E0,-7.071067811865E-1));
#16607=DIRECTION('',(7.071067811865E-1,0.E0,-7.071067811865E-1));
#16608=AXIS2_PLACEMENT_3D('',#16605,#16606,#16607);
#16609=CYLINDRICAL_SURFACE('',#16608,1.E-1);
#16610=ORIENTED_EDGE('',*,*,#16594,.T.);
#16611=ORIENTED_EDGE('',*,*,#16583,.F.);
#16613=ORIENTED_EDGE('',*,*,#16612,.F.);
#16615=ORIENTED_EDGE('',*,*,#16614,.T.);
#16616=EDGE_LOOP('',(#16610,#16611,#16613,#16615));
#16617=FACE_OUTER_BOUND('',#16616,.F.);
#16618=ADVANCED_FACE('',(#16617),#16609,.F.);
#16619=CARTESIAN_POINT('',(0.E0,0.E0,0.E0));
#16620=DIRECTION('',(0.E0,1.E0,0.E0));
#16621=DIRECTION('',(1.E0,0.E0,0.E0));
#16622=AXIS2_PLACEMENT_3D('',#16619,#16620,#16621);
#16623=PLANE('',#16622);
#16624=ORIENTED_EDGE('',*,*,#16581,.T.);
#16626=ORIENTED_EDGE('',*,*,#16625,.T.);
#16628=ORIENTED_EDGE('',*,*,#16627,.T.);
#16630=ORIENTED_EDGE('',*,*,#16629,.T.);
#16631=ORIENTED_EDGE('',*,*,#16612,.T.);
#16632=EDGE_LOOP('',(#16624,#16626,#16628,#16630,#16631));
#16633=FACE_OUTER_BOUND('',#16632,.F.);
#16634=ADVANCED_FACE('',(#16633),#16623,.F.);
#16635=FILL_AREA_STYLE_COLOUR('',#8021);
#16636=FILL_AREA_STYLE('',(#16635));
#16637=SURFACE_STYLE_FILL_AREA(#16636);
#16638=SURFACE_SIDE_STYLE('',(#16637));
#16639=SURFACE_STYLE_USAGE(.NEGATIVE.,#16638);
#16640=PRESENTATION_STYLE_ASSIGNMENT((#16639));
#16641=OVER_RIDING_STYLED_ITEM('',(#16640),#16634,#16436);
#16642=CARTESIAN_POINT('',(-1.9E0,0.E0,-1.4E0));
#16643=DIRECTION('',(0.E0,0.E0,1.E0));
#16644=DIRECTION('',(-1.E0,0.E0,0.E0));
#16645=AXIS2_PLACEMENT_3D('',#16642,#16643,#16644);
#16646=CYLINDRICAL_SURFACE('',#16645,1.E-1);
#16647=ORIENTED_EDGE('',*,*,#16600,.T.);
#16649=ORIENTED_EDGE('',*,*,#16648,.F.);
#16650=ORIENTED_EDGE('',*,*,#16625,.F.);
#16651=ORIENTED_EDGE('',*,*,#16579,.T.);
#16652=EDGE_LOOP('',(#16647,#16649,#16650,#16651));
#16653=FACE_OUTER_BOUND('',#16652,.F.);
#16654=ADVANCED_FACE('',(#16653),#16646,.F.);
#16655=CARTESIAN_POINT('',(-1.9E0,0.E0,1.4E0));
#16656=DIRECTION('',(1.E0,0.E0,0.E0));
#16657=DIRECTION('',(0.E0,0.E0,1.E0));
#16658=AXIS2_PLACEMENT_3D('',#16655,#16656,#16657);
#16659=CYLINDRICAL_SURFACE('',#16658,1.E-1);
#16660=ORIENTED_EDGE('',*,*,#16598,.T.);
#16662=ORIENTED_EDGE('',*,*,#16661,.F.);
#16663=ORIENTED_EDGE('',*,*,#16627,.F.);
#16664=ORIENTED_EDGE('',*,*,#16648,.T.);
#16665=EDGE_LOOP('',(#16660,#16662,#16663,#16664));
#16666=FACE_OUTER_BOUND('',#16665,.F.);
#16667=ADVANCED_FACE('',(#16666),#16659,.F.);
#16668=CARTESIAN_POINT('',(1.9E0,0.E0,1.4E0));
#16669=DIRECTION('',(0.E0,0.E0,-1.E0));
#16670=DIRECTION('',(1.E0,0.E0,0.E0));
#16671=AXIS2_PLACEMENT_3D('',#16668,#16669,#16670);
#16672=CYLINDRICAL_SURFACE('',#16671,1.E-1);
#16673=ORIENTED_EDGE('',*,*,#16596,.T.);
#16674=ORIENTED_EDGE('',*,*,#16614,.F.);
#16675=ORIENTED_EDGE('',*,*,#16629,.F.);
#16676=ORIENTED_EDGE('',*,*,#16661,.T.);
#16677=EDGE_LOOP('',(#16673,#16674,#16675,#16676));
#16678=FACE_OUTER_BOUND('',#16677,.F.);
#16679=ADVANCED_FACE('',(#16678),#16672,.F.);
#16680=CLOSED_SHELL('',(#16587,#16604,#16618,#16634,#16654,#16667,#16679));
#16681=MANIFOLD_SOLID_BREP('',#16680);
#16682=FILL_AREA_STYLE_COLOUR('',#8022);
#16683=FILL_AREA_STYLE('',(#16682));
#16684=SURFACE_STYLE_FILL_AREA(#16683);
#16685=SURFACE_SIDE_STYLE('',(#16684));
#16686=SURFACE_STYLE_USAGE(.POSITIVE.,#16685);
#16687=PRESENTATION_STYLE_ASSIGNMENT((#16686));
#16436=STYLED_ITEM('',(#16687),#16681);
#16689=DIMENSIONAL_EXPONENTS(0.E0,0.E0,0.E0,0.E0,0.E0,0.E0,0.E0);
#16691=PLANE_ANGLE_MEASURE_WITH_UNIT(PLANE_ANGLE_MEASURE(1.745329251994E-2),
#16690);
#16692=(CONVERSION_BASED_UNIT('DEGREE',#16691)NAMED_UNIT(#16689)PLANE_ANGLE_UNIT());
#16694=UNCERTAINTY_MEASURE_WITH_UNIT(LENGTH_MEASURE(6.757318023674E-4),#16688,
'distance_accuracy_value',
'Maximum model space distance between geometric entities at asserted connectivities');
#16695=(GEOMETRIC_REPRESENTATION_CONTEXT(3)GLOBAL_UNCERTAINTY_ASSIGNED_CONTEXT((
#16694))GLOBAL_UNIT_ASSIGNED_CONTEXT((#16688,#16692,#16693))REPRESENTATION_CONTEXT('ID2','3'));
#16696=CARTESIAN_POINT('',(0.E0,0.E0,0.E0));
#16697=DIRECTION('',(0.E0,0.E0,1.E0));
#16698=DIRECTION('',(1.E0,0.E0,0.E0));
#16701=PRODUCT_CONTEXT('',#8000,'mechanical');
#16702=PRODUCT('FRAME_SQA24B','FRAME_SQA24B','NOT SPECIFIED',(#16701));
#16703=PRODUCT_DEFINITION_FORMATION_WITH_SPECIFIED_SOURCE('8','LAST_VERSION',
#16702,.MADE.);
#16709=CARTESIAN_POINT('',(0.E0,0.E0,0.E0));
#16710=DIRECTION('',(0.E0,0.E0,1.E0));
#16711=DIRECTION('',(1.E0,0.E0,0.E0));
#16712=AXIS2_PLACEMENT_3D('',#16709,#16710,#16711);
#16713=ITEM_DEFINED_TRANSFORMATION('','',#16699,#16712);
#16714=(REPRESENTATION_RELATIONSHIP('','',#16700,#8011)REPRESENTATION_RELATIONSHIP_WITH_TRANSFORMATION(#16713)SHAPE_REPRESENTATION_RELATIONSHIP());
#16715=CONTEXT_DEPENDENT_SHAPE_REPRESENTATION(#16714,#16708);
#16717=DIMENSIONAL_EXPONENTS(0.E0,0.E0,0.E0,0.E0,0.E0,0.E0,0.E0);
#16719=PLANE_ANGLE_MEASURE_WITH_UNIT(PLANE_ANGLE_MEASURE(1.745329251994E-2),
#16718);
#16720=(CONVERSION_BASED_UNIT('DEGREE',#16719)NAMED_UNIT(#16717)PLANE_ANGLE_UNIT());
#16722=UNCERTAINTY_MEASURE_WITH_UNIT(LENGTH_MEASURE(6.452648205708E-4),#16716,
'distance_accuracy_value',
'Maximum model space distance between geometric entities at asserted connectivities');
#16723=(GEOMETRIC_REPRESENTATION_CONTEXT(3)GLOBAL_UNCERTAINTY_ASSIGNED_CONTEXT((
#16722))GLOBAL_UNIT_ASSIGNED_CONTEXT((#16716,#16720,#16721))REPRESENTATION_CONTEXT('ID3','3'));
#16724=CARTESIAN_POINT('',(0.E0,0.E0,0.E0));
#16725=DIRECTION('',(0.E0,0.E0,1.E0));
#16726=DIRECTION('',(1.E0,0.E0,0.E0));
#16728=MECHANICAL_DESIGN_GEOMETRIC_PRESENTATION_REPRESENTATION('',(#51,#58,#65,
#72,#79,#86,#93,#100,#107,#114,#121,#128,#135,#142,#149,#156,#163,#170,#177,
#184,#191,#198,#205,#212,#219,#226,#233,#240,#247,#254,#261,#268,#275,#282,#289,
#296,#303,#310,#317,#324,#331,#338,#345,#352,#359,#366,#373,#380,#387,#394,#401,
#408,#415,#422,#429,#436,#443,#450,#457,#464,#471,#478,#485,#492,#499,#506,#513,
#520,#527,#534,#541,#548,#555,#562,#569,#576,#583,#590,#597,#604,#611,#618,#625,
#632,#639,#646,#653,#660,#667,#674,#681,#688,#695,#702,#709,#716,#723,#730,#737,
#744,#751,#758,#765,#772,#779,#786,#793,#800,#808,#815,#822,#829,#836,#843,#850,
#857,#864,#871,#878,#885,#892,#899,#906,#913,#920,#927,#934,#941,#948,#955,#962,
#969,#976,#983,#990,#997,#1004,#1011,#1018,#1025,#1032,#1039,#1046,#1053,#1060,
#1067,#1074,#1081,#1088,#1095,#1102,#1109,#1116,#1123,#1130,#1137,#1144,#1151,
#1158,#1165,#1172,#1179,#1186,#1193,#1200,#1207,#1214,#1221,#1228,#1235,#1242,
#1249,#1256,#1263,#1270,#1277,#1284,#1291,#1298,#1305,#1312,#1319,#1326,#1333,
#1340,#1347,#1354,#1361,#1368,#1375,#1382,#1389,#1396,#1403,#1410,#1417,#1424,
#1431,#1438,#1445,#1452,#1459,#1466,#1473,#1480,#1487,#1494,#1501,#1508,#1515,
#1522,#1529,#1536,#1543,#1550,#1557,#1564,#1571,#1578,#1585,#1592,#1599,#1606,
#1613,#1620,#1627,#1634,#1641,#1648,#1655,#1662,#1669,#1676,#1683,#1690,#1697,
#1704,#1711,#1718,#1725,#1732,#1739,#1746,#1753,#1760,#1767,#1774,#1781,#1788,
#1795,#1802,#1809,#1816,#1823,#1830,#1837,#1844,#1851,#1858,#1865,#1872,#1879,
#1886,#1893,#1900,#1907,#1914,#1921,#1928,#1935,#1942,#1949,#1956,#1963,#1970,
#1977,#1984,#1991,#1998,#2005,#2012,#2019,#2026,#2033,#2040,#2047,#2054,#2061,
#2068,#2075,#2082,#2089,#2096,#2103,#2110,#2117,#2124,#2131,#2138,#2145,#2153,
#2160,#2167,#2174,#2181,#2188,#2195,#2202,#2209,#2216,#2223,#2230,#2238,#2245,
#2252,#2259,#2267,#2274,#2281,#2288,#2295,#2302,#2309,#2316,#2323,#2330,#2337,
#2344,#2352,#2359,#2366,#2373,#2380,#2387,#2394,#2401,#2409,#2416,#2423,#2430,
#2438,#2445,#2452,#2459,#2466,#2474,#2481,#2488,#2495,#2503,#2510,#2517,#2524,
#2531,#2539,#2546,#2553,#2560,#2568,#2575,#2582,#2589,#2596,#2604,#2611,#2618,
#2625,#2633,#2640,#2647,#2654,#2661,#2668,#2676,#2683,#2690,#2697,#2704,#2711,
#2718,#2725,#2732,#2739,#2747,#2754,#2761,#2769,#2776,#2783,#2790,#2798,#2805,
#2812,#2819,#2826,#2834,#2841,#2848,#2855,#2863,#2870,#2877,#2884,#2891,#2899,
#2906,#2913,#2920,#2928,#2935,#2942,#2949,#2956,#2964,#2971,#2978,#2985,#2993,
#3000,#3007,#3014,#3021,#3028,#3035,#3042,#3050,#3057,#3064,#3071,#3079,#3086,
#3093,#3100,#3107,#3115,#3122,#3129,#3136,#3144,#3151,#3158,#3165,#3172,#3180,
#3187,#3194,#3201,#3209,#3216,#3223,#3230,#3237,#3245,#3252,#3259,#3266,#3274,
#3281,#3288,#3295,#3302,#3310,#3317,#3324,#3331,#3339,#3346,#3353,#3360,#3367,
#3375,#3382,#3389,#3396,#3404,#3411,#3418,#3425,#3432,#3439,#3446,#3453,#3460,
#3467,#3474,#3481,#3489,#3496,#3503,#3511,#3518,#3525,#3532,#3540,#3547,#3554,
#3561,#3568,#3576,#3583,#3590,#3597,#3605,#3612,#3619,#3626,#3633,#3641,#3648,
#3655,#3662,#3670,#3677,#3684,#3691,#3698,#3706,#3713,#3720,#3727,#3735,#3742,
#3749,#3756,#3763,#3771,#3778,#3785,#3792,#3800,#3807,#3814,#3821,#3828,#3836,
#3843,#3850,#3857,#3865,#3872,#3879,#3886,#3893,#3902,#3909,#3918,#3925,#3934,
#3943,#3950,#3959,#3966,#3973,#3980,#3987,#43,#8030,#8037,#8044,#8051,#8059,
#8066,#8073,#8080,#8087,#8094,#8101,#8108,#8115,#8122,#8129,#8136,#8144,#8151,
#8203,#8023,#8321,#8328,#8335,#8342,#8350,#8357,#8364,#8371,#8378,#8385,#8392,
#8399,#8406,#8413,#8420,#8427,#8435,#8442,#8489,#8314,#8607,#8614,#8621,#8628,
#8636,#8643,#8650,#8657,#8664,#8671,#8678,#8685,#8692,#8699,#8706,#8713,#8721,
#8728,#8775,#8600,#8893,#8900,#8907,#8914,#8922,#8929,#8936,#8943,#8950,#8957,
#8964,#8971,#8978,#8985,#8992,#8999,#9007,#9014,#9061,#8886,#9179,#9186,#9193,
#9200,#9208,#9215,#9222,#9229,#9236,#9243,#9250,#9257,#9264,#9271,#9278,#9285,
#9293,#9300,#9347,#9172,#9465,#9472,#9479,#9486,#9494,#9501,#9508,#9515,#9522,
#9529,#9536,#9543,#9551,#9558,#9565,#9572,#9579,#9586,#9633,#9458,#9751,#9758,
#9765,#9772,#9780,#9787,#9794,#9801,#9808,#9815,#9822,#9829,#9837,#9844,#9851,
#9858,#9865,#9872,#9919,#9744,#10037,#10044,#10051,#10058,#10066,#10073,#10080,
#10087,#10094,#10101,#10108,#10115,#10123,#10130,#10137,#10144,#10151,#10158,
#10205,#10030,#10323,#10330,#10337,#10344,#10352,#10359,#10366,#10373,#10380,
#10387,#10394,#10401,#10409,#10416,#10423,#10430,#10437,#10444,#10491,#10316,
#10609,#10616,#10623,#10630,#10638,#10645,#10652,#10659,#10666,#10673,#10680,
#10687,#10695,#10702,#10709,#10716,#10723,#10730,#10777,#10602,#10895,#10902,
#10909,#10916,#10923,#10931,#10938,#10945,#10952,#10959,#10966,#10973,#10980,
#10987,#10995,#11002,#11009,#11016,#11063,#10888,#11181,#11188,#11195,#11202,
#11209,#11217,#11224,#11231,#11238,#11245,#11252,#11259,#11266,#11273,#11281,
#11288,#11295,#11302,#11349,#11174,#11467,#11474,#11481,#11488,#11495,#11503,
#11510,#11517,#11524,#11531,#11538,#11545,#11552,#11559,#11567,#11574,#11581,
#11588,#11635,#11460,#11753,#11760,#11767,#11774,#11781,#11789,#11796,#11803,
#11810,#11817,#11824,#11831,#11838,#11845,#11853,#11860,#11867,#11874,#11921,
#11746,#12039,#12046,#12053,#12060,#12067,#12075,#12082,#12089,#12096,#12103,
#12110,#12117,#12124,#12131,#12139,#12146,#12153,#12160,#12207,#12032,#12325,
#12332,#12339,#12346,#12353,#12361,#12368,#12375,#12382,#12389,#12396,#12403,
#12410,#12417,#12425,#12432,#12439,#12446,#12493,#12318,#12611,#12618,#12625,
#12632,#12639,#12647,#12654,#12661,#12668,#12675,#12682,#12689,#12696,#12703,
#12711,#12718,#12725,#12732,#12779,#12604,#12897,#12904,#12911,#12918,#12925,
#12933,#12940,#12947,#12954,#12961,#12968,#12975,#12982,#12989,#12996,#13004,
#13011,#13018,#13065,#12890,#13183,#13190,#13197,#13204,#13211,#13219,#13226,
#13233,#13240,#13247,#13254,#13261,#13268,#13275,#13282,#13290,#13297,#13304,
#13351,#13176,#13469,#13476,#13483,#13490,#13497,#13505,#13512,#13519,#13526,
#13533,#13540,#13547,#13554,#13561,#13568,#13576,#13583,#13590,#13637,#13462,
#13755,#13762,#13769,#13776,#13783,#13791,#13798,#13805,#13812,#13819,#13826,
#13833,#13840,#13847,#13854,#13862,#13869,#13876,#13923,#13748,#14041,#14048,
#14055,#14062,#14069,#14077,#14084,#14091,#14098,#14105,#14112,#14119,#14126,
#14133,#14140,#14148,#14155,#14162,#14209,#14034,#14327,#14334,#14341,#14348,
#14355,#14363,#14370,#14377,#14384,#14391,#14398,#14405,#14412,#14419,#14426,
#14434,#14441,#14448,#14495,#14320,#14613,#14620,#14627,#14634,#14641,#14649,
#14656,#14663,#14670,#14677,#14684,#14691,#14698,#14705,#14712,#14720,#14727,
#14734,#14781,#14606,#14899,#14906,#14913,#14920,#14927,#14934,#14941,#14948,
#14955,#14962,#14969,#14976,#14892,#15092,#15099,#15106,#15113,#15120,#15127,
#15134,#15141,#15148,#15155,#15162,#15169,#15085,#15285,#15292,#15299,#15306,
#15313,#15320,#15327,#15334,#15341,#15348,#15355,#15362,#15278,#15478,#15485,
#15492,#15499,#15506,#15513,#15520,#15527,#15534,#15541,#15548,#15555,#15471,
#15671,#15678,#15685,#15692,#15699,#15706,#15713,#15720,#15727,#15734,#15741,
#15748,#15664,#15864,#15871,#15878,#15885,#15892,#15899,#15906,#15913,#15920,
#15927,#15934,#15941,#15857,#16057,#16064,#16071,#16078,#16085,#16092,#16099,
#16106,#16113,#16120,#16127,#16134,#16050,#16250,#16257,#16264,#16271,#16278,
#16285,#16292,#16299,#16306,#16313,#16320,#16327,#16243,#16443,#16450,#16459,
#16468,#16475,#16482,#16489,#16496,#16503,#16510,#16519,#16526,#16535,#16542,
#16551,#16641,#16436),#16723);
#16729=PRODUCT_DEFINITION_CONTEXT('part definition',#8000,'design');
#16730=PRODUCT_CONTEXT('',#8000,'mechanical');
#16731=PRODUCT('SQA24B_ASM','SQA24B_ASM','NOT SPECIFIED',(#16730));
#16732=PRODUCT_DEFINITION_FORMATION_WITH_SPECIFIED_SOURCE('40','LAST_VERSION',
#16731,.MADE.);
#16734=PRODUCT_TYPE('part','',(#16731,#8004,#16702));
#805=B_SPLINE_CURVE_WITH_KNOTS('',3,(#801,#802,#803,#804),.UNSPECIFIED.,.F.,.F.,
(4,4),(0.E0,1.E0),.UNSPECIFIED.);
#2150=B_SPLINE_CURVE_WITH_KNOTS('',3,(#2146,#2147,#2148,#2149),.UNSPECIFIED.,
.F.,.F.,(4,4),(0.E0,1.E0),.UNSPECIFIED.);
#2235=B_SPLINE_CURVE_WITH_KNOTS('',3,(#2231,#2232,#2233,#2234),.UNSPECIFIED.,
.F.,.F.,(4,4),(0.E0,1.E0),.UNSPECIFIED.);
#2264=B_SPLINE_CURVE_WITH_KNOTS('',3,(#2260,#2261,#2262,#2263),.UNSPECIFIED.,
.F.,.F.,(4,4),(0.E0,1.E0),.UNSPECIFIED.);
#2349=B_SPLINE_CURVE_WITH_KNOTS('',3,(#2345,#2346,#2347,#2348),.UNSPECIFIED.,
.F.,.F.,(4,4),(0.E0,1.E0),.UNSPECIFIED.);
#2406=B_SPLINE_CURVE_WITH_KNOTS('',3,(#2402,#2403,#2404,#2405),.UNSPECIFIED.,
.F.,.F.,(4,4),(0.E0,1.E0),.UNSPECIFIED.);
#2435=B_SPLINE_CURVE_WITH_KNOTS('',3,(#2431,#2432,#2433,#2434),.UNSPECIFIED.,
.F.,.F.,(4,4),(0.E0,1.E0),.UNSPECIFIED.);
#2471=B_SPLINE_CURVE_WITH_KNOTS('',3,(#2467,#2468,#2469,#2470),.UNSPECIFIED.,
.F.,.F.,(4,4),(0.E0,1.E0),.UNSPECIFIED.);
#2500=B_SPLINE_CURVE_WITH_KNOTS('',3,(#2496,#2497,#2498,#2499),.UNSPECIFIED.,
.F.,.F.,(4,4),(0.E0,1.E0),.UNSPECIFIED.);
#2536=B_SPLINE_CURVE_WITH_KNOTS('',3,(#2532,#2533,#2534,#2535),.UNSPECIFIED.,
.F.,.F.,(4,4),(0.E0,1.E0),.UNSPECIFIED.);
#2565=B_SPLINE_CURVE_WITH_KNOTS('',3,(#2561,#2562,#2563,#2564),.UNSPECIFIED.,
.F.,.F.,(4,4),(0.E0,1.E0),.UNSPECIFIED.);
#2601=B_SPLINE_CURVE_WITH_KNOTS('',3,(#2597,#2598,#2599,#2600),.UNSPECIFIED.,
.F.,.F.,(4,4),(0.E0,1.E0),.UNSPECIFIED.);
#2630=B_SPLINE_CURVE_WITH_KNOTS('',3,(#2626,#2627,#2628,#2629),.UNSPECIFIED.,
.F.,.F.,(4,4),(0.E0,1.E0),.UNSPECIFIED.);
#2673=B_SPLINE_CURVE_WITH_KNOTS('',3,(#2669,#2670,#2671,#2672),.UNSPECIFIED.,
.F.,.F.,(4,4),(0.E0,1.E0),.UNSPECIFIED.);
#2744=B_SPLINE_CURVE_WITH_KNOTS('',3,(#2740,#2741,#2742,#2743),.UNSPECIFIED.,
.F.,.F.,(4,4),(0.E0,1.E0),.UNSPECIFIED.);
#2766=B_SPLINE_CURVE_WITH_KNOTS('',3,(#2762,#2763,#2764,#2765),.UNSPECIFIED.,
.F.,.F.,(4,4),(0.E0,1.E0),.UNSPECIFIED.);
#2795=B_SPLINE_CURVE_WITH_KNOTS('',3,(#2791,#2792,#2793,#2794),.UNSPECIFIED.,
.F.,.F.,(4,4),(0.E0,1.E0),.UNSPECIFIED.);
#2831=B_SPLINE_CURVE_WITH_KNOTS('',3,(#2827,#2828,#2829,#2830),.UNSPECIFIED.,
.F.,.F.,(4,4),(0.E0,1.E0),.UNSPECIFIED.);
#2860=B_SPLINE_CURVE_WITH_KNOTS('',3,(#2856,#2857,#2858,#2859),.UNSPECIFIED.,
.F.,.F.,(4,4),(0.E0,1.E0),.UNSPECIFIED.);
#2896=B_SPLINE_CURVE_WITH_KNOTS('',3,(#2892,#2893,#2894,#2895),.UNSPECIFIED.,
.F.,.F.,(4,4),(0.E0,1.E0),.UNSPECIFIED.);
#2925=B_SPLINE_CURVE_WITH_KNOTS('',3,(#2921,#2922,#2923,#2924),.UNSPECIFIED.,
.F.,.F.,(4,4),(0.E0,1.E0),.UNSPECIFIED.);
#2961=B_SPLINE_CURVE_WITH_KNOTS('',3,(#2957,#2958,#2959,#2960),.UNSPECIFIED.,
.F.,.F.,(4,4),(0.E0,1.E0),.UNSPECIFIED.);
#2990=B_SPLINE_CURVE_WITH_KNOTS('',3,(#2986,#2987,#2988,#2989),.UNSPECIFIED.,
.F.,.F.,(4,4),(0.E0,1.E0),.UNSPECIFIED.);
#3047=B_SPLINE_CURVE_WITH_KNOTS('',3,(#3043,#3044,#3045,#3046),.UNSPECIFIED.,
.F.,.F.,(4,4),(0.E0,1.E0),.UNSPECIFIED.);
#3076=B_SPLINE_CURVE_WITH_KNOTS('',3,(#3072,#3073,#3074,#3075),.UNSPECIFIED.,
.F.,.F.,(4,4),(0.E0,1.E0),.UNSPECIFIED.);
#3112=B_SPLINE_CURVE_WITH_KNOTS('',3,(#3108,#3109,#3110,#3111),.UNSPECIFIED.,
.F.,.F.,(4,4),(0.E0,1.E0),.UNSPECIFIED.);
#3141=B_SPLINE_CURVE_WITH_KNOTS('',3,(#3137,#3138,#3139,#3140),.UNSPECIFIED.,
.F.,.F.,(4,4),(0.E0,1.E0),.UNSPECIFIED.);
#3177=B_SPLINE_CURVE_WITH_KNOTS('',3,(#3173,#3174,#3175,#3176),.UNSPECIFIED.,
.F.,.F.,(4,4),(0.E0,1.E0),.UNSPECIFIED.);
#3206=B_SPLINE_CURVE_WITH_KNOTS('',3,(#3202,#3203,#3204,#3205),.UNSPECIFIED.,
.F.,.F.,(4,4),(0.E0,1.E0),.UNSPECIFIED.);
#3242=B_SPLINE_CURVE_WITH_KNOTS('',3,(#3238,#3239,#3240,#3241),.UNSPECIFIED.,
.F.,.F.,(4,4),(0.E0,1.E0),.UNSPECIFIED.);
#3271=B_SPLINE_CURVE_WITH_KNOTS('',3,(#3267,#3268,#3269,#3270),.UNSPECIFIED.,
.F.,.F.,(4,4),(0.E0,1.E0),.UNSPECIFIED.);
#3307=B_SPLINE_CURVE_WITH_KNOTS('',3,(#3303,#3304,#3305,#3306),.UNSPECIFIED.,
.F.,.F.,(4,4),(0.E0,1.E0),.UNSPECIFIED.);
#3336=B_SPLINE_CURVE_WITH_KNOTS('',3,(#3332,#3333,#3334,#3335),.UNSPECIFIED.,
.F.,.F.,(4,4),(0.E0,1.E0),.UNSPECIFIED.);
#3372=B_SPLINE_CURVE_WITH_KNOTS('',3,(#3368,#3369,#3370,#3371),.UNSPECIFIED.,
.F.,.F.,(4,4),(0.E0,1.E0),.UNSPECIFIED.);
#3401=B_SPLINE_CURVE_WITH_KNOTS('',3,(#3397,#3398,#3399,#3400),.UNSPECIFIED.,
.F.,.F.,(4,4),(0.E0,1.E0),.UNSPECIFIED.);
#3486=B_SPLINE_CURVE_WITH_KNOTS('',3,(#3482,#3483,#3484,#3485),.UNSPECIFIED.,
.F.,.F.,(4,4),(0.E0,1.E0),.UNSPECIFIED.);
#3508=B_SPLINE_CURVE_WITH_KNOTS('',3,(#3504,#3505,#3506,#3507),.UNSPECIFIED.,
.F.,.F.,(4,4),(0.E0,1.E0),.UNSPECIFIED.);
#3537=B_SPLINE_CURVE_WITH_KNOTS('',3,(#3533,#3534,#3535,#3536),.UNSPECIFIED.,
.F.,.F.,(4,4),(0.E0,1.E0),.UNSPECIFIED.);
#3573=B_SPLINE_CURVE_WITH_KNOTS('',3,(#3569,#3570,#3571,#3572),.UNSPECIFIED.,
.F.,.F.,(4,4),(0.E0,1.E0),.UNSPECIFIED.);
#3602=B_SPLINE_CURVE_WITH_KNOTS('',3,(#3598,#3599,#3600,#3601),.UNSPECIFIED.,
.F.,.F.,(4,4),(0.E0,1.E0),.UNSPECIFIED.);
#3638=B_SPLINE_CURVE_WITH_KNOTS('',3,(#3634,#3635,#3636,#3637),.UNSPECIFIED.,
.F.,.F.,(4,4),(0.E0,1.E0),.UNSPECIFIED.);
#3667=B_SPLINE_CURVE_WITH_KNOTS('',3,(#3663,#3664,#3665,#3666),.UNSPECIFIED.,
.F.,.F.,(4,4),(0.E0,1.E0),.UNSPECIFIED.);
#3703=B_SPLINE_CURVE_WITH_KNOTS('',3,(#3699,#3700,#3701,#3702),.UNSPECIFIED.,
.F.,.F.,(4,4),(0.E0,1.E0),.UNSPECIFIED.);
#3732=B_SPLINE_CURVE_WITH_KNOTS('',3,(#3728,#3729,#3730,#3731),.UNSPECIFIED.,
.F.,.F.,(4,4),(0.E0,1.E0),.UNSPECIFIED.);
#3768=B_SPLINE_CURVE_WITH_KNOTS('',3,(#3764,#3765,#3766,#3767),.UNSPECIFIED.,
.F.,.F.,(4,4),(0.E0,1.E0),.UNSPECIFIED.);
#3797=B_SPLINE_CURVE_WITH_KNOTS('',3,(#3793,#3794,#3795,#3796),.UNSPECIFIED.,
.F.,.F.,(4,4),(0.E0,1.E0),.UNSPECIFIED.);
#3833=B_SPLINE_CURVE_WITH_KNOTS('',3,(#3829,#3830,#3831,#3832),.UNSPECIFIED.,
.F.,.F.,(4,4),(0.E0,1.E0),.UNSPECIFIED.);
#3862=B_SPLINE_CURVE_WITH_KNOTS('',3,(#3858,#3859,#3860,#3861),.UNSPECIFIED.,
.F.,.F.,(4,4),(0.E0,1.E0),.UNSPECIFIED.);
#3899=B_SPLINE_CURVE_WITH_KNOTS('',3,(#3894,#3895,#3896,#3897,#3898),
.UNSPECIFIED.,.F.,.F.,(4,1,4),(0.E0,5.E-1,1.E0),.UNSPECIFIED.);
#3915=B_SPLINE_CURVE_WITH_KNOTS('',3,(#3910,#3911,#3912,#3913,#3914),
.UNSPECIFIED.,.F.,.F.,(4,1,4),(0.E0,5.E-1,1.E0),.UNSPECIFIED.);
#3931=B_SPLINE_CURVE_WITH_KNOTS('',3,(#3926,#3927,#3928,#3929,#3930),
.UNSPECIFIED.,.F.,.F.,(4,1,4),(0.E0,5.E-1,1.E0),.UNSPECIFIED.);
#3940=B_SPLINE_CURVE_WITH_KNOTS('',3,(#3935,#3936,#3937,#3938,#3939),
.UNSPECIFIED.,.F.,.F.,(4,1,4),(0.E0,5.E-1,1.E0),.UNSPECIFIED.);
#3956=B_SPLINE_CURVE_WITH_KNOTS('',3,(#3951,#3952,#3953,#3954,#3955),
.UNSPECIFIED.,.F.,.F.,(4,1,4),(0.E0,5.E-1,1.E0),.UNSPECIFIED.);
#4733=EDGE_CURVE('',#4006,#4007,#47,.T.);
#4735=EDGE_CURVE('',#4011,#4007,#55,.T.);
#4737=EDGE_CURVE('',#4011,#4017,#62,.T.);
#4739=EDGE_CURVE('',#4017,#4014,#69,.T.);
#4741=EDGE_CURVE('',#4014,#4015,#76,.T.);
#4743=EDGE_CURVE('',#4019,#4015,#83,.T.);
#4745=EDGE_CURVE('',#4019,#4025,#90,.T.);
#4747=EDGE_CURVE('',#4025,#4022,#97,.T.);
#4749=EDGE_CURVE('',#4022,#4023,#104,.T.);
#4751=EDGE_CURVE('',#4027,#4023,#111,.T.);
#4753=EDGE_CURVE('',#4027,#4033,#118,.T.);
#4755=EDGE_CURVE('',#4033,#4030,#125,.T.);
#4757=EDGE_CURVE('',#4030,#4031,#132,.T.);
#4759=EDGE_CURVE('',#4035,#4031,#139,.T.);
#4761=EDGE_CURVE('',#4035,#4041,#146,.T.);
#4763=EDGE_CURVE('',#4041,#4038,#153,.T.);
#4765=EDGE_CURVE('',#4038,#4039,#160,.T.);
#4767=EDGE_CURVE('',#4043,#4039,#167,.T.);
#4769=EDGE_CURVE('',#4043,#3999,#174,.T.);
#4771=EDGE_CURVE('',#3999,#4195,#181,.T.);
#4773=EDGE_CURVE('',#4195,#4191,#188,.T.);
#4775=EDGE_CURVE('',#4190,#4191,#195,.T.);
#4777=EDGE_CURVE('',#4193,#4190,#202,.T.);
#4779=EDGE_CURVE('',#4193,#4187,#209,.T.);
#4781=EDGE_CURVE('',#4187,#4183,#216,.T.);
#4783=EDGE_CURVE('',#4182,#4183,#223,.T.);
#4785=EDGE_CURVE('',#4185,#4182,#230,.T.);
#4787=EDGE_CURVE('',#4185,#4179,#237,.T.);
#4789=EDGE_CURVE('',#4179,#4175,#244,.T.);
#4791=EDGE_CURVE('',#4174,#4175,#251,.T.);
#4793=EDGE_CURVE('',#4177,#4174,#258,.T.);
#4795=EDGE_CURVE('',#4177,#4171,#265,.T.);
#4797=EDGE_CURVE('',#4171,#4167,#272,.T.);
#4799=EDGE_CURVE('',#4166,#4167,#279,.T.);
#4801=EDGE_CURVE('',#4169,#4166,#286,.T.);
#4803=EDGE_CURVE('',#4169,#4163,#293,.T.);
#4805=EDGE_CURVE('',#4163,#4159,#300,.T.);
#4807=EDGE_CURVE('',#4158,#4159,#307,.T.);
#4809=EDGE_CURVE('',#4161,#4158,#314,.T.);
#4811=EDGE_CURVE('',#4161,#4155,#321,.T.);
#4813=EDGE_CURVE('',#4155,#4151,#328,.T.);
#4815=EDGE_CURVE('',#4150,#4151,#335,.T.);
#4817=EDGE_CURVE('',#4153,#4150,#342,.T.);
#4819=EDGE_CURVE('',#4153,#4147,#349,.T.);
#4821=EDGE_CURVE('',#4147,#4143,#356,.T.);
#4823=EDGE_CURVE('',#4142,#4143,#363,.T.);
#4825=EDGE_CURVE('',#4145,#4142,#370,.T.);
#4827=EDGE_CURVE('',#4145,#4001,#377,.T.);
#4829=EDGE_CURVE('',#4001,#4083,#384,.T.);
#4831=EDGE_CURVE('',#4083,#4079,#391,.T.);
#4833=EDGE_CURVE('',#4078,#4079,#398,.T.);
#4835=EDGE_CURVE('',#4081,#4078,#405,.T.);
#4837=EDGE_CURVE('',#4081,#4075,#412,.T.);
#4839=EDGE_CURVE('',#4075,#4071,#419,.T.);
#4841=EDGE_CURVE('',#4070,#4071,#426,.T.);
#4843=EDGE_CURVE('',#4073,#4070,#433,.T.);
#4845=EDGE_CURVE('',#4073,#4067,#440,.T.);
#4847=EDGE_CURVE('',#4067,#4063,#447,.T.);
#4849=EDGE_CURVE('',#4062,#4063,#454,.T.);
#4851=EDGE_CURVE('',#4065,#4062,#461,.T.);
#4853=EDGE_CURVE('',#4065,#4059,#468,.T.);
#4855=EDGE_CURVE('',#4059,#4055,#475,.T.);
#4857=EDGE_CURVE('',#4054,#4055,#482,.T.);
#4859=EDGE_CURVE('',#4057,#4054,#489,.T.);
#4861=EDGE_CURVE('',#4057,#4051,#496,.T.);
#4863=EDGE_CURVE('',#4051,#4047,#503,.T.);
#4865=EDGE_CURVE('',#4046,#4047,#510,.T.);
#4867=EDGE_CURVE('',#4049,#4046,#517,.T.);
#4869=EDGE_CURVE('',#4049,#4003,#524,.T.);
#4871=EDGE_CURVE('',#4003,#4089,#531,.T.);
#4873=EDGE_CURVE('',#4089,#4086,#538,.T.);
#4875=EDGE_CURVE('',#4086,#4087,#545,.T.);
#4877=EDGE_CURVE('',#4091,#4087,#552,.T.);
#4879=EDGE_CURVE('',#4091,#4097,#559,.T.);
#4881=EDGE_CURVE('',#4097,#4094,#566,.T.);
#4883=EDGE_CURVE('',#4094,#4095,#573,.T.);
#4885=EDGE_CURVE('',#4099,#4095,#580,.T.);
#4887=EDGE_CURVE('',#4099,#4105,#587,.T.);
#4889=EDGE_CURVE('',#4105,#4102,#594,.T.);
#4891=EDGE_CURVE('',#4102,#4103,#601,.T.);
#4893=EDGE_CURVE('',#4107,#4103,#608,.T.);
#4895=EDGE_CURVE('',#4107,#4113,#615,.T.);
#4897=EDGE_CURVE('',#4113,#4110,#622,.T.);
#4899=EDGE_CURVE('',#4110,#4111,#629,.T.);
#4901=EDGE_CURVE('',#4115,#4111,#636,.T.);
#4903=EDGE_CURVE('',#4115,#4121,#643,.T.);
#4905=EDGE_CURVE('',#4121,#4118,#650,.T.);
#4907=EDGE_CURVE('',#4118,#4119,#657,.T.);
#4909=EDGE_CURVE('',#4123,#4119,#664,.T.);
#4911=EDGE_CURVE('',#4123,#4129,#671,.T.);
#4913=EDGE_CURVE('',#4129,#4126,#678,.T.);
#4915=EDGE_CURVE('',#4126,#4127,#685,.T.);
#4917=EDGE_CURVE('',#4131,#4127,#692,.T.);
#4919=EDGE_CURVE('',#4131,#4137,#699,.T.);
#4921=EDGE_CURVE('',#4137,#4134,#706,.T.);
#4923=EDGE_CURVE('',#4134,#4135,#713,.T.);
#4925=EDGE_CURVE('',#4139,#4135,#720,.T.);
#4927=EDGE_CURVE('',#4139,#3997,#727,.T.);
#4929=EDGE_CURVE('',#3997,#4009,#734,.T.);
#4931=EDGE_CURVE('',#4009,#4006,#741,.T.);
#4935=EDGE_CURVE('',#4198,#4199,#748,.T.);
#4937=EDGE_CURVE('',#4205,#4198,#755,.T.);
#4939=EDGE_CURVE('',#4203,#4205,#762,.T.);
#4941=EDGE_CURVE('',#4201,#4203,#769,.T.);
#4943=EDGE_CURVE('',#4199,#4201,#776,.T.);
#4954=EDGE_CURVE('',#4006,#4432,#783,.T.);
#4956=EDGE_CURVE('',#4432,#4433,#790,.T.);
#4958=EDGE_CURVE('',#4433,#4007,#797,.T.);
#4969=EDGE_CURVE('',#4009,#4223,#882,.T.);
#4971=EDGE_CURVE('',#4436,#4223,#805,.T.);
#4973=EDGE_CURVE('',#4436,#4437,#812,.T.);
#4975=EDGE_CURVE('',#4432,#4437,#819,.T.);
#4988=EDGE_CURVE('',#3997,#3990,#889,.T.);
#4990=EDGE_CURVE('',#3990,#3991,#3963,.T.);
#4992=EDGE_CURVE('',#3999,#3991,#1470,.T.);
#4995=EDGE_CURVE('',#4241,#4043,#896,.T.);
#4997=EDGE_CURVE('',#4241,#4239,#903,.T.);
#4999=EDGE_CURVE('',#4041,#4239,#910,.T.);
#5002=EDGE_CURVE('',#4237,#4035,#917,.T.);
#5004=EDGE_CURVE('',#4237,#4235,#924,.T.);
#5006=EDGE_CURVE('',#4033,#4235,#931,.T.);
#5009=EDGE_CURVE('',#4233,#4027,#938,.T.);
#5011=EDGE_CURVE('',#4233,#4231,#945,.T.);
#5013=EDGE_CURVE('',#4025,#4231,#952,.T.);
#5016=EDGE_CURVE('',#4229,#4019,#959,.T.);
#5018=EDGE_CURVE('',#4229,#4227,#966,.T.);
#5020=EDGE_CURVE('',#4017,#4227,#973,.T.);
#5023=EDGE_CURVE('',#4225,#4011,#980,.T.);
#5025=EDGE_CURVE('',#4225,#4223,#987,.T.);
#5029=EDGE_CURVE('',#4208,#4209,#826,.T.);
#5031=EDGE_CURVE('',#4208,#4216,#833,.T.);
#5033=EDGE_CURVE('',#4216,#4217,#840,.T.);
#5035=EDGE_CURVE('',#4209,#4217,#847,.T.);
#5039=EDGE_CURVE('',#4212,#4213,#854,.T.);
#5041=EDGE_CURVE('',#4212,#4221,#861,.T.);
#5043=EDGE_CURVE('',#4220,#4221,#868,.T.);
#5045=EDGE_CURVE('',#4213,#4220,#875,.T.);
#5056=EDGE_CURVE('',#4372,#4209,#994,.T.);
#5058=EDGE_CURVE('',#4372,#4373,#1001,.T.);
#5060=EDGE_CURVE('',#4373,#4208,#1155,.T.);
#5071=EDGE_CURVE('',#4213,#4368,#1211,.T.);
#5073=EDGE_CURVE('',#4368,#4369,#1008,.T.);
#5075=EDGE_CURVE('',#4369,#4212,#1015,.T.);
#5085=EDGE_CURVE('',#4244,#4245,#1267,.T.);
#5087=EDGE_CURVE('',#4245,#4393,#1022,.T.);
#5089=EDGE_CURVE('',#4392,#4393,#1029,.T.);
#5091=EDGE_CURVE('',#4392,#4244,#1477,.T.);
#5101=EDGE_CURVE('',#4248,#4249,#1295,.T.);
#5103=EDGE_CURVE('',#4249,#4397,#1505,.T.);
#5105=EDGE_CURVE('',#4396,#4397,#1036,.T.);
#5107=EDGE_CURVE('',#4248,#4396,#1043,.T.);
#5117=EDGE_CURVE('',#4288,#4289,#1561,.T.);
#5119=EDGE_CURVE('',#4377,#4289,#1050,.T.);
#5121=EDGE_CURVE('',#4376,#4377,#1057,.T.);
#5123=EDGE_CURVE('',#4376,#4288,#1729,.T.);
#5133=EDGE_CURVE('',#4292,#4293,#1589,.T.);
#5135=EDGE_CURVE('',#4293,#4381,#1792,.T.);
#5137=EDGE_CURVE('',#4380,#4381,#1064,.T.);
#5139=EDGE_CURVE('',#4380,#4292,#1071,.T.);
#5149=EDGE_CURVE('',#4324,#4325,#1848,.T.);
#5151=EDGE_CURVE('',#4325,#4388,#1078,.T.);
#5153=EDGE_CURVE('',#4388,#4389,#1085,.T.);
#5155=EDGE_CURVE('',#4389,#4324,#2058,.T.);
#5165=EDGE_CURVE('',#4328,#4329,#1876,.T.);
#5167=EDGE_CURVE('',#4329,#4384,#2128,.T.);
#5169=EDGE_CURVE('',#4384,#4385,#1092,.T.);
#5171=EDGE_CURVE('',#4328,#4385,#1099,.T.);
#5182=EDGE_CURVE('',#4400,#4217,#1127,.T.);
#5184=EDGE_CURVE('',#4372,#4400,#1106,.T.);
#5196=EDGE_CURVE('',#4216,#4401,#1113,.T.);
#5198=EDGE_CURVE('',#4400,#4401,#1120,.T.);
#5209=EDGE_CURVE('',#4332,#4333,#1890,.T.);
#5211=EDGE_CURVE('',#4333,#4404,#1134,.T.);
#5213=EDGE_CURVE('',#4404,#4405,#1141,.T.);
#5215=EDGE_CURVE('',#4405,#4332,#1148,.T.);
#5227=EDGE_CURVE('',#4373,#4401,#1162,.T.);
#5239=EDGE_CURVE('',#4368,#4417,#1204,.T.);
#5241=EDGE_CURVE('',#4416,#4417,#1225,.T.);
#5243=EDGE_CURVE('',#4369,#4416,#1260,.T.);
#5266=EDGE_CURVE('',#4440,#4436,#2384,.T.);
#5268=EDGE_CURVE('',#4440,#4441,#2341,.T.);
#5270=EDGE_CURVE('',#4441,#4437,#1169,.T.);
#5280=EDGE_CURVE('',#4448,#4449,#2637,.T.);
#5282=EDGE_CURVE('',#4452,#4448,#2377,.T.);
#5284=EDGE_CURVE('',#4452,#4453,#2593,.T.);
#5286=EDGE_CURVE('',#4453,#4449,#1176,.T.);
#5296=EDGE_CURVE('',#4460,#4461,#2572,.T.);
#5298=EDGE_CURVE('',#4464,#4460,#2370,.T.);
#5300=EDGE_CURVE('',#4464,#4465,#2528,.T.);
#5302=EDGE_CURVE('',#4465,#4461,#1183,.T.);
#5312=EDGE_CURVE('',#4472,#4473,#2507,.T.);
#5314=EDGE_CURVE('',#4476,#4472,#2363,.T.);
#5316=EDGE_CURVE('',#4476,#4477,#2463,.T.);
#5318=EDGE_CURVE('',#4477,#4473,#1190,.T.);
#5328=EDGE_CURVE('',#4484,#4485,#2442,.T.);
#5330=EDGE_CURVE('',#4488,#4484,#2356,.T.);
#5332=EDGE_CURVE('',#4488,#4489,#2398,.T.);
#5334=EDGE_CURVE('',#4489,#4485,#1197,.T.);
#5345=EDGE_CURVE('',#4220,#4417,#1232,.T.);
#5358=EDGE_CURVE('',#4416,#4221,#1218,.T.);
#5370=EDGE_CURVE('',#4252,#4253,#1281,.T.);
#5372=EDGE_CURVE('',#4421,#4252,#1239,.T.);
#5374=EDGE_CURVE('',#4420,#4421,#1246,.T.);
#5376=EDGE_CURVE('',#4253,#4420,#1253,.T.);
#5398=EDGE_CURVE('',#4145,#4259,#1323,.T.);
#5400=EDGE_CURVE('',#4259,#4261,#1330,.T.);
#5402=EDGE_CURVE('',#4261,#4147,#1337,.T.);
#5405=EDGE_CURVE('',#4153,#4263,#1344,.T.);
#5407=EDGE_CURVE('',#4263,#4265,#1351,.T.);
#5409=EDGE_CURVE('',#4265,#4155,#1358,.T.);
#5412=EDGE_CURVE('',#4161,#4267,#1365,.T.);
#5414=EDGE_CURVE('',#4267,#4269,#1372,.T.);
#5416=EDGE_CURVE('',#4269,#4163,#1379,.T.);
#5419=EDGE_CURVE('',#4169,#4271,#1386,.T.);
#5421=EDGE_CURVE('',#4271,#4273,#1393,.T.);
#5423=EDGE_CURVE('',#4273,#4171,#1400,.T.);
#5426=EDGE_CURVE('',#4177,#4275,#1407,.T.);
#5428=EDGE_CURVE('',#4275,#4277,#1414,.T.);
#5430=EDGE_CURVE('',#4277,#4179,#1421,.T.);
#5433=EDGE_CURVE('',#4185,#4279,#1428,.T.);
#5435=EDGE_CURVE('',#4279,#4281,#1435,.T.);
#5437=EDGE_CURVE('',#4281,#4187,#1442,.T.);
#5440=EDGE_CURVE('',#4193,#4283,#1449,.T.);
#5442=EDGE_CURVE('',#4283,#4285,#1456,.T.);
#5444=EDGE_CURVE('',#4285,#4195,#1463,.T.);
#5448=EDGE_CURVE('',#3991,#3993,#3984,.T.);
#5450=EDGE_CURVE('',#4001,#3993,#1722,.T.);
#5456=EDGE_CURVE('',#4244,#4252,#1274,.T.);
#5459=EDGE_CURVE('',#4245,#4253,#1288,.T.);
#5464=EDGE_CURVE('',#4248,#4257,#1302,.T.);
#5466=EDGE_CURVE('',#4256,#4257,#1309,.T.);
#5468=EDGE_CURVE('',#4249,#4256,#1316,.T.);
#5480=EDGE_CURVE('',#4392,#4421,#1484,.T.);
#5492=EDGE_CURVE('',#4393,#4420,#1491,.T.);
#5505=EDGE_CURVE('',#4397,#4429,#1498,.T.);
#5507=EDGE_CURVE('',#4428,#4429,#1519,.T.);
#5509=EDGE_CURVE('',#4396,#4428,#1554,.T.);
#5519=EDGE_CURVE('',#4641,#4639,#3478,.T.);
#5521=EDGE_CURVE('',#4643,#4639,#2285,.T.);
#5523=EDGE_CURVE('',#4645,#4643,#3408,.T.);
#5525=EDGE_CURVE('',#4641,#4645,#3422,.T.);
#5535=EDGE_CURVE('',#4653,#4651,#3500,.T.);
#5537=EDGE_CURVE('',#4655,#4651,#2292,.T.);
#5539=EDGE_CURVE('',#4657,#4655,#3544,.T.);
#5541=EDGE_CURVE('',#4653,#4657,#3429,.T.);
#5551=EDGE_CURVE('',#4665,#4663,#3565,.T.);
#5553=EDGE_CURVE('',#4667,#4663,#2299,.T.);
#5555=EDGE_CURVE('',#4669,#4667,#3609,.T.);
#5557=EDGE_CURVE('',#4665,#4669,#3436,.T.);
#5567=EDGE_CURVE('',#4677,#4675,#3630,.T.);
#5569=EDGE_CURVE('',#4679,#4675,#2306,.T.);
#5571=EDGE_CURVE('',#4681,#4679,#3674,.T.);
#5573=EDGE_CURVE('',#4677,#4681,#3443,.T.);
#5583=EDGE_CURVE('',#4689,#4687,#3695,.T.);
#5585=EDGE_CURVE('',#4691,#4687,#2313,.T.);
#5587=EDGE_CURVE('',#4693,#4691,#3739,.T.);
#5589=EDGE_CURVE('',#4689,#4693,#3450,.T.);
#5599=EDGE_CURVE('',#4701,#4699,#3760,.T.);
#5601=EDGE_CURVE('',#4703,#4699,#2320,.T.);
#5603=EDGE_CURVE('',#4705,#4703,#3804,.T.);
#5605=EDGE_CURVE('',#4701,#4705,#3457,.T.);
#5615=EDGE_CURVE('',#4713,#4711,#3825,.T.);
#5617=EDGE_CURVE('',#4715,#4711,#2327,.T.);
#5619=EDGE_CURVE('',#4717,#4715,#3869,.T.);
#5621=EDGE_CURVE('',#4713,#4717,#3464,.T.);
#5644=EDGE_CURVE('',#4429,#4256,#1526,.T.);
#5657=EDGE_CURVE('',#4257,#4428,#1512,.T.);
#5669=EDGE_CURVE('',#4300,#4301,#1575,.T.);
#5671=EDGE_CURVE('',#4300,#4425,#1533,.T.);
#5673=EDGE_CURVE('',#4424,#4425,#1540,.T.);
#5675=EDGE_CURVE('',#4424,#4301,#1547,.T.);
#5697=EDGE_CURVE('',#4049,#4303,#1617,.T.);
#5699=EDGE_CURVE('',#4303,#4305,#1624,.T.);
#5701=EDGE_CURVE('',#4305,#4051,#1631,.T.);
#5704=EDGE_CURVE('',#4057,#4307,#1638,.T.);
#5706=EDGE_CURVE('',#4307,#4309,#1645,.T.);
#5708=EDGE_CURVE('',#4309,#4059,#1652,.T.);
#5711=EDGE_CURVE('',#4065,#4311,#1659,.T.);
#5713=EDGE_CURVE('',#4311,#4313,#1666,.T.);
#5715=EDGE_CURVE('',#4313,#4067,#1673,.T.);
#5718=EDGE_CURVE('',#4073,#4315,#1680,.T.);
#5720=EDGE_CURVE('',#4315,#4317,#1687,.T.);
#5722=EDGE_CURVE('',#4317,#4075,#1694,.T.);
#5725=EDGE_CURVE('',#4081,#4319,#1701,.T.);
#5727=EDGE_CURVE('',#4319,#4321,#1708,.T.);
#5729=EDGE_CURVE('',#4321,#4083,#1715,.T.);
#5733=EDGE_CURVE('',#3993,#3995,#3977,.T.);
#5735=EDGE_CURVE('',#4003,#3995,#1911,.T.);
#5741=EDGE_CURVE('',#4288,#4300,#1568,.T.);
#5744=EDGE_CURVE('',#4289,#4301,#1582,.T.);
#5749=EDGE_CURVE('',#4292,#4297,#1596,.T.);
#5751=EDGE_CURVE('',#4296,#4297,#1603,.T.);
#5753=EDGE_CURVE('',#4293,#4296,#1610,.T.);
#5765=EDGE_CURVE('',#4376,#4425,#1736,.T.);
#5777=EDGE_CURVE('',#4377,#4424,#1778,.T.);
#5790=EDGE_CURVE('',#4381,#4409,#1785,.T.);
#5792=EDGE_CURVE('',#4408,#4409,#1806,.T.);
#5794=EDGE_CURVE('',#4380,#4408,#1841,.T.);
#5804=EDGE_CURVE('',#4496,#4497,#2736,.T.);
#5806=EDGE_CURVE('',#4501,#4497,#1743,.T.);
#5808=EDGE_CURVE('',#4500,#4501,#2680,.T.);
#5810=EDGE_CURVE('',#4496,#4500,#2694,.T.);
#5820=EDGE_CURVE('',#4508,#4509,#2758,.T.);
#5822=EDGE_CURVE('',#4513,#4509,#1750,.T.);
#5824=EDGE_CURVE('',#4512,#4513,#2802,.T.);
#5826=EDGE_CURVE('',#4508,#4512,#2701,.T.);
#5836=EDGE_CURVE('',#4520,#4521,#2823,.T.);
#5838=EDGE_CURVE('',#4525,#4521,#1757,.T.);
#5840=EDGE_CURVE('',#4524,#4525,#2867,.T.);
#5842=EDGE_CURVE('',#4520,#4524,#2708,.T.);
#5852=EDGE_CURVE('',#4532,#4533,#2888,.T.);
#5854=EDGE_CURVE('',#4537,#4533,#1764,.T.);
#5856=EDGE_CURVE('',#4536,#4537,#2932,.T.);
#5858=EDGE_CURVE('',#4532,#4536,#2715,.T.);
#5868=EDGE_CURVE('',#4544,#4545,#2953,.T.);
#5870=EDGE_CURVE('',#4549,#4545,#1771,.T.);
#5872=EDGE_CURVE('',#4548,#4549,#2997,.T.);
#5874=EDGE_CURVE('',#4544,#4548,#2722,.T.);
#5897=EDGE_CURVE('',#4296,#4409,#1813,.T.);
#5910=EDGE_CURVE('',#4408,#4297,#1799,.T.);
#5922=EDGE_CURVE('',#4336,#4337,#1862,.T.);
#5924=EDGE_CURVE('',#4413,#4336,#1820,.T.);
#5926=EDGE_CURVE('',#4412,#4413,#1827,.T.);
#5928=EDGE_CURVE('',#4337,#4412,#1834,.T.);
#5950=EDGE_CURVE('',#4089,#4339,#1904,.T.);
#5954=EDGE_CURVE('',#3995,#3990,#3970,.T.);
#5958=EDGE_CURVE('',#4365,#4139,#1918,.T.);
#5960=EDGE_CURVE('',#4365,#4363,#1925,.T.);
#5962=EDGE_CURVE('',#4137,#4363,#1932,.T.);
#5965=EDGE_CURVE('',#4361,#4131,#1939,.T.);
#5967=EDGE_CURVE('',#4361,#4359,#1946,.T.);
#5969=EDGE_CURVE('',#4129,#4359,#1953,.T.);
#5972=EDGE_CURVE('',#4357,#4123,#1960,.T.);
#5974=EDGE_CURVE('',#4357,#4355,#1967,.T.);
#5976=EDGE_CURVE('',#4121,#4355,#1974,.T.);
#5979=EDGE_CURVE('',#4353,#4115,#1981,.T.);
#5981=EDGE_CURVE('',#4353,#4351,#1988,.T.);
#5983=EDGE_CURVE('',#4113,#4351,#1995,.T.);
#5986=EDGE_CURVE('',#4349,#4107,#2002,.T.);
#5988=EDGE_CURVE('',#4349,#4347,#2009,.T.);
#5990=EDGE_CURVE('',#4105,#4347,#2016,.T.);
#5993=EDGE_CURVE('',#4345,#4099,#2023,.T.);
#5995=EDGE_CURVE('',#4345,#4343,#2030,.T.);
#5997=EDGE_CURVE('',#4097,#4343,#2037,.T.);
#6000=EDGE_CURVE('',#4341,#4091,#2044,.T.);
#6002=EDGE_CURVE('',#4341,#4339,#2051,.T.);
#6007=EDGE_CURVE('',#4324,#4336,#1855,.T.);
#6010=EDGE_CURVE('',#4325,#4337,#1869,.T.);
#6015=EDGE_CURVE('',#4328,#4333,#1883,.T.);
#6018=EDGE_CURVE('',#4329,#4332,#1897,.T.);
#6030=EDGE_CURVE('',#4389,#4413,#2065,.T.);
#6042=EDGE_CURVE('',#4384,#4405,#2121,.T.);
#6045=EDGE_CURVE('',#4385,#4404,#2135,.T.);
#6056=EDGE_CURVE('',#4388,#4412,#2142,.T.);
#6068=EDGE_CURVE('',#4557,#4555,#2157,.T.);
#6070=EDGE_CURVE('',#4561,#4557,#2213,.T.);
#6072=EDGE_CURVE('',#4561,#4559,#3039,.T.);
#6074=EDGE_CURVE('',#4559,#4555,#2072,.T.);
#6084=EDGE_CURVE('',#4569,#4567,#3083,.T.);
#6086=EDGE_CURVE('',#4573,#4569,#2206,.T.);
#6088=EDGE_CURVE('',#4573,#4571,#3104,.T.);
#6090=EDGE_CURVE('',#4571,#4567,#2079,.T.);
#6100=EDGE_CURVE('',#4581,#4579,#3148,.T.);
#6102=EDGE_CURVE('',#4585,#4581,#2199,.T.);
#6104=EDGE_CURVE('',#4585,#4583,#3169,.T.);
#6106=EDGE_CURVE('',#4583,#4579,#2086,.T.);
#6116=EDGE_CURVE('',#4593,#4591,#3213,.T.);
#6118=EDGE_CURVE('',#4597,#4593,#2192,.T.);
#6120=EDGE_CURVE('',#4597,#4595,#3234,.T.);
#6122=EDGE_CURVE('',#4595,#4591,#2093,.T.);
#6132=EDGE_CURVE('',#4605,#4603,#3278,.T.);
#6134=EDGE_CURVE('',#4609,#4605,#2185,.T.);
#6136=EDGE_CURVE('',#4609,#4607,#3299,.T.);
#6138=EDGE_CURVE('',#4607,#4603,#2100,.T.);
#6148=EDGE_CURVE('',#4617,#4615,#3343,.T.);
#6150=EDGE_CURVE('',#4621,#4617,#2178,.T.);
#6152=EDGE_CURVE('',#4621,#4619,#3364,.T.);
#6154=EDGE_CURVE('',#4619,#4615,#2107,.T.);
#6164=EDGE_CURVE('',#4629,#4627,#2271,.T.);
#6166=EDGE_CURVE('',#4633,#4629,#2171,.T.);
#6168=EDGE_CURVE('',#4633,#4631,#2227,.T.);
#6170=EDGE_CURVE('',#4631,#4627,#2114,.T.);
#6218=EDGE_CURVE('',#4557,#4339,#2150,.T.);
#6221=EDGE_CURVE('',#4552,#4555,#2164,.T.);
#6223=EDGE_CURVE('',#4086,#4552,#3011,.T.);
#6234=EDGE_CURVE('',#4633,#4365,#2235,.T.);
#6237=EDGE_CURVE('',#4629,#4363,#2264,.T.);
#6248=EDGE_CURVE('',#4621,#4361,#3372,.T.);
#6251=EDGE_CURVE('',#4617,#4359,#3336,.T.);
#6262=EDGE_CURVE('',#4609,#4357,#3307,.T.);
#6265=EDGE_CURVE('',#4605,#4355,#3271,.T.);
#6276=EDGE_CURVE('',#4597,#4353,#3242,.T.);
#6279=EDGE_CURVE('',#4593,#4351,#3206,.T.);
#6290=EDGE_CURVE('',#4585,#4349,#3177,.T.);
#6293=EDGE_CURVE('',#4581,#4347,#3141,.T.);
#6304=EDGE_CURVE('',#4573,#4345,#3112,.T.);
#6307=EDGE_CURVE('',#4569,#4343,#3076,.T.);
#6318=EDGE_CURVE('',#4561,#4341,#3047,.T.);
#6331=EDGE_CURVE('',#4625,#4135,#2256,.T.);
#6333=EDGE_CURVE('',#4625,#4631,#2220,.T.);
#6347=EDGE_CURVE('',#4134,#4624,#2242,.T.);
#6349=EDGE_CURVE('',#4624,#4625,#2249,.T.);
#6364=EDGE_CURVE('',#4624,#4627,#2278,.T.);
#6378=EDGE_CURVE('',#4433,#4441,#2334,.T.);
#6388=EDGE_CURVE('',#4444,#4445,#2615,.T.);
#6390=EDGE_CURVE('',#4444,#4449,#2644,.T.);
#6393=EDGE_CURVE('',#4445,#4453,#2586,.T.);
#6403=EDGE_CURVE('',#4456,#4457,#2550,.T.);
#6405=EDGE_CURVE('',#4456,#4461,#2579,.T.);
#6408=EDGE_CURVE('',#4457,#4465,#2521,.T.);
#6418=EDGE_CURVE('',#4468,#4469,#2485,.T.);
#6420=EDGE_CURVE('',#4468,#4473,#2514,.T.);
#6423=EDGE_CURVE('',#4469,#4477,#2456,.T.);
#6433=EDGE_CURVE('',#4480,#4481,#2420,.T.);
#6435=EDGE_CURVE('',#4480,#4485,#2449,.T.);
#6438=EDGE_CURVE('',#4481,#4489,#2391,.T.);
#6448=EDGE_CURVE('',#4492,#4493,#2658,.T.);
#6450=EDGE_CURVE('',#4493,#4501,#2687,.T.);
#6453=EDGE_CURVE('',#4492,#4497,#2729,.T.);
#6463=EDGE_CURVE('',#4504,#4505,#2780,.T.);
#6465=EDGE_CURVE('',#4505,#4513,#2809,.T.);
#6468=EDGE_CURVE('',#4504,#4509,#2751,.T.);
#6478=EDGE_CURVE('',#4516,#4517,#2845,.T.);
#6480=EDGE_CURVE('',#4517,#4525,#2874,.T.);
#6483=EDGE_CURVE('',#4516,#4521,#2816,.T.);
#6493=EDGE_CURVE('',#4528,#4529,#2910,.T.);
#6495=EDGE_CURVE('',#4529,#4537,#2939,.T.);
#6498=EDGE_CURVE('',#4528,#4533,#2881,.T.);
#6508=EDGE_CURVE('',#4540,#4541,#2975,.T.);
#6510=EDGE_CURVE('',#4541,#4549,#3004,.T.);
#6513=EDGE_CURVE('',#4540,#4545,#2946,.T.);
#6523=EDGE_CURVE('',#4552,#4553,#3018,.T.);
#6527=EDGE_CURVE('',#4553,#4559,#3032,.T.);
#6537=EDGE_CURVE('',#4564,#4565,#3061,.T.);
#6539=EDGE_CURVE('',#4564,#4567,#3090,.T.);
#6542=EDGE_CURVE('',#4565,#4571,#3097,.T.);
#6552=EDGE_CURVE('',#4576,#4577,#3126,.T.);
#6554=EDGE_CURVE('',#4576,#4579,#3155,.T.);
#6557=EDGE_CURVE('',#4577,#4583,#3162,.T.);
#6567=EDGE_CURVE('',#4588,#4589,#3191,.T.);
#6569=EDGE_CURVE('',#4588,#4591,#3220,.T.);
#6572=EDGE_CURVE('',#4589,#4595,#3227,.T.);
#6582=EDGE_CURVE('',#4600,#4601,#3256,.T.);
#6584=EDGE_CURVE('',#4600,#4603,#3285,.T.);
#6587=EDGE_CURVE('',#4601,#4607,#3292,.T.);
#6597=EDGE_CURVE('',#4612,#4613,#3321,.T.);
#6599=EDGE_CURVE('',#4612,#4615,#3350,.T.);
#6602=EDGE_CURVE('',#4613,#4619,#3357,.T.);
#6624=EDGE_CURVE('',#4636,#4637,#3386,.T.);
#6626=EDGE_CURVE('',#4637,#4643,#3415,.T.);
#6629=EDGE_CURVE('',#4636,#4639,#3471,.T.);
#6639=EDGE_CURVE('',#4648,#4649,#3522,.T.);
#6641=EDGE_CURVE('',#4649,#4655,#3551,.T.);
#6644=EDGE_CURVE('',#4648,#4651,#3493,.T.);
#6654=EDGE_CURVE('',#4660,#4661,#3587,.T.);
#6656=EDGE_CURVE('',#4661,#4667,#3616,.T.);
#6659=EDGE_CURVE('',#4660,#4663,#3558,.T.);
#6669=EDGE_CURVE('',#4672,#4673,#3652,.T.);
#6671=EDGE_CURVE('',#4673,#4679,#3681,.T.);
#6674=EDGE_CURVE('',#4672,#4675,#3623,.T.);
#6684=EDGE_CURVE('',#4684,#4685,#3717,.T.);
#6686=EDGE_CURVE('',#4685,#4691,#3746,.T.);
#6689=EDGE_CURVE('',#4684,#4687,#3688,.T.);
#6699=EDGE_CURVE('',#4696,#4697,#3782,.T.);
#6701=EDGE_CURVE('',#4697,#4703,#3811,.T.);
#6704=EDGE_CURVE('',#4696,#4699,#3753,.T.);
#6714=EDGE_CURVE('',#4708,#4709,#3847,.T.);
#6716=EDGE_CURVE('',#4709,#4715,#3876,.T.);
#6719=EDGE_CURVE('',#4708,#4711,#3818,.T.);
#6729=EDGE_CURVE('',#4720,#4721,#3883,.T.);
#6731=EDGE_CURVE('',#4721,#4723,#3890,.T.);
#6733=EDGE_CURVE('',#4723,#4725,#3906,.T.);
#6735=EDGE_CURVE('',#4725,#4727,#3922,.T.);
#6737=EDGE_CURVE('',#4727,#4720,#3947,.T.);
#6751=EDGE_CURVE('',#4440,#4225,#2349,.T.);
#6763=EDGE_CURVE('',#4488,#4241,#2406,.T.);
#6766=EDGE_CURVE('',#4484,#4239,#2435,.T.);
#6777=EDGE_CURVE('',#4476,#4237,#2471,.T.);
#6780=EDGE_CURVE('',#4472,#4235,#2500,.T.);
#6791=EDGE_CURVE('',#4464,#4233,#2536,.T.);
#6794=EDGE_CURVE('',#4460,#4231,#2565,.T.);
#6805=EDGE_CURVE('',#4452,#4229,#2601,.T.);
#6808=EDGE_CURVE('',#4448,#4227,#2630,.T.);
#6831=EDGE_CURVE('',#4481,#4039,#2427,.T.);
#6846=EDGE_CURVE('',#4038,#4480,#2413,.T.);
#6873=EDGE_CURVE('',#4469,#4031,#2492,.T.);
#6888=EDGE_CURVE('',#4030,#4468,#2478,.T.);
#6915=EDGE_CURVE('',#4457,#4023,#2557,.T.);
#6930=EDGE_CURVE('',#4022,#4456,#2543,.T.);
#6957=EDGE_CURVE('',#4445,#4015,#2622,.T.);
#6972=EDGE_CURVE('',#4014,#4444,#2608,.T.);
#6999=EDGE_CURVE('',#4493,#4047,#2651,.T.);
#7002=EDGE_CURVE('',#4046,#4492,#2665,.T.);
#7014=EDGE_CURVE('',#4500,#4305,#2673,.T.);
#7028=EDGE_CURVE('',#4496,#4303,#2744,.T.);
#7041=EDGE_CURVE('',#4508,#4307,#2766,.T.);
#7044=EDGE_CURVE('',#4512,#4309,#2795,.T.);
#7055=EDGE_CURVE('',#4520,#4311,#2831,.T.);
#7058=EDGE_CURVE('',#4524,#4313,#2860,.T.);
#7069=EDGE_CURVE('',#4532,#4315,#2896,.T.);
#7072=EDGE_CURVE('',#4536,#4317,#2925,.T.);
#7083=EDGE_CURVE('',#4544,#4319,#2961,.T.);
#7086=EDGE_CURVE('',#4548,#4321,#2990,.T.);
#7111=EDGE_CURVE('',#4054,#4504,#2787,.T.);
#7126=EDGE_CURVE('',#4505,#4055,#2773,.T.);
#7153=EDGE_CURVE('',#4062,#4516,#2852,.T.);
#7168=EDGE_CURVE('',#4517,#4063,#2838,.T.);
#7195=EDGE_CURVE('',#4070,#4528,#2917,.T.);
#7210=EDGE_CURVE('',#4529,#4071,#2903,.T.);
#7237=EDGE_CURVE('',#4078,#4540,#2982,.T.);
#7252=EDGE_CURVE('',#4541,#4079,#2968,.T.);
#7281=EDGE_CURVE('',#4553,#4087,#3025,.T.);
#7306=EDGE_CURVE('',#4094,#4564,#3054,.T.);
#7309=EDGE_CURVE('',#4565,#4095,#3068,.T.);
#7348=EDGE_CURVE('',#4102,#4576,#3119,.T.);
#7351=EDGE_CURVE('',#4577,#4103,#3133,.T.);
#7390=EDGE_CURVE('',#4110,#4588,#3184,.T.);
#7393=EDGE_CURVE('',#4589,#4111,#3198,.T.);
#7432=EDGE_CURVE('',#4118,#4600,#3249,.T.);
#7435=EDGE_CURVE('',#4601,#4119,#3263,.T.);
#7474=EDGE_CURVE('',#4126,#4612,#3314,.T.);
#7477=EDGE_CURVE('',#4613,#4127,#3328,.T.);
#7516=EDGE_CURVE('',#4637,#4143,#3379,.T.);
#7519=EDGE_CURVE('',#4142,#4636,#3393,.T.);
#7531=EDGE_CURVE('',#4645,#4261,#3401,.T.);
#7545=EDGE_CURVE('',#4641,#4259,#3486,.T.);
#7558=EDGE_CURVE('',#4653,#4263,#3508,.T.);
#7561=EDGE_CURVE('',#4657,#4265,#3537,.T.);
#7572=EDGE_CURVE('',#4665,#4267,#3573,.T.);
#7575=EDGE_CURVE('',#4669,#4269,#3602,.T.);
#7586=EDGE_CURVE('',#4677,#4271,#3638,.T.);
#7589=EDGE_CURVE('',#4681,#4273,#3667,.T.);
#7600=EDGE_CURVE('',#4689,#4275,#3703,.T.);
#7603=EDGE_CURVE('',#4693,#4277,#3732,.T.);
#7614=EDGE_CURVE('',#4701,#4279,#3768,.T.);
#7617=EDGE_CURVE('',#4705,#4281,#3797,.T.);
#7628=EDGE_CURVE('',#4713,#4283,#3833,.T.);
#7631=EDGE_CURVE('',#4717,#4285,#3862,.T.);
#7656=EDGE_CURVE('',#4150,#4648,#3529,.T.);
#7671=EDGE_CURVE('',#4649,#4151,#3515,.T.);
#7698=EDGE_CURVE('',#4158,#4660,#3594,.T.);
#7713=EDGE_CURVE('',#4661,#4159,#3580,.T.);
#7740=EDGE_CURVE('',#4166,#4672,#3659,.T.);
#7755=EDGE_CURVE('',#4673,#4167,#3645,.T.);
#7782=EDGE_CURVE('',#4174,#4684,#3724,.T.);
#7797=EDGE_CURVE('',#4685,#4175,#3710,.T.);
#7824=EDGE_CURVE('',#4182,#4696,#3789,.T.);
#7839=EDGE_CURVE('',#4697,#4183,#3775,.T.);
#7866=EDGE_CURVE('',#4190,#4708,#3854,.T.);
#7881=EDGE_CURVE('',#4709,#4191,#3840,.T.);
#7908=EDGE_CURVE('',#4199,#4721,#3899,.T.);
#7911=EDGE_CURVE('',#4198,#4720,#3940,.T.);
#7922=EDGE_CURVE('',#4201,#4723,#3915,.T.);
#7935=EDGE_CURVE('',#4203,#4725,#3931,.T.);
#7948=EDGE_CURVE('',#4205,#4727,#3956,.T.);
#7987=(LENGTH_UNIT()NAMED_UNIT(*)SI_UNIT(.MILLI.,.METRE.));
#7989=(NAMED_UNIT(*)PLANE_ANGLE_UNIT()SI_UNIT($,.RADIAN.));
#7992=(NAMED_UNIT(*)SI_UNIT($,.STERADIAN.)SOLID_ANGLE_UNIT());
#7998=AXIS2_PLACEMENT_3D('',#7995,#7996,#7997);
#7999=ADVANCED_BREP_SHAPE_REPRESENTATION('',(#7998,#7980),#7994);
#8006=PRODUCT_DEFINITION('part definition','',#8005,#8002);
#8007=PRODUCT_DEFINITION_SHAPE('','SHAPE FOR BODY_SQA24B.',#8006);
#8008=SHAPE_DEFINITION_REPRESENTATION(#8007,#7999);
#8009=SHAPE_DEFINITION_REPRESENTATION(#8010,#8011);
#8010=PRODUCT_DEFINITION_SHAPE('','SHAPE FOR SQA24B_ASM.',#16733);
#8011=SHAPE_REPRESENTATION('',(#8017,#16712,#16727),#16723);
#8012=NEXT_ASSEMBLY_USAGE_OCCURRENCE('585','Next assembly relationship',
'BODY_SQA24B',#16733,#8006,$);
#8013=PRODUCT_DEFINITION_SHAPE('Placement #585',
'Placement of BODY_SQA24B with respect to SQA24B_ASM',#8012);
#8056=B_SPLINE_CURVE_WITH_KNOTS('',3,(#8052,#8053,#8054,#8055),.UNSPECIFIED.,
.F.,.F.,(4,4),(0.E0,1.E0),.UNSPECIFIED.);
#8141=B_SPLINE_CURVE_WITH_KNOTS('',3,(#8137,#8138,#8139,#8140),.UNSPECIFIED.,
.F.,.F.,(4,4),(0.E0,1.E0),.UNSPECIFIED.);
#8181=EDGE_CURVE('',#8158,#8159,#8027,.T.);
#8183=EDGE_CURVE('',#8158,#8154,#8034,.T.);
#8185=EDGE_CURVE('',#8154,#8155,#8105,.T.);
#8187=EDGE_CURVE('',#8159,#8155,#8070,.T.);
#8210=EDGE_CURVE('',#8159,#8161,#8063,.T.);
#8212=EDGE_CURVE('',#8163,#8161,#8041,.T.);
#8214=EDGE_CURVE('',#8163,#8158,#8133,.T.);
#8224=EDGE_CURVE('',#8170,#8171,#8048,.T.);
#8226=EDGE_CURVE('',#8170,#8161,#8056,.T.);
#8230=EDGE_CURVE('',#8155,#8166,#8098,.T.);
#8232=EDGE_CURVE('',#8166,#8171,#8077,.T.);
#8243=EDGE_CURVE('',#8175,#8171,#8084,.T.);
#8245=EDGE_CURVE('',#8174,#8175,#8119,.T.);
#8247=EDGE_CURVE('',#8174,#8170,#8148,.T.);
#8257=EDGE_CURVE('',#8166,#8167,#8091,.T.);
#8259=EDGE_CURVE('',#8167,#8175,#8126,.T.);
#8274=EDGE_CURVE('',#8167,#8154,#8112,.T.);
#8289=EDGE_CURVE('',#8174,#8163,#8141,.T.);
#8347=B_SPLINE_CURVE_WITH_KNOTS('',3,(#8343,#8344,#8345,#8346),.UNSPECIFIED.,
.F.,.F.,(4,4),(0.E0,1.E0),.UNSPECIFIED.);
#8432=B_SPLINE_CURVE_WITH_KNOTS('',3,(#8428,#8429,#8430,#8431),.UNSPECIFIED.,
.F.,.F.,(4,4),(0.E0,1.E0),.UNSPECIFIED.);
#8472=EDGE_CURVE('',#8449,#8450,#8318,.T.);
#8474=EDGE_CURVE('',#8449,#8445,#8325,.T.);
#8476=EDGE_CURVE('',#8445,#8446,#8396,.T.);
#8478=EDGE_CURVE('',#8450,#8446,#8361,.T.);
#8496=EDGE_CURVE('',#8450,#8452,#8354,.T.);
#8498=EDGE_CURVE('',#8454,#8452,#8332,.T.);
#8500=EDGE_CURVE('',#8454,#8449,#8424,.T.);
#8510=EDGE_CURVE('',#8461,#8462,#8339,.T.);
#8512=EDGE_CURVE('',#8461,#8452,#8347,.T.);
#8516=EDGE_CURVE('',#8446,#8457,#8389,.T.);
#8518=EDGE_CURVE('',#8457,#8462,#8368,.T.);
#8529=EDGE_CURVE('',#8466,#8462,#8375,.T.);
#8531=EDGE_CURVE('',#8465,#8466,#8410,.T.);
#8533=EDGE_CURVE('',#8465,#8461,#8439,.T.);
#8543=EDGE_CURVE('',#8457,#8458,#8382,.T.);
#8545=EDGE_CURVE('',#8458,#8466,#8417,.T.);
#8560=EDGE_CURVE('',#8458,#8445,#8403,.T.);
#8575=EDGE_CURVE('',#8465,#8454,#8432,.T.);
#8633=B_SPLINE_CURVE_WITH_KNOTS('',3,(#8629,#8630,#8631,#8632),.UNSPECIFIED.,
.F.,.F.,(4,4),(0.E0,1.E0),.UNSPECIFIED.);
#8718=B_SPLINE_CURVE_WITH_KNOTS('',3,(#8714,#8715,#8716,#8717),.UNSPECIFIED.,
.F.,.F.,(4,4),(0.E0,1.E0),.UNSPECIFIED.);
#8758=EDGE_CURVE('',#8735,#8736,#8604,.T.);
#8760=EDGE_CURVE('',#8735,#8731,#8611,.T.);
#8762=EDGE_CURVE('',#8731,#8732,#8682,.T.);
#8764=EDGE_CURVE('',#8736,#8732,#8647,.T.);
#8782=EDGE_CURVE('',#8736,#8738,#8640,.T.);
#8784=EDGE_CURVE('',#8740,#8738,#8618,.T.);
#8786=EDGE_CURVE('',#8740,#8735,#8710,.T.);
#8796=EDGE_CURVE('',#8747,#8748,#8625,.T.);
#8798=EDGE_CURVE('',#8747,#8738,#8633,.T.);
#8802=EDGE_CURVE('',#8732,#8743,#8675,.T.);
#8804=EDGE_CURVE('',#8743,#8748,#8654,.T.);
#8815=EDGE_CURVE('',#8752,#8748,#8661,.T.);
#8817=EDGE_CURVE('',#8751,#8752,#8696,.T.);
#8819=EDGE_CURVE('',#8751,#8747,#8725,.T.);
#8829=EDGE_CURVE('',#8743,#8744,#8668,.T.);
#8831=EDGE_CURVE('',#8744,#8752,#8703,.T.);
#8846=EDGE_CURVE('',#8744,#8731,#8689,.T.);
#8861=EDGE_CURVE('',#8751,#8740,#8718,.T.);
#8919=B_SPLINE_CURVE_WITH_KNOTS('',3,(#8915,#8916,#8917,#8918),.UNSPECIFIED.,
.F.,.F.,(4,4),(0.E0,1.E0),.UNSPECIFIED.);
#9004=B_SPLINE_CURVE_WITH_KNOTS('',3,(#9000,#9001,#9002,#9003),.UNSPECIFIED.,
.F.,.F.,(4,4),(0.E0,1.E0),.UNSPECIFIED.);
#9044=EDGE_CURVE('',#9021,#9022,#8890,.T.);
#9046=EDGE_CURVE('',#9021,#9017,#8897,.T.);
#9048=EDGE_CURVE('',#9017,#9018,#8968,.T.);
#9050=EDGE_CURVE('',#9022,#9018,#8933,.T.);
#9068=EDGE_CURVE('',#9022,#9024,#8926,.T.);
#9070=EDGE_CURVE('',#9026,#9024,#8904,.T.);
#9072=EDGE_CURVE('',#9026,#9021,#8996,.T.);
#9082=EDGE_CURVE('',#9033,#9034,#8911,.T.);
#9084=EDGE_CURVE('',#9033,#9024,#8919,.T.);
#9088=EDGE_CURVE('',#9018,#9029,#8961,.T.);
#9090=EDGE_CURVE('',#9029,#9034,#8940,.T.);
#9101=EDGE_CURVE('',#9038,#9034,#8947,.T.);
#9103=EDGE_CURVE('',#9037,#9038,#8982,.T.);
#9105=EDGE_CURVE('',#9037,#9033,#9011,.T.);
#9115=EDGE_CURVE('',#9029,#9030,#8954,.T.);
#9117=EDGE_CURVE('',#9030,#9038,#8989,.T.);
#9132=EDGE_CURVE('',#9030,#9017,#8975,.T.);
#9147=EDGE_CURVE('',#9037,#9026,#9004,.T.);
#9205=B_SPLINE_CURVE_WITH_KNOTS('',3,(#9201,#9202,#9203,#9204),.UNSPECIFIED.,
.F.,.F.,(4,4),(0.E0,1.E0),.UNSPECIFIED.);
#9290=B_SPLINE_CURVE_WITH_KNOTS('',3,(#9286,#9287,#9288,#9289),.UNSPECIFIED.,
.F.,.F.,(4,4),(0.E0,1.E0),.UNSPECIFIED.);
#9330=EDGE_CURVE('',#9307,#9308,#9176,.T.);
#9332=EDGE_CURVE('',#9307,#9303,#9183,.T.);
#9334=EDGE_CURVE('',#9303,#9304,#9254,.T.);
#9336=EDGE_CURVE('',#9308,#9304,#9219,.T.);
#9354=EDGE_CURVE('',#9308,#9310,#9212,.T.);
#9356=EDGE_CURVE('',#9312,#9310,#9190,.T.);
#9358=EDGE_CURVE('',#9312,#9307,#9282,.T.);
#9368=EDGE_CURVE('',#9319,#9320,#9197,.T.);
#9370=EDGE_CURVE('',#9319,#9310,#9205,.T.);
#9374=EDGE_CURVE('',#9304,#9315,#9247,.T.);
#9376=EDGE_CURVE('',#9315,#9320,#9226,.T.);
#9387=EDGE_CURVE('',#9324,#9320,#9233,.T.);
#9389=EDGE_CURVE('',#9323,#9324,#9268,.T.);
#9391=EDGE_CURVE('',#9323,#9319,#9297,.T.);
#9401=EDGE_CURVE('',#9315,#9316,#9240,.T.);
#9403=EDGE_CURVE('',#9316,#9324,#9275,.T.);
#9418=EDGE_CURVE('',#9316,#9303,#9261,.T.);
#9433=EDGE_CURVE('',#9323,#9312,#9290,.T.);
#9491=B_SPLINE_CURVE_WITH_KNOTS('',3,(#9487,#9488,#9489,#9490),.UNSPECIFIED.,
.F.,.F.,(4,4),(0.E0,1.E0),.UNSPECIFIED.);
#9548=B_SPLINE_CURVE_WITH_KNOTS('',3,(#9544,#9545,#9546,#9547),.UNSPECIFIED.,
.F.,.F.,(4,4),(0.E0,1.E0),.UNSPECIFIED.);
#9616=EDGE_CURVE('',#9593,#9594,#9462,.T.);
#9618=EDGE_CURVE('',#9593,#9590,#9533,.T.);
#9620=EDGE_CURVE('',#9589,#9590,#9569,.T.);
#9622=EDGE_CURVE('',#9594,#9589,#9469,.T.);
#9640=EDGE_CURVE('',#9598,#9594,#9498,.T.);
#9642=EDGE_CURVE('',#9596,#9598,#9476,.T.);
#9644=EDGE_CURVE('',#9593,#9596,#9540,.T.);
#9654=EDGE_CURVE('',#9609,#9610,#9483,.T.);
#9656=EDGE_CURVE('',#9609,#9598,#9491,.T.);
#9660=EDGE_CURVE('',#9602,#9589,#9562,.T.);
#9662=EDGE_CURVE('',#9602,#9610,#9505,.T.);
#9672=EDGE_CURVE('',#9605,#9606,#9519,.T.);
#9674=EDGE_CURVE('',#9605,#9609,#9583,.T.);
#9677=EDGE_CURVE('',#9610,#9606,#9512,.T.);
#9688=EDGE_CURVE('',#9601,#9606,#9526,.T.);
#9690=EDGE_CURVE('',#9590,#9601,#9576,.T.);
#9694=EDGE_CURVE('',#9605,#9596,#9548,.T.);
#9704=EDGE_CURVE('',#9601,#9602,#9555,.T.);
#9777=B_SPLINE_CURVE_WITH_KNOTS('',3,(#9773,#9774,#9775,#9776),.UNSPECIFIED.,
.F.,.F.,(4,4),(0.E0,1.E0),.UNSPECIFIED.);
#9834=B_SPLINE_CURVE_WITH_KNOTS('',3,(#9830,#9831,#9832,#9833),.UNSPECIFIED.,
.F.,.F.,(4,4),(0.E0,1.E0),.UNSPECIFIED.);
#9902=EDGE_CURVE('',#9879,#9880,#9748,.T.);
#9904=EDGE_CURVE('',#9879,#9876,#9819,.T.);
#9906=EDGE_CURVE('',#9875,#9876,#9855,.T.);
#9908=EDGE_CURVE('',#9880,#9875,#9755,.T.);
#9926=EDGE_CURVE('',#9884,#9880,#9784,.T.);
#9928=EDGE_CURVE('',#9882,#9884,#9762,.T.);
#9930=EDGE_CURVE('',#9879,#9882,#9826,.T.);
#9940=EDGE_CURVE('',#9895,#9896,#9769,.T.);
#9942=EDGE_CURVE('',#9895,#9884,#9777,.T.);
#9946=EDGE_CURVE('',#9888,#9875,#9848,.T.);
#9948=EDGE_CURVE('',#9888,#9896,#9791,.T.);
#9958=EDGE_CURVE('',#9891,#9892,#9805,.T.);
#9960=EDGE_CURVE('',#9891,#9895,#9869,.T.);
#9963=EDGE_CURVE('',#9896,#9892,#9798,.T.);
#9974=EDGE_CURVE('',#9887,#9892,#9812,.T.);
#9976=EDGE_CURVE('',#9876,#9887,#9862,.T.);
#9980=EDGE_CURVE('',#9891,#9882,#9834,.T.);
#9990=EDGE_CURVE('',#9887,#9888,#9841,.T.);
#10063=B_SPLINE_CURVE_WITH_KNOTS('',3,(#10059,#10060,#10061,#10062),
.UNSPECIFIED.,.F.,.F.,(4,4),(0.E0,1.E0),.UNSPECIFIED.);
#10120=B_SPLINE_CURVE_WITH_KNOTS('',3,(#10116,#10117,#10118,#10119),
.UNSPECIFIED.,.F.,.F.,(4,4),(0.E0,1.E0),.UNSPECIFIED.);
#10188=EDGE_CURVE('',#10165,#10166,#10034,.T.);
#10190=EDGE_CURVE('',#10165,#10162,#10105,.T.);
#10192=EDGE_CURVE('',#10161,#10162,#10141,.T.);
#10194=EDGE_CURVE('',#10166,#10161,#10041,.T.);
#10212=EDGE_CURVE('',#10170,#10166,#10070,.T.);
#10214=EDGE_CURVE('',#10168,#10170,#10048,.T.);
#10216=EDGE_CURVE('',#10165,#10168,#10112,.T.);
#10226=EDGE_CURVE('',#10181,#10182,#10055,.T.);
#10228=EDGE_CURVE('',#10181,#10170,#10063,.T.);
#10232=EDGE_CURVE('',#10174,#10161,#10134,.T.);
#10234=EDGE_CURVE('',#10174,#10182,#10077,.T.);
#10244=EDGE_CURVE('',#10177,#10178,#10091,.T.);
#10246=EDGE_CURVE('',#10177,#10181,#10155,.T.);
#10249=EDGE_CURVE('',#10182,#10178,#10084,.T.);
#10260=EDGE_CURVE('',#10173,#10178,#10098,.T.);
#10262=EDGE_CURVE('',#10162,#10173,#10148,.T.);
#10266=EDGE_CURVE('',#10177,#10168,#10120,.T.);
#10276=EDGE_CURVE('',#10173,#10174,#10127,.T.);
#10349=B_SPLINE_CURVE_WITH_KNOTS('',3,(#10345,#10346,#10347,#10348),
.UNSPECIFIED.,.F.,.F.,(4,4),(0.E0,1.E0),.UNSPECIFIED.);
#10406=B_SPLINE_CURVE_WITH_KNOTS('',3,(#10402,#10403,#10404,#10405),
.UNSPECIFIED.,.F.,.F.,(4,4),(0.E0,1.E0),.UNSPECIFIED.);
#10474=EDGE_CURVE('',#10451,#10452,#10320,.T.);
#10476=EDGE_CURVE('',#10451,#10448,#10391,.T.);
#10478=EDGE_CURVE('',#10447,#10448,#10427,.T.);
#10480=EDGE_CURVE('',#10452,#10447,#10327,.T.);
#10498=EDGE_CURVE('',#10456,#10452,#10356,.T.);
#10500=EDGE_CURVE('',#10454,#10456,#10334,.T.);
#10502=EDGE_CURVE('',#10451,#10454,#10398,.T.);
#10512=EDGE_CURVE('',#10467,#10468,#10341,.T.);
#10514=EDGE_CURVE('',#10467,#10456,#10349,.T.);
#10518=EDGE_CURVE('',#10460,#10447,#10420,.T.);
#10520=EDGE_CURVE('',#10460,#10468,#10363,.T.);
#10530=EDGE_CURVE('',#10463,#10464,#10377,.T.);
#10532=EDGE_CURVE('',#10463,#10467,#10441,.T.);
#10535=EDGE_CURVE('',#10468,#10464,#10370,.T.);
#10546=EDGE_CURVE('',#10459,#10464,#10384,.T.);
#10548=EDGE_CURVE('',#10448,#10459,#10434,.T.);
#10552=EDGE_CURVE('',#10463,#10454,#10406,.T.);
#10562=EDGE_CURVE('',#10459,#10460,#10413,.T.);
#10635=B_SPLINE_CURVE_WITH_KNOTS('',3,(#10631,#10632,#10633,#10634),
.UNSPECIFIED.,.F.,.F.,(4,4),(0.E0,1.E0),.UNSPECIFIED.);
#10692=B_SPLINE_CURVE_WITH_KNOTS('',3,(#10688,#10689,#10690,#10691),
.UNSPECIFIED.,.F.,.F.,(4,4),(0.E0,1.E0),.UNSPECIFIED.);
#10760=EDGE_CURVE('',#10737,#10738,#10606,.T.);
#10762=EDGE_CURVE('',#10737,#10734,#10677,.T.);
#10764=EDGE_CURVE('',#10733,#10734,#10713,.T.);
#10766=EDGE_CURVE('',#10738,#10733,#10613,.T.);
#10784=EDGE_CURVE('',#10742,#10738,#10642,.T.);
#10786=EDGE_CURVE('',#10740,#10742,#10620,.T.);
#10788=EDGE_CURVE('',#10737,#10740,#10684,.T.);
#10798=EDGE_CURVE('',#10753,#10754,#10627,.T.);
#10800=EDGE_CURVE('',#10753,#10742,#10635,.T.);
#10804=EDGE_CURVE('',#10746,#10733,#10706,.T.);
#10806=EDGE_CURVE('',#10746,#10754,#10649,.T.);
#10816=EDGE_CURVE('',#10749,#10750,#10663,.T.);
#10818=EDGE_CURVE('',#10749,#10753,#10727,.T.);
#10821=EDGE_CURVE('',#10754,#10750,#10656,.T.);
#10832=EDGE_CURVE('',#10745,#10750,#10670,.T.);
#10834=EDGE_CURVE('',#10734,#10745,#10720,.T.);
#10838=EDGE_CURVE('',#10749,#10740,#10692,.T.);
#10848=EDGE_CURVE('',#10745,#10746,#10699,.T.);
#10928=B_SPLINE_CURVE_WITH_KNOTS('',3,(#10924,#10925,#10926,#10927),
.UNSPECIFIED.,.F.,.F.,(4,4),(0.E0,1.E0),.UNSPECIFIED.);
#10992=B_SPLINE_CURVE_WITH_KNOTS('',3,(#10988,#10989,#10990,#10991),
.UNSPECIFIED.,.F.,.F.,(4,4),(0.E0,1.E0),.UNSPECIFIED.);
#11046=EDGE_CURVE('',#11023,#11024,#10892,.T.);
#11048=EDGE_CURVE('',#11023,#11019,#10899,.T.);
#11050=EDGE_CURVE('',#11019,#11020,#10963,.T.);
#11052=EDGE_CURVE('',#11024,#11020,#10942,.T.);
#11070=EDGE_CURVE('',#11024,#11026,#10935,.T.);
#11072=EDGE_CURVE('',#11028,#11026,#10906,.T.);
#11074=EDGE_CURVE('',#11028,#11023,#10984,.T.);
#11084=EDGE_CURVE('',#11031,#11034,#10913,.T.);
#11086=EDGE_CURVE('',#11036,#11034,#10920,.T.);
#11088=EDGE_CURVE('',#11036,#11026,#10928,.T.);
#11092=EDGE_CURVE('',#11020,#11031,#10956,.T.);
#11102=EDGE_CURVE('',#11031,#11032,#10949,.T.);
#11104=EDGE_CURVE('',#11032,#11038,#10977,.T.);
#11106=EDGE_CURVE('',#11038,#11034,#11013,.T.);
#11120=EDGE_CURVE('',#11032,#11019,#10970,.T.);
#11134=EDGE_CURVE('',#11040,#11028,#10992,.T.);
#11136=EDGE_CURVE('',#11040,#11038,#10999,.T.);
#11146=EDGE_CURVE('',#11040,#11036,#11006,.T.);
#11214=B_SPLINE_CURVE_WITH_KNOTS('',3,(#11210,#11211,#11212,#11213),
.UNSPECIFIED.,.F.,.F.,(4,4),(0.E0,1.E0),.UNSPECIFIED.);
#11278=B_SPLINE_CURVE_WITH_KNOTS('',3,(#11274,#11275,#11276,#11277),
.UNSPECIFIED.,.F.,.F.,(4,4),(0.E0,1.E0),.UNSPECIFIED.);
#11332=EDGE_CURVE('',#11309,#11310,#11178,.T.);
#11334=EDGE_CURVE('',#11309,#11305,#11185,.T.);
#11336=EDGE_CURVE('',#11305,#11306,#11249,.T.);
#11338=EDGE_CURVE('',#11310,#11306,#11228,.T.);
#11356=EDGE_CURVE('',#11310,#11312,#11221,.T.);
#11358=EDGE_CURVE('',#11314,#11312,#11192,.T.);
#11360=EDGE_CURVE('',#11314,#11309,#11270,.T.);
#11370=EDGE_CURVE('',#11317,#11320,#11199,.T.);
#11372=EDGE_CURVE('',#11322,#11320,#11206,.T.);
#11374=EDGE_CURVE('',#11322,#11312,#11214,.T.);
#11378=EDGE_CURVE('',#11306,#11317,#11242,.T.);
#11388=EDGE_CURVE('',#11317,#11318,#11235,.T.);
#11390=EDGE_CURVE('',#11318,#11324,#11263,.T.);
#11392=EDGE_CURVE('',#11324,#11320,#11299,.T.);
#11406=EDGE_CURVE('',#11318,#11305,#11256,.T.);
#11420=EDGE_CURVE('',#11326,#11314,#11278,.T.);
#11422=EDGE_CURVE('',#11326,#11324,#11285,.T.);
#11432=EDGE_CURVE('',#11326,#11322,#11292,.T.);
#11500=B_SPLINE_CURVE_WITH_KNOTS('',3,(#11496,#11497,#11498,#11499),
.UNSPECIFIED.,.F.,.F.,(4,4),(0.E0,1.E0),.UNSPECIFIED.);
#11564=B_SPLINE_CURVE_WITH_KNOTS('',3,(#11560,#11561,#11562,#11563),
.UNSPECIFIED.,.F.,.F.,(4,4),(0.E0,1.E0),.UNSPECIFIED.);
#11618=EDGE_CURVE('',#11595,#11596,#11464,.T.);
#11620=EDGE_CURVE('',#11595,#11591,#11471,.T.);
#11622=EDGE_CURVE('',#11591,#11592,#11535,.T.);
#11624=EDGE_CURVE('',#11596,#11592,#11514,.T.);
#11642=EDGE_CURVE('',#11596,#11598,#11507,.T.);
#11644=EDGE_CURVE('',#11600,#11598,#11478,.T.);
#11646=EDGE_CURVE('',#11600,#11595,#11556,.T.);
#11656=EDGE_CURVE('',#11603,#11606,#11485,.T.);
#11658=EDGE_CURVE('',#11608,#11606,#11492,.T.);
#11660=EDGE_CURVE('',#11608,#11598,#11500,.T.);
#11664=EDGE_CURVE('',#11592,#11603,#11528,.T.);
#11674=EDGE_CURVE('',#11603,#11604,#11521,.T.);
#11676=EDGE_CURVE('',#11604,#11610,#11549,.T.);
#11678=EDGE_CURVE('',#11610,#11606,#11585,.T.);
#11692=EDGE_CURVE('',#11604,#11591,#11542,.T.);
#11706=EDGE_CURVE('',#11612,#11600,#11564,.T.);
#11708=EDGE_CURVE('',#11612,#11610,#11571,.T.);
#11718=EDGE_CURVE('',#11612,#11608,#11578,.T.);
#11786=B_SPLINE_CURVE_WITH_KNOTS('',3,(#11782,#11783,#11784,#11785),
.UNSPECIFIED.,.F.,.F.,(4,4),(0.E0,1.E0),.UNSPECIFIED.);
#11850=B_SPLINE_CURVE_WITH_KNOTS('',3,(#11846,#11847,#11848,#11849),
.UNSPECIFIED.,.F.,.F.,(4,4),(0.E0,1.E0),.UNSPECIFIED.);
#11904=EDGE_CURVE('',#11881,#11882,#11750,.T.);
#11906=EDGE_CURVE('',#11881,#11877,#11757,.T.);
#11908=EDGE_CURVE('',#11877,#11878,#11821,.T.);
#11910=EDGE_CURVE('',#11882,#11878,#11800,.T.);
#11928=EDGE_CURVE('',#11882,#11884,#11793,.T.);
#11930=EDGE_CURVE('',#11886,#11884,#11764,.T.);
#11932=EDGE_CURVE('',#11886,#11881,#11842,.T.);
#11942=EDGE_CURVE('',#11889,#11892,#11771,.T.);
#11944=EDGE_CURVE('',#11894,#11892,#11778,.T.);
#11946=EDGE_CURVE('',#11894,#11884,#11786,.T.);
#11950=EDGE_CURVE('',#11878,#11889,#11814,.T.);
#11960=EDGE_CURVE('',#11889,#11890,#11807,.T.);
#11962=EDGE_CURVE('',#11890,#11896,#11835,.T.);
#11964=EDGE_CURVE('',#11896,#11892,#11871,.T.);
#11978=EDGE_CURVE('',#11890,#11877,#11828,.T.);
#11992=EDGE_CURVE('',#11898,#11886,#11850,.T.);
#11994=EDGE_CURVE('',#11898,#11896,#11857,.T.);
#12004=EDGE_CURVE('',#11898,#11894,#11864,.T.);
#12072=B_SPLINE_CURVE_WITH_KNOTS('',3,(#12068,#12069,#12070,#12071),
.UNSPECIFIED.,.F.,.F.,(4,4),(0.E0,1.E0),.UNSPECIFIED.);
#12136=B_SPLINE_CURVE_WITH_KNOTS('',3,(#12132,#12133,#12134,#12135),
.UNSPECIFIED.,.F.,.F.,(4,4),(0.E0,1.E0),.UNSPECIFIED.);
#12190=EDGE_CURVE('',#12167,#12168,#12036,.T.);
#12192=EDGE_CURVE('',#12167,#12163,#12043,.T.);
#12194=EDGE_CURVE('',#12163,#12164,#12107,.T.);
#12196=EDGE_CURVE('',#12168,#12164,#12086,.T.);
#12214=EDGE_CURVE('',#12168,#12170,#12079,.T.);
#12216=EDGE_CURVE('',#12172,#12170,#12050,.T.);
#12218=EDGE_CURVE('',#12172,#12167,#12128,.T.);
#12228=EDGE_CURVE('',#12175,#12178,#12057,.T.);
#12230=EDGE_CURVE('',#12180,#12178,#12064,.T.);
#12232=EDGE_CURVE('',#12180,#12170,#12072,.T.);
#12236=EDGE_CURVE('',#12164,#12175,#12100,.T.);
#12246=EDGE_CURVE('',#12175,#12176,#12093,.T.);
#12248=EDGE_CURVE('',#12176,#12182,#12121,.T.);
#12250=EDGE_CURVE('',#12182,#12178,#12157,.T.);
#12264=EDGE_CURVE('',#12176,#12163,#12114,.T.);
#12278=EDGE_CURVE('',#12184,#12172,#12136,.T.);
#12280=EDGE_CURVE('',#12184,#12182,#12143,.T.);
#12290=EDGE_CURVE('',#12184,#12180,#12150,.T.);
#12358=B_SPLINE_CURVE_WITH_KNOTS('',3,(#12354,#12355,#12356,#12357),
.UNSPECIFIED.,.F.,.F.,(4,4),(0.E0,1.E0),.UNSPECIFIED.);
#12422=B_SPLINE_CURVE_WITH_KNOTS('',3,(#12418,#12419,#12420,#12421),
.UNSPECIFIED.,.F.,.F.,(4,4),(0.E0,1.E0),.UNSPECIFIED.);
#12476=EDGE_CURVE('',#12453,#12454,#12322,.T.);
#12478=EDGE_CURVE('',#12453,#12449,#12329,.T.);
#12480=EDGE_CURVE('',#12449,#12450,#12393,.T.);
#12482=EDGE_CURVE('',#12454,#12450,#12372,.T.);
#12500=EDGE_CURVE('',#12454,#12456,#12365,.T.);
#12502=EDGE_CURVE('',#12458,#12456,#12336,.T.);
#12504=EDGE_CURVE('',#12458,#12453,#12414,.T.);
#12514=EDGE_CURVE('',#12461,#12464,#12343,.T.);
#12516=EDGE_CURVE('',#12466,#12464,#12350,.T.);
#12518=EDGE_CURVE('',#12466,#12456,#12358,.T.);
#12522=EDGE_CURVE('',#12450,#12461,#12386,.T.);
#12532=EDGE_CURVE('',#12461,#12462,#12379,.T.);
#12534=EDGE_CURVE('',#12462,#12468,#12407,.T.);
#12536=EDGE_CURVE('',#12468,#12464,#12443,.T.);
#12550=EDGE_CURVE('',#12462,#12449,#12400,.T.);
#12564=EDGE_CURVE('',#12470,#12458,#12422,.T.);
#12566=EDGE_CURVE('',#12470,#12468,#12429,.T.);
#12576=EDGE_CURVE('',#12470,#12466,#12436,.T.);
#12644=B_SPLINE_CURVE_WITH_KNOTS('',3,(#12640,#12641,#12642,#12643),
.UNSPECIFIED.,.F.,.F.,(4,4),(0.E0,1.E0),.UNSPECIFIED.);
#12708=B_SPLINE_CURVE_WITH_KNOTS('',3,(#12704,#12705,#12706,#12707),
.UNSPECIFIED.,.F.,.F.,(4,4),(0.E0,1.E0),.UNSPECIFIED.);
#12762=EDGE_CURVE('',#12739,#12740,#12608,.T.);
#12764=EDGE_CURVE('',#12739,#12735,#12615,.T.);
#12766=EDGE_CURVE('',#12735,#12736,#12679,.T.);
#12768=EDGE_CURVE('',#12740,#12736,#12658,.T.);
#12786=EDGE_CURVE('',#12740,#12742,#12651,.T.);
#12788=EDGE_CURVE('',#12744,#12742,#12622,.T.);
#12790=EDGE_CURVE('',#12744,#12739,#12700,.T.);
#12800=EDGE_CURVE('',#12747,#12750,#12629,.T.);
#12802=EDGE_CURVE('',#12752,#12750,#12636,.T.);
#12804=EDGE_CURVE('',#12752,#12742,#12644,.T.);
#12808=EDGE_CURVE('',#12736,#12747,#12672,.T.);
#12818=EDGE_CURVE('',#12747,#12748,#12665,.T.);
#12820=EDGE_CURVE('',#12748,#12754,#12693,.T.);
#12822=EDGE_CURVE('',#12754,#12750,#12729,.T.);
#12836=EDGE_CURVE('',#12748,#12735,#12686,.T.);
#12850=EDGE_CURVE('',#12756,#12744,#12708,.T.);
#12852=EDGE_CURVE('',#12756,#12754,#12715,.T.);
#12862=EDGE_CURVE('',#12756,#12752,#12722,.T.);
#12930=B_SPLINE_CURVE_WITH_KNOTS('',3,(#12926,#12927,#12928,#12929),
.UNSPECIFIED.,.F.,.F.,(4,4),(0.E0,1.E0),.UNSPECIFIED.);
#13001=B_SPLINE_CURVE_WITH_KNOTS('',3,(#12997,#12998,#12999,#13000),
.UNSPECIFIED.,.F.,.F.,(4,4),(0.E0,1.E0),.UNSPECIFIED.);
#13048=EDGE_CURVE('',#13025,#13026,#12894,.T.);
#13050=EDGE_CURVE('',#13025,#13022,#12986,.T.);
#13052=EDGE_CURVE('',#13021,#13022,#12965,.T.);
#13054=EDGE_CURVE('',#13026,#13021,#12901,.T.);
#13072=EDGE_CURVE('',#13030,#13026,#12937,.T.);
#13074=EDGE_CURVE('',#13028,#13030,#12908,.T.);
#13076=EDGE_CURVE('',#13025,#13028,#12993,.T.);
#13086=EDGE_CURVE('',#13034,#13040,#12915,.T.);
#13088=EDGE_CURVE('',#13042,#13040,#12922,.T.);
#13090=EDGE_CURVE('',#13042,#13030,#12930,.T.);
#13094=EDGE_CURVE('',#13034,#13021,#12958,.T.);
#13104=EDGE_CURVE('',#13033,#13034,#12951,.T.);
#13106=EDGE_CURVE('',#13033,#13036,#12979,.T.);
#13108=EDGE_CURVE('',#13040,#13036,#12944,.T.);
#13122=EDGE_CURVE('',#13022,#13033,#12972,.T.);
#13136=EDGE_CURVE('',#13038,#13028,#13001,.T.);
#13138=EDGE_CURVE('',#13038,#13036,#13008,.T.);
#13148=EDGE_CURVE('',#13038,#13042,#13015,.T.);
#13216=B_SPLINE_CURVE_WITH_KNOTS('',3,(#13212,#13213,#13214,#13215),
.UNSPECIFIED.,.F.,.F.,(4,4),(0.E0,1.E0),.UNSPECIFIED.);
#13287=B_SPLINE_CURVE_WITH_KNOTS('',3,(#13283,#13284,#13285,#13286),
.UNSPECIFIED.,.F.,.F.,(4,4),(0.E0,1.E0),.UNSPECIFIED.);
#13334=EDGE_CURVE('',#13311,#13312,#13180,.T.);
#13336=EDGE_CURVE('',#13311,#13308,#13272,.T.);
#13338=EDGE_CURVE('',#13307,#13308,#13251,.T.);
#13340=EDGE_CURVE('',#13312,#13307,#13187,.T.);
#13358=EDGE_CURVE('',#13316,#13312,#13223,.T.);
#13360=EDGE_CURVE('',#13314,#13316,#13194,.T.);
#13362=EDGE_CURVE('',#13311,#13314,#13279,.T.);
#13372=EDGE_CURVE('',#13320,#13326,#13201,.T.);
#13374=EDGE_CURVE('',#13328,#13326,#13208,.T.);
#13376=EDGE_CURVE('',#13328,#13316,#13216,.T.);
#13380=EDGE_CURVE('',#13320,#13307,#13244,.T.);
#13390=EDGE_CURVE('',#13319,#13320,#13237,.T.);
#13392=EDGE_CURVE('',#13319,#13322,#13265,.T.);
#13394=EDGE_CURVE('',#13326,#13322,#13230,.T.);
#13408=EDGE_CURVE('',#13308,#13319,#13258,.T.);
#13422=EDGE_CURVE('',#13324,#13314,#13287,.T.);
#13424=EDGE_CURVE('',#13324,#13322,#13294,.T.);
#13434=EDGE_CURVE('',#13324,#13328,#13301,.T.);
#13502=B_SPLINE_CURVE_WITH_KNOTS('',3,(#13498,#13499,#13500,#13501),
.UNSPECIFIED.,.F.,.F.,(4,4),(0.E0,1.E0),.UNSPECIFIED.);
#13573=B_SPLINE_CURVE_WITH_KNOTS('',3,(#13569,#13570,#13571,#13572),
.UNSPECIFIED.,.F.,.F.,(4,4),(0.E0,1.E0),.UNSPECIFIED.);
#13620=EDGE_CURVE('',#13597,#13598,#13466,.T.);
#13622=EDGE_CURVE('',#13597,#13594,#13558,.T.);
#13624=EDGE_CURVE('',#13593,#13594,#13537,.T.);
#13626=EDGE_CURVE('',#13598,#13593,#13473,.T.);
#13644=EDGE_CURVE('',#13602,#13598,#13509,.T.);
#13646=EDGE_CURVE('',#13600,#13602,#13480,.T.);
#13648=EDGE_CURVE('',#13597,#13600,#13565,.T.);
#13658=EDGE_CURVE('',#13606,#13612,#13487,.T.);
#13660=EDGE_CURVE('',#13614,#13612,#13494,.T.);
#13662=EDGE_CURVE('',#13614,#13602,#13502,.T.);
#13666=EDGE_CURVE('',#13606,#13593,#13530,.T.);
#13676=EDGE_CURVE('',#13605,#13606,#13523,.T.);
#13678=EDGE_CURVE('',#13605,#13608,#13551,.T.);
#13680=EDGE_CURVE('',#13612,#13608,#13516,.T.);
#13694=EDGE_CURVE('',#13594,#13605,#13544,.T.);
#13708=EDGE_CURVE('',#13610,#13600,#13573,.T.);
#13710=EDGE_CURVE('',#13610,#13608,#13580,.T.);
#13720=EDGE_CURVE('',#13610,#13614,#13587,.T.);
#13788=B_SPLINE_CURVE_WITH_KNOTS('',3,(#13784,#13785,#13786,#13787),
.UNSPECIFIED.,.F.,.F.,(4,4),(0.E0,1.E0),.UNSPECIFIED.);
#13859=B_SPLINE_CURVE_WITH_KNOTS('',3,(#13855,#13856,#13857,#13858),
.UNSPECIFIED.,.F.,.F.,(4,4),(0.E0,1.E0),.UNSPECIFIED.);
#13906=EDGE_CURVE('',#13883,#13884,#13752,.T.);
#13908=EDGE_CURVE('',#13883,#13880,#13844,.T.);
#13910=EDGE_CURVE('',#13879,#13880,#13823,.T.);
#13912=EDGE_CURVE('',#13884,#13879,#13759,.T.);
#13930=EDGE_CURVE('',#13888,#13884,#13795,.T.);
#13932=EDGE_CURVE('',#13886,#13888,#13766,.T.);
#13934=EDGE_CURVE('',#13883,#13886,#13851,.T.);
#13944=EDGE_CURVE('',#13892,#13898,#13773,.T.);
#13946=EDGE_CURVE('',#13900,#13898,#13780,.T.);
#13948=EDGE_CURVE('',#13900,#13888,#13788,.T.);
#13952=EDGE_CURVE('',#13892,#13879,#13816,.T.);
#13962=EDGE_CURVE('',#13891,#13892,#13809,.T.);
#13964=EDGE_CURVE('',#13891,#13894,#13837,.T.);
#13966=EDGE_CURVE('',#13898,#13894,#13802,.T.);
#13980=EDGE_CURVE('',#13880,#13891,#13830,.T.);
#13994=EDGE_CURVE('',#13896,#13886,#13859,.T.);
#13996=EDGE_CURVE('',#13896,#13894,#13866,.T.);
#14006=EDGE_CURVE('',#13896,#13900,#13873,.T.);
#14074=B_SPLINE_CURVE_WITH_KNOTS('',3,(#14070,#14071,#14072,#14073),
.UNSPECIFIED.,.F.,.F.,(4,4),(0.E0,1.E0),.UNSPECIFIED.);
#14145=B_SPLINE_CURVE_WITH_KNOTS('',3,(#14141,#14142,#14143,#14144),
.UNSPECIFIED.,.F.,.F.,(4,4),(0.E0,1.E0),.UNSPECIFIED.);
#14192=EDGE_CURVE('',#14169,#14170,#14038,.T.);
#14194=EDGE_CURVE('',#14169,#14166,#14130,.T.);
#14196=EDGE_CURVE('',#14165,#14166,#14109,.T.);
#14198=EDGE_CURVE('',#14170,#14165,#14045,.T.);
#14216=EDGE_CURVE('',#14174,#14170,#14081,.T.);
#14218=EDGE_CURVE('',#14172,#14174,#14052,.T.);
#14220=EDGE_CURVE('',#14169,#14172,#14137,.T.);
#14230=EDGE_CURVE('',#14178,#14184,#14059,.T.);
#14232=EDGE_CURVE('',#14186,#14184,#14066,.T.);
#14234=EDGE_CURVE('',#14186,#14174,#14074,.T.);
#14238=EDGE_CURVE('',#14178,#14165,#14102,.T.);
#14248=EDGE_CURVE('',#14177,#14178,#14095,.T.);
#14250=EDGE_CURVE('',#14177,#14180,#14123,.T.);
#14252=EDGE_CURVE('',#14184,#14180,#14088,.T.);
#14266=EDGE_CURVE('',#14166,#14177,#14116,.T.);
#14280=EDGE_CURVE('',#14182,#14172,#14145,.T.);
#14282=EDGE_CURVE('',#14182,#14180,#14152,.T.);
#14292=EDGE_CURVE('',#14182,#14186,#14159,.T.);
#14360=B_SPLINE_CURVE_WITH_KNOTS('',3,(#14356,#14357,#14358,#14359),
.UNSPECIFIED.,.F.,.F.,(4,4),(0.E0,1.E0),.UNSPECIFIED.);
#14431=B_SPLINE_CURVE_WITH_KNOTS('',3,(#14427,#14428,#14429,#14430),
.UNSPECIFIED.,.F.,.F.,(4,4),(0.E0,1.E0),.UNSPECIFIED.);
#14478=EDGE_CURVE('',#14455,#14456,#14324,.T.);
#14480=EDGE_CURVE('',#14455,#14452,#14416,.T.);
#14482=EDGE_CURVE('',#14451,#14452,#14395,.T.);
#14484=EDGE_CURVE('',#14456,#14451,#14331,.T.);
#14502=EDGE_CURVE('',#14460,#14456,#14367,.T.);
#14504=EDGE_CURVE('',#14458,#14460,#14338,.T.);
#14506=EDGE_CURVE('',#14455,#14458,#14423,.T.);
#14516=EDGE_CURVE('',#14464,#14470,#14345,.T.);
#14518=EDGE_CURVE('',#14472,#14470,#14352,.T.);
#14520=EDGE_CURVE('',#14472,#14460,#14360,.T.);
#14524=EDGE_CURVE('',#14464,#14451,#14388,.T.);
#14534=EDGE_CURVE('',#14463,#14464,#14381,.T.);
#14536=EDGE_CURVE('',#14463,#14466,#14409,.T.);
#14538=EDGE_CURVE('',#14470,#14466,#14374,.T.);
#14552=EDGE_CURVE('',#14452,#14463,#14402,.T.);
#14566=EDGE_CURVE('',#14468,#14458,#14431,.T.);
#14568=EDGE_CURVE('',#14468,#14466,#14438,.T.);
#14578=EDGE_CURVE('',#14468,#14472,#14445,.T.);
#14646=B_SPLINE_CURVE_WITH_KNOTS('',3,(#14642,#14643,#14644,#14645),
.UNSPECIFIED.,.F.,.F.,(4,4),(0.E0,1.E0),.UNSPECIFIED.);
#14717=B_SPLINE_CURVE_WITH_KNOTS('',3,(#14713,#14714,#14715,#14716),
.UNSPECIFIED.,.F.,.F.,(4,4),(0.E0,1.E0),.UNSPECIFIED.);
#14764=EDGE_CURVE('',#14741,#14742,#14610,.T.);
#14766=EDGE_CURVE('',#14741,#14738,#14702,.T.);
#14768=EDGE_CURVE('',#14737,#14738,#14681,.T.);
#14770=EDGE_CURVE('',#14742,#14737,#14617,.T.);
#14788=EDGE_CURVE('',#14746,#14742,#14653,.T.);
#14790=EDGE_CURVE('',#14744,#14746,#14624,.T.);
#14792=EDGE_CURVE('',#14741,#14744,#14709,.T.);
#14802=EDGE_CURVE('',#14750,#14756,#14631,.T.);
#14804=EDGE_CURVE('',#14758,#14756,#14638,.T.);
#14806=EDGE_CURVE('',#14758,#14746,#14646,.T.);
#14810=EDGE_CURVE('',#14750,#14737,#14674,.T.);
#14820=EDGE_CURVE('',#14749,#14750,#14667,.T.);
#14822=EDGE_CURVE('',#14749,#14752,#14695,.T.);
#14824=EDGE_CURVE('',#14756,#14752,#14660,.T.);
#14838=EDGE_CURVE('',#14738,#14749,#14688,.T.);
#14852=EDGE_CURVE('',#14754,#14744,#14717,.T.);
#14854=EDGE_CURVE('',#14754,#14752,#14724,.T.);
#14864=EDGE_CURVE('',#14754,#14758,#14731,.T.);
#14998=EDGE_CURVE('',#14991,#14992,#14896,.T.);
#15000=EDGE_CURVE('',#14983,#14991,#14903,.T.);
#15002=EDGE_CURVE('',#14983,#14984,#14910,.T.);
#15004=EDGE_CURVE('',#14992,#14984,#14917,.T.);
#15014=EDGE_CURVE('',#14987,#14988,#14924,.T.);
#15016=EDGE_CURVE('',#14988,#14991,#14966,.T.);
#15019=EDGE_CURVE('',#14987,#14992,#14945,.T.);
#15030=EDGE_CURVE('',#14979,#14987,#14959,.T.);
#15032=EDGE_CURVE('',#14979,#14980,#14931,.T.);
#15034=EDGE_CURVE('',#14980,#14988,#14938,.T.);
#15046=EDGE_CURVE('',#14979,#14984,#14952,.T.);
#15059=EDGE_CURVE('',#14980,#14983,#14973,.T.);
#15191=EDGE_CURVE('',#15184,#15185,#15089,.T.);
#15193=EDGE_CURVE('',#15185,#15177,#15096,.T.);
#15195=EDGE_CURVE('',#15176,#15177,#15103,.T.);
#15197=EDGE_CURVE('',#15176,#15184,#15110,.T.);
#15207=EDGE_CURVE('',#15180,#15181,#15117,.T.);
#15209=EDGE_CURVE('',#15181,#15185,#15152,.T.);
#15212=EDGE_CURVE('',#15180,#15184,#15138,.T.);
#15223=EDGE_CURVE('',#15172,#15180,#15124,.T.);
#15225=EDGE_CURVE('',#15172,#15173,#15131,.T.);
#15227=EDGE_CURVE('',#15181,#15173,#15159,.T.);
#15239=EDGE_CURVE('',#15172,#15176,#15145,.T.);
#15252=EDGE_CURVE('',#15173,#15177,#15166,.T.);
#15384=EDGE_CURVE('',#15377,#15378,#15282,.T.);
#15386=EDGE_CURVE('',#15377,#15369,#15289,.T.);
#15388=EDGE_CURVE('',#15369,#15370,#15296,.T.);
#15390=EDGE_CURVE('',#15370,#15378,#15303,.T.);
#15400=EDGE_CURVE('',#15373,#15374,#15310,.T.);
#15402=EDGE_CURVE('',#15373,#15377,#15352,.T.);
#15405=EDGE_CURVE('',#15374,#15378,#15331,.T.);
#15416=EDGE_CURVE('',#15365,#15374,#15345,.T.);
#15418=EDGE_CURVE('',#15365,#15366,#15317,.T.);
#15420=EDGE_CURVE('',#15373,#15366,#15324,.T.);
#15432=EDGE_CURVE('',#15365,#15370,#15338,.T.);
#15445=EDGE_CURVE('',#15366,#15369,#15359,.T.);
#15577=EDGE_CURVE('',#15570,#15571,#15475,.T.);
#15579=EDGE_CURVE('',#15563,#15571,#15482,.T.);
#15581=EDGE_CURVE('',#15562,#15563,#15489,.T.);
#15583=EDGE_CURVE('',#15570,#15562,#15496,.T.);
#15593=EDGE_CURVE('',#15566,#15567,#15503,.T.);
#15595=EDGE_CURVE('',#15566,#15571,#15538,.T.);
#15598=EDGE_CURVE('',#15567,#15570,#15524,.T.);
#15609=EDGE_CURVE('',#15567,#15558,#15510,.T.);
#15611=EDGE_CURVE('',#15558,#15559,#15517,.T.);
#15613=EDGE_CURVE('',#15566,#15559,#15545,.T.);
#15625=EDGE_CURVE('',#15558,#15562,#15531,.T.);
#15638=EDGE_CURVE('',#15559,#15563,#15552,.T.);
#15770=EDGE_CURVE('',#15763,#15764,#15668,.T.);
#15772=EDGE_CURVE('',#15755,#15763,#15675,.T.);
#15774=EDGE_CURVE('',#15755,#15756,#15682,.T.);
#15776=EDGE_CURVE('',#15764,#15756,#15689,.T.);
#15786=EDGE_CURVE('',#15759,#15760,#15696,.T.);
#15788=EDGE_CURVE('',#15759,#15763,#15738,.T.);
#15791=EDGE_CURVE('',#15760,#15764,#15717,.T.);
#15802=EDGE_CURVE('',#15751,#15760,#15731,.T.);
#15804=EDGE_CURVE('',#15751,#15752,#15703,.T.);
#15806=EDGE_CURVE('',#15752,#15759,#15710,.T.);
#15818=EDGE_CURVE('',#15751,#15756,#15724,.T.);
#15831=EDGE_CURVE('',#15752,#15755,#15745,.T.);
#15963=EDGE_CURVE('',#15956,#15957,#15861,.T.);
#15965=EDGE_CURVE('',#15957,#15949,#15868,.T.);
#15967=EDGE_CURVE('',#15948,#15949,#15875,.T.);
#15969=EDGE_CURVE('',#15948,#15956,#15882,.T.);
#15979=EDGE_CURVE('',#15952,#15953,#15889,.T.);
#15981=EDGE_CURVE('',#15952,#15957,#15924,.T.);
#15984=EDGE_CURVE('',#15953,#15956,#15910,.T.);
#15995=EDGE_CURVE('',#15944,#15953,#15896,.T.);
#15997=EDGE_CURVE('',#15944,#15945,#15903,.T.);
#15999=EDGE_CURVE('',#15952,#15945,#15931,.T.);
#16011=EDGE_CURVE('',#15944,#15948,#15917,.T.);
#16024=EDGE_CURVE('',#15945,#15949,#15938,.T.);
#16156=EDGE_CURVE('',#16149,#16150,#16054,.T.);
#16158=EDGE_CURVE('',#16149,#16141,#16061,.T.);
#16160=EDGE_CURVE('',#16141,#16142,#16068,.T.);
#16162=EDGE_CURVE('',#16142,#16150,#16075,.T.);
#16172=EDGE_CURVE('',#16145,#16146,#16082,.T.);
#16174=EDGE_CURVE('',#16146,#16149,#16124,.T.);
#16177=EDGE_CURVE('',#16145,#16150,#16103,.T.);
#16188=EDGE_CURVE('',#16137,#16145,#16117,.T.);
#16190=EDGE_CURVE('',#16137,#16138,#16089,.T.);
#16192=EDGE_CURVE('',#16146,#16138,#16096,.T.);
#16204=EDGE_CURVE('',#16137,#16142,#16110,.T.);
#16217=EDGE_CURVE('',#16138,#16141,#16131,.T.);
#16349=EDGE_CURVE('',#16342,#16343,#16247,.T.);
#16351=EDGE_CURVE('',#16335,#16343,#16254,.T.);
#16353=EDGE_CURVE('',#16334,#16335,#16261,.T.);
#16355=EDGE_CURVE('',#16342,#16334,#16268,.T.);
#16365=EDGE_CURVE('',#16338,#16339,#16275,.T.);
#16367=EDGE_CURVE('',#16339,#16343,#16310,.T.);
#16370=EDGE_CURVE('',#16338,#16342,#16296,.T.);
#16381=EDGE_CURVE('',#16338,#16330,#16282,.T.);
#16383=EDGE_CURVE('',#16330,#16331,#16289,.T.);
#16385=EDGE_CURVE('',#16339,#16331,#16317,.T.);
#16397=EDGE_CURVE('',#16330,#16334,#16303,.T.);
#16410=EDGE_CURVE('',#16331,#16335,#16324,.T.);
#16456=B_SPLINE_CURVE_WITH_KNOTS('',3,(#16451,#16452,#16453,#16454,#16455),
.UNSPECIFIED.,.F.,.F.,(4,1,4),(0.E0,5.E-1,1.E0),.UNSPECIFIED.);
#16465=B_SPLINE_CURVE_WITH_KNOTS('',3,(#16460,#16461,#16462,#16463,#16464),
.UNSPECIFIED.,.F.,.F.,(4,1,4),(0.E0,5.E-1,1.E0),.UNSPECIFIED.);
#16516=B_SPLINE_CURVE_WITH_KNOTS('',3,(#16511,#16512,#16513,#16514,#16515),
.UNSPECIFIED.,.F.,.F.,(4,1,4),(0.E0,5.E-1,1.E0),.UNSPECIFIED.);
#16532=B_SPLINE_CURVE_WITH_KNOTS('',3,(#16527,#16528,#16529,#16530,#16531),
.UNSPECIFIED.,.F.,.F.,(4,1,4),(0.E0,5.E-1,1.E0),.UNSPECIFIED.);
#16548=B_SPLINE_CURVE_WITH_KNOTS('',3,(#16543,#16544,#16545,#16546,#16547),
.UNSPECIFIED.,.F.,.F.,(4,1,4),(0.E0,5.E-1,1.E0),.UNSPECIFIED.);
#16577=EDGE_CURVE('',#16564,#16565,#16440,.T.);
#16579=EDGE_CURVE('',#16555,#16565,#16516,.T.);
#16581=EDGE_CURVE('',#16554,#16555,#16472,.T.);
#16583=EDGE_CURVE('',#16554,#16564,#16456,.T.);
#16594=EDGE_CURVE('',#16571,#16564,#16447,.T.);
#16596=EDGE_CURVE('',#16569,#16571,#16539,.T.);
#16598=EDGE_CURVE('',#16567,#16569,#16523,.T.);
#16600=EDGE_CURVE('',#16565,#16567,#16507,.T.);
#16612=EDGE_CURVE('',#16561,#16554,#16500,.T.);
#16614=EDGE_CURVE('',#16561,#16571,#16465,.T.);
#16625=EDGE_CURVE('',#16555,#16557,#16479,.T.);
#16627=EDGE_CURVE('',#16557,#16559,#16486,.T.);
#16629=EDGE_CURVE('',#16559,#16561,#16493,.T.);
#16648=EDGE_CURVE('',#16557,#16567,#16532,.T.);
#16661=EDGE_CURVE('',#16559,#16569,#16548,.T.);
#16688=(LENGTH_UNIT()NAMED_UNIT(*)SI_UNIT(.MILLI.,.METRE.));
#16690=(NAMED_UNIT(*)PLANE_ANGLE_UNIT()SI_UNIT($,.RADIAN.));
#16693=(NAMED_UNIT(*)SI_UNIT($,.STERADIAN.)SOLID_ANGLE_UNIT());
#16699=AXIS2_PLACEMENT_3D('',#16696,#16697,#16698);
#16700=ADVANCED_BREP_SHAPE_REPRESENTATION('',(#16699,#8307,#8593,#8879,#9165,
#9451,#9737,#10023,#10309,#10595,#10881,#11167,#11453,#11739,#12025,#12311,
#12597,#12883,#13169,#13455,#13741,#14027,#14313,#14599,#14885,#15078,#15271,
#15464,#15657,#15850,#16043,#16236,#16429,#16681),#16695);
#16704=PRODUCT_DEFINITION('part definition','',#16703,#8002);
#16705=PRODUCT_DEFINITION_SHAPE('','SHAPE FOR FRAME_SQA24B.',#16704);
#16706=SHAPE_DEFINITION_REPRESENTATION(#16705,#16700);
#16707=NEXT_ASSEMBLY_USAGE_OCCURRENCE('586','Next assembly relationship',
'FRAME_SQA24B',#16733,#16704,$);
#16708=PRODUCT_DEFINITION_SHAPE('Placement #586',
'Placement of FRAME_SQA24B with respect to SQA24B_ASM',#16707);
#16716=(LENGTH_UNIT()NAMED_UNIT(*)SI_UNIT(.MILLI.,.METRE.));
#16718=(NAMED_UNIT(*)PLANE_ANGLE_UNIT()SI_UNIT($,.RADIAN.));
#16721=(NAMED_UNIT(*)SI_UNIT($,.STERADIAN.)SOLID_ANGLE_UNIT());
#16727=AXIS2_PLACEMENT_3D('',#16724,#16725,#16726);
#16733=PRODUCT_DEFINITION('part definition','',#16732,#16729);
ENDSEC;
END-ISO-10303-21;
