ISO-10303-21;
HEADER;
FILE_DESCRIPTION((''),'2;1');
FILE_NAME('C-2-644486-4','2013-12-31T',('workeradm'),('Tyco Electronics Ltd.'),
'PRO/ENGINEER BY PARAMETRIC TECHNOLOGY CORPORATION, 2013050',
'PRO/ENGINEER BY PARAMETRIC TECHNOLOGY CORPORATION, 2013050','');
FILE_SCHEMA(('AUTOMOTIVE_DESIGN { 1 0 10303 214 1 1 1 1 }'));
ENDSEC;
DATA;
#134=DIRECTION('',(0.E0,1.E0,0.E0));
#135=VECTOR('',#134,7.62E-1);
#136=CARTESIAN_POINT('',(-2.921E0,-3.2131E0,-9.652E0));
#137=LINE('',#136,#135);
#138=DIRECTION('',(1.E0,0.E0,0.E0));
#139=VECTOR('',#138,7.62E-1);
#140=CARTESIAN_POINT('',(-2.921E0,-2.4511E0,-9.652E0));
#141=LINE('',#140,#139);
#142=DIRECTION('',(0.E0,1.E0,0.E0));
#143=VECTOR('',#142,7.62E-1);
#144=CARTESIAN_POINT('',(-2.159E0,-3.2131E0,-9.652E0));
#145=LINE('',#144,#143);
#146=DIRECTION('',(0.E0,1.E0,0.E0));
#147=VECTOR('',#146,7.62E-1);
#148=CARTESIAN_POINT('',(-3.81E-1,-3.2131E0,-9.652E0));
#149=LINE('',#148,#147);
#150=DIRECTION('',(1.E0,0.E0,0.E0));
#151=VECTOR('',#150,7.62E-1);
#152=CARTESIAN_POINT('',(-3.81E-1,-2.4511E0,-9.652E0));
#153=LINE('',#152,#151);
#154=DIRECTION('',(0.E0,1.E0,0.E0));
#155=VECTOR('',#154,7.62E-1);
#156=CARTESIAN_POINT('',(3.81E-1,-3.2131E0,-9.652E0));
#157=LINE('',#156,#155);
#158=DIRECTION('',(0.E0,1.E0,0.E0));
#159=VECTOR('',#158,7.62E-1);
#160=CARTESIAN_POINT('',(2.159E0,-3.2131E0,-9.652E0));
#161=LINE('',#160,#159);
#162=DIRECTION('',(1.E0,0.E0,0.E0));
#163=VECTOR('',#162,7.62E-1);
#164=CARTESIAN_POINT('',(2.159E0,-2.4511E0,-9.652E0));
#165=LINE('',#164,#163);
#166=DIRECTION('',(0.E0,1.E0,0.E0));
#167=VECTOR('',#166,7.62E-1);
#168=CARTESIAN_POINT('',(2.921E0,-3.2131E0,-9.652E0));
#169=LINE('',#168,#167);
#170=DIRECTION('',(0.E0,1.E0,0.E0));
#171=VECTOR('',#170,7.62E-1);
#172=CARTESIAN_POINT('',(4.699E0,-3.2131E0,-9.652E0));
#173=LINE('',#172,#171);
#174=DIRECTION('',(1.E0,0.E0,0.E0));
#175=VECTOR('',#174,7.62E-1);
#176=CARTESIAN_POINT('',(4.699E0,-2.4511E0,-9.652E0));
#177=LINE('',#176,#175);
#178=DIRECTION('',(0.E0,1.E0,0.E0));
#179=VECTOR('',#178,7.62E-1);
#180=CARTESIAN_POINT('',(5.461E0,-3.2131E0,-9.652E0));
#181=LINE('',#180,#179);
#182=DIRECTION('',(0.E0,-1.E0,0.E0));
#183=VECTOR('',#182,7.1882E0);
#184=CARTESIAN_POINT('',(6.1468E0,3.9751E0,-9.652E0));
#185=LINE('',#184,#183);
#186=DIRECTION('',(1.E0,0.E0,0.E0));
#187=VECTOR('',#186,3.2258E0);
#188=CARTESIAN_POINT('',(2.921E0,3.9751E0,-9.652E0));
#189=LINE('',#188,#187);
#190=DIRECTION('',(0.E0,-1.E0,0.E0));
#191=VECTOR('',#190,1.778E0);
#192=CARTESIAN_POINT('',(2.921E0,3.9751E0,-9.652E0));
#193=LINE('',#192,#191);
#194=DIRECTION('',(-1.E0,0.E0,0.E0));
#195=VECTOR('',#194,7.62E-1);
#196=CARTESIAN_POINT('',(2.921E0,2.1971E0,-9.652E0));
#197=LINE('',#196,#195);
#198=DIRECTION('',(0.E0,-1.E0,0.E0));
#199=VECTOR('',#198,1.778E0);
#200=CARTESIAN_POINT('',(2.159E0,3.9751E0,-9.652E0));
#201=LINE('',#200,#199);
#202=DIRECTION('',(1.E0,0.E0,0.E0));
#203=VECTOR('',#202,1.778E0);
#204=CARTESIAN_POINT('',(3.81E-1,3.9751E0,-9.652E0));
#205=LINE('',#204,#203);
#206=DIRECTION('',(0.E0,-1.E0,0.E0));
#207=VECTOR('',#206,1.778E0);
#208=CARTESIAN_POINT('',(3.81E-1,3.9751E0,-9.652E0));
#209=LINE('',#208,#207);
#210=DIRECTION('',(-1.E0,0.E0,0.E0));
#211=VECTOR('',#210,7.62E-1);
#212=CARTESIAN_POINT('',(3.81E-1,2.1971E0,-9.652E0));
#213=LINE('',#212,#211);
#214=DIRECTION('',(0.E0,-1.E0,0.E0));
#215=VECTOR('',#214,1.778E0);
#216=CARTESIAN_POINT('',(-3.81E-1,3.9751E0,-9.652E0));
#217=LINE('',#216,#215);
#218=DIRECTION('',(1.E0,0.E0,0.E0));
#219=VECTOR('',#218,1.778E0);
#220=CARTESIAN_POINT('',(-2.159E0,3.9751E0,-9.652E0));
#221=LINE('',#220,#219);
#222=DIRECTION('',(0.E0,-1.E0,0.E0));
#223=VECTOR('',#222,1.778E0);
#224=CARTESIAN_POINT('',(-2.159E0,3.9751E0,-9.652E0));
#225=LINE('',#224,#223);
#226=DIRECTION('',(-1.E0,0.E0,0.E0));
#227=VECTOR('',#226,7.62E-1);
#228=CARTESIAN_POINT('',(-2.159E0,2.1971E0,-9.652E0));
#229=LINE('',#228,#227);
#230=DIRECTION('',(0.E0,-1.E0,0.E0));
#231=VECTOR('',#230,1.778E0);
#232=CARTESIAN_POINT('',(-2.921E0,3.9751E0,-9.652E0));
#233=LINE('',#232,#231);
#234=DIRECTION('',(1.E0,0.E0,0.E0));
#235=VECTOR('',#234,3.2258E0);
#236=CARTESIAN_POINT('',(-6.1468E0,3.9751E0,-9.652E0));
#237=LINE('',#236,#235);
#238=DIRECTION('',(0.E0,1.E0,0.E0));
#239=VECTOR('',#238,7.1882E0);
#240=CARTESIAN_POINT('',(-6.1468E0,-3.2131E0,-9.652E0));
#241=LINE('',#240,#239);
#242=DIRECTION('',(0.E0,1.E0,0.E0));
#243=VECTOR('',#242,7.62E-1);
#244=CARTESIAN_POINT('',(-5.461E0,-3.2131E0,-9.652E0));
#245=LINE('',#244,#243);
#246=DIRECTION('',(1.E0,0.E0,0.E0));
#247=VECTOR('',#246,7.62E-1);
#248=CARTESIAN_POINT('',(-5.461E0,-2.4511E0,-9.652E0));
#249=LINE('',#248,#247);
#250=DIRECTION('',(0.E0,1.E0,0.E0));
#251=VECTOR('',#250,7.62E-1);
#252=CARTESIAN_POINT('',(-4.699E0,-3.2131E0,-9.652E0));
#253=LINE('',#252,#251);
#254=CARTESIAN_POINT('',(4.8768E0,2.6543E0,-9.652E0));
#255=DIRECTION('',(0.E0,0.E0,-1.E0));
#256=DIRECTION('',(-9.353316967414E-1,-3.537719845760E-1,0.E0));
#257=AXIS2_PLACEMENT_3D('',#254,#255,#256);
#259=DIRECTION('',(0.E0,1.E0,0.E0));
#260=VECTOR('',#259,2.821229267977E-1);
#261=CARTESIAN_POINT('',(4.7498E0,3.431390573872E0,-9.652E0));
#262=LINE('',#261,#260);
#263=CARTESIAN_POINT('',(4.8768E0,2.6543E0,-9.652E0));
#264=DIRECTION('',(0.E0,0.E0,-1.E0));
#265=DIRECTION('',(-1.190476190476E-1,9.928885458092E-1,0.E0));
#266=AXIS2_PLACEMENT_3D('',#263,#264,#265);
#268=DIRECTION('',(0.E0,-1.E0,0.E0));
#269=VECTOR('',#268,2.821229267977E-1);
#270=CARTESIAN_POINT('',(5.0038E0,3.713513500669E0,-9.652E0));
#271=LINE('',#270,#269);
#272=CARTESIAN_POINT('',(4.8768E0,2.6543E0,-9.652E0));
#273=DIRECTION('',(0.E0,0.E0,-1.E0));
#274=DIRECTION('',(1.612903225807E-1,9.869070026309E-1,0.E0));
#275=AXIS2_PLACEMENT_3D('',#272,#273,#274);
#277=DIRECTION('',(8.660254037844E-1,-5.E-1,0.E0));
#278=VECTOR('',#277,2.821229267977E-1);
#279=CARTESIAN_POINT('',(5.613280178014E0,2.375739939345E0,-9.652E0));
#280=LINE('',#279,#278);
#281=CARTESIAN_POINT('',(4.8768E0,2.6543E0,-9.652E0));
#282=DIRECTION('',(0.E0,0.E0,-1.E0));
#283=DIRECTION('',(9.193905133212E-1,-3.933460105493E-1,0.E0));
#284=AXIS2_PLACEMENT_3D('',#281,#282,#283);
#286=DIRECTION('',(-8.660254037844E-1,5.E-1,0.E0));
#287=VECTOR('',#286,2.821229267977E-1);
#288=CARTESIAN_POINT('',(5.730605799611E0,2.014708023385E0,-9.652E0));
#289=LINE('',#288,#287);
#290=CARTESIAN_POINT('',(4.8768E0,2.6543E0,-9.652E0));
#291=DIRECTION('',(0.E0,0.E0,-1.E0));
#292=DIRECTION('',(7.740413741608E-1,-6.331350180549E-1,0.E0));
#293=AXIS2_PLACEMENT_3D('',#290,#291,#292);
#295=DIRECTION('',(-8.660254037844E-1,-5.E-1,0.E0));
#296=VECTOR('',#295,2.821229267977E-1);
#297=CARTESIAN_POINT('',(4.267319821986E0,2.155769486784E0,-9.652E0));
#298=LINE('',#297,#296);
#299=CARTESIAN_POINT('',(4.8768E0,2.6543E0,-9.652E0));
#300=DIRECTION('',(0.E0,0.E0,-1.E0));
#301=DIRECTION('',(-8.003428942735E-1,-5.995425352599E-1,0.E0));
#302=AXIS2_PLACEMENT_3D('',#299,#300,#301);
#304=DIRECTION('',(8.660254037844E-1,5.E-1,0.E0));
#305=VECTOR('',#304,2.821229267977E-1);
#306=CARTESIAN_POINT('',(3.895994200389E0,2.234678475946E0,-9.652E0));
#307=LINE('',#306,#305);
#308=DIRECTION('',(0.E0,-1.E0,0.E0));
#309=VECTOR('',#308,6.35E-1);
#310=CARTESIAN_POINT('',(-3.4925E0,-1.778E-1,-9.652E0));
#311=LINE('',#310,#309);
#312=DIRECTION('',(-1.E0,0.E0,0.E0));
#313=VECTOR('',#312,6.35E-1);
#314=CARTESIAN_POINT('',(-3.4925E0,-8.128E-1,-9.652E0));
#315=LINE('',#314,#313);
#316=DIRECTION('',(0.E0,-1.E0,0.E0));
#317=VECTOR('',#316,6.35E-1);
#318=CARTESIAN_POINT('',(-4.1275E0,-1.778E-1,-9.652E0));
#319=LINE('',#318,#317);
#320=DIRECTION('',(-1.E0,0.E0,0.E0));
#321=VECTOR('',#320,6.35E-1);
#322=CARTESIAN_POINT('',(-3.4925E0,-1.778E-1,-9.652E0));
#323=LINE('',#322,#321);
#324=DIRECTION('',(0.E0,-1.E0,0.E0));
#325=VECTOR('',#324,6.35E-1);
#326=CARTESIAN_POINT('',(-9.525E-1,-1.778E-1,-9.652E0));
#327=LINE('',#326,#325);
#328=DIRECTION('',(-1.E0,0.E0,0.E0));
#329=VECTOR('',#328,6.35E-1);
#330=CARTESIAN_POINT('',(-9.525E-1,-8.128E-1,-9.652E0));
#331=LINE('',#330,#329);
#332=DIRECTION('',(0.E0,-1.E0,0.E0));
#333=VECTOR('',#332,6.35E-1);
#334=CARTESIAN_POINT('',(-1.5875E0,-1.778E-1,-9.652E0));
#335=LINE('',#334,#333);
#336=DIRECTION('',(-1.E0,0.E0,0.E0));
#337=VECTOR('',#336,6.35E-1);
#338=CARTESIAN_POINT('',(-9.525E-1,-1.778E-1,-9.652E0));
#339=LINE('',#338,#337);
#340=DIRECTION('',(0.E0,-1.E0,0.E0));
#341=VECTOR('',#340,6.35E-1);
#342=CARTESIAN_POINT('',(1.5875E0,-1.778E-1,-9.652E0));
#343=LINE('',#342,#341);
#344=DIRECTION('',(-1.E0,0.E0,0.E0));
#345=VECTOR('',#344,6.35E-1);
#346=CARTESIAN_POINT('',(1.5875E0,-8.128E-1,-9.652E0));
#347=LINE('',#346,#345);
#348=DIRECTION('',(0.E0,-1.E0,0.E0));
#349=VECTOR('',#348,6.35E-1);
#350=CARTESIAN_POINT('',(9.525E-1,-1.778E-1,-9.652E0));
#351=LINE('',#350,#349);
#352=DIRECTION('',(-1.E0,0.E0,0.E0));
#353=VECTOR('',#352,6.35E-1);
#354=CARTESIAN_POINT('',(1.5875E0,-1.778E-1,-9.652E0));
#355=LINE('',#354,#353);
#356=DIRECTION('',(0.E0,-1.E0,0.E0));
#357=VECTOR('',#356,6.35E-1);
#358=CARTESIAN_POINT('',(4.1275E0,-1.778E-1,-9.652E0));
#359=LINE('',#358,#357);
#360=DIRECTION('',(-1.E0,0.E0,0.E0));
#361=VECTOR('',#360,6.35E-1);
#362=CARTESIAN_POINT('',(4.1275E0,-8.128E-1,-9.652E0));
#363=LINE('',#362,#361);
#364=DIRECTION('',(0.E0,-1.E0,0.E0));
#365=VECTOR('',#364,6.35E-1);
#366=CARTESIAN_POINT('',(3.4925E0,-1.778E-1,-9.652E0));
#367=LINE('',#366,#365);
#368=DIRECTION('',(-1.E0,0.E0,0.E0));
#369=VECTOR('',#368,6.35E-1);
#370=CARTESIAN_POINT('',(4.1275E0,-1.778E-1,-9.652E0));
#371=LINE('',#370,#369);
#372=DIRECTION('',(0.E0,0.E0,-1.E0));
#373=VECTOR('',#372,7.62E-1);
#374=CARTESIAN_POINT('',(-2.921E0,-3.2131E0,-9.652E0));
#375=LINE('',#374,#373);
#376=DIRECTION('',(-1.E0,0.E0,0.E0));
#377=VECTOR('',#376,1.778E0);
#378=CARTESIAN_POINT('',(-3.81E-1,-3.2131E0,-9.652E0));
#379=LINE('',#378,#377);
#380=DIRECTION('',(0.E0,0.E0,-1.E0));
#381=VECTOR('',#380,7.62E-1);
#382=CARTESIAN_POINT('',(-2.159E0,-3.2131E0,-9.652E0));
#383=LINE('',#382,#381);
#384=DIRECTION('',(-1.E0,0.E0,0.E0));
#385=VECTOR('',#384,1.778E0);
#386=CARTESIAN_POINT('',(-2.921E0,-3.2131E0,-9.652E0));
#387=LINE('',#386,#385);
#388=DIRECTION('',(0.E0,0.E0,-1.E0));
#389=VECTOR('',#388,7.62E-1);
#390=CARTESIAN_POINT('',(-4.699E0,-3.2131E0,-9.652E0));
#391=LINE('',#390,#389);
#392=DIRECTION('',(-1.E0,0.E0,0.E0));
#393=VECTOR('',#392,6.858E-1);
#394=CARTESIAN_POINT('',(-5.461E0,-3.2131E0,-9.652E0));
#395=LINE('',#394,#393);
#396=DIRECTION('',(-1.E0,0.E0,0.E0));
#397=VECTOR('',#396,7.62E-1);
#398=CARTESIAN_POINT('',(-5.3848E0,-3.2131E0,-7.8232E0));
#399=LINE('',#398,#397);
#400=DIRECTION('',(1.E0,0.E0,0.E0));
#401=VECTOR('',#400,1.5748E0);
#402=CARTESIAN_POINT('',(-5.3848E0,-3.2131E0,-7.8232E0));
#403=LINE('',#402,#401);
#404=DIRECTION('',(0.E0,0.E0,-1.E0));
#405=VECTOR('',#404,5.461E0);
#406=CARTESIAN_POINT('',(-3.81E0,-3.2131E0,-2.3622E0));
#407=LINE('',#406,#405);
#408=DIRECTION('',(1.E0,0.E0,0.E0));
#409=VECTOR('',#408,7.62E0);
#410=CARTESIAN_POINT('',(-3.81E0,-3.2131E0,-2.3622E0));
#411=LINE('',#410,#409);
#412=DIRECTION('',(0.E0,0.E0,-1.E0));
#413=VECTOR('',#412,5.461E0);
#414=CARTESIAN_POINT('',(3.81E0,-3.2131E0,-2.3622E0));
#415=LINE('',#414,#413);
#416=DIRECTION('',(1.E0,0.E0,0.E0));
#417=VECTOR('',#416,1.5748E0);
#418=CARTESIAN_POINT('',(3.81E0,-3.2131E0,-7.8232E0));
#419=LINE('',#418,#417);
#420=DIRECTION('',(-1.E0,0.E0,0.E0));
#421=VECTOR('',#420,7.62E-1);
#422=CARTESIAN_POINT('',(6.1468E0,-3.2131E0,-7.8232E0));
#423=LINE('',#422,#421);
#424=DIRECTION('',(-1.E0,0.E0,0.E0));
#425=VECTOR('',#424,6.858E-1);
#426=CARTESIAN_POINT('',(6.1468E0,-3.2131E0,-9.652E0));
#427=LINE('',#426,#425);
#428=DIRECTION('',(0.E0,0.E0,-1.E0));
#429=VECTOR('',#428,7.62E-1);
#430=CARTESIAN_POINT('',(5.461E0,-3.2131E0,-9.652E0));
#431=LINE('',#430,#429);
#432=DIRECTION('',(-1.E0,0.E0,0.E0));
#433=VECTOR('',#432,1.778E0);
#434=CARTESIAN_POINT('',(4.699E0,-3.2131E0,-9.652E0));
#435=LINE('',#434,#433);
#436=DIRECTION('',(0.E0,0.E0,-1.E0));
#437=VECTOR('',#436,7.62E-1);
#438=CARTESIAN_POINT('',(2.921E0,-3.2131E0,-9.652E0));
#439=LINE('',#438,#437);
#440=DIRECTION('',(-1.E0,0.E0,0.E0));
#441=VECTOR('',#440,1.778E0);
#442=CARTESIAN_POINT('',(2.159E0,-3.2131E0,-9.652E0));
#443=LINE('',#442,#441);
#444=DIRECTION('',(0.E0,0.E0,-1.E0));
#445=VECTOR('',#444,7.62E-1);
#446=CARTESIAN_POINT('',(3.81E-1,-3.2131E0,-9.652E0));
#447=LINE('',#446,#445);
#448=DIRECTION('',(0.E0,0.E0,-1.E0));
#449=VECTOR('',#448,7.62E-1);
#450=CARTESIAN_POINT('',(-2.159E0,-2.4511E0,-9.652E0));
#451=LINE('',#450,#449);
#452=DIRECTION('',(0.E0,0.E0,-1.E0));
#453=VECTOR('',#452,7.62E-1);
#454=CARTESIAN_POINT('',(-2.921E0,-2.4511E0,-9.652E0));
#455=LINE('',#454,#453);
#456=DIRECTION('',(0.E0,1.E0,0.E0));
#457=VECTOR('',#456,7.62E-1);
#458=CARTESIAN_POINT('',(-2.921E0,-3.2131E0,-1.0414E1));
#459=LINE('',#458,#457);
#460=DIRECTION('',(-1.E0,0.E0,0.E0));
#461=VECTOR('',#460,7.62E-1);
#462=CARTESIAN_POINT('',(-2.159E0,-3.2131E0,-1.0414E1));
#463=LINE('',#462,#461);
#464=DIRECTION('',(0.E0,-1.E0,0.E0));
#465=VECTOR('',#464,7.62E-1);
#466=CARTESIAN_POINT('',(-2.159E0,-2.4511E0,-1.0414E1));
#467=LINE('',#466,#465);
#468=DIRECTION('',(1.E0,0.E0,0.E0));
#469=VECTOR('',#468,7.62E-1);
#470=CARTESIAN_POINT('',(-2.921E0,-2.4511E0,-1.0414E1));
#471=LINE('',#470,#469);
#472=DIRECTION('',(0.E0,1.E0,0.E0));
#473=VECTOR('',#472,1.778E0);
#474=CARTESIAN_POINT('',(-2.921E0,2.1971E0,-1.0414E1));
#475=LINE('',#474,#473);
#476=DIRECTION('',(-1.E0,0.E0,0.E0));
#477=VECTOR('',#476,7.62E-1);
#478=CARTESIAN_POINT('',(-2.159E0,2.1971E0,-1.0414E1));
#479=LINE('',#478,#477);
#480=DIRECTION('',(0.E0,-1.E0,0.E0));
#481=VECTOR('',#480,1.778E0);
#482=CARTESIAN_POINT('',(-2.159E0,3.9751E0,-1.0414E1));
#483=LINE('',#482,#481);
#484=DIRECTION('',(1.E0,0.E0,0.E0));
#485=VECTOR('',#484,7.62E-1);
#486=CARTESIAN_POINT('',(-2.921E0,3.9751E0,-1.0414E1));
#487=LINE('',#486,#485);
#488=DIRECTION('',(0.E0,0.E0,-1.E0));
#489=VECTOR('',#488,7.62E-1);
#490=CARTESIAN_POINT('',(-2.921E0,2.1971E0,-9.652E0));
#491=LINE('',#490,#489);
#492=DIRECTION('',(0.E0,0.E0,-1.E0));
#493=VECTOR('',#492,7.62E-1);
#494=CARTESIAN_POINT('',(-2.159E0,2.1971E0,-9.652E0));
#495=LINE('',#494,#493);
#496=DIRECTION('',(0.E0,0.E0,-1.E0));
#497=VECTOR('',#496,7.62E-1);
#498=CARTESIAN_POINT('',(-2.159E0,3.9751E0,-9.652E0));
#499=LINE('',#498,#497);
#500=DIRECTION('',(0.E0,0.E0,-1.E0));
#501=VECTOR('',#500,7.62E-1);
#502=CARTESIAN_POINT('',(-2.921E0,3.9751E0,-9.652E0));
#503=LINE('',#502,#501);
#504=DIRECTION('',(0.E0,0.E0,-1.E0));
#505=VECTOR('',#504,7.62E-1);
#506=CARTESIAN_POINT('',(-3.81E-1,3.9751E0,-9.652E0));
#507=LINE('',#506,#505);
#508=DIRECTION('',(0.E0,0.E0,-1.E0));
#509=VECTOR('',#508,7.62E-1);
#510=CARTESIAN_POINT('',(2.159E0,3.9751E0,-9.652E0));
#511=LINE('',#510,#509);
#512=DIRECTION('',(0.E0,0.E0,1.E0));
#513=VECTOR('',#512,9.652E0);
#514=CARTESIAN_POINT('',(6.1468E0,3.9751E0,-9.652E0));
#515=LINE('',#514,#513);
#516=DIRECTION('',(0.E0,0.E0,-1.E0));
#517=VECTOR('',#516,7.62E-1);
#518=CARTESIAN_POINT('',(-3.81E-1,2.1971E0,-9.652E0));
#519=LINE('',#518,#517);
#520=DIRECTION('',(0.E0,0.E0,-1.E0));
#521=VECTOR('',#520,7.62E-1);
#522=CARTESIAN_POINT('',(3.81E-1,2.1971E0,-9.652E0));
#523=LINE('',#522,#521);
#524=DIRECTION('',(0.E0,0.E0,-1.E0));
#525=VECTOR('',#524,7.62E-1);
#526=CARTESIAN_POINT('',(3.81E-1,3.9751E0,-9.652E0));
#527=LINE('',#526,#525);
#528=DIRECTION('',(0.E0,1.E0,0.E0));
#529=VECTOR('',#528,7.62E-1);
#530=CARTESIAN_POINT('',(-3.81E-1,-3.2131E0,-1.0414E1));
#531=LINE('',#530,#529);
#532=DIRECTION('',(-1.E0,0.E0,0.E0));
#533=VECTOR('',#532,7.62E-1);
#534=CARTESIAN_POINT('',(3.81E-1,-3.2131E0,-1.0414E1));
#535=LINE('',#534,#533);
#536=DIRECTION('',(0.E0,-1.E0,0.E0));
#537=VECTOR('',#536,7.62E-1);
#538=CARTESIAN_POINT('',(3.81E-1,-2.4511E0,-1.0414E1));
#539=LINE('',#538,#537);
#540=DIRECTION('',(1.E0,0.E0,0.E0));
#541=VECTOR('',#540,7.62E-1);
#542=CARTESIAN_POINT('',(-3.81E-1,-2.4511E0,-1.0414E1));
#543=LINE('',#542,#541);
#544=DIRECTION('',(0.E0,1.E0,0.E0));
#545=VECTOR('',#544,1.778E0);
#546=CARTESIAN_POINT('',(-3.81E-1,2.1971E0,-1.0414E1));
#547=LINE('',#546,#545);
#548=DIRECTION('',(-1.E0,0.E0,0.E0));
#549=VECTOR('',#548,7.62E-1);
#550=CARTESIAN_POINT('',(3.81E-1,2.1971E0,-1.0414E1));
#551=LINE('',#550,#549);
#552=DIRECTION('',(0.E0,-1.E0,0.E0));
#553=VECTOR('',#552,1.778E0);
#554=CARTESIAN_POINT('',(3.81E-1,3.9751E0,-1.0414E1));
#555=LINE('',#554,#553);
#556=DIRECTION('',(1.E0,0.E0,0.E0));
#557=VECTOR('',#556,7.62E-1);
#558=CARTESIAN_POINT('',(-3.81E-1,3.9751E0,-1.0414E1));
#559=LINE('',#558,#557);
#560=DIRECTION('',(0.E0,0.E0,-1.E0));
#561=VECTOR('',#560,7.62E-1);
#562=CARTESIAN_POINT('',(-3.81E-1,-3.2131E0,-9.652E0));
#563=LINE('',#562,#561);
#564=DIRECTION('',(0.E0,0.E0,-1.E0));
#565=VECTOR('',#564,7.62E-1);
#566=CARTESIAN_POINT('',(-3.81E-1,-2.4511E0,-9.652E0));
#567=LINE('',#566,#565);
#568=DIRECTION('',(0.E0,0.E0,-1.E0));
#569=VECTOR('',#568,7.62E-1);
#570=CARTESIAN_POINT('',(3.81E-1,-2.4511E0,-9.652E0));
#571=LINE('',#570,#569);
#572=DIRECTION('',(0.E0,0.E0,-1.E0));
#573=VECTOR('',#572,7.62E-1);
#574=CARTESIAN_POINT('',(2.159E0,2.1971E0,-9.652E0));
#575=LINE('',#574,#573);
#576=DIRECTION('',(0.E0,0.E0,-1.E0));
#577=VECTOR('',#576,7.62E-1);
#578=CARTESIAN_POINT('',(2.921E0,2.1971E0,-9.652E0));
#579=LINE('',#578,#577);
#580=DIRECTION('',(0.E0,0.E0,-1.E0));
#581=VECTOR('',#580,7.62E-1);
#582=CARTESIAN_POINT('',(2.921E0,3.9751E0,-9.652E0));
#583=LINE('',#582,#581);
#584=DIRECTION('',(0.E0,1.E0,0.E0));
#585=VECTOR('',#584,7.62E-1);
#586=CARTESIAN_POINT('',(2.159E0,-3.2131E0,-1.0414E1));
#587=LINE('',#586,#585);
#588=DIRECTION('',(-1.E0,0.E0,0.E0));
#589=VECTOR('',#588,7.62E-1);
#590=CARTESIAN_POINT('',(2.921E0,-3.2131E0,-1.0414E1));
#591=LINE('',#590,#589);
#592=DIRECTION('',(0.E0,-1.E0,0.E0));
#593=VECTOR('',#592,7.62E-1);
#594=CARTESIAN_POINT('',(2.921E0,-2.4511E0,-1.0414E1));
#595=LINE('',#594,#593);
#596=DIRECTION('',(1.E0,0.E0,0.E0));
#597=VECTOR('',#596,7.62E-1);
#598=CARTESIAN_POINT('',(2.159E0,-2.4511E0,-1.0414E1));
#599=LINE('',#598,#597);
#600=DIRECTION('',(0.E0,1.E0,0.E0));
#601=VECTOR('',#600,1.778E0);
#602=CARTESIAN_POINT('',(2.159E0,2.1971E0,-1.0414E1));
#603=LINE('',#602,#601);
#604=DIRECTION('',(-1.E0,0.E0,0.E0));
#605=VECTOR('',#604,7.62E-1);
#606=CARTESIAN_POINT('',(2.921E0,2.1971E0,-1.0414E1));
#607=LINE('',#606,#605);
#608=DIRECTION('',(0.E0,-1.E0,0.E0));
#609=VECTOR('',#608,1.778E0);
#610=CARTESIAN_POINT('',(2.921E0,3.9751E0,-1.0414E1));
#611=LINE('',#610,#609);
#612=DIRECTION('',(1.E0,0.E0,0.E0));
#613=VECTOR('',#612,7.62E-1);
#614=CARTESIAN_POINT('',(2.159E0,3.9751E0,-1.0414E1));
#615=LINE('',#614,#613);
#616=DIRECTION('',(0.E0,0.E0,-1.E0));
#617=VECTOR('',#616,7.62E-1);
#618=CARTESIAN_POINT('',(2.159E0,-3.2131E0,-9.652E0));
#619=LINE('',#618,#617);
#620=DIRECTION('',(0.E0,0.E0,-1.E0));
#621=VECTOR('',#620,7.62E-1);
#622=CARTESIAN_POINT('',(2.159E0,-2.4511E0,-9.652E0));
#623=LINE('',#622,#621);
#624=DIRECTION('',(0.E0,0.E0,-1.E0));
#625=VECTOR('',#624,7.62E-1);
#626=CARTESIAN_POINT('',(2.921E0,-2.4511E0,-9.652E0));
#627=LINE('',#626,#625);
#628=DIRECTION('',(0.E0,0.E0,1.E0));
#629=VECTOR('',#628,1.8288E0);
#630=CARTESIAN_POINT('',(6.1468E0,-3.2131E0,-9.652E0));
#631=LINE('',#630,#629);
#632=DIRECTION('',(0.E0,1.E0,0.E0));
#633=VECTOR('',#632,7.62E-1);
#634=CARTESIAN_POINT('',(6.1468E0,-3.9751E0,-7.8232E0));
#635=LINE('',#634,#633);
#636=DIRECTION('',(0.E0,0.E0,1.E0));
#637=VECTOR('',#636,7.8232E0);
#638=CARTESIAN_POINT('',(6.1468E0,-3.9751E0,-7.8232E0));
#639=LINE('',#638,#637);
#640=CARTESIAN_POINT('',(5.3848E0,2.8321E0,-7.5692E0));
#641=DIRECTION('',(-1.E0,0.E0,0.E0));
#642=DIRECTION('',(0.E0,1.E0,0.E0));
#643=AXIS2_PLACEMENT_3D('',#640,#641,#642);
#645=DIRECTION('',(0.E0,1.E0,0.E0));
#646=VECTOR('',#645,7.0612E0);
#647=CARTESIAN_POINT('',(5.3848E0,-3.9751E0,-2.54E-1));
#648=LINE('',#647,#646);
#649=DIRECTION('',(0.E0,1.E0,0.E0));
#650=VECTOR('',#649,7.62E-1);
#651=CARTESIAN_POINT('',(5.3848E0,-3.9751E0,-7.8232E0));
#652=LINE('',#651,#650);
#653=DIRECTION('',(0.E0,0.E0,-1.E0));
#654=VECTOR('',#653,3.048E-1);
#655=CARTESIAN_POINT('',(5.3848E0,-2.4511E0,-7.8232E0));
#656=LINE('',#655,#654);
#657=CARTESIAN_POINT('',(5.3848E0,-2.1971E0,-8.128E0));
#658=DIRECTION('',(1.E0,0.E0,0.E0));
#659=DIRECTION('',(0.E0,-1.E0,0.E0));
#660=AXIS2_PLACEMENT_3D('',#657,#658,#659);
#662=DIRECTION('',(0.E0,1.E0,0.E0));
#663=VECTOR('',#662,3.048E-1);
#664=CARTESIAN_POINT('',(5.3848E0,-2.1971E0,-8.382E0));
#665=LINE('',#664,#663);
#666=DIRECTION('',(0.E0,0.E0,1.E0));
#667=VECTOR('',#666,5.588E-1);
#668=CARTESIAN_POINT('',(5.3848E0,-1.8923E0,-8.382E0));
#669=LINE('',#668,#667);
#670=DIRECTION('',(1.E0,0.E0,0.E0));
#671=VECTOR('',#670,1.5748E0);
#672=CARTESIAN_POINT('',(-5.3848E0,-2.4511E0,-7.8232E0));
#673=LINE('',#672,#671);
#674=DIRECTION('',(0.E0,1.E0,0.E0));
#675=VECTOR('',#674,7.62E-1);
#676=CARTESIAN_POINT('',(-3.81E0,-3.2131E0,-7.8232E0));
#677=LINE('',#676,#675);
#678=DIRECTION('',(0.E0,-1.E0,0.E0));
#679=VECTOR('',#678,7.62E-1);
#680=CARTESIAN_POINT('',(-5.3848E0,-2.4511E0,-7.8232E0));
#681=LINE('',#680,#679);
#682=DIRECTION('',(1.E0,0.E0,0.E0));
#683=VECTOR('',#682,1.5748E0);
#684=CARTESIAN_POINT('',(3.81E0,-2.4511E0,-7.8232E0));
#685=LINE('',#684,#683);
#686=DIRECTION('',(0.E0,1.E0,0.E0));
#687=VECTOR('',#686,7.62E-1);
#688=CARTESIAN_POINT('',(5.3848E0,-3.2131E0,-7.8232E0));
#689=LINE('',#688,#687);
#690=DIRECTION('',(0.E0,-1.E0,0.E0));
#691=VECTOR('',#690,7.62E-1);
#692=CARTESIAN_POINT('',(3.81E0,-2.4511E0,-7.8232E0));
#693=LINE('',#692,#691);
#694=DIRECTION('',(1.E0,0.E0,0.E0));
#695=VECTOR('',#694,9.906E-1);
#696=CARTESIAN_POINT('',(4.3942E0,2.8321E0,-7.8232E0));
#697=LINE('',#696,#695);
#698=DIRECTION('',(0.E0,1.E0,0.E0));
#699=VECTOR('',#698,4.7244E0);
#700=CARTESIAN_POINT('',(5.3848E0,-1.8923E0,-7.8232E0));
#701=LINE('',#700,#699);
#702=DIRECTION('',(1.E0,0.E0,0.E0));
#703=VECTOR('',#702,1.07696E1);
#704=CARTESIAN_POINT('',(-5.3848E0,-1.8923E0,-7.8232E0));
#705=LINE('',#704,#703);
#706=DIRECTION('',(0.E0,-1.E0,0.E0));
#707=VECTOR('',#706,4.7244E0);
#708=CARTESIAN_POINT('',(-5.3848E0,2.8321E0,-7.8232E0));
#709=LINE('',#708,#707);
#710=DIRECTION('',(1.E0,0.E0,0.E0));
#711=VECTOR('',#710,9.906E-1);
#712=CARTESIAN_POINT('',(-5.3848E0,2.8321E0,-7.8232E0));
#713=LINE('',#712,#711);
#714=DIRECTION('',(0.E0,1.E0,0.E0));
#715=VECTOR('',#714,1.143E0);
#716=CARTESIAN_POINT('',(-4.3942E0,1.6891E0,-7.8232E0));
#717=LINE('',#716,#715);
#718=DIRECTION('',(-1.E0,0.E0,0.E0));
#719=VECTOR('',#718,7.62E-1);
#720=CARTESIAN_POINT('',(-3.6322E0,1.6891E0,-7.8232E0));
#721=LINE('',#720,#719);
#722=DIRECTION('',(0.E0,-1.E0,0.E0));
#723=VECTOR('',#722,1.143E0);
#724=CARTESIAN_POINT('',(-3.6322E0,2.8321E0,-7.8232E0));
#725=LINE('',#724,#723);
#726=DIRECTION('',(1.E0,0.E0,0.E0));
#727=VECTOR('',#726,7.2644E0);
#728=CARTESIAN_POINT('',(-3.6322E0,2.8321E0,-7.8232E0));
#729=LINE('',#728,#727);
#730=DIRECTION('',(0.E0,1.E0,0.E0));
#731=VECTOR('',#730,1.143E0);
#732=CARTESIAN_POINT('',(3.6322E0,1.6891E0,-7.8232E0));
#733=LINE('',#732,#731);
#734=DIRECTION('',(-1.E0,0.E0,0.E0));
#735=VECTOR('',#734,7.62E-1);
#736=CARTESIAN_POINT('',(4.3942E0,1.6891E0,-7.8232E0));
#737=LINE('',#736,#735);
#738=DIRECTION('',(0.E0,-1.E0,0.E0));
#739=VECTOR('',#738,1.143E0);
#740=CARTESIAN_POINT('',(4.3942E0,2.8321E0,-7.8232E0));
#741=LINE('',#740,#739);
#742=DIRECTION('',(0.E0,-1.E0,0.E0));
#743=VECTOR('',#742,6.35E-1);
#744=CARTESIAN_POINT('',(-3.4925E0,-1.778E-1,-7.8232E0));
#745=LINE('',#744,#743);
#746=DIRECTION('',(-1.E0,0.E0,0.E0));
#747=VECTOR('',#746,6.35E-1);
#748=CARTESIAN_POINT('',(-3.4925E0,-1.778E-1,-7.8232E0));
#749=LINE('',#748,#747);
#750=DIRECTION('',(0.E0,-1.E0,0.E0));
#751=VECTOR('',#750,6.35E-1);
#752=CARTESIAN_POINT('',(-4.1275E0,-1.778E-1,-7.8232E0));
#753=LINE('',#752,#751);
#754=DIRECTION('',(-1.E0,0.E0,0.E0));
#755=VECTOR('',#754,6.35E-1);
#756=CARTESIAN_POINT('',(-3.4925E0,-8.128E-1,-7.8232E0));
#757=LINE('',#756,#755);
#758=DIRECTION('',(0.E0,-1.E0,0.E0));
#759=VECTOR('',#758,6.35E-1);
#760=CARTESIAN_POINT('',(-9.525E-1,-1.778E-1,-7.8232E0));
#761=LINE('',#760,#759);
#762=DIRECTION('',(-1.E0,0.E0,0.E0));
#763=VECTOR('',#762,6.35E-1);
#764=CARTESIAN_POINT('',(-9.525E-1,-1.778E-1,-7.8232E0));
#765=LINE('',#764,#763);
#766=DIRECTION('',(0.E0,-1.E0,0.E0));
#767=VECTOR('',#766,6.35E-1);
#768=CARTESIAN_POINT('',(-1.5875E0,-1.778E-1,-7.8232E0));
#769=LINE('',#768,#767);
#770=DIRECTION('',(-1.E0,0.E0,0.E0));
#771=VECTOR('',#770,6.35E-1);
#772=CARTESIAN_POINT('',(-9.525E-1,-8.128E-1,-7.8232E0));
#773=LINE('',#772,#771);
#774=DIRECTION('',(0.E0,-1.E0,0.E0));
#775=VECTOR('',#774,6.35E-1);
#776=CARTESIAN_POINT('',(1.5875E0,-1.778E-1,-7.8232E0));
#777=LINE('',#776,#775);
#778=DIRECTION('',(-1.E0,0.E0,0.E0));
#779=VECTOR('',#778,6.35E-1);
#780=CARTESIAN_POINT('',(1.5875E0,-1.778E-1,-7.8232E0));
#781=LINE('',#780,#779);
#782=DIRECTION('',(0.E0,-1.E0,0.E0));
#783=VECTOR('',#782,6.35E-1);
#784=CARTESIAN_POINT('',(9.525E-1,-1.778E-1,-7.8232E0));
#785=LINE('',#784,#783);
#786=DIRECTION('',(-1.E0,0.E0,0.E0));
#787=VECTOR('',#786,6.35E-1);
#788=CARTESIAN_POINT('',(1.5875E0,-8.128E-1,-7.8232E0));
#789=LINE('',#788,#787);
#790=DIRECTION('',(0.E0,-1.E0,0.E0));
#791=VECTOR('',#790,6.35E-1);
#792=CARTESIAN_POINT('',(4.1275E0,-1.778E-1,-7.8232E0));
#793=LINE('',#792,#791);
#794=DIRECTION('',(-1.E0,0.E0,0.E0));
#795=VECTOR('',#794,6.35E-1);
#796=CARTESIAN_POINT('',(4.1275E0,-1.778E-1,-7.8232E0));
#797=LINE('',#796,#795);
#798=DIRECTION('',(0.E0,-1.E0,0.E0));
#799=VECTOR('',#798,6.35E-1);
#800=CARTESIAN_POINT('',(3.4925E0,-1.778E-1,-7.8232E0));
#801=LINE('',#800,#799);
#802=DIRECTION('',(-1.E0,0.E0,0.E0));
#803=VECTOR('',#802,6.35E-1);
#804=CARTESIAN_POINT('',(4.1275E0,-8.128E-1,-7.8232E0));
#805=LINE('',#804,#803);
#806=DIRECTION('',(0.E0,0.E0,-1.E0));
#807=VECTOR('',#806,5.461E0);
#808=CARTESIAN_POINT('',(-3.81E0,-2.4511E0,-2.3622E0));
#809=LINE('',#808,#807);
#810=DIRECTION('',(1.E0,0.E0,0.E0));
#811=VECTOR('',#810,7.62E0);
#812=CARTESIAN_POINT('',(-3.81E0,-2.4511E0,-2.3622E0));
#813=LINE('',#812,#811);
#814=DIRECTION('',(0.E0,0.E0,1.E0));
#815=VECTOR('',#814,1.905E0);
#816=CARTESIAN_POINT('',(2.921E0,-2.4511E0,-5.7912E0));
#817=LINE('',#816,#815);
#818=DIRECTION('',(1.E0,0.E0,0.E0));
#819=VECTOR('',#818,7.62E-1);
#820=CARTESIAN_POINT('',(2.159E0,-2.4511E0,-5.7912E0));
#821=LINE('',#820,#819);
#822=DIRECTION('',(0.E0,0.E0,1.E0));
#823=VECTOR('',#822,1.905E0);
#824=CARTESIAN_POINT('',(2.159E0,-2.4511E0,-5.7912E0));
#825=LINE('',#824,#823);
#826=DIRECTION('',(1.E0,0.E0,0.E0));
#827=VECTOR('',#826,7.62E-1);
#828=CARTESIAN_POINT('',(2.159E0,-2.4511E0,-3.8862E0));
#829=LINE('',#828,#827);
#830=DIRECTION('',(0.E0,0.E0,1.E0));
#831=VECTOR('',#830,1.905E0);
#832=CARTESIAN_POINT('',(3.81E-1,-2.4511E0,-5.7912E0));
#833=LINE('',#832,#831);
#834=DIRECTION('',(1.E0,0.E0,0.E0));
#835=VECTOR('',#834,7.62E-1);
#836=CARTESIAN_POINT('',(-3.81E-1,-2.4511E0,-5.7912E0));
#837=LINE('',#836,#835);
#838=DIRECTION('',(0.E0,0.E0,1.E0));
#839=VECTOR('',#838,1.905E0);
#840=CARTESIAN_POINT('',(-3.81E-1,-2.4511E0,-5.7912E0));
#841=LINE('',#840,#839);
#842=DIRECTION('',(1.E0,0.E0,0.E0));
#843=VECTOR('',#842,7.62E-1);
#844=CARTESIAN_POINT('',(-3.81E-1,-2.4511E0,-3.8862E0));
#845=LINE('',#844,#843);
#846=DIRECTION('',(0.E0,0.E0,1.E0));
#847=VECTOR('',#846,1.905E0);
#848=CARTESIAN_POINT('',(-2.159E0,-2.4511E0,-5.7912E0));
#849=LINE('',#848,#847);
#850=DIRECTION('',(1.E0,0.E0,0.E0));
#851=VECTOR('',#850,7.62E-1);
#852=CARTESIAN_POINT('',(-2.921E0,-2.4511E0,-5.7912E0));
#853=LINE('',#852,#851);
#854=DIRECTION('',(0.E0,0.E0,1.E0));
#855=VECTOR('',#854,1.905E0);
#856=CARTESIAN_POINT('',(-2.921E0,-2.4511E0,-5.7912E0));
#857=LINE('',#856,#855);
#858=DIRECTION('',(1.E0,0.E0,0.E0));
#859=VECTOR('',#858,7.62E-1);
#860=CARTESIAN_POINT('',(-2.921E0,-2.4511E0,-3.8862E0));
#861=LINE('',#860,#859);
#862=DIRECTION('',(0.E0,1.E0,0.E0));
#863=VECTOR('',#862,7.62E-1);
#864=CARTESIAN_POINT('',(-3.81E0,-3.2131E0,-2.3622E0));
#865=LINE('',#864,#863);
#866=DIRECTION('',(0.E0,-1.E0,0.E0));
#867=VECTOR('',#866,7.62E-1);
#868=CARTESIAN_POINT('',(3.81E0,-2.4511E0,-2.3622E0));
#869=LINE('',#868,#867);
#870=DIRECTION('',(0.E0,0.E0,-1.E0));
#871=VECTOR('',#870,5.461E0);
#872=CARTESIAN_POINT('',(3.81E0,-2.4511E0,-2.3622E0));
#873=LINE('',#872,#871);
#874=CARTESIAN_POINT('',(-5.3848E0,2.8321E0,-7.5692E0));
#875=DIRECTION('',(1.E0,0.E0,0.E0));
#876=DIRECTION('',(0.E0,0.E0,-1.E0));
#877=AXIS2_PLACEMENT_3D('',#874,#875,#876);
#879=DIRECTION('',(0.E0,0.E0,1.E0));
#880=VECTOR('',#879,5.588E-1);
#881=CARTESIAN_POINT('',(-5.3848E0,-1.8923E0,-8.382E0));
#882=LINE('',#881,#880);
#883=DIRECTION('',(0.E0,1.E0,0.E0));
#884=VECTOR('',#883,3.048E-1);
#885=CARTESIAN_POINT('',(-5.3848E0,-2.1971E0,-8.382E0));
#886=LINE('',#885,#884);
#887=CARTESIAN_POINT('',(-5.3848E0,-2.1971E0,-8.128E0));
#888=DIRECTION('',(1.E0,0.E0,0.E0));
#889=DIRECTION('',(0.E0,-1.E0,0.E0));
#890=AXIS2_PLACEMENT_3D('',#887,#888,#889);
#892=DIRECTION('',(0.E0,0.E0,-1.E0));
#893=VECTOR('',#892,3.048E-1);
#894=CARTESIAN_POINT('',(-5.3848E0,-2.4511E0,-7.8232E0));
#895=LINE('',#894,#893);
#896=DIRECTION('',(0.E0,1.E0,0.E0));
#897=VECTOR('',#896,7.62E-1);
#898=CARTESIAN_POINT('',(-5.3848E0,-3.9751E0,-7.8232E0));
#899=LINE('',#898,#897);
#900=DIRECTION('',(0.E0,0.E0,1.E0));
#901=VECTOR('',#900,7.5692E0);
#902=CARTESIAN_POINT('',(-5.3848E0,-3.9751E0,-7.8232E0));
#903=LINE('',#902,#901);
#904=DIRECTION('',(0.E0,-1.E0,0.E0));
#905=VECTOR('',#904,7.0612E0);
#906=CARTESIAN_POINT('',(-5.3848E0,3.0861E0,-2.54E-1));
#907=LINE('',#906,#905);
#908=DIRECTION('',(0.E0,0.E0,-1.E0));
#909=VECTOR('',#908,7.3152E0);
#910=CARTESIAN_POINT('',(-5.3848E0,3.0861E0,-2.54E-1));
#911=LINE('',#910,#909);
#912=CARTESIAN_POINT('',(-4.3942E0,2.8321E0,-7.5692E0));
#913=DIRECTION('',(-1.E0,0.E0,0.E0));
#914=DIRECTION('',(0.E0,1.E0,0.E0));
#915=AXIS2_PLACEMENT_3D('',#912,#913,#914);
#917=DIRECTION('',(0.E0,-7.071067811865E-1,-7.071067811865E-1));
#918=VECTOR('',#917,1.975656346635E0);
#919=CARTESIAN_POINT('',(-4.3942E0,3.0861E0,-2.54E-1));
#920=LINE('',#919,#918);
#921=DIRECTION('',(0.E0,0.E0,-1.E0));
#922=VECTOR('',#921,6.1722E0);
#923=CARTESIAN_POINT('',(-4.3942E0,1.6891E0,-1.651E0));
#924=LINE('',#923,#922);
#925=DIRECTION('',(1.E0,0.E0,0.E0));
#926=VECTOR('',#925,9.906E-1);
#927=CARTESIAN_POINT('',(-5.3848E0,3.0861E0,-7.5692E0));
#928=LINE('',#927,#926);
#929=DIRECTION('',(1.E0,0.E0,0.E0));
#930=VECTOR('',#929,9.906E-1);
#931=CARTESIAN_POINT('',(-5.3848E0,3.0861E0,-2.54E-1));
#932=LINE('',#931,#930);
#933=DIRECTION('',(0.E0,0.E0,-1.E0));
#934=VECTOR('',#933,7.3152E0);
#935=CARTESIAN_POINT('',(-4.3942E0,3.0861E0,-2.54E-1));
#936=LINE('',#935,#934);
#937=DIRECTION('',(1.E0,0.E0,0.E0));
#938=VECTOR('',#937,1.12776E1);
#939=CARTESIAN_POINT('',(-5.6388E0,3.3401E0,0.E0));
#940=LINE('',#939,#938);
#941=DIRECTION('',(5.773502691896E-1,5.773502691896E-1,5.773502691896E-1));
#942=VECTOR('',#941,4.399409051225E-1);
#943=CARTESIAN_POINT('',(5.3848E0,3.0861E0,-2.54E-1));
#944=LINE('',#943,#942);
#945=CARTESIAN_POINT('',(3.6322E0,2.8321E0,-7.5692E0));
#946=DIRECTION('',(-1.E0,0.E0,0.E0));
#947=DIRECTION('',(0.E0,1.E0,0.E0));
#948=AXIS2_PLACEMENT_3D('',#945,#946,#947);
#950=DIRECTION('',(0.E0,-7.071067811865E-1,-7.071067811865E-1));
#951=VECTOR('',#950,1.975656346635E0);
#952=CARTESIAN_POINT('',(3.6322E0,3.0861E0,-2.54E-1));
#953=LINE('',#952,#951);
#954=DIRECTION('',(0.E0,0.E0,-1.E0));
#955=VECTOR('',#954,6.1722E0);
#956=CARTESIAN_POINT('',(3.6322E0,1.6891E0,-1.651E0));
#957=LINE('',#956,#955);
#958=CARTESIAN_POINT('',(-3.6322E0,2.8321E0,-7.5692E0));
#959=DIRECTION('',(1.E0,0.E0,0.E0));
#960=DIRECTION('',(0.E0,0.E0,-1.E0));
#961=AXIS2_PLACEMENT_3D('',#958,#959,#960);
#963=DIRECTION('',(0.E0,7.071067811865E-1,7.071067811865E-1));
#964=VECTOR('',#963,1.975656346635E0);
#965=CARTESIAN_POINT('',(-3.6322E0,1.6891E0,-1.651E0));
#966=LINE('',#965,#964);
#967=DIRECTION('',(0.E0,0.E0,-1.E0));
#968=VECTOR('',#967,7.3152E0);
#969=CARTESIAN_POINT('',(-3.6322E0,3.0861E0,-2.54E-1));
#970=LINE('',#969,#968);
#971=DIRECTION('',(-1.E0,0.E0,0.E0));
#972=VECTOR('',#971,7.62E-1);
#973=CARTESIAN_POINT('',(-3.6322E0,1.6891E0,-1.651E0));
#974=LINE('',#973,#972);
#975=DIRECTION('',(0.E0,0.E0,-1.E0));
#976=VECTOR('',#975,6.1722E0);
#977=CARTESIAN_POINT('',(-3.6322E0,1.6891E0,-1.651E0));
#978=LINE('',#977,#976);
#979=DIRECTION('',(1.E0,0.E0,0.E0));
#980=VECTOR('',#979,7.2644E0);
#981=CARTESIAN_POINT('',(-3.6322E0,3.0861E0,-7.5692E0));
#982=LINE('',#981,#980);
#983=DIRECTION('',(1.E0,0.E0,0.E0));
#984=VECTOR('',#983,7.2644E0);
#985=CARTESIAN_POINT('',(-3.6322E0,3.0861E0,-2.54E-1));
#986=LINE('',#985,#984);
#987=DIRECTION('',(0.E0,0.E0,-1.E0));
#988=VECTOR('',#987,7.3152E0);
#989=CARTESIAN_POINT('',(3.6322E0,3.0861E0,-2.54E-1));
#990=LINE('',#989,#988);
#991=DIRECTION('',(-1.E0,0.E0,0.E0));
#992=VECTOR('',#991,7.62E-1);
#993=CARTESIAN_POINT('',(4.3942E0,1.6891E0,-1.651E0));
#994=LINE('',#993,#992);
#995=DIRECTION('',(0.E0,0.E0,-1.E0));
#996=VECTOR('',#995,6.1722E0);
#997=CARTESIAN_POINT('',(4.3942E0,1.6891E0,-1.651E0));
#998=LINE('',#997,#996);
#999=CARTESIAN_POINT('',(4.3942E0,2.8321E0,-7.5692E0));
#1000=DIRECTION('',(1.E0,0.E0,0.E0));
#1001=DIRECTION('',(0.E0,0.E0,-1.E0));
#1002=AXIS2_PLACEMENT_3D('',#999,#1000,#1001);
#1004=DIRECTION('',(0.E0,-7.071067811865E-1,-7.071067811865E-1));
#1005=VECTOR('',#1004,1.975656346635E0);
#1006=CARTESIAN_POINT('',(4.3942E0,3.0861E0,-2.54E-1));
#1007=LINE('',#1006,#1005);
#1008=DIRECTION('',(0.E0,0.E0,-1.E0));
#1009=VECTOR('',#1008,7.3152E0);
#1010=CARTESIAN_POINT('',(4.3942E0,3.0861E0,-2.54E-1));
#1011=LINE('',#1010,#1009);
#1012=DIRECTION('',(1.E0,0.E0,0.E0));
#1013=VECTOR('',#1012,9.906E-1);
#1014=CARTESIAN_POINT('',(4.3942E0,3.0861E0,-7.5692E0));
#1015=LINE('',#1014,#1013);
#1016=DIRECTION('',(1.E0,0.E0,0.E0));
#1017=VECTOR('',#1016,9.906E-1);
#1018=CARTESIAN_POINT('',(4.3942E0,3.0861E0,-2.54E-1));
#1019=LINE('',#1018,#1017);
#1020=DIRECTION('',(0.E0,0.E0,-1.E0));
#1021=VECTOR('',#1020,7.3152E0);
#1022=CARTESIAN_POINT('',(5.3848E0,3.0861E0,-2.54E-1));
#1023=LINE('',#1022,#1021);
#1024=DIRECTION('',(-5.773502691896E-1,5.773502691896E-1,5.773502691896E-1));
#1025=VECTOR('',#1024,4.399409051225E-1);
#1026=CARTESIAN_POINT('',(-5.3848E0,3.0861E0,-2.54E-1));
#1027=LINE('',#1026,#1025);
#1028=DIRECTION('',(-7.071067811865E-1,0.E0,7.071067811865E-1));
#1029=VECTOR('',#1028,3.592102448428E-1);
#1030=CARTESIAN_POINT('',(-5.3848E0,-3.9751E0,-2.54E-1));
#1031=LINE('',#1030,#1029);
#1032=DIRECTION('',(1.E0,0.E0,0.E0));
#1033=VECTOR('',#1032,7.62E-1);
#1034=CARTESIAN_POINT('',(-6.1468E0,-3.9751E0,-7.8232E0));
#1035=LINE('',#1034,#1033);
#1036=DIRECTION('',(0.E0,0.E0,1.E0));
#1037=VECTOR('',#1036,7.8232E0);
#1038=CARTESIAN_POINT('',(-6.1468E0,-3.9751E0,-7.8232E0));
#1039=LINE('',#1038,#1037);
#1040=DIRECTION('',(0.E0,0.E0,1.E0));
#1041=VECTOR('',#1040,1.8288E0);
#1042=CARTESIAN_POINT('',(-6.1468E0,-3.2131E0,-9.652E0));
#1043=LINE('',#1042,#1041);
#1044=DIRECTION('',(0.E0,0.E0,1.E0));
#1045=VECTOR('',#1044,9.652E0);
#1046=CARTESIAN_POINT('',(-6.1468E0,3.9751E0,-9.652E0));
#1047=LINE('',#1046,#1045);
#1048=DIRECTION('',(0.E0,1.E0,0.E0));
#1049=VECTOR('',#1048,7.62E-1);
#1050=CARTESIAN_POINT('',(-6.1468E0,-3.9751E0,-7.8232E0));
#1051=LINE('',#1050,#1049);
#1052=DIRECTION('',(0.E0,-1.E0,0.E0));
#1053=VECTOR('',#1052,7.3152E0);
#1054=CARTESIAN_POINT('',(-5.6388E0,3.3401E0,0.E0));
#1055=LINE('',#1054,#1053);
#1056=DIRECTION('',(-1.E0,0.E0,0.E0));
#1057=VECTOR('',#1056,5.08E-1);
#1058=CARTESIAN_POINT('',(-5.6388E0,-3.9751E0,0.E0));
#1059=LINE('',#1058,#1057);
#1060=DIRECTION('',(0.E0,1.E0,0.E0));
#1061=VECTOR('',#1060,7.9502E0);
#1062=CARTESIAN_POINT('',(-6.1468E0,-3.9751E0,0.E0));
#1063=LINE('',#1062,#1061);
#1064=DIRECTION('',(1.E0,0.E0,0.E0));
#1065=VECTOR('',#1064,1.22936E1);
#1066=CARTESIAN_POINT('',(-6.1468E0,3.9751E0,0.E0));
#1067=LINE('',#1066,#1065);
#1068=DIRECTION('',(0.E0,-1.E0,0.E0));
#1069=VECTOR('',#1068,7.9502E0);
#1070=CARTESIAN_POINT('',(6.1468E0,3.9751E0,0.E0));
#1071=LINE('',#1070,#1069);
#1072=DIRECTION('',(-1.E0,0.E0,0.E0));
#1073=VECTOR('',#1072,5.08E-1);
#1074=CARTESIAN_POINT('',(6.1468E0,-3.9751E0,0.E0));
#1075=LINE('',#1074,#1073);
#1076=DIRECTION('',(0.E0,1.E0,0.E0));
#1077=VECTOR('',#1076,7.3152E0);
#1078=CARTESIAN_POINT('',(5.6388E0,-3.9751E0,0.E0));
#1079=LINE('',#1078,#1077);
#1080=DIRECTION('',(-7.071067811865E-1,0.E0,-7.071067811865E-1));
#1081=VECTOR('',#1080,3.592102448428E-1);
#1082=CARTESIAN_POINT('',(5.6388E0,-3.9751E0,0.E0));
#1083=LINE('',#1082,#1081);
#1084=DIRECTION('',(1.E0,0.E0,0.E0));
#1085=VECTOR('',#1084,7.62E-1);
#1086=CARTESIAN_POINT('',(5.3848E0,-3.9751E0,-7.8232E0));
#1087=LINE('',#1086,#1085);
#1088=DIRECTION('',(0.E0,0.E0,1.E0));
#1089=VECTOR('',#1088,7.5692E0);
#1090=CARTESIAN_POINT('',(5.3848E0,-3.9751E0,-7.8232E0));
#1091=LINE('',#1090,#1089);
#1092=DIRECTION('',(1.E0,0.E0,0.E0));
#1093=VECTOR('',#1092,1.07696E1);
#1094=CARTESIAN_POINT('',(-5.3848E0,-1.8923E0,-8.382E0));
#1095=LINE('',#1094,#1093);
#1096=DIRECTION('',(1.E0,0.E0,0.E0));
#1097=VECTOR('',#1096,1.07696E1);
#1098=CARTESIAN_POINT('',(-5.3848E0,-2.1971E0,-8.382E0));
#1099=LINE('',#1098,#1097);
#1100=DIRECTION('',(1.E0,0.E0,0.E0));
#1101=VECTOR('',#1100,1.07696E1);
#1102=CARTESIAN_POINT('',(-5.3848E0,-2.4511E0,-8.128E0));
#1103=LINE('',#1102,#1101);
#1104=DIRECTION('',(0.E0,-1.E0,0.E0));
#1105=VECTOR('',#1104,3.302E-1);
#1106=CARTESIAN_POINT('',(2.921E0,-2.1209E0,-3.8862E0));
#1107=LINE('',#1106,#1105);
#1108=DIRECTION('',(0.E0,-7.071067811865E-1,7.071067811865E-1));
#1109=VECTOR('',#1108,5.747363917484E-1);
#1110=CARTESIAN_POINT('',(2.921E0,-1.7145E0,-4.2926E0));
#1111=LINE('',#1110,#1109);
#1112=DIRECTION('',(0.E0,0.E0,1.E0));
#1113=VECTOR('',#1112,1.27E-1);
#1114=CARTESIAN_POINT('',(2.921E0,-1.7145E0,-4.4196E0));
#1115=LINE('',#1114,#1113);
#1116=DIRECTION('',(0.E0,1.E0,0.E0));
#1117=VECTOR('',#1116,1.016E-1);
#1118=CARTESIAN_POINT('',(2.921E0,-1.8161E0,-4.4196E0));
#1119=LINE('',#1118,#1117);
#1120=DIRECTION('',(0.E0,0.E0,1.E0));
#1121=VECTOR('',#1120,1.004982579065E0);
#1122=CARTESIAN_POINT('',(2.921E0,-1.8161E0,-5.424582579065E0));
#1123=LINE('',#1122,#1121);
#1124=DIRECTION('',(0.E0,8.660254037844E-1,5.E-1));
#1125=VECTOR('',#1124,7.332348418708E-1);
#1126=CARTESIAN_POINT('',(2.921E0,-2.4511E0,-5.7912E0));
#1127=LINE('',#1126,#1125);
#1128=DIRECTION('',(-1.E0,0.E0,0.E0));
#1129=VECTOR('',#1128,7.62E-1);
#1130=CARTESIAN_POINT('',(2.921E0,-2.1209E0,-3.8862E0));
#1131=LINE('',#1130,#1129);
#1132=DIRECTION('',(0.E0,8.660254037844E-1,5.E-1));
#1133=VECTOR('',#1132,7.332348418708E-1);
#1134=CARTESIAN_POINT('',(2.159E0,-2.4511E0,-5.7912E0));
#1135=LINE('',#1134,#1133);
#1136=DIRECTION('',(0.E0,0.E0,1.E0));
#1137=VECTOR('',#1136,1.004982579065E0);
#1138=CARTESIAN_POINT('',(2.159E0,-1.8161E0,-5.424582579065E0));
#1139=LINE('',#1138,#1137);
#1140=DIRECTION('',(0.E0,1.E0,0.E0));
#1141=VECTOR('',#1140,1.016E-1);
#1142=CARTESIAN_POINT('',(2.159E0,-1.8161E0,-4.4196E0));
#1143=LINE('',#1142,#1141);
#1144=DIRECTION('',(0.E0,0.E0,1.E0));
#1145=VECTOR('',#1144,1.27E-1);
#1146=CARTESIAN_POINT('',(2.159E0,-1.7145E0,-4.4196E0));
#1147=LINE('',#1146,#1145);
#1148=DIRECTION('',(0.E0,-7.071067811865E-1,7.071067811865E-1));
#1149=VECTOR('',#1148,5.747363917484E-1);
#1150=CARTESIAN_POINT('',(2.159E0,-1.7145E0,-4.2926E0));
#1151=LINE('',#1150,#1149);
#1152=DIRECTION('',(0.E0,-1.E0,0.E0));
#1153=VECTOR('',#1152,3.302E-1);
#1154=CARTESIAN_POINT('',(2.159E0,-2.1209E0,-3.8862E0));
#1155=LINE('',#1154,#1153);
#1156=DIRECTION('',(-1.E0,0.E0,0.E0));
#1157=VECTOR('',#1156,7.62E-1);
#1158=CARTESIAN_POINT('',(2.921E0,-1.8161E0,-5.424582579065E0));
#1159=LINE('',#1158,#1157);
#1160=DIRECTION('',(-1.E0,0.E0,0.E0));
#1161=VECTOR('',#1160,7.62E-1);
#1162=CARTESIAN_POINT('',(2.921E0,-1.8161E0,-4.4196E0));
#1163=LINE('',#1162,#1161);
#1164=DIRECTION('',(-1.E0,0.E0,0.E0));
#1165=VECTOR('',#1164,7.62E-1);
#1166=CARTESIAN_POINT('',(2.921E0,-1.7145E0,-4.4196E0));
#1167=LINE('',#1166,#1165);
#1168=DIRECTION('',(-1.E0,0.E0,0.E0));
#1169=VECTOR('',#1168,7.62E-1);
#1170=CARTESIAN_POINT('',(2.921E0,-1.7145E0,-4.2926E0));
#1171=LINE('',#1170,#1169);
#1172=DIRECTION('',(0.E0,-1.E0,0.E0));
#1173=VECTOR('',#1172,3.302E-1);
#1174=CARTESIAN_POINT('',(3.81E-1,-2.1209E0,-3.8862E0));
#1175=LINE('',#1174,#1173);
#1176=DIRECTION('',(0.E0,-7.071067811865E-1,7.071067811865E-1));
#1177=VECTOR('',#1176,5.747363917484E-1);
#1178=CARTESIAN_POINT('',(3.81E-1,-1.7145E0,-4.2926E0));
#1179=LINE('',#1178,#1177);
#1180=DIRECTION('',(0.E0,0.E0,1.E0));
#1181=VECTOR('',#1180,1.27E-1);
#1182=CARTESIAN_POINT('',(3.81E-1,-1.7145E0,-4.4196E0));
#1183=LINE('',#1182,#1181);
#1184=DIRECTION('',(0.E0,1.E0,0.E0));
#1185=VECTOR('',#1184,1.016E-1);
#1186=CARTESIAN_POINT('',(3.81E-1,-1.8161E0,-4.4196E0));
#1187=LINE('',#1186,#1185);
#1188=DIRECTION('',(0.E0,0.E0,1.E0));
#1189=VECTOR('',#1188,1.004982579065E0);
#1190=CARTESIAN_POINT('',(3.81E-1,-1.8161E0,-5.424582579065E0));
#1191=LINE('',#1190,#1189);
#1192=DIRECTION('',(0.E0,8.660254037844E-1,5.E-1));
#1193=VECTOR('',#1192,7.332348418708E-1);
#1194=CARTESIAN_POINT('',(3.81E-1,-2.4511E0,-5.7912E0));
#1195=LINE('',#1194,#1193);
#1196=DIRECTION('',(-1.E0,0.E0,0.E0));
#1197=VECTOR('',#1196,7.62E-1);
#1198=CARTESIAN_POINT('',(3.81E-1,-2.1209E0,-3.8862E0));
#1199=LINE('',#1198,#1197);
#1200=DIRECTION('',(0.E0,8.660254037844E-1,5.E-1));
#1201=VECTOR('',#1200,7.332348418708E-1);
#1202=CARTESIAN_POINT('',(-3.81E-1,-2.4511E0,-5.7912E0));
#1203=LINE('',#1202,#1201);
#1204=DIRECTION('',(0.E0,0.E0,1.E0));
#1205=VECTOR('',#1204,1.004982579065E0);
#1206=CARTESIAN_POINT('',(-3.81E-1,-1.8161E0,-5.424582579065E0));
#1207=LINE('',#1206,#1205);
#1208=DIRECTION('',(0.E0,1.E0,0.E0));
#1209=VECTOR('',#1208,1.016E-1);
#1210=CARTESIAN_POINT('',(-3.81E-1,-1.8161E0,-4.4196E0));
#1211=LINE('',#1210,#1209);
#1212=DIRECTION('',(0.E0,0.E0,1.E0));
#1213=VECTOR('',#1212,1.27E-1);
#1214=CARTESIAN_POINT('',(-3.81E-1,-1.7145E0,-4.4196E0));
#1215=LINE('',#1214,#1213);
#1216=DIRECTION('',(0.E0,-7.071067811865E-1,7.071067811865E-1));
#1217=VECTOR('',#1216,5.747363917484E-1);
#1218=CARTESIAN_POINT('',(-3.81E-1,-1.7145E0,-4.2926E0));
#1219=LINE('',#1218,#1217);
#1220=DIRECTION('',(0.E0,-1.E0,0.E0));
#1221=VECTOR('',#1220,3.302E-1);
#1222=CARTESIAN_POINT('',(-3.81E-1,-2.1209E0,-3.8862E0));
#1223=LINE('',#1222,#1221);
#1224=DIRECTION('',(-1.E0,0.E0,0.E0));
#1225=VECTOR('',#1224,7.62E-1);
#1226=CARTESIAN_POINT('',(3.81E-1,-1.8161E0,-5.424582579065E0));
#1227=LINE('',#1226,#1225);
#1228=DIRECTION('',(-1.E0,0.E0,0.E0));
#1229=VECTOR('',#1228,7.62E-1);
#1230=CARTESIAN_POINT('',(3.81E-1,-1.8161E0,-4.4196E0));
#1231=LINE('',#1230,#1229);
#1232=DIRECTION('',(-1.E0,0.E0,0.E0));
#1233=VECTOR('',#1232,7.62E-1);
#1234=CARTESIAN_POINT('',(3.81E-1,-1.7145E0,-4.4196E0));
#1235=LINE('',#1234,#1233);
#1236=DIRECTION('',(-1.E0,0.E0,0.E0));
#1237=VECTOR('',#1236,7.62E-1);
#1238=CARTESIAN_POINT('',(3.81E-1,-1.7145E0,-4.2926E0));
#1239=LINE('',#1238,#1237);
#1240=DIRECTION('',(0.E0,-1.E0,0.E0));
#1241=VECTOR('',#1240,3.302E-1);
#1242=CARTESIAN_POINT('',(-2.159E0,-2.1209E0,-3.8862E0));
#1243=LINE('',#1242,#1241);
#1244=DIRECTION('',(0.E0,-7.071067811865E-1,7.071067811865E-1));
#1245=VECTOR('',#1244,5.747363917484E-1);
#1246=CARTESIAN_POINT('',(-2.159E0,-1.7145E0,-4.2926E0));
#1247=LINE('',#1246,#1245);
#1248=DIRECTION('',(0.E0,0.E0,1.E0));
#1249=VECTOR('',#1248,1.27E-1);
#1250=CARTESIAN_POINT('',(-2.159E0,-1.7145E0,-4.4196E0));
#1251=LINE('',#1250,#1249);
#1252=DIRECTION('',(0.E0,1.E0,0.E0));
#1253=VECTOR('',#1252,1.016E-1);
#1254=CARTESIAN_POINT('',(-2.159E0,-1.8161E0,-4.4196E0));
#1255=LINE('',#1254,#1253);
#1256=DIRECTION('',(0.E0,0.E0,1.E0));
#1257=VECTOR('',#1256,1.004982579065E0);
#1258=CARTESIAN_POINT('',(-2.159E0,-1.8161E0,-5.424582579065E0));
#1259=LINE('',#1258,#1257);
#1260=DIRECTION('',(0.E0,8.660254037844E-1,5.E-1));
#1261=VECTOR('',#1260,7.332348418708E-1);
#1262=CARTESIAN_POINT('',(-2.159E0,-2.4511E0,-5.7912E0));
#1263=LINE('',#1262,#1261);
#1264=DIRECTION('',(-1.E0,0.E0,0.E0));
#1265=VECTOR('',#1264,7.62E-1);
#1266=CARTESIAN_POINT('',(-2.159E0,-2.1209E0,-3.8862E0));
#1267=LINE('',#1266,#1265);
#1268=DIRECTION('',(0.E0,8.660254037844E-1,5.E-1));
#1269=VECTOR('',#1268,7.332348418708E-1);
#1270=CARTESIAN_POINT('',(-2.921E0,-2.4511E0,-5.7912E0));
#1271=LINE('',#1270,#1269);
#1272=DIRECTION('',(0.E0,0.E0,1.E0));
#1273=VECTOR('',#1272,1.004982579065E0);
#1274=CARTESIAN_POINT('',(-2.921E0,-1.8161E0,-5.424582579065E0));
#1275=LINE('',#1274,#1273);
#1276=DIRECTION('',(0.E0,1.E0,0.E0));
#1277=VECTOR('',#1276,1.016E-1);
#1278=CARTESIAN_POINT('',(-2.921E0,-1.8161E0,-4.4196E0));
#1279=LINE('',#1278,#1277);
#1280=DIRECTION('',(0.E0,0.E0,1.E0));
#1281=VECTOR('',#1280,1.27E-1);
#1282=CARTESIAN_POINT('',(-2.921E0,-1.7145E0,-4.4196E0));
#1283=LINE('',#1282,#1281);
#1284=DIRECTION('',(0.E0,-7.071067811865E-1,7.071067811865E-1));
#1285=VECTOR('',#1284,5.747363917484E-1);
#1286=CARTESIAN_POINT('',(-2.921E0,-1.7145E0,-4.2926E0));
#1287=LINE('',#1286,#1285);
#1288=DIRECTION('',(0.E0,-1.E0,0.E0));
#1289=VECTOR('',#1288,3.302E-1);
#1290=CARTESIAN_POINT('',(-2.921E0,-2.1209E0,-3.8862E0));
#1291=LINE('',#1290,#1289);
#1292=DIRECTION('',(-1.E0,0.E0,0.E0));
#1293=VECTOR('',#1292,7.62E-1);
#1294=CARTESIAN_POINT('',(-2.159E0,-1.8161E0,-5.424582579065E0));
#1295=LINE('',#1294,#1293);
#1296=DIRECTION('',(-1.E0,0.E0,0.E0));
#1297=VECTOR('',#1296,7.62E-1);
#1298=CARTESIAN_POINT('',(-2.159E0,-1.8161E0,-4.4196E0));
#1299=LINE('',#1298,#1297);
#1300=DIRECTION('',(-1.E0,0.E0,0.E0));
#1301=VECTOR('',#1300,7.62E-1);
#1302=CARTESIAN_POINT('',(-2.159E0,-1.7145E0,-4.4196E0));
#1303=LINE('',#1302,#1301);
#1304=DIRECTION('',(-1.E0,0.E0,0.E0));
#1305=VECTOR('',#1304,7.62E-1);
#1306=CARTESIAN_POINT('',(-2.159E0,-1.7145E0,-4.2926E0));
#1307=LINE('',#1306,#1305);
#1308=DIRECTION('',(0.E0,0.E0,-1.E0));
#1309=VECTOR('',#1308,4.318E0);
#1310=CARTESIAN_POINT('',(-3.4925E0,-1.778E-1,-9.652E0));
#1311=LINE('',#1310,#1309);
#1312=DIRECTION('',(0.E0,-1.E0,0.E0));
#1313=VECTOR('',#1312,6.35E-1);
#1314=CARTESIAN_POINT('',(-3.4925E0,-1.778E-1,-1.397E1));
#1315=LINE('',#1314,#1313);
#1316=DIRECTION('',(0.E0,0.E0,1.E0));
#1317=VECTOR('',#1316,4.318E0);
#1318=CARTESIAN_POINT('',(-3.4925E0,-8.128E-1,-1.397E1));
#1319=LINE('',#1318,#1317);
#1320=DIRECTION('',(0.E0,0.E0,1.E0));
#1321=VECTOR('',#1320,5.08E0);
#1322=CARTESIAN_POINT('',(-3.4925E0,-8.128E-1,-7.8232E0));
#1323=LINE('',#1322,#1321);
#1324=DIRECTION('',(0.E0,1.E0,0.E0));
#1325=VECTOR('',#1324,6.35E-1);
#1326=CARTESIAN_POINT('',(-3.4925E0,-8.128E-1,-2.7432E0));
#1327=LINE('',#1326,#1325);
#1328=DIRECTION('',(0.E0,0.E0,-1.E0));
#1329=VECTOR('',#1328,5.08E0);
#1330=CARTESIAN_POINT('',(-3.4925E0,-1.778E-1,-2.7432E0));
#1331=LINE('',#1330,#1329);
#1332=DIRECTION('',(0.E0,0.E0,1.E0));
#1333=VECTOR('',#1332,4.318E0);
#1334=CARTESIAN_POINT('',(-4.1275E0,-8.128E-1,-1.397E1));
#1335=LINE('',#1334,#1333);
#1336=DIRECTION('',(0.E0,-1.E0,0.E0));
#1337=VECTOR('',#1336,6.35E-1);
#1338=CARTESIAN_POINT('',(-4.1275E0,-1.778E-1,-1.397E1));
#1339=LINE('',#1338,#1337);
#1340=DIRECTION('',(0.E0,0.E0,-1.E0));
#1341=VECTOR('',#1340,4.318E0);
#1342=CARTESIAN_POINT('',(-4.1275E0,-1.778E-1,-9.652E0));
#1343=LINE('',#1342,#1341);
#1344=DIRECTION('',(0.E0,0.E0,-1.E0));
#1345=VECTOR('',#1344,5.08E0);
#1346=CARTESIAN_POINT('',(-4.1275E0,-1.778E-1,-2.7432E0));
#1347=LINE('',#1346,#1345);
#1348=DIRECTION('',(0.E0,1.E0,0.E0));
#1349=VECTOR('',#1348,6.35E-1);
#1350=CARTESIAN_POINT('',(-4.1275E0,-8.128E-1,-2.7432E0));
#1351=LINE('',#1350,#1349);
#1352=DIRECTION('',(0.E0,0.E0,1.E0));
#1353=VECTOR('',#1352,5.08E0);
#1354=CARTESIAN_POINT('',(-4.1275E0,-8.128E-1,-7.8232E0));
#1355=LINE('',#1354,#1353);
#1356=DIRECTION('',(-1.E0,0.E0,0.E0));
#1357=VECTOR('',#1356,6.35E-1);
#1358=CARTESIAN_POINT('',(-3.4925E0,-8.128E-1,-1.397E1));
#1359=LINE('',#1358,#1357);
#1360=DIRECTION('',(-1.E0,0.E0,0.E0));
#1361=VECTOR('',#1360,6.35E-1);
#1362=CARTESIAN_POINT('',(-3.4925E0,-1.778E-1,-1.397E1));
#1363=LINE('',#1362,#1361);
#1364=DIRECTION('',(-1.E0,0.E0,0.E0));
#1365=VECTOR('',#1364,6.35E-1);
#1366=CARTESIAN_POINT('',(-3.4925E0,-1.778E-1,-2.7432E0));
#1367=LINE('',#1366,#1365);
#1368=DIRECTION('',(-1.E0,0.E0,0.E0));
#1369=VECTOR('',#1368,6.35E-1);
#1370=CARTESIAN_POINT('',(-3.4925E0,-8.128E-1,-2.7432E0));
#1371=LINE('',#1370,#1369);
#1372=DIRECTION('',(0.E0,0.E0,-1.E0));
#1373=VECTOR('',#1372,4.318E0);
#1374=CARTESIAN_POINT('',(-9.525E-1,-1.778E-1,-9.652E0));
#1375=LINE('',#1374,#1373);
#1376=DIRECTION('',(0.E0,-1.E0,0.E0));
#1377=VECTOR('',#1376,6.35E-1);
#1378=CARTESIAN_POINT('',(-9.525E-1,-1.778E-1,-1.397E1));
#1379=LINE('',#1378,#1377);
#1380=DIRECTION('',(0.E0,0.E0,1.E0));
#1381=VECTOR('',#1380,4.318E0);
#1382=CARTESIAN_POINT('',(-9.525E-1,-8.128E-1,-1.397E1));
#1383=LINE('',#1382,#1381);
#1384=DIRECTION('',(0.E0,0.E0,1.E0));
#1385=VECTOR('',#1384,5.08E0);
#1386=CARTESIAN_POINT('',(-9.525E-1,-8.128E-1,-7.8232E0));
#1387=LINE('',#1386,#1385);
#1388=DIRECTION('',(0.E0,1.E0,0.E0));
#1389=VECTOR('',#1388,6.35E-1);
#1390=CARTESIAN_POINT('',(-9.525E-1,-8.128E-1,-2.7432E0));
#1391=LINE('',#1390,#1389);
#1392=DIRECTION('',(0.E0,0.E0,-1.E0));
#1393=VECTOR('',#1392,5.08E0);
#1394=CARTESIAN_POINT('',(-9.525E-1,-1.778E-1,-2.7432E0));
#1395=LINE('',#1394,#1393);
#1396=DIRECTION('',(0.E0,0.E0,1.E0));
#1397=VECTOR('',#1396,4.318E0);
#1398=CARTESIAN_POINT('',(-1.5875E0,-8.128E-1,-1.397E1));
#1399=LINE('',#1398,#1397);
#1400=DIRECTION('',(0.E0,-1.E0,0.E0));
#1401=VECTOR('',#1400,6.35E-1);
#1402=CARTESIAN_POINT('',(-1.5875E0,-1.778E-1,-1.397E1));
#1403=LINE('',#1402,#1401);
#1404=DIRECTION('',(0.E0,0.E0,-1.E0));
#1405=VECTOR('',#1404,4.318E0);
#1406=CARTESIAN_POINT('',(-1.5875E0,-1.778E-1,-9.652E0));
#1407=LINE('',#1406,#1405);
#1408=DIRECTION('',(0.E0,0.E0,-1.E0));
#1409=VECTOR('',#1408,5.08E0);
#1410=CARTESIAN_POINT('',(-1.5875E0,-1.778E-1,-2.7432E0));
#1411=LINE('',#1410,#1409);
#1412=DIRECTION('',(0.E0,1.E0,0.E0));
#1413=VECTOR('',#1412,6.35E-1);
#1414=CARTESIAN_POINT('',(-1.5875E0,-8.128E-1,-2.7432E0));
#1415=LINE('',#1414,#1413);
#1416=DIRECTION('',(0.E0,0.E0,1.E0));
#1417=VECTOR('',#1416,5.08E0);
#1418=CARTESIAN_POINT('',(-1.5875E0,-8.128E-1,-7.8232E0));
#1419=LINE('',#1418,#1417);
#1420=DIRECTION('',(-1.E0,0.E0,0.E0));
#1421=VECTOR('',#1420,6.35E-1);
#1422=CARTESIAN_POINT('',(-9.525E-1,-8.128E-1,-1.397E1));
#1423=LINE('',#1422,#1421);
#1424=DIRECTION('',(-1.E0,0.E0,0.E0));
#1425=VECTOR('',#1424,6.35E-1);
#1426=CARTESIAN_POINT('',(-9.525E-1,-1.778E-1,-1.397E1));
#1427=LINE('',#1426,#1425);
#1428=DIRECTION('',(-1.E0,0.E0,0.E0));
#1429=VECTOR('',#1428,6.35E-1);
#1430=CARTESIAN_POINT('',(-9.525E-1,-1.778E-1,-2.7432E0));
#1431=LINE('',#1430,#1429);
#1432=DIRECTION('',(-1.E0,0.E0,0.E0));
#1433=VECTOR('',#1432,6.35E-1);
#1434=CARTESIAN_POINT('',(-9.525E-1,-8.128E-1,-2.7432E0));
#1435=LINE('',#1434,#1433);
#1436=DIRECTION('',(0.E0,0.E0,-1.E0));
#1437=VECTOR('',#1436,4.318E0);
#1438=CARTESIAN_POINT('',(1.5875E0,-1.778E-1,-9.652E0));
#1439=LINE('',#1438,#1437);
#1440=DIRECTION('',(0.E0,-1.E0,0.E0));
#1441=VECTOR('',#1440,6.35E-1);
#1442=CARTESIAN_POINT('',(1.5875E0,-1.778E-1,-1.397E1));
#1443=LINE('',#1442,#1441);
#1444=DIRECTION('',(0.E0,0.E0,1.E0));
#1445=VECTOR('',#1444,4.318E0);
#1446=CARTESIAN_POINT('',(1.5875E0,-8.128E-1,-1.397E1));
#1447=LINE('',#1446,#1445);
#1448=DIRECTION('',(0.E0,0.E0,1.E0));
#1449=VECTOR('',#1448,5.08E0);
#1450=CARTESIAN_POINT('',(1.5875E0,-8.128E-1,-7.8232E0));
#1451=LINE('',#1450,#1449);
#1452=DIRECTION('',(0.E0,1.E0,0.E0));
#1453=VECTOR('',#1452,6.35E-1);
#1454=CARTESIAN_POINT('',(1.5875E0,-8.128E-1,-2.7432E0));
#1455=LINE('',#1454,#1453);
#1456=DIRECTION('',(0.E0,0.E0,-1.E0));
#1457=VECTOR('',#1456,5.08E0);
#1458=CARTESIAN_POINT('',(1.5875E0,-1.778E-1,-2.7432E0));
#1459=LINE('',#1458,#1457);
#1460=DIRECTION('',(0.E0,0.E0,1.E0));
#1461=VECTOR('',#1460,4.318E0);
#1462=CARTESIAN_POINT('',(9.525E-1,-8.128E-1,-1.397E1));
#1463=LINE('',#1462,#1461);
#1464=DIRECTION('',(0.E0,-1.E0,0.E0));
#1465=VECTOR('',#1464,6.35E-1);
#1466=CARTESIAN_POINT('',(9.525E-1,-1.778E-1,-1.397E1));
#1467=LINE('',#1466,#1465);
#1468=DIRECTION('',(0.E0,0.E0,-1.E0));
#1469=VECTOR('',#1468,4.318E0);
#1470=CARTESIAN_POINT('',(9.525E-1,-1.778E-1,-9.652E0));
#1471=LINE('',#1470,#1469);
#1472=DIRECTION('',(0.E0,0.E0,-1.E0));
#1473=VECTOR('',#1472,5.08E0);
#1474=CARTESIAN_POINT('',(9.525E-1,-1.778E-1,-2.7432E0));
#1475=LINE('',#1474,#1473);
#1476=DIRECTION('',(0.E0,1.E0,0.E0));
#1477=VECTOR('',#1476,6.35E-1);
#1478=CARTESIAN_POINT('',(9.525E-1,-8.128E-1,-2.7432E0));
#1479=LINE('',#1478,#1477);
#1480=DIRECTION('',(0.E0,0.E0,1.E0));
#1481=VECTOR('',#1480,5.08E0);
#1482=CARTESIAN_POINT('',(9.525E-1,-8.128E-1,-7.8232E0));
#1483=LINE('',#1482,#1481);
#1484=DIRECTION('',(-1.E0,0.E0,0.E0));
#1485=VECTOR('',#1484,6.35E-1);
#1486=CARTESIAN_POINT('',(1.5875E0,-8.128E-1,-1.397E1));
#1487=LINE('',#1486,#1485);
#1488=DIRECTION('',(-1.E0,0.E0,0.E0));
#1489=VECTOR('',#1488,6.35E-1);
#1490=CARTESIAN_POINT('',(1.5875E0,-1.778E-1,-1.397E1));
#1491=LINE('',#1490,#1489);
#1492=DIRECTION('',(-1.E0,0.E0,0.E0));
#1493=VECTOR('',#1492,6.35E-1);
#1494=CARTESIAN_POINT('',(1.5875E0,-1.778E-1,-2.7432E0));
#1495=LINE('',#1494,#1493);
#1496=DIRECTION('',(-1.E0,0.E0,0.E0));
#1497=VECTOR('',#1496,6.35E-1);
#1498=CARTESIAN_POINT('',(1.5875E0,-8.128E-1,-2.7432E0));
#1499=LINE('',#1498,#1497);
#1500=DIRECTION('',(0.E0,0.E0,-1.E0));
#1501=VECTOR('',#1500,4.318E0);
#1502=CARTESIAN_POINT('',(4.1275E0,-1.778E-1,-9.652E0));
#1503=LINE('',#1502,#1501);
#1504=DIRECTION('',(0.E0,-1.E0,0.E0));
#1505=VECTOR('',#1504,6.35E-1);
#1506=CARTESIAN_POINT('',(4.1275E0,-1.778E-1,-1.397E1));
#1507=LINE('',#1506,#1505);
#1508=DIRECTION('',(0.E0,0.E0,1.E0));
#1509=VECTOR('',#1508,4.318E0);
#1510=CARTESIAN_POINT('',(4.1275E0,-8.128E-1,-1.397E1));
#1511=LINE('',#1510,#1509);
#1512=DIRECTION('',(0.E0,0.E0,1.E0));
#1513=VECTOR('',#1512,5.08E0);
#1514=CARTESIAN_POINT('',(4.1275E0,-8.128E-1,-7.8232E0));
#1515=LINE('',#1514,#1513);
#1516=DIRECTION('',(0.E0,1.E0,0.E0));
#1517=VECTOR('',#1516,6.35E-1);
#1518=CARTESIAN_POINT('',(4.1275E0,-8.128E-1,-2.7432E0));
#1519=LINE('',#1518,#1517);
#1520=DIRECTION('',(0.E0,0.E0,-1.E0));
#1521=VECTOR('',#1520,5.08E0);
#1522=CARTESIAN_POINT('',(4.1275E0,-1.778E-1,-2.7432E0));
#1523=LINE('',#1522,#1521);
#1524=DIRECTION('',(0.E0,0.E0,1.E0));
#1525=VECTOR('',#1524,4.318E0);
#1526=CARTESIAN_POINT('',(3.4925E0,-8.128E-1,-1.397E1));
#1527=LINE('',#1526,#1525);
#1528=DIRECTION('',(0.E0,-1.E0,0.E0));
#1529=VECTOR('',#1528,6.35E-1);
#1530=CARTESIAN_POINT('',(3.4925E0,-1.778E-1,-1.397E1));
#1531=LINE('',#1530,#1529);
#1532=DIRECTION('',(0.E0,0.E0,-1.E0));
#1533=VECTOR('',#1532,4.318E0);
#1534=CARTESIAN_POINT('',(3.4925E0,-1.778E-1,-9.652E0));
#1535=LINE('',#1534,#1533);
#1536=DIRECTION('',(0.E0,0.E0,-1.E0));
#1537=VECTOR('',#1536,5.08E0);
#1538=CARTESIAN_POINT('',(3.4925E0,-1.778E-1,-2.7432E0));
#1539=LINE('',#1538,#1537);
#1540=DIRECTION('',(0.E0,1.E0,0.E0));
#1541=VECTOR('',#1540,6.35E-1);
#1542=CARTESIAN_POINT('',(3.4925E0,-8.128E-1,-2.7432E0));
#1543=LINE('',#1542,#1541);
#1544=DIRECTION('',(0.E0,0.E0,1.E0));
#1545=VECTOR('',#1544,5.08E0);
#1546=CARTESIAN_POINT('',(3.4925E0,-8.128E-1,-7.8232E0));
#1547=LINE('',#1546,#1545);
#1548=DIRECTION('',(-1.E0,0.E0,0.E0));
#1549=VECTOR('',#1548,6.35E-1);
#1550=CARTESIAN_POINT('',(4.1275E0,-8.128E-1,-1.397E1));
#1551=LINE('',#1550,#1549);
#1552=DIRECTION('',(-1.E0,0.E0,0.E0));
#1553=VECTOR('',#1552,6.35E-1);
#1554=CARTESIAN_POINT('',(4.1275E0,-1.778E-1,-1.397E1));
#1555=LINE('',#1554,#1553);
#1556=DIRECTION('',(-1.E0,0.E0,0.E0));
#1557=VECTOR('',#1556,6.35E-1);
#1558=CARTESIAN_POINT('',(4.1275E0,-1.778E-1,-2.7432E0));
#1559=LINE('',#1558,#1557);
#1560=DIRECTION('',(-1.E0,0.E0,0.E0));
#1561=VECTOR('',#1560,6.35E-1);
#1562=CARTESIAN_POINT('',(4.1275E0,-8.128E-1,-2.7432E0));
#1563=LINE('',#1562,#1561);
#1564=DIRECTION('',(0.E0,0.E0,-1.E0));
#1565=VECTOR('',#1564,7.62E-1);
#1566=CARTESIAN_POINT('',(-4.699E0,-2.4511E0,-9.652E0));
#1567=LINE('',#1566,#1565);
#1568=DIRECTION('',(0.E0,0.E0,-1.E0));
#1569=VECTOR('',#1568,7.62E-1);
#1570=CARTESIAN_POINT('',(-5.461E0,-2.4511E0,-9.652E0));
#1571=LINE('',#1570,#1569);
#1572=DIRECTION('',(0.E0,0.E0,-1.E0));
#1573=VECTOR('',#1572,7.62E-1);
#1574=CARTESIAN_POINT('',(-5.461E0,-3.2131E0,-9.652E0));
#1575=LINE('',#1574,#1573);
#1576=DIRECTION('',(-1.E0,0.E0,0.E0));
#1577=VECTOR('',#1576,7.62E-1);
#1578=CARTESIAN_POINT('',(5.461E0,-3.2131E0,-1.0414E1));
#1579=LINE('',#1578,#1577);
#1580=DIRECTION('',(0.E0,-1.E0,0.E0));
#1581=VECTOR('',#1580,7.62E-1);
#1582=CARTESIAN_POINT('',(5.461E0,-2.4511E0,-1.0414E1));
#1583=LINE('',#1582,#1581);
#1584=DIRECTION('',(1.E0,0.E0,0.E0));
#1585=VECTOR('',#1584,7.62E-1);
#1586=CARTESIAN_POINT('',(4.699E0,-2.4511E0,-1.0414E1));
#1587=LINE('',#1586,#1585);
#1588=DIRECTION('',(0.E0,1.E0,0.E0));
#1589=VECTOR('',#1588,7.62E-1);
#1590=CARTESIAN_POINT('',(4.699E0,-3.2131E0,-1.0414E1));
#1591=LINE('',#1590,#1589);
#1592=DIRECTION('',(0.E0,1.E0,0.E0));
#1593=VECTOR('',#1592,7.62E-1);
#1594=CARTESIAN_POINT('',(-5.461E0,-3.2131E0,-1.0414E1));
#1595=LINE('',#1594,#1593);
#1596=DIRECTION('',(-1.E0,0.E0,0.E0));
#1597=VECTOR('',#1596,7.62E-1);
#1598=CARTESIAN_POINT('',(-4.699E0,-3.2131E0,-1.0414E1));
#1599=LINE('',#1598,#1597);
#1600=DIRECTION('',(0.E0,-1.E0,0.E0));
#1601=VECTOR('',#1600,7.62E-1);
#1602=CARTESIAN_POINT('',(-4.699E0,-2.4511E0,-1.0414E1));
#1603=LINE('',#1602,#1601);
#1604=DIRECTION('',(1.E0,0.E0,0.E0));
#1605=VECTOR('',#1604,7.62E-1);
#1606=CARTESIAN_POINT('',(-5.461E0,-2.4511E0,-1.0414E1));
#1607=LINE('',#1606,#1605);
#1608=DIRECTION('',(0.E0,0.E0,-1.E0));
#1609=VECTOR('',#1608,7.62E-1);
#1610=CARTESIAN_POINT('',(5.461E0,-2.4511E0,-9.652E0));
#1611=LINE('',#1610,#1609);
#1612=DIRECTION('',(0.E0,0.E0,-1.E0));
#1613=VECTOR('',#1612,7.62E-1);
#1614=CARTESIAN_POINT('',(4.699E0,-2.4511E0,-9.652E0));
#1615=LINE('',#1614,#1613);
#1616=DIRECTION('',(0.E0,0.E0,-1.E0));
#1617=VECTOR('',#1616,7.62E-1);
#1618=CARTESIAN_POINT('',(4.699E0,-3.2131E0,-9.652E0));
#1619=LINE('',#1618,#1617);
#1620=DIRECTION('',(0.E0,0.E0,-1.E0));
#1621=VECTOR('',#1620,2.522143550149E0);
#1622=CARTESIAN_POINT('',(4.140319821986E0,2.375739939345E0,-9.652E0));
#1623=LINE('',#1622,#1621);
#1624=CARTESIAN_POINT('',(4.8768E0,2.6543E0,-1.217414355015E1));
#1625=DIRECTION('',(0.E0,0.E0,-1.E0));
#1626=DIRECTION('',(-9.353316967414E-1,-3.537719845760E-1,0.E0));
#1627=AXIS2_PLACEMENT_3D('',#1624,#1625,#1626);
#1629=DIRECTION('',(0.E0,0.E0,-1.E0));
#1630=VECTOR('',#1629,2.038208554514E0);
#1631=CARTESIAN_POINT('',(3.895994200389E0,2.234678475946E0,-9.652E0));
#1632=LINE('',#1631,#1630);
#1633=CARTESIAN_POINT('',(3.895994200389E0,2.234678475946E0,-1.169020855451E1));
#1634=CARTESIAN_POINT('',(3.938453549694E0,2.259192392697E0,-1.177452335769E1));
#1635=CARTESIAN_POINT('',(4.021617726889E0,2.307207252787E0,-1.193950478571E1));
#1636=CARTESIAN_POINT('',(4.101317425692E0,2.353221895346E0,-1.209716007411E1));
#1637=CARTESIAN_POINT('',(4.140319821986E0,2.375739939345E0,-1.217414355015E1));
#1639=DIRECTION('',(0.E0,0.E0,-1.E0));
#1640=VECTOR('',#1639,2.038208554514E0);
#1641=CARTESIAN_POINT('',(4.022994200389E0,2.014708023385E0,-9.652E0));
#1642=LINE('',#1641,#1640);
#1643=CARTESIAN_POINT('',(4.8768E0,2.6543E0,-1.169020855451E1));
#1644=DIRECTION('',(0.E0,0.E0,-1.E0));
#1645=DIRECTION('',(-8.003428942735E-1,-5.995425352599E-1,0.E0));
#1646=AXIS2_PLACEMENT_3D('',#1643,#1644,#1645);
#1648=DIRECTION('',(0.E0,0.E0,-1.E0));
#1649=VECTOR('',#1648,2.522143550149E0);
#1650=CARTESIAN_POINT('',(4.267319821986E0,2.155769486784E0,-9.652E0));
#1651=LINE('',#1650,#1649);
#1652=CARTESIAN_POINT('',(4.267319821986E0,2.155769486784E0,-1.217414355015E1));
#1653=CARTESIAN_POINT('',(4.228395923390E0,2.133296763452E0,-1.209731501396E1));
#1654=CARTESIAN_POINT('',(4.148774260635E0,2.087327175026E0,-1.193981497745E1));
#1655=CARTESIAN_POINT('',(4.065531694283E0,2.039267056935E0,-1.177467853542E1));
#1656=CARTESIAN_POINT('',(4.022994200389E0,2.014708023385E0,-1.169020855451E1));
#1658=DIRECTION('',(0.E0,0.E0,-1.E0));
#1659=VECTOR('',#1658,2.522143550149E0);
#1660=CARTESIAN_POINT('',(5.486280178014E0,2.155769486784E0,-9.652E0));
#1661=LINE('',#1660,#1659);
#1662=CARTESIAN_POINT('',(4.8768E0,2.6543E0,-1.217414355015E1));
#1663=DIRECTION('',(0.E0,0.E0,-1.E0));
#1664=DIRECTION('',(7.740413741608E-1,-6.331350180549E-1,0.E0));
#1665=AXIS2_PLACEMENT_3D('',#1662,#1663,#1664);
#1667=CARTESIAN_POINT('',(4.8768E0,2.6543E0,-1.217414355015E1));
#1668=DIRECTION('',(0.E0,0.E0,-1.E0));
#1669=DIRECTION('',(0.E0,-1.E0,0.E0));
#1670=AXIS2_PLACEMENT_3D('',#1667,#1668,#1669);
#1672=DIRECTION('',(0.E0,0.E0,-1.E0));
#1673=VECTOR('',#1672,2.038208554514E0);
#1674=CARTESIAN_POINT('',(5.730605799611E0,2.014708023385E0,-9.652E0));
#1675=LINE('',#1674,#1673);
#1676=CARTESIAN_POINT('',(5.730605799611E0,2.014708023385E0,-1.169020855451E1));
#1677=CARTESIAN_POINT('',(5.688146450306E0,2.039221940135E0,-1.177452335769E1));
#1678=CARTESIAN_POINT('',(5.604982273111E0,2.087236800226E0,-1.193950478571E1));
#1679=CARTESIAN_POINT('',(5.525282574308E0,2.133251442784E0,-1.209716007411E1));
#1680=CARTESIAN_POINT('',(5.486280178014E0,2.155769486784E0,-1.217414355015E1));
#1682=DIRECTION('',(0.E0,0.E0,-1.E0));
#1683=VECTOR('',#1682,2.038208554514E0);
#1684=CARTESIAN_POINT('',(5.857605799611E0,2.234678475946E0,-9.652E0));
#1685=LINE('',#1684,#1683);
#1686=CARTESIAN_POINT('',(4.8768E0,2.6543E0,-1.169020855451E1));
#1687=DIRECTION('',(0.E0,0.E0,-1.E0));
#1688=DIRECTION('',(9.193905133212E-1,-3.933460105493E-1,0.E0));
#1689=AXIS2_PLACEMENT_3D('',#1686,#1687,#1688);
#1691=DIRECTION('',(0.E0,0.E0,-1.E0));
#1692=VECTOR('',#1691,2.522143550149E0);
#1693=CARTESIAN_POINT('',(5.613280178014E0,2.375739939345E0,-9.652E0));
#1694=LINE('',#1693,#1692);
#1695=CARTESIAN_POINT('',(5.613280178014E0,2.375739939345E0,-1.217414355015E1));
#1696=CARTESIAN_POINT('',(5.652204076610E0,2.353267216013E0,-1.209731501396E1));
#1697=CARTESIAN_POINT('',(5.731825739365E0,2.307297627588E0,-1.193981497745E1));
#1698=CARTESIAN_POINT('',(5.815068305717E0,2.259237509496E0,-1.177467853542E1));
#1699=CARTESIAN_POINT('',(5.857605799611E0,2.234678475946E0,-1.169020855451E1));
#1701=DIRECTION('',(0.E0,0.E0,-1.E0));
#1702=VECTOR('',#1701,2.522143550149E0);
#1703=CARTESIAN_POINT('',(5.0038E0,3.431390573872E0,-9.652E0));
#1704=LINE('',#1703,#1702);
#1705=CARTESIAN_POINT('',(4.8768E0,2.6543E0,-1.217414355015E1));
#1706=DIRECTION('',(0.E0,0.E0,-1.E0));
#1707=DIRECTION('',(1.612903225807E-1,9.869070026309E-1,0.E0));
#1708=AXIS2_PLACEMENT_3D('',#1705,#1706,#1707);
#1710=DIRECTION('',(0.E0,0.E0,-1.E0));
#1711=VECTOR('',#1710,2.038208554514E0);
#1712=CARTESIAN_POINT('',(5.0038E0,3.713513500669E0,-9.652E0));
#1713=LINE('',#1712,#1711);
#1714=CARTESIAN_POINT('',(5.0038E0,3.713513500669E0,-1.169020855451E1));
#1715=CARTESIAN_POINT('',(5.0038E0,3.664485667168E0,-1.177452335769E1));
#1716=CARTESIAN_POINT('',(5.0038E0,3.568455946987E0,-1.193950478571E1));
#1717=CARTESIAN_POINT('',(5.0038E0,3.476426661870E0,-1.209716007411E1));
#1718=CARTESIAN_POINT('',(5.0038E0,3.431390573872E0,-1.217414355015E1));
#1720=CARTESIAN_POINT('',(4.8768E0,2.6543E0,-1.169020855451E1));
#1721=DIRECTION('',(0.E0,0.E0,-1.E0));
#1722=DIRECTION('',(0.E0,1.E0,0.E0));
#1723=AXIS2_PLACEMENT_3D('',#1720,#1721,#1722);
#1725=DIRECTION('',(0.E0,0.E0,-1.E0));
#1726=VECTOR('',#1725,2.038208554514E0);
#1727=CARTESIAN_POINT('',(4.7498E0,3.713513500669E0,-9.652E0));
#1728=LINE('',#1727,#1726);
#1729=CARTESIAN_POINT('',(4.8768E0,2.6543E0,-1.169020855451E1));
#1730=DIRECTION('',(0.E0,0.E0,-1.E0));
#1731=DIRECTION('',(-1.190476190476E-1,9.928885458092E-1,0.E0));
#1732=AXIS2_PLACEMENT_3D('',#1729,#1730,#1731);
#1734=CARTESIAN_POINT('',(4.8768E0,2.6543E0,-1.2827E1));
#1735=DIRECTION('',(0.E0,0.E0,-1.E0));
#1736=DIRECTION('',(0.E0,1.E0,0.E0));
#1737=AXIS2_PLACEMENT_3D('',#1734,#1735,#1736);
#1739=CARTESIAN_POINT('',(4.8768E0,2.6543E0,-1.2827E1));
#1740=DIRECTION('',(0.E0,0.E0,-1.E0));
#1741=DIRECTION('',(0.E0,-1.E0,0.E0));
#1742=AXIS2_PLACEMENT_3D('',#1739,#1740,#1741);
#1744=DIRECTION('',(0.E0,-5.E-1,-8.660254037844E-1));
#1745=VECTOR('',#1744,1.312653694128E0);
#1746=CARTESIAN_POINT('',(4.8768E0,3.7211E0,-1.169020855451E1));
#1747=LINE('',#1746,#1745);
#1748=DIRECTION('',(0.E0,5.E-1,-8.660254037844E-1));
#1749=VECTOR('',#1748,7.538536941277E-1);
#1750=CARTESIAN_POINT('',(4.8768E0,1.8669E0,-1.217414355015E1));
#1751=LINE('',#1750,#1749);
#1752=DIRECTION('',(0.E0,0.E0,-1.E0));
#1753=VECTOR('',#1752,2.522143550149E0);
#1754=CARTESIAN_POINT('',(4.7498E0,3.431390573872E0,-9.652E0));
#1755=LINE('',#1754,#1753);
#1756=CARTESIAN_POINT('',(4.7498E0,3.431390573872E0,-1.217414355015E1));
#1757=CARTESIAN_POINT('',(4.7498E0,3.476336020536E0,-1.209731501396E1));
#1758=CARTESIAN_POINT('',(4.7498E0,3.568275197386E0,-1.193981497745E1));
#1759=CARTESIAN_POINT('',(4.7498E0,3.664395433569E0,-1.177467853542E1));
#1760=CARTESIAN_POINT('',(4.7498E0,3.713513500669E0,-1.169020855451E1));
#1762=CARTESIAN_POINT('',(-6.1468E0,-3.9751E0,0.E0));
#1763=CARTESIAN_POINT('',(-6.1468E0,3.9751E0,0.E0));
#1764=VERTEX_POINT('',#1762);
#1765=VERTEX_POINT('',#1763);
#1766=CARTESIAN_POINT('',(6.1468E0,3.9751E0,0.E0));
#1767=CARTESIAN_POINT('',(6.1468E0,-3.9751E0,0.E0));
#1768=VERTEX_POINT('',#1766);
#1769=VERTEX_POINT('',#1767);
#1770=CARTESIAN_POINT('',(-6.1468E0,3.9751E0,-9.652E0));
#1771=VERTEX_POINT('',#1770);
#1772=CARTESIAN_POINT('',(6.1468E0,3.9751E0,-9.652E0));
#1773=VERTEX_POINT('',#1772);
#1774=CARTESIAN_POINT('',(4.3942E0,1.6891E0,-7.8232E0));
#1775=CARTESIAN_POINT('',(3.6322E0,1.6891E0,-7.8232E0));
#1776=VERTEX_POINT('',#1774);
#1777=VERTEX_POINT('',#1775);
#1778=CARTESIAN_POINT('',(-3.6322E0,1.6891E0,-7.8232E0));
#1779=CARTESIAN_POINT('',(-4.3942E0,1.6891E0,-7.8232E0));
#1780=VERTEX_POINT('',#1778);
#1781=VERTEX_POINT('',#1779);
#1782=CARTESIAN_POINT('',(-3.81E0,-3.2131E0,-2.3622E0));
#1783=CARTESIAN_POINT('',(3.81E0,-3.2131E0,-2.3622E0));
#1784=VERTEX_POINT('',#1782);
#1785=VERTEX_POINT('',#1783);
#1786=CARTESIAN_POINT('',(-3.81E0,-2.4511E0,-2.3622E0));
#1787=VERTEX_POINT('',#1786);
#1788=CARTESIAN_POINT('',(3.81E0,-2.4511E0,-2.3622E0));
#1789=VERTEX_POINT('',#1788);
#1790=CARTESIAN_POINT('',(-3.81E0,-3.2131E0,-7.8232E0));
#1791=VERTEX_POINT('',#1790);
#1792=CARTESIAN_POINT('',(3.81E0,-3.2131E0,-7.8232E0));
#1793=VERTEX_POINT('',#1792);
#1794=CARTESIAN_POINT('',(-6.1468E0,-3.2131E0,-9.652E0));
#1795=CARTESIAN_POINT('',(-6.1468E0,-3.2131E0,-7.8232E0));
#1796=VERTEX_POINT('',#1794);
#1797=VERTEX_POINT('',#1795);
#1798=CARTESIAN_POINT('',(-6.1468E0,-3.9751E0,-7.8232E0));
#1799=VERTEX_POINT('',#1798);
#1800=CARTESIAN_POINT('',(-5.3848E0,-3.9751E0,-7.8232E0));
#1801=VERTEX_POINT('',#1800);
#1802=CARTESIAN_POINT('',(-5.3848E0,-3.2131E0,-7.8232E0));
#1803=VERTEX_POINT('',#1802);
#1804=CARTESIAN_POINT('',(5.3848E0,-3.9751E0,-7.8232E0));
#1805=CARTESIAN_POINT('',(5.3848E0,-3.2131E0,-7.8232E0));
#1806=VERTEX_POINT('',#1804);
#1807=VERTEX_POINT('',#1805);
#1808=CARTESIAN_POINT('',(6.1468E0,-3.9751E0,-7.8232E0));
#1809=VERTEX_POINT('',#1808);
#1810=CARTESIAN_POINT('',(6.1468E0,-3.2131E0,-9.652E0));
#1811=CARTESIAN_POINT('',(6.1468E0,-3.2131E0,-7.8232E0));
#1812=VERTEX_POINT('',#1810);
#1813=VERTEX_POINT('',#1811);
#1814=CARTESIAN_POINT('',(4.3942E0,1.6891E0,-1.651E0));
#1815=CARTESIAN_POINT('',(3.6322E0,1.6891E0,-1.651E0));
#1816=VERTEX_POINT('',#1814);
#1817=VERTEX_POINT('',#1815);
#1818=CARTESIAN_POINT('',(-3.6322E0,1.6891E0,-1.651E0));
#1819=CARTESIAN_POINT('',(-4.3942E0,1.6891E0,-1.651E0));
#1820=VERTEX_POINT('',#1818);
#1821=VERTEX_POINT('',#1819);
#1822=CARTESIAN_POINT('',(5.461E0,-3.2131E0,-1.0414E1));
#1823=CARTESIAN_POINT('',(4.699E0,-3.2131E0,-1.0414E1));
#1824=VERTEX_POINT('',#1822);
#1825=VERTEX_POINT('',#1823);
#1826=CARTESIAN_POINT('',(4.140319821986E0,2.375739939345E0,-9.652E0));
#1827=CARTESIAN_POINT('',(4.7498E0,3.431390573872E0,-9.652E0));
#1828=VERTEX_POINT('',#1826);
#1829=VERTEX_POINT('',#1827);
#1830=CARTESIAN_POINT('',(4.7498E0,3.713513500669E0,-9.652E0));
#1831=VERTEX_POINT('',#1830);
#1832=CARTESIAN_POINT('',(5.0038E0,3.713513500669E0,-9.652E0));
#1833=VERTEX_POINT('',#1832);
#1834=CARTESIAN_POINT('',(5.0038E0,3.431390573872E0,-9.652E0));
#1835=VERTEX_POINT('',#1834);
#1836=CARTESIAN_POINT('',(5.613280178014E0,2.375739939345E0,-9.652E0));
#1837=VERTEX_POINT('',#1836);
#1838=CARTESIAN_POINT('',(5.857605799611E0,2.234678475946E0,-9.652E0));
#1839=VERTEX_POINT('',#1838);
#1840=CARTESIAN_POINT('',(5.730605799611E0,2.014708023385E0,-9.652E0));
#1841=VERTEX_POINT('',#1840);
#1842=CARTESIAN_POINT('',(5.486280178014E0,2.155769486784E0,-9.652E0));
#1843=VERTEX_POINT('',#1842);
#1844=CARTESIAN_POINT('',(4.267319821986E0,2.155769486784E0,-9.652E0));
#1845=VERTEX_POINT('',#1844);
#1846=CARTESIAN_POINT('',(4.022994200389E0,2.014708023385E0,-9.652E0));
#1847=VERTEX_POINT('',#1846);
#1848=CARTESIAN_POINT('',(3.895994200389E0,2.234678475946E0,-9.652E0));
#1849=VERTEX_POINT('',#1848);
#1850=CARTESIAN_POINT('',(-5.3848E0,3.0861E0,-2.54E-1));
#1851=CARTESIAN_POINT('',(-4.3942E0,3.0861E0,-2.54E-1));
#1852=VERTEX_POINT('',#1850);
#1853=VERTEX_POINT('',#1851);
#1854=CARTESIAN_POINT('',(-5.3848E0,-3.9751E0,-2.54E-1));
#1855=CARTESIAN_POINT('',(-5.6388E0,-3.9751E0,0.E0));
#1856=VERTEX_POINT('',#1854);
#1857=VERTEX_POINT('',#1855);
#1858=CARTESIAN_POINT('',(-5.6388E0,3.3401E0,0.E0));
#1859=VERTEX_POINT('',#1858);
#1860=CARTESIAN_POINT('',(-3.6322E0,3.0861E0,-2.54E-1));
#1861=CARTESIAN_POINT('',(3.6322E0,3.0861E0,-2.54E-1));
#1862=VERTEX_POINT('',#1860);
#1863=VERTEX_POINT('',#1861);
#1864=CARTESIAN_POINT('',(4.3942E0,3.0861E0,-2.54E-1));
#1865=CARTESIAN_POINT('',(5.3848E0,3.0861E0,-2.54E-1));
#1866=VERTEX_POINT('',#1864);
#1867=VERTEX_POINT('',#1865);
#1868=CARTESIAN_POINT('',(5.6388E0,-3.9751E0,0.E0));
#1869=CARTESIAN_POINT('',(5.3848E0,-3.9751E0,-2.54E-1));
#1870=VERTEX_POINT('',#1868);
#1871=VERTEX_POINT('',#1869);
#1872=CARTESIAN_POINT('',(5.6388E0,3.3401E0,0.E0));
#1873=VERTEX_POINT('',#1872);
#1874=CARTESIAN_POINT('',(4.140319821986E0,2.375739939345E0,-1.217414355015E1));
#1875=VERTEX_POINT('',#1874);
#1876=CARTESIAN_POINT('',(5.613280178014E0,2.375739939345E0,-1.217414355015E1));
#1877=VERTEX_POINT('',#1876);
#1878=CARTESIAN_POINT('',(5.857605799611E0,2.234678475946E0,-1.169020855451E1));
#1879=VERTEX_POINT('',#1878);
#1880=CARTESIAN_POINT('',(5.730605799611E0,2.014708023385E0,-1.169020855451E1));
#1881=VERTEX_POINT('',#1880);
#1882=CARTESIAN_POINT('',(5.486280178014E0,2.155769486784E0,-1.217414355015E1));
#1883=VERTEX_POINT('',#1882);
#1884=CARTESIAN_POINT('',(4.267319821986E0,2.155769486784E0,-1.217414355015E1));
#1885=VERTEX_POINT('',#1884);
#1886=CARTESIAN_POINT('',(4.022994200389E0,2.014708023385E0,-1.169020855451E1));
#1887=VERTEX_POINT('',#1886);
#1888=CARTESIAN_POINT('',(3.895994200389E0,2.234678475946E0,-1.169020855451E1));
#1889=VERTEX_POINT('',#1888);
#1890=CARTESIAN_POINT('',(4.7498E0,3.431390573872E0,-1.217414355015E1));
#1891=VERTEX_POINT('',#1890);
#1892=CARTESIAN_POINT('',(5.0038E0,3.431390573872E0,-1.217414355015E1));
#1893=VERTEX_POINT('',#1892);
#1894=CARTESIAN_POINT('',(4.8768E0,3.064773152936E0,-1.2827E1));
#1895=CARTESIAN_POINT('',(4.8768E0,2.243826847064E0,-1.2827E1));
#1896=VERTEX_POINT('',#1894);
#1897=VERTEX_POINT('',#1895);
#1898=VERTEX_POINT('',#1760);
#1899=CARTESIAN_POINT('',(4.8768E0,3.7211E0,-1.169020855451E1));
#1900=CARTESIAN_POINT('',(5.0038E0,3.713513500669E0,-1.169020855451E1));
#1901=VERTEX_POINT('',#1899);
#1902=VERTEX_POINT('',#1900);
#1903=CARTESIAN_POINT('',(4.8768E0,1.8669E0,-1.217414355015E1));
#1904=VERTEX_POINT('',#1903);
#1905=CARTESIAN_POINT('',(4.699E0,-2.4511E0,-1.0414E1));
#1906=VERTEX_POINT('',#1905);
#1907=CARTESIAN_POINT('',(5.461E0,-2.4511E0,-1.0414E1));
#1908=VERTEX_POINT('',#1907);
#1909=CARTESIAN_POINT('',(4.699E0,-3.2131E0,-9.652E0));
#1910=CARTESIAN_POINT('',(4.699E0,-2.4511E0,-9.652E0));
#1911=VERTEX_POINT('',#1909);
#1912=VERTEX_POINT('',#1910);
#1913=CARTESIAN_POINT('',(5.461E0,-2.4511E0,-9.652E0));
#1914=VERTEX_POINT('',#1913);
#1915=CARTESIAN_POINT('',(5.461E0,-3.2131E0,-9.652E0));
#1916=VERTEX_POINT('',#1915);
#1917=CARTESIAN_POINT('',(-5.461E0,-3.2131E0,-9.652E0));
#1918=VERTEX_POINT('',#1917);
#1919=CARTESIAN_POINT('',(-5.461E0,-3.2131E0,-1.0414E1));
#1920=CARTESIAN_POINT('',(-5.461E0,-2.4511E0,-1.0414E1));
#1921=VERTEX_POINT('',#1919);
#1922=VERTEX_POINT('',#1920);
#1923=CARTESIAN_POINT('',(-4.699E0,-2.4511E0,-1.0414E1));
#1924=VERTEX_POINT('',#1923);
#1925=CARTESIAN_POINT('',(-4.699E0,-3.2131E0,-1.0414E1));
#1926=VERTEX_POINT('',#1925);
#1927=CARTESIAN_POINT('',(-5.461E0,-2.4511E0,-9.652E0));
#1928=VERTEX_POINT('',#1927);
#1929=CARTESIAN_POINT('',(-4.699E0,-2.4511E0,-9.652E0));
#1930=VERTEX_POINT('',#1929);
#1931=CARTESIAN_POINT('',(-4.699E0,-3.2131E0,-9.652E0));
#1932=VERTEX_POINT('',#1931);
#1933=CARTESIAN_POINT('',(-5.3848E0,-2.4511E0,-8.128E0));
#1934=CARTESIAN_POINT('',(-5.3848E0,-2.1971E0,-8.382E0));
#1935=VERTEX_POINT('',#1933);
#1936=VERTEX_POINT('',#1934);
#1937=CARTESIAN_POINT('',(-5.3848E0,-1.8923E0,-8.382E0));
#1938=VERTEX_POINT('',#1937);
#1939=CARTESIAN_POINT('',(5.3848E0,-2.4511E0,-8.128E0));
#1940=CARTESIAN_POINT('',(5.3848E0,-2.1971E0,-8.382E0));
#1941=VERTEX_POINT('',#1939);
#1942=VERTEX_POINT('',#1940);
#1943=CARTESIAN_POINT('',(5.3848E0,-1.8923E0,-8.382E0));
#1944=VERTEX_POINT('',#1943);
#1945=CARTESIAN_POINT('',(-5.3848E0,-2.4511E0,-7.8232E0));
#1946=CARTESIAN_POINT('',(-3.81E0,-2.4511E0,-7.8232E0));
#1947=VERTEX_POINT('',#1945);
#1948=VERTEX_POINT('',#1946);
#1949=CARTESIAN_POINT('',(3.81E0,-2.4511E0,-7.8232E0));
#1950=CARTESIAN_POINT('',(5.3848E0,-2.4511E0,-7.8232E0));
#1951=VERTEX_POINT('',#1949);
#1952=VERTEX_POINT('',#1950);
#1953=CARTESIAN_POINT('',(-5.3848E0,-1.8923E0,-7.8232E0));
#1954=CARTESIAN_POINT('',(5.3848E0,-1.8923E0,-7.8232E0));
#1955=VERTEX_POINT('',#1953);
#1956=VERTEX_POINT('',#1954);
#1957=CARTESIAN_POINT('',(2.921E0,-1.8161E0,-5.424582579065E0));
#1958=CARTESIAN_POINT('',(2.921E0,-1.8161E0,-4.4196E0));
#1959=VERTEX_POINT('',#1957);
#1960=VERTEX_POINT('',#1958);
#1961=CARTESIAN_POINT('',(2.921E0,-1.7145E0,-4.4196E0));
#1962=VERTEX_POINT('',#1961);
#1963=CARTESIAN_POINT('',(2.921E0,-1.7145E0,-4.2926E0));
#1964=VERTEX_POINT('',#1963);
#1965=CARTESIAN_POINT('',(2.921E0,-2.1209E0,-3.8862E0));
#1966=VERTEX_POINT('',#1965);
#1967=CARTESIAN_POINT('',(2.159E0,-1.8161E0,-5.424582579065E0));
#1968=CARTESIAN_POINT('',(2.159E0,-1.8161E0,-4.4196E0));
#1969=VERTEX_POINT('',#1967);
#1970=VERTEX_POINT('',#1968);
#1971=CARTESIAN_POINT('',(2.159E0,-1.7145E0,-4.4196E0));
#1972=VERTEX_POINT('',#1971);
#1973=CARTESIAN_POINT('',(2.159E0,-1.7145E0,-4.2926E0));
#1974=VERTEX_POINT('',#1973);
#1975=CARTESIAN_POINT('',(2.159E0,-2.1209E0,-3.8862E0));
#1976=VERTEX_POINT('',#1975);
#1977=CARTESIAN_POINT('',(2.921E0,-2.4511E0,-5.7912E0));
#1978=CARTESIAN_POINT('',(2.921E0,-2.4511E0,-3.8862E0));
#1979=VERTEX_POINT('',#1977);
#1980=VERTEX_POINT('',#1978);
#1981=CARTESIAN_POINT('',(2.159E0,-2.4511E0,-5.7912E0));
#1982=CARTESIAN_POINT('',(2.159E0,-2.4511E0,-3.8862E0));
#1983=VERTEX_POINT('',#1981);
#1984=VERTEX_POINT('',#1982);
#1985=CARTESIAN_POINT('',(-3.4925E0,-8.128E-1,-2.7432E0));
#1986=CARTESIAN_POINT('',(-3.4925E0,-1.778E-1,-2.7432E0));
#1987=VERTEX_POINT('',#1985);
#1988=VERTEX_POINT('',#1986);
#1989=CARTESIAN_POINT('',(-3.4925E0,-1.778E-1,-1.397E1));
#1990=CARTESIAN_POINT('',(-3.4925E0,-8.128E-1,-1.397E1));
#1991=VERTEX_POINT('',#1989);
#1992=VERTEX_POINT('',#1990);
#1993=CARTESIAN_POINT('',(-4.1275E0,-8.128E-1,-2.7432E0));
#1994=CARTESIAN_POINT('',(-4.1275E0,-1.778E-1,-2.7432E0));
#1995=VERTEX_POINT('',#1993);
#1996=VERTEX_POINT('',#1994);
#1997=CARTESIAN_POINT('',(-4.1275E0,-1.778E-1,-1.397E1));
#1998=CARTESIAN_POINT('',(-4.1275E0,-8.128E-1,-1.397E1));
#1999=VERTEX_POINT('',#1997);
#2000=VERTEX_POINT('',#1998);
#2001=CARTESIAN_POINT('',(-3.4925E0,-1.778E-1,-9.652E0));
#2002=CARTESIAN_POINT('',(-3.4925E0,-8.128E-1,-9.652E0));
#2003=VERTEX_POINT('',#2001);
#2004=VERTEX_POINT('',#2002);
#2005=CARTESIAN_POINT('',(-4.1275E0,-1.778E-1,-9.652E0));
#2006=CARTESIAN_POINT('',(-4.1275E0,-8.128E-1,-9.652E0));
#2007=VERTEX_POINT('',#2005);
#2008=VERTEX_POINT('',#2006);
#2009=CARTESIAN_POINT('',(-3.4925E0,-1.778E-1,-7.8232E0));
#2010=CARTESIAN_POINT('',(-3.4925E0,-8.128E-1,-7.8232E0));
#2011=VERTEX_POINT('',#2009);
#2012=VERTEX_POINT('',#2010);
#2013=CARTESIAN_POINT('',(-4.1275E0,-1.778E-1,-7.8232E0));
#2014=CARTESIAN_POINT('',(-4.1275E0,-8.128E-1,-7.8232E0));
#2015=VERTEX_POINT('',#2013);
#2016=VERTEX_POINT('',#2014);
#2017=CARTESIAN_POINT('',(-9.525E-1,-8.128E-1,-2.7432E0));
#2018=CARTESIAN_POINT('',(-9.525E-1,-1.778E-1,-2.7432E0));
#2019=VERTEX_POINT('',#2017);
#2020=VERTEX_POINT('',#2018);
#2021=CARTESIAN_POINT('',(-9.525E-1,-1.778E-1,-1.397E1));
#2022=CARTESIAN_POINT('',(-9.525E-1,-8.128E-1,-1.397E1));
#2023=VERTEX_POINT('',#2021);
#2024=VERTEX_POINT('',#2022);
#2025=CARTESIAN_POINT('',(-1.5875E0,-8.128E-1,-2.7432E0));
#2026=CARTESIAN_POINT('',(-1.5875E0,-1.778E-1,-2.7432E0));
#2027=VERTEX_POINT('',#2025);
#2028=VERTEX_POINT('',#2026);
#2029=CARTESIAN_POINT('',(-1.5875E0,-1.778E-1,-1.397E1));
#2030=CARTESIAN_POINT('',(-1.5875E0,-8.128E-1,-1.397E1));
#2031=VERTEX_POINT('',#2029);
#2032=VERTEX_POINT('',#2030);
#2033=CARTESIAN_POINT('',(-9.525E-1,-1.778E-1,-9.652E0));
#2034=CARTESIAN_POINT('',(-9.525E-1,-8.128E-1,-9.652E0));
#2035=VERTEX_POINT('',#2033);
#2036=VERTEX_POINT('',#2034);
#2037=CARTESIAN_POINT('',(-1.5875E0,-1.778E-1,-9.652E0));
#2038=CARTESIAN_POINT('',(-1.5875E0,-8.128E-1,-9.652E0));
#2039=VERTEX_POINT('',#2037);
#2040=VERTEX_POINT('',#2038);
#2041=CARTESIAN_POINT('',(-9.525E-1,-1.778E-1,-7.8232E0));
#2042=CARTESIAN_POINT('',(-9.525E-1,-8.128E-1,-7.8232E0));
#2043=VERTEX_POINT('',#2041);
#2044=VERTEX_POINT('',#2042);
#2045=CARTESIAN_POINT('',(-1.5875E0,-1.778E-1,-7.8232E0));
#2046=CARTESIAN_POINT('',(-1.5875E0,-8.128E-1,-7.8232E0));
#2047=VERTEX_POINT('',#2045);
#2048=VERTEX_POINT('',#2046);
#2049=CARTESIAN_POINT('',(2.159E0,-3.2131E0,-1.0414E1));
#2050=CARTESIAN_POINT('',(2.159E0,-2.4511E0,-1.0414E1));
#2051=VERTEX_POINT('',#2049);
#2052=VERTEX_POINT('',#2050);
#2053=CARTESIAN_POINT('',(2.921E0,-2.4511E0,-1.0414E1));
#2054=VERTEX_POINT('',#2053);
#2055=CARTESIAN_POINT('',(2.921E0,-3.2131E0,-1.0414E1));
#2056=VERTEX_POINT('',#2055);
#2057=CARTESIAN_POINT('',(2.159E0,2.1971E0,-1.0414E1));
#2058=CARTESIAN_POINT('',(2.159E0,3.9751E0,-1.0414E1));
#2059=VERTEX_POINT('',#2057);
#2060=VERTEX_POINT('',#2058);
#2061=CARTESIAN_POINT('',(2.921E0,3.9751E0,-1.0414E1));
#2062=VERTEX_POINT('',#2061);
#2063=CARTESIAN_POINT('',(2.921E0,2.1971E0,-1.0414E1));
#2064=VERTEX_POINT('',#2063);
#2065=CARTESIAN_POINT('',(2.159E0,-3.2131E0,-9.652E0));
#2066=CARTESIAN_POINT('',(2.159E0,-2.4511E0,-9.652E0));
#2067=VERTEX_POINT('',#2065);
#2068=VERTEX_POINT('',#2066);
#2069=CARTESIAN_POINT('',(2.921E0,-2.4511E0,-9.652E0));
#2070=VERTEX_POINT('',#2069);
#2071=CARTESIAN_POINT('',(2.921E0,-3.2131E0,-9.652E0));
#2072=VERTEX_POINT('',#2071);
#2073=CARTESIAN_POINT('',(2.159E0,3.9751E0,-9.652E0));
#2074=CARTESIAN_POINT('',(2.159E0,2.1971E0,-9.652E0));
#2075=VERTEX_POINT('',#2073);
#2076=VERTEX_POINT('',#2074);
#2077=CARTESIAN_POINT('',(2.921E0,3.9751E0,-9.652E0));
#2078=CARTESIAN_POINT('',(2.921E0,2.1971E0,-9.652E0));
#2079=VERTEX_POINT('',#2077);
#2080=VERTEX_POINT('',#2078);
#2081=CARTESIAN_POINT('',(5.3848E0,3.0861E0,-7.5692E0));
#2082=CARTESIAN_POINT('',(5.3848E0,2.8321E0,-7.8232E0));
#2083=VERTEX_POINT('',#2081);
#2084=VERTEX_POINT('',#2082);
#2085=CARTESIAN_POINT('',(4.3942E0,2.8321E0,-7.8232E0));
#2086=VERTEX_POINT('',#2085);
#2087=CARTESIAN_POINT('',(4.3942E0,3.0861E0,-7.5692E0));
#2088=VERTEX_POINT('',#2087);
#2089=CARTESIAN_POINT('',(3.6322E0,3.0861E0,-7.5692E0));
#2090=CARTESIAN_POINT('',(3.6322E0,2.8321E0,-7.8232E0));
#2091=VERTEX_POINT('',#2089);
#2092=VERTEX_POINT('',#2090);
#2093=CARTESIAN_POINT('',(-3.6322E0,2.8321E0,-7.8232E0));
#2094=VERTEX_POINT('',#2093);
#2095=CARTESIAN_POINT('',(-3.6322E0,3.0861E0,-7.5692E0));
#2096=VERTEX_POINT('',#2095);
#2097=CARTESIAN_POINT('',(-4.3942E0,3.0861E0,-7.5692E0));
#2098=CARTESIAN_POINT('',(-4.3942E0,2.8321E0,-7.8232E0));
#2099=VERTEX_POINT('',#2097);
#2100=VERTEX_POINT('',#2098);
#2101=CARTESIAN_POINT('',(-5.3848E0,2.8321E0,-7.8232E0));
#2102=VERTEX_POINT('',#2101);
#2103=CARTESIAN_POINT('',(-5.3848E0,3.0861E0,-7.5692E0));
#2104=VERTEX_POINT('',#2103);
#2105=CARTESIAN_POINT('',(3.81E-1,-1.8161E0,-5.424582579065E0));
#2106=CARTESIAN_POINT('',(3.81E-1,-1.8161E0,-4.4196E0));
#2107=VERTEX_POINT('',#2105);
#2108=VERTEX_POINT('',#2106);
#2109=CARTESIAN_POINT('',(3.81E-1,-1.7145E0,-4.4196E0));
#2110=VERTEX_POINT('',#2109);
#2111=CARTESIAN_POINT('',(3.81E-1,-1.7145E0,-4.2926E0));
#2112=VERTEX_POINT('',#2111);
#2113=CARTESIAN_POINT('',(3.81E-1,-2.1209E0,-3.8862E0));
#2114=VERTEX_POINT('',#2113);
#2115=CARTESIAN_POINT('',(-3.81E-1,-1.8161E0,-5.424582579065E0));
#2116=CARTESIAN_POINT('',(-3.81E-1,-1.8161E0,-4.4196E0));
#2117=VERTEX_POINT('',#2115);
#2118=VERTEX_POINT('',#2116);
#2119=CARTESIAN_POINT('',(-3.81E-1,-1.7145E0,-4.4196E0));
#2120=VERTEX_POINT('',#2119);
#2121=CARTESIAN_POINT('',(-3.81E-1,-1.7145E0,-4.2926E0));
#2122=VERTEX_POINT('',#2121);
#2123=CARTESIAN_POINT('',(-3.81E-1,-2.1209E0,-3.8862E0));
#2124=VERTEX_POINT('',#2123);
#2125=CARTESIAN_POINT('',(3.81E-1,-2.4511E0,-5.7912E0));
#2126=CARTESIAN_POINT('',(3.81E-1,-2.4511E0,-3.8862E0));
#2127=VERTEX_POINT('',#2125);
#2128=VERTEX_POINT('',#2126);
#2129=CARTESIAN_POINT('',(-3.81E-1,-2.4511E0,-5.7912E0));
#2130=CARTESIAN_POINT('',(-3.81E-1,-2.4511E0,-3.8862E0));
#2131=VERTEX_POINT('',#2129);
#2132=VERTEX_POINT('',#2130);
#2133=CARTESIAN_POINT('',(-3.81E-1,-3.2131E0,-1.0414E1));
#2134=CARTESIAN_POINT('',(-3.81E-1,-2.4511E0,-1.0414E1));
#2135=VERTEX_POINT('',#2133);
#2136=VERTEX_POINT('',#2134);
#2137=CARTESIAN_POINT('',(3.81E-1,-2.4511E0,-1.0414E1));
#2138=VERTEX_POINT('',#2137);
#2139=CARTESIAN_POINT('',(3.81E-1,-3.2131E0,-1.0414E1));
#2140=VERTEX_POINT('',#2139);
#2141=CARTESIAN_POINT('',(-3.81E-1,2.1971E0,-1.0414E1));
#2142=CARTESIAN_POINT('',(-3.81E-1,3.9751E0,-1.0414E1));
#2143=VERTEX_POINT('',#2141);
#2144=VERTEX_POINT('',#2142);
#2145=CARTESIAN_POINT('',(3.81E-1,3.9751E0,-1.0414E1));
#2146=VERTEX_POINT('',#2145);
#2147=CARTESIAN_POINT('',(3.81E-1,2.1971E0,-1.0414E1));
#2148=VERTEX_POINT('',#2147);
#2149=CARTESIAN_POINT('',(-3.81E-1,-3.2131E0,-9.652E0));
#2150=CARTESIAN_POINT('',(-3.81E-1,-2.4511E0,-9.652E0));
#2151=VERTEX_POINT('',#2149);
#2152=VERTEX_POINT('',#2150);
#2153=CARTESIAN_POINT('',(3.81E-1,-2.4511E0,-9.652E0));
#2154=VERTEX_POINT('',#2153);
#2155=CARTESIAN_POINT('',(3.81E-1,-3.2131E0,-9.652E0));
#2156=VERTEX_POINT('',#2155);
#2157=CARTESIAN_POINT('',(-3.81E-1,3.9751E0,-9.652E0));
#2158=CARTESIAN_POINT('',(-3.81E-1,2.1971E0,-9.652E0));
#2159=VERTEX_POINT('',#2157);
#2160=VERTEX_POINT('',#2158);
#2161=CARTESIAN_POINT('',(3.81E-1,3.9751E0,-9.652E0));
#2162=CARTESIAN_POINT('',(3.81E-1,2.1971E0,-9.652E0));
#2163=VERTEX_POINT('',#2161);
#2164=VERTEX_POINT('',#2162);
#2165=CARTESIAN_POINT('',(-2.921E0,-3.2131E0,-1.0414E1));
#2166=CARTESIAN_POINT('',(-2.921E0,-2.4511E0,-1.0414E1));
#2167=VERTEX_POINT('',#2165);
#2168=VERTEX_POINT('',#2166);
#2169=CARTESIAN_POINT('',(-2.159E0,-2.4511E0,-1.0414E1));
#2170=VERTEX_POINT('',#2169);
#2171=CARTESIAN_POINT('',(-2.159E0,-3.2131E0,-1.0414E1));
#2172=VERTEX_POINT('',#2171);
#2173=CARTESIAN_POINT('',(-2.921E0,2.1971E0,-1.0414E1));
#2174=CARTESIAN_POINT('',(-2.921E0,3.9751E0,-1.0414E1));
#2175=VERTEX_POINT('',#2173);
#2176=VERTEX_POINT('',#2174);
#2177=CARTESIAN_POINT('',(-2.159E0,3.9751E0,-1.0414E1));
#2178=VERTEX_POINT('',#2177);
#2179=CARTESIAN_POINT('',(-2.159E0,2.1971E0,-1.0414E1));
#2180=VERTEX_POINT('',#2179);
#2181=CARTESIAN_POINT('',(-2.921E0,-3.2131E0,-9.652E0));
#2182=CARTESIAN_POINT('',(-2.921E0,-2.4511E0,-9.652E0));
#2183=VERTEX_POINT('',#2181);
#2184=VERTEX_POINT('',#2182);
#2185=CARTESIAN_POINT('',(-2.159E0,-2.4511E0,-9.652E0));
#2186=VERTEX_POINT('',#2185);
#2187=CARTESIAN_POINT('',(-2.159E0,-3.2131E0,-9.652E0));
#2188=VERTEX_POINT('',#2187);
#2189=CARTESIAN_POINT('',(-2.921E0,3.9751E0,-9.652E0));
#2190=CARTESIAN_POINT('',(-2.921E0,2.1971E0,-9.652E0));
#2191=VERTEX_POINT('',#2189);
#2192=VERTEX_POINT('',#2190);
#2193=CARTESIAN_POINT('',(-2.159E0,3.9751E0,-9.652E0));
#2194=CARTESIAN_POINT('',(-2.159E0,2.1971E0,-9.652E0));
#2195=VERTEX_POINT('',#2193);
#2196=VERTEX_POINT('',#2194);
#2197=CARTESIAN_POINT('',(1.5875E0,-8.128E-1,-2.7432E0));
#2198=CARTESIAN_POINT('',(1.5875E0,-1.778E-1,-2.7432E0));
#2199=VERTEX_POINT('',#2197);
#2200=VERTEX_POINT('',#2198);
#2201=CARTESIAN_POINT('',(1.5875E0,-1.778E-1,-1.397E1));
#2202=CARTESIAN_POINT('',(1.5875E0,-8.128E-1,-1.397E1));
#2203=VERTEX_POINT('',#2201);
#2204=VERTEX_POINT('',#2202);
#2205=CARTESIAN_POINT('',(9.525E-1,-8.128E-1,-2.7432E0));
#2206=CARTESIAN_POINT('',(9.525E-1,-1.778E-1,-2.7432E0));
#2207=VERTEX_POINT('',#2205);
#2208=VERTEX_POINT('',#2206);
#2209=CARTESIAN_POINT('',(9.525E-1,-1.778E-1,-1.397E1));
#2210=CARTESIAN_POINT('',(9.525E-1,-8.128E-1,-1.397E1));
#2211=VERTEX_POINT('',#2209);
#2212=VERTEX_POINT('',#2210);
#2213=CARTESIAN_POINT('',(1.5875E0,-1.778E-1,-9.652E0));
#2214=CARTESIAN_POINT('',(1.5875E0,-8.128E-1,-9.652E0));
#2215=VERTEX_POINT('',#2213);
#2216=VERTEX_POINT('',#2214);
#2217=CARTESIAN_POINT('',(9.525E-1,-1.778E-1,-9.652E0));
#2218=CARTESIAN_POINT('',(9.525E-1,-8.128E-1,-9.652E0));
#2219=VERTEX_POINT('',#2217);
#2220=VERTEX_POINT('',#2218);
#2221=CARTESIAN_POINT('',(1.5875E0,-1.778E-1,-7.8232E0));
#2222=CARTESIAN_POINT('',(1.5875E0,-8.128E-1,-7.8232E0));
#2223=VERTEX_POINT('',#2221);
#2224=VERTEX_POINT('',#2222);
#2225=CARTESIAN_POINT('',(9.525E-1,-1.778E-1,-7.8232E0));
#2226=CARTESIAN_POINT('',(9.525E-1,-8.128E-1,-7.8232E0));
#2227=VERTEX_POINT('',#2225);
#2228=VERTEX_POINT('',#2226);
#2229=CARTESIAN_POINT('',(4.1275E0,-8.128E-1,-2.7432E0));
#2230=CARTESIAN_POINT('',(4.1275E0,-1.778E-1,-2.7432E0));
#2231=VERTEX_POINT('',#2229);
#2232=VERTEX_POINT('',#2230);
#2233=CARTESIAN_POINT('',(4.1275E0,-1.778E-1,-1.397E1));
#2234=CARTESIAN_POINT('',(4.1275E0,-8.128E-1,-1.397E1));
#2235=VERTEX_POINT('',#2233);
#2236=VERTEX_POINT('',#2234);
#2237=CARTESIAN_POINT('',(3.4925E0,-8.128E-1,-2.7432E0));
#2238=CARTESIAN_POINT('',(3.4925E0,-1.778E-1,-2.7432E0));
#2239=VERTEX_POINT('',#2237);
#2240=VERTEX_POINT('',#2238);
#2241=CARTESIAN_POINT('',(3.4925E0,-1.778E-1,-1.397E1));
#2242=CARTESIAN_POINT('',(3.4925E0,-8.128E-1,-1.397E1));
#2243=VERTEX_POINT('',#2241);
#2244=VERTEX_POINT('',#2242);
#2245=CARTESIAN_POINT('',(4.1275E0,-1.778E-1,-9.652E0));
#2246=CARTESIAN_POINT('',(4.1275E0,-8.128E-1,-9.652E0));
#2247=VERTEX_POINT('',#2245);
#2248=VERTEX_POINT('',#2246);
#2249=CARTESIAN_POINT('',(3.4925E0,-1.778E-1,-9.652E0));
#2250=CARTESIAN_POINT('',(3.4925E0,-8.128E-1,-9.652E0));
#2251=VERTEX_POINT('',#2249);
#2252=VERTEX_POINT('',#2250);
#2253=CARTESIAN_POINT('',(4.1275E0,-1.778E-1,-7.8232E0));
#2254=CARTESIAN_POINT('',(4.1275E0,-8.128E-1,-7.8232E0));
#2255=VERTEX_POINT('',#2253);
#2256=VERTEX_POINT('',#2254);
#2257=CARTESIAN_POINT('',(3.4925E0,-1.778E-1,-7.8232E0));
#2258=CARTESIAN_POINT('',(3.4925E0,-8.128E-1,-7.8232E0));
#2259=VERTEX_POINT('',#2257);
#2260=VERTEX_POINT('',#2258);
#2261=CARTESIAN_POINT('',(-2.159E0,-1.8161E0,-5.424582579065E0));
#2262=CARTESIAN_POINT('',(-2.159E0,-1.8161E0,-4.4196E0));
#2263=VERTEX_POINT('',#2261);
#2264=VERTEX_POINT('',#2262);
#2265=CARTESIAN_POINT('',(-2.159E0,-1.7145E0,-4.4196E0));
#2266=VERTEX_POINT('',#2265);
#2267=CARTESIAN_POINT('',(-2.159E0,-1.7145E0,-4.2926E0));
#2268=VERTEX_POINT('',#2267);
#2269=CARTESIAN_POINT('',(-2.159E0,-2.1209E0,-3.8862E0));
#2270=VERTEX_POINT('',#2269);
#2271=CARTESIAN_POINT('',(-2.921E0,-1.8161E0,-5.424582579065E0));
#2272=CARTESIAN_POINT('',(-2.921E0,-1.8161E0,-4.4196E0));
#2273=VERTEX_POINT('',#2271);
#2274=VERTEX_POINT('',#2272);
#2275=CARTESIAN_POINT('',(-2.921E0,-1.7145E0,-4.4196E0));
#2276=VERTEX_POINT('',#2275);
#2277=CARTESIAN_POINT('',(-2.921E0,-1.7145E0,-4.2926E0));
#2278=VERTEX_POINT('',#2277);
#2279=CARTESIAN_POINT('',(-2.921E0,-2.1209E0,-3.8862E0));
#2280=VERTEX_POINT('',#2279);
#2281=CARTESIAN_POINT('',(-2.159E0,-2.4511E0,-5.7912E0));
#2282=CARTESIAN_POINT('',(-2.159E0,-2.4511E0,-3.8862E0));
#2283=VERTEX_POINT('',#2281);
#2284=VERTEX_POINT('',#2282);
#2285=CARTESIAN_POINT('',(-2.921E0,-2.4511E0,-5.7912E0));
#2286=CARTESIAN_POINT('',(-2.921E0,-2.4511E0,-3.8862E0));
#2287=VERTEX_POINT('',#2285);
#2288=VERTEX_POINT('',#2286);
#2289=CARTESIAN_POINT('',(0.E0,0.E0,-9.652E0));
#2290=DIRECTION('',(0.E0,0.E0,1.E0));
#2291=DIRECTION('',(1.E0,0.E0,0.E0));
#2292=AXIS2_PLACEMENT_3D('',#2289,#2290,#2291);
#2293=PLANE('',#2292);
#2295=ORIENTED_EDGE('',*,*,#2294,.T.);
#2297=ORIENTED_EDGE('',*,*,#2296,.T.);
#2299=ORIENTED_EDGE('',*,*,#2298,.F.);
#2301=ORIENTED_EDGE('',*,*,#2300,.F.);
#2303=ORIENTED_EDGE('',*,*,#2302,.T.);
#2305=ORIENTED_EDGE('',*,*,#2304,.T.);
#2307=ORIENTED_EDGE('',*,*,#2306,.F.);
#2309=ORIENTED_EDGE('',*,*,#2308,.F.);
#2311=ORIENTED_EDGE('',*,*,#2310,.T.);
#2313=ORIENTED_EDGE('',*,*,#2312,.T.);
#2315=ORIENTED_EDGE('',*,*,#2314,.F.);
#2317=ORIENTED_EDGE('',*,*,#2316,.F.);
#2319=ORIENTED_EDGE('',*,*,#2318,.T.);
#2321=ORIENTED_EDGE('',*,*,#2320,.T.);
#2323=ORIENTED_EDGE('',*,*,#2322,.F.);
#2325=ORIENTED_EDGE('',*,*,#2324,.F.);
#2327=ORIENTED_EDGE('',*,*,#2326,.F.);
#2329=ORIENTED_EDGE('',*,*,#2328,.F.);
#2331=ORIENTED_EDGE('',*,*,#2330,.T.);
#2333=ORIENTED_EDGE('',*,*,#2332,.T.);
#2335=ORIENTED_EDGE('',*,*,#2334,.F.);
#2337=ORIENTED_EDGE('',*,*,#2336,.F.);
#2339=ORIENTED_EDGE('',*,*,#2338,.T.);
#2341=ORIENTED_EDGE('',*,*,#2340,.T.);
#2343=ORIENTED_EDGE('',*,*,#2342,.F.);
#2345=ORIENTED_EDGE('',*,*,#2344,.F.);
#2347=ORIENTED_EDGE('',*,*,#2346,.T.);
#2349=ORIENTED_EDGE('',*,*,#2348,.T.);
#2351=ORIENTED_EDGE('',*,*,#2350,.F.);
#2353=ORIENTED_EDGE('',*,*,#2352,.F.);
#2355=ORIENTED_EDGE('',*,*,#2354,.F.);
#2357=ORIENTED_EDGE('',*,*,#2356,.F.);
#2359=ORIENTED_EDGE('',*,*,#2358,.T.);
#2361=ORIENTED_EDGE('',*,*,#2360,.T.);
#2363=ORIENTED_EDGE('',*,*,#2362,.F.);
#2365=ORIENTED_EDGE('',*,*,#2364,.F.);
#2366=EDGE_LOOP('',(#2295,#2297,#2299,#2301,#2303,#2305,#2307,#2309,#2311,#2313,
#2315,#2317,#2319,#2321,#2323,#2325,#2327,#2329,#2331,#2333,#2335,#2337,#2339,
#2341,#2343,#2345,#2347,#2349,#2351,#2353,#2355,#2357,#2359,#2361,#2363,#2365));
#2367=FACE_OUTER_BOUND('',#2366,.F.);
#2369=ORIENTED_EDGE('',*,*,#2368,.T.);
#2371=ORIENTED_EDGE('',*,*,#2370,.T.);
#2373=ORIENTED_EDGE('',*,*,#2372,.T.);
#2375=ORIENTED_EDGE('',*,*,#2374,.T.);
#2377=ORIENTED_EDGE('',*,*,#2376,.T.);
#2379=ORIENTED_EDGE('',*,*,#2378,.T.);
#2381=ORIENTED_EDGE('',*,*,#2380,.T.);
#2383=ORIENTED_EDGE('',*,*,#2382,.T.);
#2385=ORIENTED_EDGE('',*,*,#2384,.T.);
#2387=ORIENTED_EDGE('',*,*,#2386,.T.);
#2389=ORIENTED_EDGE('',*,*,#2388,.T.);
#2391=ORIENTED_EDGE('',*,*,#2390,.T.);
#2392=EDGE_LOOP('',(#2369,#2371,#2373,#2375,#2377,#2379,#2381,#2383,#2385,#2387,
#2389,#2391));
#2393=FACE_BOUND('',#2392,.F.);
#2395=ORIENTED_EDGE('',*,*,#2394,.T.);
#2397=ORIENTED_EDGE('',*,*,#2396,.T.);
#2399=ORIENTED_EDGE('',*,*,#2398,.F.);
#2401=ORIENTED_EDGE('',*,*,#2400,.F.);
#2402=EDGE_LOOP('',(#2395,#2397,#2399,#2401));
#2403=FACE_BOUND('',#2402,.F.);
#2405=ORIENTED_EDGE('',*,*,#2404,.T.);
#2407=ORIENTED_EDGE('',*,*,#2406,.T.);
#2409=ORIENTED_EDGE('',*,*,#2408,.F.);
#2411=ORIENTED_EDGE('',*,*,#2410,.F.);
#2412=EDGE_LOOP('',(#2405,#2407,#2409,#2411));
#2413=FACE_BOUND('',#2412,.F.);
#2415=ORIENTED_EDGE('',*,*,#2414,.T.);
#2417=ORIENTED_EDGE('',*,*,#2416,.T.);
#2419=ORIENTED_EDGE('',*,*,#2418,.F.);
#2421=ORIENTED_EDGE('',*,*,#2420,.F.);
#2422=EDGE_LOOP('',(#2415,#2417,#2419,#2421));
#2423=FACE_BOUND('',#2422,.F.);
#2425=ORIENTED_EDGE('',*,*,#2424,.T.);
#2427=ORIENTED_EDGE('',*,*,#2426,.T.);
#2429=ORIENTED_EDGE('',*,*,#2428,.F.);
#2431=ORIENTED_EDGE('',*,*,#2430,.F.);
#2432=EDGE_LOOP('',(#2425,#2427,#2429,#2431));
#2433=FACE_BOUND('',#2432,.F.);
#2435=CARTESIAN_POINT('',(-2.921E0,-3.2131E0,-9.652E0));
#2436=DIRECTION('',(-1.E0,0.E0,0.E0));
#2437=DIRECTION('',(0.E0,1.E0,0.E0));
#2438=AXIS2_PLACEMENT_3D('',#2435,#2436,#2437);
#2439=PLANE('',#2438);
#2440=ORIENTED_EDGE('',*,*,#2294,.F.);
#2442=ORIENTED_EDGE('',*,*,#2441,.T.);
#2444=ORIENTED_EDGE('',*,*,#2443,.T.);
#2446=ORIENTED_EDGE('',*,*,#2445,.F.);
#2447=EDGE_LOOP('',(#2440,#2442,#2444,#2446));
#2448=FACE_OUTER_BOUND('',#2447,.F.);
#2450=CARTESIAN_POINT('',(-5.3848E0,-3.2131E0,0.E0));
#2451=DIRECTION('',(0.E0,-1.E0,0.E0));
#2452=DIRECTION('',(1.E0,0.E0,0.E0));
#2453=AXIS2_PLACEMENT_3D('',#2450,#2451,#2452);
#2454=PLANE('',#2453);
#2455=ORIENTED_EDGE('',*,*,#2300,.T.);
#2457=ORIENTED_EDGE('',*,*,#2456,.T.);
#2459=ORIENTED_EDGE('',*,*,#2458,.T.);
#2460=ORIENTED_EDGE('',*,*,#2441,.F.);
#2461=ORIENTED_EDGE('',*,*,#2364,.T.);
#2463=ORIENTED_EDGE('',*,*,#2462,.T.);
#2465=ORIENTED_EDGE('',*,*,#2464,.T.);
#2467=ORIENTED_EDGE('',*,*,#2466,.F.);
#2468=ORIENTED_EDGE('',*,*,#2356,.T.);
#2470=ORIENTED_EDGE('',*,*,#2469,.T.);
#2472=ORIENTED_EDGE('',*,*,#2471,.F.);
#2474=ORIENTED_EDGE('',*,*,#2473,.T.);
#2476=ORIENTED_EDGE('',*,*,#2475,.F.);
#2478=ORIENTED_EDGE('',*,*,#2477,.T.);
#2480=ORIENTED_EDGE('',*,*,#2479,.T.);
#2482=ORIENTED_EDGE('',*,*,#2481,.T.);
#2484=ORIENTED_EDGE('',*,*,#2483,.F.);
#2486=ORIENTED_EDGE('',*,*,#2485,.F.);
#2487=ORIENTED_EDGE('',*,*,#2324,.T.);
#2489=ORIENTED_EDGE('',*,*,#2488,.T.);
#2491=ORIENTED_EDGE('',*,*,#2490,.T.);
#2493=ORIENTED_EDGE('',*,*,#2492,.F.);
#2494=ORIENTED_EDGE('',*,*,#2316,.T.);
#2496=ORIENTED_EDGE('',*,*,#2495,.T.);
#2498=ORIENTED_EDGE('',*,*,#2497,.T.);
#2500=ORIENTED_EDGE('',*,*,#2499,.F.);
#2501=ORIENTED_EDGE('',*,*,#2308,.T.);
#2503=ORIENTED_EDGE('',*,*,#2502,.T.);
#2505=ORIENTED_EDGE('',*,*,#2504,.T.);
#2507=ORIENTED_EDGE('',*,*,#2506,.F.);
#2508=EDGE_LOOP('',(#2455,#2457,#2459,#2460,#2461,#2463,#2465,#2467,#2468,#2470,
#2472,#2474,#2476,#2478,#2480,#2482,#2484,#2486,#2487,#2489,#2491,#2493,#2494,
#2496,#2498,#2500,#2501,#2503,#2505,#2507));
#2509=FACE_OUTER_BOUND('',#2508,.F.);
#2511=CARTESIAN_POINT('',(-2.159E0,-2.4511E0,-9.652E0));
#2512=DIRECTION('',(1.E0,0.E0,0.E0));
#2513=DIRECTION('',(0.E0,-1.E0,0.E0));
#2514=AXIS2_PLACEMENT_3D('',#2511,#2512,#2513);
#2515=PLANE('',#2514);
#2516=ORIENTED_EDGE('',*,*,#2298,.T.);
#2518=ORIENTED_EDGE('',*,*,#2517,.T.);
#2520=ORIENTED_EDGE('',*,*,#2519,.T.);
#2521=ORIENTED_EDGE('',*,*,#2456,.F.);
#2522=EDGE_LOOP('',(#2516,#2518,#2520,#2521));
#2523=FACE_OUTER_BOUND('',#2522,.F.);
#2525=CARTESIAN_POINT('',(-2.921E0,-2.4511E0,-9.652E0));
#2526=DIRECTION('',(0.E0,1.E0,0.E0));
#2527=DIRECTION('',(1.E0,0.E0,0.E0));
#2528=AXIS2_PLACEMENT_3D('',#2525,#2526,#2527);
#2529=PLANE('',#2528);
#2530=ORIENTED_EDGE('',*,*,#2296,.F.);
#2531=ORIENTED_EDGE('',*,*,#2445,.T.);
#2533=ORIENTED_EDGE('',*,*,#2532,.T.);
#2534=ORIENTED_EDGE('',*,*,#2517,.F.);
#2535=EDGE_LOOP('',(#2530,#2531,#2533,#2534));
#2536=FACE_OUTER_BOUND('',#2535,.F.);
#2538=CARTESIAN_POINT('',(-5.08E0,0.E0,-1.0414E1));
#2539=DIRECTION('',(0.E0,0.E0,-1.E0));
#2540=DIRECTION('',(1.E0,0.E0,0.E0));
#2541=AXIS2_PLACEMENT_3D('',#2538,#2539,#2540);
#2542=PLANE('',#2541);
#2543=ORIENTED_EDGE('',*,*,#2443,.F.);
#2544=ORIENTED_EDGE('',*,*,#2458,.F.);
#2545=ORIENTED_EDGE('',*,*,#2519,.F.);
#2546=ORIENTED_EDGE('',*,*,#2532,.F.);
#2547=EDGE_LOOP('',(#2543,#2544,#2545,#2546));
#2548=FACE_OUTER_BOUND('',#2547,.F.);
#2550=CARTESIAN_POINT('',(-5.08E0,0.E0,-1.0414E1));
#2551=DIRECTION('',(0.E0,0.E0,-1.E0));
#2552=DIRECTION('',(1.E0,0.E0,0.E0));
#2553=AXIS2_PLACEMENT_3D('',#2550,#2551,#2552);
#2554=PLANE('',#2553);
#2556=ORIENTED_EDGE('',*,*,#2555,.F.);
#2558=ORIENTED_EDGE('',*,*,#2557,.F.);
#2560=ORIENTED_EDGE('',*,*,#2559,.F.);
#2562=ORIENTED_EDGE('',*,*,#2561,.F.);
#2563=EDGE_LOOP('',(#2556,#2558,#2560,#2562));
#2564=FACE_OUTER_BOUND('',#2563,.F.);
#2566=CARTESIAN_POINT('',(-2.921E0,2.1971E0,-9.652E0));
#2567=DIRECTION('',(-1.E0,0.E0,0.E0));
#2568=DIRECTION('',(0.E0,1.E0,0.E0));
#2569=AXIS2_PLACEMENT_3D('',#2566,#2567,#2568);
#2570=PLANE('',#2569);
#2571=ORIENTED_EDGE('',*,*,#2350,.T.);
#2573=ORIENTED_EDGE('',*,*,#2572,.T.);
#2574=ORIENTED_EDGE('',*,*,#2555,.T.);
#2576=ORIENTED_EDGE('',*,*,#2575,.F.);
#2577=EDGE_LOOP('',(#2571,#2573,#2574,#2576));
#2578=FACE_OUTER_BOUND('',#2577,.F.);
#2580=CARTESIAN_POINT('',(-2.159E0,2.1971E0,-9.652E0));
#2581=DIRECTION('',(0.E0,-1.E0,0.E0));
#2582=DIRECTION('',(-1.E0,0.E0,0.E0));
#2583=AXIS2_PLACEMENT_3D('',#2580,#2581,#2582);
#2584=PLANE('',#2583);
#2585=ORIENTED_EDGE('',*,*,#2348,.F.);
#2587=ORIENTED_EDGE('',*,*,#2586,.T.);
#2588=ORIENTED_EDGE('',*,*,#2557,.T.);
#2589=ORIENTED_EDGE('',*,*,#2572,.F.);
#2590=EDGE_LOOP('',(#2585,#2587,#2588,#2589));
#2591=FACE_OUTER_BOUND('',#2590,.F.);
#2593=CARTESIAN_POINT('',(-2.159E0,3.9751E0,-9.652E0));
#2594=DIRECTION('',(1.E0,0.E0,0.E0));
#2595=DIRECTION('',(0.E0,-1.E0,0.E0));
#2596=AXIS2_PLACEMENT_3D('',#2593,#2594,#2595);
#2597=PLANE('',#2596);
#2598=ORIENTED_EDGE('',*,*,#2346,.F.);
#2600=ORIENTED_EDGE('',*,*,#2599,.T.);
#2601=ORIENTED_EDGE('',*,*,#2559,.T.);
#2602=ORIENTED_EDGE('',*,*,#2586,.F.);
#2603=EDGE_LOOP('',(#2598,#2600,#2601,#2602));
#2604=FACE_OUTER_BOUND('',#2603,.F.);
#2606=CARTESIAN_POINT('',(6.1468E0,3.9751E0,0.E0));
#2607=DIRECTION('',(0.E0,1.E0,0.E0));
#2608=DIRECTION('',(-1.E0,0.E0,0.E0));
#2609=AXIS2_PLACEMENT_3D('',#2606,#2607,#2608);
#2610=PLANE('',#2609);
#2611=ORIENTED_EDGE('',*,*,#2352,.T.);
#2612=ORIENTED_EDGE('',*,*,#2575,.T.);
#2613=ORIENTED_EDGE('',*,*,#2561,.T.);
#2614=ORIENTED_EDGE('',*,*,#2599,.F.);
#2615=ORIENTED_EDGE('',*,*,#2344,.T.);
#2617=ORIENTED_EDGE('',*,*,#2616,.T.);
#2619=ORIENTED_EDGE('',*,*,#2618,.T.);
#2621=ORIENTED_EDGE('',*,*,#2620,.F.);
#2622=ORIENTED_EDGE('',*,*,#2336,.T.);
#2624=ORIENTED_EDGE('',*,*,#2623,.T.);
#2626=ORIENTED_EDGE('',*,*,#2625,.T.);
#2628=ORIENTED_EDGE('',*,*,#2627,.F.);
#2629=ORIENTED_EDGE('',*,*,#2328,.T.);
#2631=ORIENTED_EDGE('',*,*,#2630,.T.);
#2633=ORIENTED_EDGE('',*,*,#2632,.F.);
#2635=ORIENTED_EDGE('',*,*,#2634,.F.);
#2636=EDGE_LOOP('',(#2611,#2612,#2613,#2614,#2615,#2617,#2619,#2621,#2622,#2624,
#2626,#2628,#2629,#2631,#2633,#2635));
#2637=FACE_OUTER_BOUND('',#2636,.F.);
#2639=CARTESIAN_POINT('',(-3.81E-1,2.1971E0,-9.652E0));
#2640=DIRECTION('',(-1.E0,0.E0,0.E0));
#2641=DIRECTION('',(0.E0,1.E0,0.E0));
#2642=AXIS2_PLACEMENT_3D('',#2639,#2640,#2641);
#2643=PLANE('',#2642);
#2644=ORIENTED_EDGE('',*,*,#2342,.T.);
#2646=ORIENTED_EDGE('',*,*,#2645,.T.);
#2648=ORIENTED_EDGE('',*,*,#2647,.T.);
#2649=ORIENTED_EDGE('',*,*,#2616,.F.);
#2650=EDGE_LOOP('',(#2644,#2646,#2648,#2649));
#2651=FACE_OUTER_BOUND('',#2650,.F.);
#2653=CARTESIAN_POINT('',(3.81E-1,2.1971E0,-9.652E0));
#2654=DIRECTION('',(0.E0,-1.E0,0.E0));
#2655=DIRECTION('',(-1.E0,0.E0,0.E0));
#2656=AXIS2_PLACEMENT_3D('',#2653,#2654,#2655);
#2657=PLANE('',#2656);
#2658=ORIENTED_EDGE('',*,*,#2340,.F.);
#2660=ORIENTED_EDGE('',*,*,#2659,.T.);
#2662=ORIENTED_EDGE('',*,*,#2661,.T.);
#2663=ORIENTED_EDGE('',*,*,#2645,.F.);
#2664=EDGE_LOOP('',(#2658,#2660,#2662,#2663));
#2665=FACE_OUTER_BOUND('',#2664,.F.);
#2667=CARTESIAN_POINT('',(3.81E-1,3.9751E0,-9.652E0));
#2668=DIRECTION('',(1.E0,0.E0,0.E0));
#2669=DIRECTION('',(0.E0,-1.E0,0.E0));
#2670=AXIS2_PLACEMENT_3D('',#2667,#2668,#2669);
#2671=PLANE('',#2670);
#2672=ORIENTED_EDGE('',*,*,#2338,.F.);
#2673=ORIENTED_EDGE('',*,*,#2620,.T.);
#2675=ORIENTED_EDGE('',*,*,#2674,.T.);
#2676=ORIENTED_EDGE('',*,*,#2659,.F.);
#2677=EDGE_LOOP('',(#2672,#2673,#2675,#2676));
#2678=FACE_OUTER_BOUND('',#2677,.F.);
#2680=CARTESIAN_POINT('',(-2.54E0,0.E0,-1.0414E1));
#2681=DIRECTION('',(0.E0,0.E0,-1.E0));
#2682=DIRECTION('',(1.E0,0.E0,0.E0));
#2683=AXIS2_PLACEMENT_3D('',#2680,#2681,#2682);
#2684=PLANE('',#2683);
#2686=ORIENTED_EDGE('',*,*,#2685,.F.);
#2687=ORIENTED_EDGE('',*,*,#2504,.F.);
#2689=ORIENTED_EDGE('',*,*,#2688,.F.);
#2691=ORIENTED_EDGE('',*,*,#2690,.F.);
#2692=EDGE_LOOP('',(#2686,#2687,#2689,#2691));
#2693=FACE_OUTER_BOUND('',#2692,.F.);
#2695=CARTESIAN_POINT('',(-2.54E0,0.E0,-1.0414E1));
#2696=DIRECTION('',(0.E0,0.E0,-1.E0));
#2697=DIRECTION('',(1.E0,0.E0,0.E0));
#2698=AXIS2_PLACEMENT_3D('',#2695,#2696,#2697);
#2699=PLANE('',#2698);
#2700=ORIENTED_EDGE('',*,*,#2647,.F.);
#2701=ORIENTED_EDGE('',*,*,#2661,.F.);
#2702=ORIENTED_EDGE('',*,*,#2674,.F.);
#2703=ORIENTED_EDGE('',*,*,#2618,.F.);
#2704=EDGE_LOOP('',(#2700,#2701,#2702,#2703));
#2705=FACE_OUTER_BOUND('',#2704,.F.);
#2707=CARTESIAN_POINT('',(-3.81E-1,-3.2131E0,-9.652E0));
#2708=DIRECTION('',(-1.E0,0.E0,0.E0));
#2709=DIRECTION('',(0.E0,1.E0,0.E0));
#2710=AXIS2_PLACEMENT_3D('',#2707,#2708,#2709);
#2711=PLANE('',#2710);
#2712=ORIENTED_EDGE('',*,*,#2302,.F.);
#2713=ORIENTED_EDGE('',*,*,#2506,.T.);
#2714=ORIENTED_EDGE('',*,*,#2685,.T.);
#2716=ORIENTED_EDGE('',*,*,#2715,.F.);
#2717=EDGE_LOOP('',(#2712,#2713,#2714,#2716));
#2718=FACE_OUTER_BOUND('',#2717,.F.);
#2720=CARTESIAN_POINT('',(-3.81E-1,-2.4511E0,-9.652E0));
#2721=DIRECTION('',(0.E0,1.E0,0.E0));
#2722=DIRECTION('',(1.E0,0.E0,0.E0));
#2723=AXIS2_PLACEMENT_3D('',#2720,#2721,#2722);
#2724=PLANE('',#2723);
#2725=ORIENTED_EDGE('',*,*,#2304,.F.);
#2726=ORIENTED_EDGE('',*,*,#2715,.T.);
#2727=ORIENTED_EDGE('',*,*,#2690,.T.);
#2729=ORIENTED_EDGE('',*,*,#2728,.F.);
#2730=EDGE_LOOP('',(#2725,#2726,#2727,#2729));
#2731=FACE_OUTER_BOUND('',#2730,.F.);
#2733=CARTESIAN_POINT('',(3.81E-1,-2.4511E0,-9.652E0));
#2734=DIRECTION('',(1.E0,0.E0,0.E0));
#2735=DIRECTION('',(0.E0,-1.E0,0.E0));
#2736=AXIS2_PLACEMENT_3D('',#2733,#2734,#2735);
#2737=PLANE('',#2736);
#2738=ORIENTED_EDGE('',*,*,#2306,.T.);
#2739=ORIENTED_EDGE('',*,*,#2728,.T.);
#2740=ORIENTED_EDGE('',*,*,#2688,.T.);
#2741=ORIENTED_EDGE('',*,*,#2502,.F.);
#2742=EDGE_LOOP('',(#2738,#2739,#2740,#2741));
#2743=FACE_OUTER_BOUND('',#2742,.F.);
#2745=CARTESIAN_POINT('',(2.159E0,2.1971E0,-9.652E0));
#2746=DIRECTION('',(-1.E0,0.E0,0.E0));
#2747=DIRECTION('',(0.E0,1.E0,0.E0));
#2748=AXIS2_PLACEMENT_3D('',#2745,#2746,#2747);
#2749=PLANE('',#2748);
#2750=ORIENTED_EDGE('',*,*,#2334,.T.);
#2752=ORIENTED_EDGE('',*,*,#2751,.T.);
#2754=ORIENTED_EDGE('',*,*,#2753,.T.);
#2755=ORIENTED_EDGE('',*,*,#2623,.F.);
#2756=EDGE_LOOP('',(#2750,#2752,#2754,#2755));
#2757=FACE_OUTER_BOUND('',#2756,.F.);
#2759=CARTESIAN_POINT('',(2.921E0,2.1971E0,-9.652E0));
#2760=DIRECTION('',(0.E0,-1.E0,0.E0));
#2761=DIRECTION('',(-1.E0,0.E0,0.E0));
#2762=AXIS2_PLACEMENT_3D('',#2759,#2760,#2761);
#2763=PLANE('',#2762);
#2764=ORIENTED_EDGE('',*,*,#2332,.F.);
#2766=ORIENTED_EDGE('',*,*,#2765,.T.);
#2768=ORIENTED_EDGE('',*,*,#2767,.T.);
#2769=ORIENTED_EDGE('',*,*,#2751,.F.);
#2770=EDGE_LOOP('',(#2764,#2766,#2768,#2769));
#2771=FACE_OUTER_BOUND('',#2770,.F.);
#2773=CARTESIAN_POINT('',(2.921E0,3.9751E0,-9.652E0));
#2774=DIRECTION('',(1.E0,0.E0,0.E0));
#2775=DIRECTION('',(0.E0,-1.E0,0.E0));
#2776=AXIS2_PLACEMENT_3D('',#2773,#2774,#2775);
#2777=PLANE('',#2776);
#2778=ORIENTED_EDGE('',*,*,#2330,.F.);
#2779=ORIENTED_EDGE('',*,*,#2627,.T.);
#2781=ORIENTED_EDGE('',*,*,#2780,.T.);
#2782=ORIENTED_EDGE('',*,*,#2765,.F.);
#2783=EDGE_LOOP('',(#2778,#2779,#2781,#2782));
#2784=FACE_OUTER_BOUND('',#2783,.F.);
#2786=CARTESIAN_POINT('',(0.E0,0.E0,-1.0414E1));
#2787=DIRECTION('',(0.E0,0.E0,-1.E0));
#2788=DIRECTION('',(1.E0,0.E0,0.E0));
#2789=AXIS2_PLACEMENT_3D('',#2786,#2787,#2788);
#2790=PLANE('',#2789);
#2792=ORIENTED_EDGE('',*,*,#2791,.F.);
#2793=ORIENTED_EDGE('',*,*,#2497,.F.);
#2795=ORIENTED_EDGE('',*,*,#2794,.F.);
#2797=ORIENTED_EDGE('',*,*,#2796,.F.);
#2798=EDGE_LOOP('',(#2792,#2793,#2795,#2797));
#2799=FACE_OUTER_BOUND('',#2798,.F.);
#2801=CARTESIAN_POINT('',(0.E0,0.E0,-1.0414E1));
#2802=DIRECTION('',(0.E0,0.E0,-1.E0));
#2803=DIRECTION('',(1.E0,0.E0,0.E0));
#2804=AXIS2_PLACEMENT_3D('',#2801,#2802,#2803);
#2805=PLANE('',#2804);
#2806=ORIENTED_EDGE('',*,*,#2753,.F.);
#2807=ORIENTED_EDGE('',*,*,#2767,.F.);
#2808=ORIENTED_EDGE('',*,*,#2780,.F.);
#2809=ORIENTED_EDGE('',*,*,#2625,.F.);
#2810=EDGE_LOOP('',(#2806,#2807,#2808,#2809));
#2811=FACE_OUTER_BOUND('',#2810,.F.);
#2813=CARTESIAN_POINT('',(2.159E0,-3.2131E0,-9.652E0));
#2814=DIRECTION('',(-1.E0,0.E0,0.E0));
#2815=DIRECTION('',(0.E0,1.E0,0.E0));
#2816=AXIS2_PLACEMENT_3D('',#2813,#2814,#2815);
#2817=PLANE('',#2816);
#2818=ORIENTED_EDGE('',*,*,#2310,.F.);
#2819=ORIENTED_EDGE('',*,*,#2499,.T.);
#2820=ORIENTED_EDGE('',*,*,#2791,.T.);
#2822=ORIENTED_EDGE('',*,*,#2821,.F.);
#2823=EDGE_LOOP('',(#2818,#2819,#2820,#2822));
#2824=FACE_OUTER_BOUND('',#2823,.F.);
#2826=CARTESIAN_POINT('',(2.159E0,-2.4511E0,-9.652E0));
#2827=DIRECTION('',(0.E0,1.E0,0.E0));
#2828=DIRECTION('',(1.E0,0.E0,0.E0));
#2829=AXIS2_PLACEMENT_3D('',#2826,#2827,#2828);
#2830=PLANE('',#2829);
#2831=ORIENTED_EDGE('',*,*,#2312,.F.);
#2832=ORIENTED_EDGE('',*,*,#2821,.T.);
#2833=ORIENTED_EDGE('',*,*,#2796,.T.);
#2835=ORIENTED_EDGE('',*,*,#2834,.F.);
#2836=EDGE_LOOP('',(#2831,#2832,#2833,#2835));
#2837=FACE_OUTER_BOUND('',#2836,.F.);
#2839=CARTESIAN_POINT('',(2.921E0,-2.4511E0,-9.652E0));
#2840=DIRECTION('',(1.E0,0.E0,0.E0));
#2841=DIRECTION('',(0.E0,-1.E0,0.E0));
#2842=AXIS2_PLACEMENT_3D('',#2839,#2840,#2841);
#2843=PLANE('',#2842);
#2844=ORIENTED_EDGE('',*,*,#2314,.T.);
#2845=ORIENTED_EDGE('',*,*,#2834,.T.);
#2846=ORIENTED_EDGE('',*,*,#2794,.T.);
#2847=ORIENTED_EDGE('',*,*,#2495,.F.);
#2848=EDGE_LOOP('',(#2844,#2845,#2846,#2847));
#2849=FACE_OUTER_BOUND('',#2848,.F.);
#2851=CARTESIAN_POINT('',(6.1468E0,-3.9751E0,0.E0));
#2852=DIRECTION('',(1.E0,0.E0,0.E0));
#2853=DIRECTION('',(0.E0,1.E0,0.E0));
#2854=AXIS2_PLACEMENT_3D('',#2851,#2852,#2853);
#2855=PLANE('',#2854);
#2856=ORIENTED_EDGE('',*,*,#2485,.T.);
#2858=ORIENTED_EDGE('',*,*,#2857,.F.);
#2860=ORIENTED_EDGE('',*,*,#2859,.T.);
#2862=ORIENTED_EDGE('',*,*,#2861,.F.);
#2863=ORIENTED_EDGE('',*,*,#2630,.F.);
#2864=ORIENTED_EDGE('',*,*,#2326,.T.);
#2865=EDGE_LOOP('',(#2856,#2858,#2860,#2862,#2863,#2864));
#2866=FACE_OUTER_BOUND('',#2865,.F.);
#2868=CARTESIAN_POINT('',(6.1468E0,-3.9751E0,-7.8232E0));
#2869=DIRECTION('',(0.E0,0.E0,1.E0));
#2870=DIRECTION('',(-1.E0,0.E0,0.E0));
#2871=AXIS2_PLACEMENT_3D('',#2868,#2869,#2870);
#2872=PLANE('',#2871);
#2874=ORIENTED_EDGE('',*,*,#2873,.F.);
#2876=ORIENTED_EDGE('',*,*,#2875,.T.);
#2877=ORIENTED_EDGE('',*,*,#2857,.T.);
#2878=ORIENTED_EDGE('',*,*,#2483,.T.);
#2879=EDGE_LOOP('',(#2874,#2876,#2877,#2878));
#2880=FACE_OUTER_BOUND('',#2879,.F.);
#2882=CARTESIAN_POINT('',(5.3848E0,-3.2131E0,0.E0));
#2883=DIRECTION('',(-1.E0,0.E0,0.E0));
#2884=DIRECTION('',(0.E0,-1.E0,0.E0));
#2885=AXIS2_PLACEMENT_3D('',#2882,#2883,#2884);
#2886=PLANE('',#2885);
#2888=ORIENTED_EDGE('',*,*,#2887,.F.);
#2890=ORIENTED_EDGE('',*,*,#2889,.F.);
#2892=ORIENTED_EDGE('',*,*,#2891,.F.);
#2894=ORIENTED_EDGE('',*,*,#2893,.F.);
#2895=ORIENTED_EDGE('',*,*,#2873,.T.);
#2897=ORIENTED_EDGE('',*,*,#2896,.T.);
#2899=ORIENTED_EDGE('',*,*,#2898,.T.);
#2901=ORIENTED_EDGE('',*,*,#2900,.T.);
#2903=ORIENTED_EDGE('',*,*,#2902,.T.);
#2905=ORIENTED_EDGE('',*,*,#2904,.T.);
#2907=ORIENTED_EDGE('',*,*,#2906,.T.);
#2908=EDGE_LOOP('',(#2888,#2890,#2892,#2894,#2895,#2897,#2899,#2901,#2903,#2905,
#2907));
#2909=FACE_OUTER_BOUND('',#2908,.F.);
#2911=CARTESIAN_POINT('',(-2.217273696E1,2.8321E0,-7.5692E0));
#2912=DIRECTION('',(1.E0,0.E0,0.E0));
#2913=DIRECTION('',(0.E0,0.E0,-1.E0));
#2914=AXIS2_PLACEMENT_3D('',#2911,#2912,#2913);
#2915=CYLINDRICAL_SURFACE('',#2914,2.54E-1);
#2916=ORIENTED_EDGE('',*,*,#2887,.T.);
#2918=ORIENTED_EDGE('',*,*,#2917,.F.);
#2920=ORIENTED_EDGE('',*,*,#2919,.T.);
#2922=ORIENTED_EDGE('',*,*,#2921,.T.);
#2923=EDGE_LOOP('',(#2916,#2918,#2920,#2922));
#2924=FACE_OUTER_BOUND('',#2923,.F.);
#2926=CARTESIAN_POINT('',(0.E0,0.E0,-7.8232E0));
#2927=DIRECTION('',(0.E0,0.E0,1.E0));
#2928=DIRECTION('',(1.E0,0.E0,0.E0));
#2929=AXIS2_PLACEMENT_3D('',#2926,#2927,#2928);
#2930=PLANE('',#2929);
#2932=ORIENTED_EDGE('',*,*,#2931,.T.);
#2934=ORIENTED_EDGE('',*,*,#2933,.F.);
#2935=ORIENTED_EDGE('',*,*,#2473,.F.);
#2937=ORIENTED_EDGE('',*,*,#2936,.F.);
#2938=EDGE_LOOP('',(#2932,#2934,#2935,#2937));
#2939=FACE_OUTER_BOUND('',#2938,.F.);
#2941=CARTESIAN_POINT('',(0.E0,0.E0,-7.8232E0));
#2942=DIRECTION('',(0.E0,0.E0,1.E0));
#2943=DIRECTION('',(1.E0,0.E0,0.E0));
#2944=AXIS2_PLACEMENT_3D('',#2941,#2942,#2943);
#2945=PLANE('',#2944);
#2947=ORIENTED_EDGE('',*,*,#2946,.T.);
#2948=ORIENTED_EDGE('',*,*,#2896,.F.);
#2949=ORIENTED_EDGE('',*,*,#2481,.F.);
#2951=ORIENTED_EDGE('',*,*,#2950,.F.);
#2952=EDGE_LOOP('',(#2947,#2948,#2949,#2951));
#2953=FACE_OUTER_BOUND('',#2952,.F.);
#2955=CARTESIAN_POINT('',(0.E0,0.E0,-7.8232E0));
#2956=DIRECTION('',(0.E0,0.E0,1.E0));
#2957=DIRECTION('',(1.E0,0.E0,0.E0));
#2958=AXIS2_PLACEMENT_3D('',#2955,#2956,#2957);
#2959=PLANE('',#2958);
#2960=ORIENTED_EDGE('',*,*,#2917,.T.);
#2961=ORIENTED_EDGE('',*,*,#2906,.F.);
#2963=ORIENTED_EDGE('',*,*,#2962,.F.);
#2965=ORIENTED_EDGE('',*,*,#2964,.F.);
#2967=ORIENTED_EDGE('',*,*,#2966,.T.);
#2969=ORIENTED_EDGE('',*,*,#2968,.F.);
#2971=ORIENTED_EDGE('',*,*,#2970,.F.);
#2973=ORIENTED_EDGE('',*,*,#2972,.F.);
#2975=ORIENTED_EDGE('',*,*,#2974,.T.);
#2977=ORIENTED_EDGE('',*,*,#2976,.F.);
#2979=ORIENTED_EDGE('',*,*,#2978,.F.);
#2981=ORIENTED_EDGE('',*,*,#2980,.F.);
#2982=EDGE_LOOP('',(#2960,#2961,#2963,#2965,#2967,#2969,#2971,#2973,#2975,#2977,
#2979,#2981));
#2983=FACE_OUTER_BOUND('',#2982,.F.);
#2985=ORIENTED_EDGE('',*,*,#2984,.F.);
#2987=ORIENTED_EDGE('',*,*,#2986,.T.);
#2989=ORIENTED_EDGE('',*,*,#2988,.T.);
#2991=ORIENTED_EDGE('',*,*,#2990,.F.);
#2992=EDGE_LOOP('',(#2985,#2987,#2989,#2991));
#2993=FACE_BOUND('',#2992,.F.);
#2995=ORIENTED_EDGE('',*,*,#2994,.F.);
#2997=ORIENTED_EDGE('',*,*,#2996,.T.);
#2999=ORIENTED_EDGE('',*,*,#2998,.T.);
#3001=ORIENTED_EDGE('',*,*,#3000,.F.);
#3002=EDGE_LOOP('',(#2995,#2997,#2999,#3001));
#3003=FACE_BOUND('',#3002,.F.);
#3005=ORIENTED_EDGE('',*,*,#3004,.F.);
#3007=ORIENTED_EDGE('',*,*,#3006,.T.);
#3009=ORIENTED_EDGE('',*,*,#3008,.T.);
#3011=ORIENTED_EDGE('',*,*,#3010,.F.);
#3012=EDGE_LOOP('',(#3005,#3007,#3009,#3011));
#3013=FACE_BOUND('',#3012,.F.);
#3015=ORIENTED_EDGE('',*,*,#3014,.F.);
#3017=ORIENTED_EDGE('',*,*,#3016,.T.);
#3019=ORIENTED_EDGE('',*,*,#3018,.T.);
#3021=ORIENTED_EDGE('',*,*,#3020,.F.);
#3022=EDGE_LOOP('',(#3015,#3017,#3019,#3021));
#3023=FACE_BOUND('',#3022,.F.);
#3025=CARTESIAN_POINT('',(-3.81E0,-2.4511E0,0.E0));
#3026=DIRECTION('',(0.E0,-1.E0,0.E0));
#3027=DIRECTION('',(1.E0,0.E0,0.E0));
#3028=AXIS2_PLACEMENT_3D('',#3025,#3026,#3027);
#3029=PLANE('',#3028);
#3031=ORIENTED_EDGE('',*,*,#3030,.T.);
#3032=ORIENTED_EDGE('',*,*,#2931,.F.);
#3034=ORIENTED_EDGE('',*,*,#3033,.T.);
#3036=ORIENTED_EDGE('',*,*,#3035,.T.);
#3037=ORIENTED_EDGE('',*,*,#2898,.F.);
#3038=ORIENTED_EDGE('',*,*,#2946,.F.);
#3040=ORIENTED_EDGE('',*,*,#3039,.F.);
#3042=ORIENTED_EDGE('',*,*,#3041,.F.);
#3043=EDGE_LOOP('',(#3031,#3032,#3034,#3036,#3037,#3038,#3040,#3042));
#3044=FACE_OUTER_BOUND('',#3043,.F.);
#3046=ORIENTED_EDGE('',*,*,#3045,.F.);
#3048=ORIENTED_EDGE('',*,*,#3047,.F.);
#3050=ORIENTED_EDGE('',*,*,#3049,.T.);
#3052=ORIENTED_EDGE('',*,*,#3051,.T.);
#3053=EDGE_LOOP('',(#3046,#3048,#3050,#3052));
#3054=FACE_BOUND('',#3053,.F.);
#3056=ORIENTED_EDGE('',*,*,#3055,.F.);
#3058=ORIENTED_EDGE('',*,*,#3057,.F.);
#3060=ORIENTED_EDGE('',*,*,#3059,.T.);
#3062=ORIENTED_EDGE('',*,*,#3061,.T.);
#3063=EDGE_LOOP('',(#3056,#3058,#3060,#3062));
#3064=FACE_BOUND('',#3063,.F.);
#3066=ORIENTED_EDGE('',*,*,#3065,.F.);
#3068=ORIENTED_EDGE('',*,*,#3067,.F.);
#3070=ORIENTED_EDGE('',*,*,#3069,.T.);
#3072=ORIENTED_EDGE('',*,*,#3071,.T.);
#3073=EDGE_LOOP('',(#3066,#3068,#3070,#3072));
#3074=FACE_BOUND('',#3073,.F.);
#3076=CARTESIAN_POINT('',(-3.81E0,-3.2131E0,0.E0));
#3077=DIRECTION('',(1.E0,0.E0,0.E0));
#3078=DIRECTION('',(0.E0,1.E0,0.E0));
#3079=AXIS2_PLACEMENT_3D('',#3076,#3077,#3078);
#3080=PLANE('',#3079);
#3081=ORIENTED_EDGE('',*,*,#2933,.T.);
#3082=ORIENTED_EDGE('',*,*,#3030,.F.);
#3084=ORIENTED_EDGE('',*,*,#3083,.F.);
#3085=ORIENTED_EDGE('',*,*,#2475,.T.);
#3086=EDGE_LOOP('',(#3081,#3082,#3084,#3085));
#3087=FACE_OUTER_BOUND('',#3086,.F.);
#3089=CARTESIAN_POINT('',(-3.81E0,-3.2131E0,-2.3622E0));
#3090=DIRECTION('',(0.E0,0.E0,-1.E0));
#3091=DIRECTION('',(1.E0,0.E0,0.E0));
#3092=AXIS2_PLACEMENT_3D('',#3089,#3090,#3091);
#3093=PLANE('',#3092);
#3094=ORIENTED_EDGE('',*,*,#2477,.F.);
#3095=ORIENTED_EDGE('',*,*,#3083,.T.);
#3096=ORIENTED_EDGE('',*,*,#3041,.T.);
#3098=ORIENTED_EDGE('',*,*,#3097,.T.);
#3099=EDGE_LOOP('',(#3094,#3095,#3096,#3098));
#3100=FACE_OUTER_BOUND('',#3099,.F.);
#3102=CARTESIAN_POINT('',(3.81E0,-2.4511E0,0.E0));
#3103=DIRECTION('',(-1.E0,0.E0,0.E0));
#3104=DIRECTION('',(0.E0,-1.E0,0.E0));
#3105=AXIS2_PLACEMENT_3D('',#3102,#3103,#3104);
#3106=PLANE('',#3105);
#3107=ORIENTED_EDGE('',*,*,#2950,.T.);
#3108=ORIENTED_EDGE('',*,*,#2479,.F.);
#3109=ORIENTED_EDGE('',*,*,#3097,.F.);
#3110=ORIENTED_EDGE('',*,*,#3039,.T.);
#3111=EDGE_LOOP('',(#3107,#3108,#3109,#3110));
#3112=FACE_OUTER_BOUND('',#3111,.F.);
#3114=CARTESIAN_POINT('',(-5.3848E0,-3.9751E0,0.E0));
#3115=DIRECTION('',(1.E0,0.E0,0.E0));
#3116=DIRECTION('',(0.E0,1.E0,0.E0));
#3117=AXIS2_PLACEMENT_3D('',#3114,#3115,#3116);
#3118=PLANE('',#3117);
#3120=ORIENTED_EDGE('',*,*,#3119,.F.);
#3121=ORIENTED_EDGE('',*,*,#2964,.T.);
#3123=ORIENTED_EDGE('',*,*,#3122,.F.);
#3125=ORIENTED_EDGE('',*,*,#3124,.F.);
#3127=ORIENTED_EDGE('',*,*,#3126,.F.);
#3128=ORIENTED_EDGE('',*,*,#3033,.F.);
#3129=ORIENTED_EDGE('',*,*,#2936,.T.);
#3131=ORIENTED_EDGE('',*,*,#3130,.F.);
#3133=ORIENTED_EDGE('',*,*,#3132,.T.);
#3135=ORIENTED_EDGE('',*,*,#3134,.F.);
#3137=ORIENTED_EDGE('',*,*,#3136,.T.);
#3138=EDGE_LOOP('',(#3120,#3121,#3123,#3125,#3127,#3128,#3129,#3131,#3133,#3135,
#3137));
#3139=FACE_OUTER_BOUND('',#3138,.F.);
#3141=CARTESIAN_POINT('',(-2.217273696E1,2.8321E0,-7.5692E0));
#3142=DIRECTION('',(1.E0,0.E0,0.E0));
#3143=DIRECTION('',(0.E0,0.E0,-1.E0));
#3144=AXIS2_PLACEMENT_3D('',#3141,#3142,#3143);
#3145=CYLINDRICAL_SURFACE('',#3144,2.54E-1);
#3147=ORIENTED_EDGE('',*,*,#3146,.T.);
#3148=ORIENTED_EDGE('',*,*,#2966,.F.);
#3149=ORIENTED_EDGE('',*,*,#3119,.T.);
#3151=ORIENTED_EDGE('',*,*,#3150,.T.);
#3152=EDGE_LOOP('',(#3147,#3148,#3149,#3151));
#3153=FACE_OUTER_BOUND('',#3152,.F.);
#3155=CARTESIAN_POINT('',(-4.3942E0,1.6891E0,0.E0));
#3156=DIRECTION('',(1.E0,0.E0,0.E0));
#3157=DIRECTION('',(0.E0,1.E0,0.E0));
#3158=AXIS2_PLACEMENT_3D('',#3155,#3156,#3157);
#3159=PLANE('',#3158);
#3160=ORIENTED_EDGE('',*,*,#3146,.F.);
#3162=ORIENTED_EDGE('',*,*,#3161,.F.);
#3164=ORIENTED_EDGE('',*,*,#3163,.T.);
#3166=ORIENTED_EDGE('',*,*,#3165,.T.);
#3167=ORIENTED_EDGE('',*,*,#2968,.T.);
#3168=EDGE_LOOP('',(#3160,#3162,#3164,#3166,#3167));
#3169=FACE_OUTER_BOUND('',#3168,.F.);
#3171=CARTESIAN_POINT('',(-4.3942E0,3.0861E0,0.E0));
#3172=DIRECTION('',(0.E0,1.E0,0.E0));
#3173=DIRECTION('',(-1.E0,0.E0,0.E0));
#3174=AXIS2_PLACEMENT_3D('',#3171,#3172,#3173);
#3175=PLANE('',#3174);
#3176=ORIENTED_EDGE('',*,*,#3150,.F.);
#3177=ORIENTED_EDGE('',*,*,#3136,.F.);
#3179=ORIENTED_EDGE('',*,*,#3178,.T.);
#3180=ORIENTED_EDGE('',*,*,#3161,.T.);
#3181=EDGE_LOOP('',(#3176,#3177,#3179,#3180));
#3182=FACE_OUTER_BOUND('',#3181,.F.);
#3184=CARTESIAN_POINT('',(3.6322E0,1.6891E0,-1.651E0));
#3185=DIRECTION('',(0.E0,7.071067811865E-1,-7.071067811865E-1));
#3186=DIRECTION('',(0.E0,7.071067811865E-1,7.071067811865E-1));
#3187=AXIS2_PLACEMENT_3D('',#3184,#3185,#3186);
#3188=PLANE('',#3187);
#3190=ORIENTED_EDGE('',*,*,#3189,.F.);
#3192=ORIENTED_EDGE('',*,*,#3191,.F.);
#3194=ORIENTED_EDGE('',*,*,#3193,.F.);
#3196=ORIENTED_EDGE('',*,*,#3195,.T.);
#3197=ORIENTED_EDGE('',*,*,#3163,.F.);
#3198=ORIENTED_EDGE('',*,*,#3178,.F.);
#3200=ORIENTED_EDGE('',*,*,#3199,.T.);
#3202=ORIENTED_EDGE('',*,*,#3201,.T.);
#3204=ORIENTED_EDGE('',*,*,#3203,.F.);
#3206=ORIENTED_EDGE('',*,*,#3205,.F.);
#3208=ORIENTED_EDGE('',*,*,#3207,.T.);
#3210=ORIENTED_EDGE('',*,*,#3209,.T.);
#3211=EDGE_LOOP('',(#3190,#3192,#3194,#3196,#3197,#3198,#3200,#3202,#3204,#3206,
#3208,#3210));
#3212=FACE_OUTER_BOUND('',#3211,.F.);
#3214=CARTESIAN_POINT('',(3.6322E0,1.6891E0,0.E0));
#3215=DIRECTION('',(1.E0,0.E0,0.E0));
#3216=DIRECTION('',(0.E0,1.E0,0.E0));
#3217=AXIS2_PLACEMENT_3D('',#3214,#3215,#3216);
#3218=PLANE('',#3217);
#3220=ORIENTED_EDGE('',*,*,#3219,.F.);
#3222=ORIENTED_EDGE('',*,*,#3221,.F.);
#3223=ORIENTED_EDGE('',*,*,#3189,.T.);
#3225=ORIENTED_EDGE('',*,*,#3224,.T.);
#3226=ORIENTED_EDGE('',*,*,#2976,.T.);
#3227=EDGE_LOOP('',(#3220,#3222,#3223,#3225,#3226));
#3228=FACE_OUTER_BOUND('',#3227,.F.);
#3230=CARTESIAN_POINT('',(-2.217273696E1,2.8321E0,-7.5692E0));
#3231=DIRECTION('',(1.E0,0.E0,0.E0));
#3232=DIRECTION('',(0.E0,0.E0,-1.E0));
#3233=AXIS2_PLACEMENT_3D('',#3230,#3231,#3232);
#3234=CYLINDRICAL_SURFACE('',#3233,2.54E-1);
#3235=ORIENTED_EDGE('',*,*,#3219,.T.);
#3236=ORIENTED_EDGE('',*,*,#2974,.F.);
#3238=ORIENTED_EDGE('',*,*,#3237,.T.);
#3240=ORIENTED_EDGE('',*,*,#3239,.T.);
#3241=EDGE_LOOP('',(#3235,#3236,#3238,#3240));
#3242=FACE_OUTER_BOUND('',#3241,.F.);
#3244=CARTESIAN_POINT('',(-3.6322E0,3.0861E0,0.E0));
#3245=DIRECTION('',(-1.E0,0.E0,0.E0));
#3246=DIRECTION('',(0.E0,-1.E0,0.E0));
#3247=AXIS2_PLACEMENT_3D('',#3244,#3245,#3246);
#3248=PLANE('',#3247);
#3249=ORIENTED_EDGE('',*,*,#3237,.F.);
#3250=ORIENTED_EDGE('',*,*,#2972,.T.);
#3252=ORIENTED_EDGE('',*,*,#3251,.F.);
#3253=ORIENTED_EDGE('',*,*,#3193,.T.);
#3255=ORIENTED_EDGE('',*,*,#3254,.T.);
#3256=EDGE_LOOP('',(#3249,#3250,#3252,#3253,#3255));
#3257=FACE_OUTER_BOUND('',#3256,.F.);
#3259=CARTESIAN_POINT('',(-3.6322E0,1.6891E0,0.E0));
#3260=DIRECTION('',(0.E0,1.E0,0.E0));
#3261=DIRECTION('',(-1.E0,0.E0,0.E0));
#3262=AXIS2_PLACEMENT_3D('',#3259,#3260,#3261);
#3263=PLANE('',#3262);
#3264=ORIENTED_EDGE('',*,*,#3195,.F.);
#3265=ORIENTED_EDGE('',*,*,#3251,.T.);
#3266=ORIENTED_EDGE('',*,*,#2970,.T.);
#3267=ORIENTED_EDGE('',*,*,#3165,.F.);
#3268=EDGE_LOOP('',(#3264,#3265,#3266,#3267));
#3269=FACE_OUTER_BOUND('',#3268,.F.);
#3271=CARTESIAN_POINT('',(3.6322E0,3.0861E0,0.E0));
#3272=DIRECTION('',(0.E0,1.E0,0.E0));
#3273=DIRECTION('',(-1.E0,0.E0,0.E0));
#3274=AXIS2_PLACEMENT_3D('',#3271,#3272,#3273);
#3275=PLANE('',#3274);
#3276=ORIENTED_EDGE('',*,*,#3239,.F.);
#3277=ORIENTED_EDGE('',*,*,#3254,.F.);
#3278=ORIENTED_EDGE('',*,*,#3191,.T.);
#3279=ORIENTED_EDGE('',*,*,#3221,.T.);
#3280=EDGE_LOOP('',(#3276,#3277,#3278,#3279));
#3281=FACE_OUTER_BOUND('',#3280,.F.);
#3283=CARTESIAN_POINT('',(4.3942E0,1.6891E0,0.E0));
#3284=DIRECTION('',(0.E0,1.E0,0.E0));
#3285=DIRECTION('',(-1.E0,0.E0,0.E0));
#3286=AXIS2_PLACEMENT_3D('',#3283,#3284,#3285);
#3287=PLANE('',#3286);
#3288=ORIENTED_EDGE('',*,*,#3209,.F.);
#3290=ORIENTED_EDGE('',*,*,#3289,.T.);
#3291=ORIENTED_EDGE('',*,*,#2978,.T.);
#3292=ORIENTED_EDGE('',*,*,#3224,.F.);
#3293=EDGE_LOOP('',(#3288,#3290,#3291,#3292));
#3294=FACE_OUTER_BOUND('',#3293,.F.);
#3296=CARTESIAN_POINT('',(4.3942E0,3.0861E0,0.E0));
#3297=DIRECTION('',(-1.E0,0.E0,0.E0));
#3298=DIRECTION('',(0.E0,-1.E0,0.E0));
#3299=AXIS2_PLACEMENT_3D('',#3296,#3297,#3298);
#3300=PLANE('',#3299);
#3301=ORIENTED_EDGE('',*,*,#2919,.F.);
#3302=ORIENTED_EDGE('',*,*,#2980,.T.);
#3303=ORIENTED_EDGE('',*,*,#3289,.F.);
#3304=ORIENTED_EDGE('',*,*,#3207,.F.);
#3306=ORIENTED_EDGE('',*,*,#3305,.T.);
#3307=EDGE_LOOP('',(#3301,#3302,#3303,#3304,#3306));
#3308=FACE_OUTER_BOUND('',#3307,.F.);
#3310=CARTESIAN_POINT('',(5.3848E0,3.0861E0,0.E0));
#3311=DIRECTION('',(0.E0,1.E0,0.E0));
#3312=DIRECTION('',(-1.E0,0.E0,0.E0));
#3313=AXIS2_PLACEMENT_3D('',#3310,#3311,#3312);
#3314=PLANE('',#3313);
#3315=ORIENTED_EDGE('',*,*,#2921,.F.);
#3316=ORIENTED_EDGE('',*,*,#3305,.F.);
#3317=ORIENTED_EDGE('',*,*,#3205,.T.);
#3318=ORIENTED_EDGE('',*,*,#2889,.T.);
#3319=EDGE_LOOP('',(#3315,#3316,#3317,#3318));
#3320=FACE_OUTER_BOUND('',#3319,.F.);
#3322=CARTESIAN_POINT('',(-5.5118E0,-4.445E-1,-1.27E-1));
#3323=DIRECTION('',(7.071067811865E-1,0.E0,7.071067811865E-1));
#3324=DIRECTION('',(0.E0,-1.E0,0.E0));
#3325=AXIS2_PLACEMENT_3D('',#3322,#3323,#3324);
#3326=PLANE('',#3325);
#3328=ORIENTED_EDGE('',*,*,#3327,.T.);
#3330=ORIENTED_EDGE('',*,*,#3329,.F.);
#3331=ORIENTED_EDGE('',*,*,#3199,.F.);
#3332=ORIENTED_EDGE('',*,*,#3134,.T.);
#3333=EDGE_LOOP('',(#3328,#3330,#3331,#3332));
#3334=FACE_OUTER_BOUND('',#3333,.F.);
#3336=CARTESIAN_POINT('',(-6.1468E0,-3.9751E0,0.E0));
#3337=DIRECTION('',(0.E0,-1.E0,0.E0));
#3338=DIRECTION('',(1.E0,0.E0,0.E0));
#3339=AXIS2_PLACEMENT_3D('',#3336,#3337,#3338);
#3340=PLANE('',#3339);
#3341=ORIENTED_EDGE('',*,*,#3327,.F.);
#3342=ORIENTED_EDGE('',*,*,#3132,.F.);
#3344=ORIENTED_EDGE('',*,*,#3343,.F.);
#3346=ORIENTED_EDGE('',*,*,#3345,.T.);
#3348=ORIENTED_EDGE('',*,*,#3347,.F.);
#3349=EDGE_LOOP('',(#3341,#3342,#3344,#3346,#3348));
#3350=FACE_OUTER_BOUND('',#3349,.F.);
#3352=CARTESIAN_POINT('',(-5.3848E0,-3.9751E0,-7.8232E0));
#3353=DIRECTION('',(0.E0,0.E0,1.E0));
#3354=DIRECTION('',(-1.E0,0.E0,0.E0));
#3355=AXIS2_PLACEMENT_3D('',#3352,#3353,#3354);
#3356=PLANE('',#3355);
#3358=ORIENTED_EDGE('',*,*,#3357,.F.);
#3359=ORIENTED_EDGE('',*,*,#3343,.T.);
#3360=ORIENTED_EDGE('',*,*,#3130,.T.);
#3361=ORIENTED_EDGE('',*,*,#2471,.T.);
#3362=EDGE_LOOP('',(#3358,#3359,#3360,#3361));
#3363=FACE_OUTER_BOUND('',#3362,.F.);
#3365=CARTESIAN_POINT('',(-6.1468E0,3.9751E0,0.E0));
#3366=DIRECTION('',(-1.E0,0.E0,0.E0));
#3367=DIRECTION('',(0.E0,-1.E0,0.E0));
#3368=AXIS2_PLACEMENT_3D('',#3365,#3366,#3367);
#3369=PLANE('',#3368);
#3370=ORIENTED_EDGE('',*,*,#2469,.F.);
#3371=ORIENTED_EDGE('',*,*,#2354,.T.);
#3372=ORIENTED_EDGE('',*,*,#2634,.T.);
#3374=ORIENTED_EDGE('',*,*,#3373,.F.);
#3375=ORIENTED_EDGE('',*,*,#3345,.F.);
#3376=ORIENTED_EDGE('',*,*,#3357,.T.);
#3377=EDGE_LOOP('',(#3370,#3371,#3372,#3374,#3375,#3376));
#3378=FACE_OUTER_BOUND('',#3377,.F.);
#3380=CARTESIAN_POINT('',(0.E0,0.E0,0.E0));
#3381=DIRECTION('',(0.E0,0.E0,1.E0));
#3382=DIRECTION('',(1.E0,0.E0,0.E0));
#3383=AXIS2_PLACEMENT_3D('',#3380,#3381,#3382);
#3384=PLANE('',#3383);
#3385=ORIENTED_EDGE('',*,*,#3201,.F.);
#3386=ORIENTED_EDGE('',*,*,#3329,.T.);
#3387=ORIENTED_EDGE('',*,*,#3347,.T.);
#3388=ORIENTED_EDGE('',*,*,#3373,.T.);
#3389=ORIENTED_EDGE('',*,*,#2632,.T.);
#3390=ORIENTED_EDGE('',*,*,#2861,.T.);
#3392=ORIENTED_EDGE('',*,*,#3391,.T.);
#3394=ORIENTED_EDGE('',*,*,#3393,.T.);
#3395=EDGE_LOOP('',(#3385,#3386,#3387,#3388,#3389,#3390,#3392,#3394));
#3396=FACE_OUTER_BOUND('',#3395,.F.);
#3398=CARTESIAN_POINT('',(5.3848E0,-3.9751E0,0.E0));
#3399=DIRECTION('',(0.E0,-1.E0,0.E0));
#3400=DIRECTION('',(1.E0,0.E0,0.E0));
#3401=AXIS2_PLACEMENT_3D('',#3398,#3399,#3400);
#3402=PLANE('',#3401);
#3404=ORIENTED_EDGE('',*,*,#3403,.F.);
#3405=ORIENTED_EDGE('',*,*,#3391,.F.);
#3406=ORIENTED_EDGE('',*,*,#2859,.F.);
#3407=ORIENTED_EDGE('',*,*,#2875,.F.);
#3408=ORIENTED_EDGE('',*,*,#2893,.T.);
#3409=EDGE_LOOP('',(#3404,#3405,#3406,#3407,#3408));
#3410=FACE_OUTER_BOUND('',#3409,.F.);
#3412=CARTESIAN_POINT('',(5.5118E0,-4.445E-1,-1.27E-1));
#3413=DIRECTION('',(-7.071067811865E-1,0.E0,7.071067811865E-1));
#3414=DIRECTION('',(0.E0,-1.E0,0.E0));
#3415=AXIS2_PLACEMENT_3D('',#3412,#3413,#3414);
#3416=PLANE('',#3415);
#3417=ORIENTED_EDGE('',*,*,#3403,.T.);
#3418=ORIENTED_EDGE('',*,*,#2891,.T.);
#3419=ORIENTED_EDGE('',*,*,#3203,.T.);
#3420=ORIENTED_EDGE('',*,*,#3393,.F.);
#3421=EDGE_LOOP('',(#3417,#3418,#3419,#3420));
#3422=FACE_OUTER_BOUND('',#3421,.F.);
#3424=CARTESIAN_POINT('',(-5.3848E0,-1.8923E0,-8.382E0));
#3425=DIRECTION('',(0.E0,1.E0,0.E0));
#3426=DIRECTION('',(0.E0,0.E0,1.E0));
#3427=AXIS2_PLACEMENT_3D('',#3424,#3425,#3426);
#3428=PLANE('',#3427);
#3429=ORIENTED_EDGE('',*,*,#2962,.T.);
#3430=ORIENTED_EDGE('',*,*,#2904,.F.);
#3432=ORIENTED_EDGE('',*,*,#3431,.F.);
#3433=ORIENTED_EDGE('',*,*,#3122,.T.);
#3434=EDGE_LOOP('',(#3429,#3430,#3432,#3433));
#3435=FACE_OUTER_BOUND('',#3434,.F.);
#3437=CARTESIAN_POINT('',(-5.3848E0,-2.1971E0,-8.382E0));
#3438=DIRECTION('',(0.E0,0.E0,-1.E0));
#3439=DIRECTION('',(0.E0,1.E0,0.E0));
#3440=AXIS2_PLACEMENT_3D('',#3437,#3438,#3439);
#3441=PLANE('',#3440);
#3442=ORIENTED_EDGE('',*,*,#3124,.T.);
#3443=ORIENTED_EDGE('',*,*,#3431,.T.);
#3444=ORIENTED_EDGE('',*,*,#2902,.F.);
#3446=ORIENTED_EDGE('',*,*,#3445,.F.);
#3447=EDGE_LOOP('',(#3442,#3443,#3444,#3446));
#3448=FACE_OUTER_BOUND('',#3447,.F.);
#3450=CARTESIAN_POINT('',(-5.3848E0,-2.1971E0,-8.128E0));
#3451=DIRECTION('',(1.E0,0.E0,0.E0));
#3452=DIRECTION('',(0.E0,1.E0,0.E0));
#3453=AXIS2_PLACEMENT_3D('',#3450,#3451,#3452);
#3454=CYLINDRICAL_SURFACE('',#3453,2.54E-1);
#3455=ORIENTED_EDGE('',*,*,#3126,.T.);
#3456=ORIENTED_EDGE('',*,*,#3445,.T.);
#3457=ORIENTED_EDGE('',*,*,#2900,.F.);
#3458=ORIENTED_EDGE('',*,*,#3035,.F.);
#3459=EDGE_LOOP('',(#3455,#3456,#3457,#3458));
#3460=FACE_OUTER_BOUND('',#3459,.F.);
#3462=CARTESIAN_POINT('',(2.921E0,0.E0,0.E0));
#3463=DIRECTION('',(1.E0,0.E0,0.E0));
#3464=DIRECTION('',(0.E0,1.E0,0.E0));
#3465=AXIS2_PLACEMENT_3D('',#3462,#3463,#3464);
#3466=PLANE('',#3465);
#3467=ORIENTED_EDGE('',*,*,#3045,.T.);
#3469=ORIENTED_EDGE('',*,*,#3468,.F.);
#3471=ORIENTED_EDGE('',*,*,#3470,.F.);
#3473=ORIENTED_EDGE('',*,*,#3472,.F.);
#3475=ORIENTED_EDGE('',*,*,#3474,.F.);
#3477=ORIENTED_EDGE('',*,*,#3476,.F.);
#3479=ORIENTED_EDGE('',*,*,#3478,.F.);
#3480=EDGE_LOOP('',(#3467,#3469,#3471,#3473,#3475,#3477,#3479));
#3481=FACE_OUTER_BOUND('',#3480,.F.);
#3483=CARTESIAN_POINT('',(2.921E0,-2.1209E0,-3.8862E0));
#3484=DIRECTION('',(0.E0,0.E0,1.E0));
#3485=DIRECTION('',(0.E0,-1.E0,0.E0));
#3486=AXIS2_PLACEMENT_3D('',#3483,#3484,#3485);
#3487=PLANE('',#3486);
#3488=ORIENTED_EDGE('',*,*,#3051,.F.);
#3490=ORIENTED_EDGE('',*,*,#3489,.F.);
#3492=ORIENTED_EDGE('',*,*,#3491,.F.);
#3493=ORIENTED_EDGE('',*,*,#3468,.T.);
#3494=EDGE_LOOP('',(#3488,#3490,#3492,#3493));
#3495=FACE_OUTER_BOUND('',#3494,.F.);
#3497=CARTESIAN_POINT('',(2.159E0,0.E0,0.E0));
#3498=DIRECTION('',(1.E0,0.E0,0.E0));
#3499=DIRECTION('',(0.E0,1.E0,0.E0));
#3500=AXIS2_PLACEMENT_3D('',#3497,#3498,#3499);
#3501=PLANE('',#3500);
#3502=ORIENTED_EDGE('',*,*,#3049,.F.);
#3504=ORIENTED_EDGE('',*,*,#3503,.T.);
#3506=ORIENTED_EDGE('',*,*,#3505,.T.);
#3508=ORIENTED_EDGE('',*,*,#3507,.T.);
#3510=ORIENTED_EDGE('',*,*,#3509,.T.);
#3512=ORIENTED_EDGE('',*,*,#3511,.T.);
#3513=ORIENTED_EDGE('',*,*,#3489,.T.);
#3514=EDGE_LOOP('',(#3502,#3504,#3506,#3508,#3510,#3512,#3513));
#3515=FACE_OUTER_BOUND('',#3514,.F.);
#3517=CARTESIAN_POINT('',(2.921E0,-2.4511E0,-5.7912E0));
#3518=DIRECTION('',(0.E0,5.E-1,-8.660254037844E-1));
#3519=DIRECTION('',(0.E0,8.660254037844E-1,5.E-1));
#3520=AXIS2_PLACEMENT_3D('',#3517,#3518,#3519);
#3521=PLANE('',#3520);
#3522=ORIENTED_EDGE('',*,*,#3047,.T.);
#3523=ORIENTED_EDGE('',*,*,#3478,.T.);
#3525=ORIENTED_EDGE('',*,*,#3524,.T.);
#3526=ORIENTED_EDGE('',*,*,#3503,.F.);
#3527=EDGE_LOOP('',(#3522,#3523,#3525,#3526));
#3528=FACE_OUTER_BOUND('',#3527,.F.);
#3530=CARTESIAN_POINT('',(2.921E0,-1.8161E0,-5.424582579065E0));
#3531=DIRECTION('',(0.E0,1.E0,0.E0));
#3532=DIRECTION('',(0.E0,0.E0,1.E0));
#3533=AXIS2_PLACEMENT_3D('',#3530,#3531,#3532);
#3534=PLANE('',#3533);
#3535=ORIENTED_EDGE('',*,*,#3476,.T.);
#3537=ORIENTED_EDGE('',*,*,#3536,.T.);
#3538=ORIENTED_EDGE('',*,*,#3505,.F.);
#3539=ORIENTED_EDGE('',*,*,#3524,.F.);
#3540=EDGE_LOOP('',(#3535,#3537,#3538,#3539));
#3541=FACE_OUTER_BOUND('',#3540,.F.);
#3543=CARTESIAN_POINT('',(2.921E0,-1.8161E0,-4.4196E0));
#3544=DIRECTION('',(0.E0,0.E0,-1.E0));
#3545=DIRECTION('',(0.E0,1.E0,0.E0));
#3546=AXIS2_PLACEMENT_3D('',#3543,#3544,#3545);
#3547=PLANE('',#3546);
#3548=ORIENTED_EDGE('',*,*,#3474,.T.);
#3550=ORIENTED_EDGE('',*,*,#3549,.T.);
#3551=ORIENTED_EDGE('',*,*,#3507,.F.);
#3552=ORIENTED_EDGE('',*,*,#3536,.F.);
#3553=EDGE_LOOP('',(#3548,#3550,#3551,#3552));
#3554=FACE_OUTER_BOUND('',#3553,.F.);
#3556=CARTESIAN_POINT('',(2.921E0,-1.7145E0,-4.4196E0));
#3557=DIRECTION('',(0.E0,1.E0,0.E0));
#3558=DIRECTION('',(0.E0,0.E0,1.E0));
#3559=AXIS2_PLACEMENT_3D('',#3556,#3557,#3558);
#3560=PLANE('',#3559);
#3561=ORIENTED_EDGE('',*,*,#3472,.T.);
#3563=ORIENTED_EDGE('',*,*,#3562,.T.);
#3564=ORIENTED_EDGE('',*,*,#3509,.F.);
#3565=ORIENTED_EDGE('',*,*,#3549,.F.);
#3566=EDGE_LOOP('',(#3561,#3563,#3564,#3565));
#3567=FACE_OUTER_BOUND('',#3566,.F.);
#3569=CARTESIAN_POINT('',(2.921E0,-1.7145E0,-4.2926E0));
#3570=DIRECTION('',(0.E0,7.071067811865E-1,7.071067811865E-1));
#3571=DIRECTION('',(0.E0,-7.071067811865E-1,7.071067811865E-1));
#3572=AXIS2_PLACEMENT_3D('',#3569,#3570,#3571);
#3573=PLANE('',#3572);
#3574=ORIENTED_EDGE('',*,*,#3470,.T.);
#3575=ORIENTED_EDGE('',*,*,#3491,.T.);
#3576=ORIENTED_EDGE('',*,*,#3511,.F.);
#3577=ORIENTED_EDGE('',*,*,#3562,.F.);
#3578=EDGE_LOOP('',(#3574,#3575,#3576,#3577));
#3579=FACE_OUTER_BOUND('',#3578,.F.);
#3581=CARTESIAN_POINT('',(3.81E-1,0.E0,0.E0));
#3582=DIRECTION('',(1.E0,0.E0,0.E0));
#3583=DIRECTION('',(0.E0,1.E0,0.E0));
#3584=AXIS2_PLACEMENT_3D('',#3581,#3582,#3583);
#3585=PLANE('',#3584);
#3586=ORIENTED_EDGE('',*,*,#3055,.T.);
#3588=ORIENTED_EDGE('',*,*,#3587,.F.);
#3590=ORIENTED_EDGE('',*,*,#3589,.F.);
#3592=ORIENTED_EDGE('',*,*,#3591,.F.);
#3594=ORIENTED_EDGE('',*,*,#3593,.F.);
#3596=ORIENTED_EDGE('',*,*,#3595,.F.);
#3598=ORIENTED_EDGE('',*,*,#3597,.F.);
#3599=EDGE_LOOP('',(#3586,#3588,#3590,#3592,#3594,#3596,#3598));
#3600=FACE_OUTER_BOUND('',#3599,.F.);
#3602=CARTESIAN_POINT('',(3.81E-1,-2.1209E0,-3.8862E0));
#3603=DIRECTION('',(0.E0,0.E0,1.E0));
#3604=DIRECTION('',(0.E0,-1.E0,0.E0));
#3605=AXIS2_PLACEMENT_3D('',#3602,#3603,#3604);
#3606=PLANE('',#3605);
#3607=ORIENTED_EDGE('',*,*,#3061,.F.);
#3609=ORIENTED_EDGE('',*,*,#3608,.F.);
#3611=ORIENTED_EDGE('',*,*,#3610,.F.);
#3612=ORIENTED_EDGE('',*,*,#3587,.T.);
#3613=EDGE_LOOP('',(#3607,#3609,#3611,#3612));
#3614=FACE_OUTER_BOUND('',#3613,.F.);
#3616=CARTESIAN_POINT('',(-3.81E-1,0.E0,0.E0));
#3617=DIRECTION('',(1.E0,0.E0,0.E0));
#3618=DIRECTION('',(0.E0,1.E0,0.E0));
#3619=AXIS2_PLACEMENT_3D('',#3616,#3617,#3618);
#3620=PLANE('',#3619);
#3621=ORIENTED_EDGE('',*,*,#3059,.F.);
#3623=ORIENTED_EDGE('',*,*,#3622,.T.);
#3625=ORIENTED_EDGE('',*,*,#3624,.T.);
#3627=ORIENTED_EDGE('',*,*,#3626,.T.);
#3629=ORIENTED_EDGE('',*,*,#3628,.T.);
#3631=ORIENTED_EDGE('',*,*,#3630,.T.);
#3632=ORIENTED_EDGE('',*,*,#3608,.T.);
#3633=EDGE_LOOP('',(#3621,#3623,#3625,#3627,#3629,#3631,#3632));
#3634=FACE_OUTER_BOUND('',#3633,.F.);
#3636=CARTESIAN_POINT('',(3.81E-1,-2.4511E0,-5.7912E0));
#3637=DIRECTION('',(0.E0,5.E-1,-8.660254037844E-1));
#3638=DIRECTION('',(0.E0,8.660254037844E-1,5.E-1));
#3639=AXIS2_PLACEMENT_3D('',#3636,#3637,#3638);
#3640=PLANE('',#3639);
#3641=ORIENTED_EDGE('',*,*,#3057,.T.);
#3642=ORIENTED_EDGE('',*,*,#3597,.T.);
#3644=ORIENTED_EDGE('',*,*,#3643,.T.);
#3645=ORIENTED_EDGE('',*,*,#3622,.F.);
#3646=EDGE_LOOP('',(#3641,#3642,#3644,#3645));
#3647=FACE_OUTER_BOUND('',#3646,.F.);
#3649=CARTESIAN_POINT('',(3.81E-1,-1.8161E0,-5.424582579065E0));
#3650=DIRECTION('',(0.E0,1.E0,0.E0));
#3651=DIRECTION('',(0.E0,0.E0,1.E0));
#3652=AXIS2_PLACEMENT_3D('',#3649,#3650,#3651);
#3653=PLANE('',#3652);
#3654=ORIENTED_EDGE('',*,*,#3595,.T.);
#3656=ORIENTED_EDGE('',*,*,#3655,.T.);
#3657=ORIENTED_EDGE('',*,*,#3624,.F.);
#3658=ORIENTED_EDGE('',*,*,#3643,.F.);
#3659=EDGE_LOOP('',(#3654,#3656,#3657,#3658));
#3660=FACE_OUTER_BOUND('',#3659,.F.);
#3662=CARTESIAN_POINT('',(3.81E-1,-1.8161E0,-4.4196E0));
#3663=DIRECTION('',(0.E0,0.E0,-1.E0));
#3664=DIRECTION('',(0.E0,1.E0,0.E0));
#3665=AXIS2_PLACEMENT_3D('',#3662,#3663,#3664);
#3666=PLANE('',#3665);
#3667=ORIENTED_EDGE('',*,*,#3593,.T.);
#3669=ORIENTED_EDGE('',*,*,#3668,.T.);
#3670=ORIENTED_EDGE('',*,*,#3626,.F.);
#3671=ORIENTED_EDGE('',*,*,#3655,.F.);
#3672=EDGE_LOOP('',(#3667,#3669,#3670,#3671));
#3673=FACE_OUTER_BOUND('',#3672,.F.);
#3675=CARTESIAN_POINT('',(3.81E-1,-1.7145E0,-4.4196E0));
#3676=DIRECTION('',(0.E0,1.E0,0.E0));
#3677=DIRECTION('',(0.E0,0.E0,1.E0));
#3678=AXIS2_PLACEMENT_3D('',#3675,#3676,#3677);
#3679=PLANE('',#3678);
#3680=ORIENTED_EDGE('',*,*,#3591,.T.);
#3682=ORIENTED_EDGE('',*,*,#3681,.T.);
#3683=ORIENTED_EDGE('',*,*,#3628,.F.);
#3684=ORIENTED_EDGE('',*,*,#3668,.F.);
#3685=EDGE_LOOP('',(#3680,#3682,#3683,#3684));
#3686=FACE_OUTER_BOUND('',#3685,.F.);
#3688=CARTESIAN_POINT('',(3.81E-1,-1.7145E0,-4.2926E0));
#3689=DIRECTION('',(0.E0,7.071067811865E-1,7.071067811865E-1));
#3690=DIRECTION('',(0.E0,-7.071067811865E-1,7.071067811865E-1));
#3691=AXIS2_PLACEMENT_3D('',#3688,#3689,#3690);
#3692=PLANE('',#3691);
#3693=ORIENTED_EDGE('',*,*,#3589,.T.);
#3694=ORIENTED_EDGE('',*,*,#3610,.T.);
#3695=ORIENTED_EDGE('',*,*,#3630,.F.);
#3696=ORIENTED_EDGE('',*,*,#3681,.F.);
#3697=EDGE_LOOP('',(#3693,#3694,#3695,#3696));
#3698=FACE_OUTER_BOUND('',#3697,.F.);
#3700=CARTESIAN_POINT('',(-2.159E0,0.E0,0.E0));
#3701=DIRECTION('',(1.E0,0.E0,0.E0));
#3702=DIRECTION('',(0.E0,1.E0,0.E0));
#3703=AXIS2_PLACEMENT_3D('',#3700,#3701,#3702);
#3704=PLANE('',#3703);
#3705=ORIENTED_EDGE('',*,*,#3065,.T.);
#3707=ORIENTED_EDGE('',*,*,#3706,.F.);
#3709=ORIENTED_EDGE('',*,*,#3708,.F.);
#3711=ORIENTED_EDGE('',*,*,#3710,.F.);
#3713=ORIENTED_EDGE('',*,*,#3712,.F.);
#3715=ORIENTED_EDGE('',*,*,#3714,.F.);
#3717=ORIENTED_EDGE('',*,*,#3716,.F.);
#3718=EDGE_LOOP('',(#3705,#3707,#3709,#3711,#3713,#3715,#3717));
#3719=FACE_OUTER_BOUND('',#3718,.F.);
#3721=CARTESIAN_POINT('',(-2.159E0,-2.1209E0,-3.8862E0));
#3722=DIRECTION('',(0.E0,0.E0,1.E0));
#3723=DIRECTION('',(0.E0,-1.E0,0.E0));
#3724=AXIS2_PLACEMENT_3D('',#3721,#3722,#3723);
#3725=PLANE('',#3724);
#3726=ORIENTED_EDGE('',*,*,#3071,.F.);
#3728=ORIENTED_EDGE('',*,*,#3727,.F.);
#3730=ORIENTED_EDGE('',*,*,#3729,.F.);
#3731=ORIENTED_EDGE('',*,*,#3706,.T.);
#3732=EDGE_LOOP('',(#3726,#3728,#3730,#3731));
#3733=FACE_OUTER_BOUND('',#3732,.F.);
#3735=CARTESIAN_POINT('',(-2.921E0,0.E0,0.E0));
#3736=DIRECTION('',(1.E0,0.E0,0.E0));
#3737=DIRECTION('',(0.E0,1.E0,0.E0));
#3738=AXIS2_PLACEMENT_3D('',#3735,#3736,#3737);
#3739=PLANE('',#3738);
#3740=ORIENTED_EDGE('',*,*,#3069,.F.);
#3742=ORIENTED_EDGE('',*,*,#3741,.T.);
#3744=ORIENTED_EDGE('',*,*,#3743,.T.);
#3746=ORIENTED_EDGE('',*,*,#3745,.T.);
#3748=ORIENTED_EDGE('',*,*,#3747,.T.);
#3750=ORIENTED_EDGE('',*,*,#3749,.T.);
#3751=ORIENTED_EDGE('',*,*,#3727,.T.);
#3752=EDGE_LOOP('',(#3740,#3742,#3744,#3746,#3748,#3750,#3751));
#3753=FACE_OUTER_BOUND('',#3752,.F.);
#3755=CARTESIAN_POINT('',(-2.159E0,-2.4511E0,-5.7912E0));
#3756=DIRECTION('',(0.E0,5.E-1,-8.660254037844E-1));
#3757=DIRECTION('',(0.E0,8.660254037844E-1,5.E-1));
#3758=AXIS2_PLACEMENT_3D('',#3755,#3756,#3757);
#3759=PLANE('',#3758);
#3760=ORIENTED_EDGE('',*,*,#3067,.T.);
#3761=ORIENTED_EDGE('',*,*,#3716,.T.);
#3763=ORIENTED_EDGE('',*,*,#3762,.T.);
#3764=ORIENTED_EDGE('',*,*,#3741,.F.);
#3765=EDGE_LOOP('',(#3760,#3761,#3763,#3764));
#3766=FACE_OUTER_BOUND('',#3765,.F.);
#3768=CARTESIAN_POINT('',(-2.159E0,-1.8161E0,-5.424582579065E0));
#3769=DIRECTION('',(0.E0,1.E0,0.E0));
#3770=DIRECTION('',(0.E0,0.E0,1.E0));
#3771=AXIS2_PLACEMENT_3D('',#3768,#3769,#3770);
#3772=PLANE('',#3771);
#3773=ORIENTED_EDGE('',*,*,#3714,.T.);
#3775=ORIENTED_EDGE('',*,*,#3774,.T.);
#3776=ORIENTED_EDGE('',*,*,#3743,.F.);
#3777=ORIENTED_EDGE('',*,*,#3762,.F.);
#3778=EDGE_LOOP('',(#3773,#3775,#3776,#3777));
#3779=FACE_OUTER_BOUND('',#3778,.F.);
#3781=CARTESIAN_POINT('',(-2.159E0,-1.8161E0,-4.4196E0));
#3782=DIRECTION('',(0.E0,0.E0,-1.E0));
#3783=DIRECTION('',(0.E0,1.E0,0.E0));
#3784=AXIS2_PLACEMENT_3D('',#3781,#3782,#3783);
#3785=PLANE('',#3784);
#3786=ORIENTED_EDGE('',*,*,#3712,.T.);
#3788=ORIENTED_EDGE('',*,*,#3787,.T.);
#3789=ORIENTED_EDGE('',*,*,#3745,.F.);
#3790=ORIENTED_EDGE('',*,*,#3774,.F.);
#3791=EDGE_LOOP('',(#3786,#3788,#3789,#3790));
#3792=FACE_OUTER_BOUND('',#3791,.F.);
#3794=CARTESIAN_POINT('',(-2.159E0,-1.7145E0,-4.4196E0));
#3795=DIRECTION('',(0.E0,1.E0,0.E0));
#3796=DIRECTION('',(0.E0,0.E0,1.E0));
#3797=AXIS2_PLACEMENT_3D('',#3794,#3795,#3796);
#3798=PLANE('',#3797);
#3799=ORIENTED_EDGE('',*,*,#3710,.T.);
#3801=ORIENTED_EDGE('',*,*,#3800,.T.);
#3802=ORIENTED_EDGE('',*,*,#3747,.F.);
#3803=ORIENTED_EDGE('',*,*,#3787,.F.);
#3804=EDGE_LOOP('',(#3799,#3801,#3802,#3803));
#3805=FACE_OUTER_BOUND('',#3804,.F.);
#3807=CARTESIAN_POINT('',(-2.159E0,-1.7145E0,-4.2926E0));
#3808=DIRECTION('',(0.E0,7.071067811865E-1,7.071067811865E-1));
#3809=DIRECTION('',(0.E0,-7.071067811865E-1,7.071067811865E-1));
#3810=AXIS2_PLACEMENT_3D('',#3807,#3808,#3809);
#3811=PLANE('',#3810);
#3812=ORIENTED_EDGE('',*,*,#3708,.T.);
#3813=ORIENTED_EDGE('',*,*,#3729,.T.);
#3814=ORIENTED_EDGE('',*,*,#3749,.F.);
#3815=ORIENTED_EDGE('',*,*,#3800,.F.);
#3816=EDGE_LOOP('',(#3812,#3813,#3814,#3815));
#3817=FACE_OUTER_BOUND('',#3816,.F.);
#3819=CARTESIAN_POINT('',(-3.4925E0,0.E0,0.E0));
#3820=DIRECTION('',(-1.E0,0.E0,0.E0));
#3821=DIRECTION('',(0.E0,-1.E0,0.E0));
#3822=AXIS2_PLACEMENT_3D('',#3819,#3820,#3821);
#3823=PLANE('',#3822);
#3824=ORIENTED_EDGE('',*,*,#2394,.F.);
#3826=ORIENTED_EDGE('',*,*,#3825,.T.);
#3828=ORIENTED_EDGE('',*,*,#3827,.T.);
#3830=ORIENTED_EDGE('',*,*,#3829,.T.);
#3831=EDGE_LOOP('',(#3824,#3826,#3828,#3830));
#3832=FACE_OUTER_BOUND('',#3831,.F.);
#3834=CARTESIAN_POINT('',(-3.4925E0,0.E0,0.E0));
#3835=DIRECTION('',(-1.E0,0.E0,0.E0));
#3836=DIRECTION('',(0.E0,-1.E0,0.E0));
#3837=AXIS2_PLACEMENT_3D('',#3834,#3835,#3836);
#3838=PLANE('',#3837);
#3839=ORIENTED_EDGE('',*,*,#2984,.T.);
#3841=ORIENTED_EDGE('',*,*,#3840,.T.);
#3843=ORIENTED_EDGE('',*,*,#3842,.T.);
#3845=ORIENTED_EDGE('',*,*,#3844,.T.);
#3846=EDGE_LOOP('',(#3839,#3841,#3843,#3845));
#3847=FACE_OUTER_BOUND('',#3846,.F.);
#3849=CARTESIAN_POINT('',(-3.4925E0,-1.778E-1,-9.652E0));
#3850=DIRECTION('',(0.E0,1.E0,0.E0));
#3851=DIRECTION('',(0.E0,0.E0,-1.E0));
#3852=AXIS2_PLACEMENT_3D('',#3849,#3850,#3851);
#3853=PLANE('',#3852);
#3854=ORIENTED_EDGE('',*,*,#2400,.T.);
#3856=ORIENTED_EDGE('',*,*,#3855,.T.);
#3858=ORIENTED_EDGE('',*,*,#3857,.F.);
#3859=ORIENTED_EDGE('',*,*,#3825,.F.);
#3860=EDGE_LOOP('',(#3854,#3856,#3858,#3859));
#3861=FACE_OUTER_BOUND('',#3860,.F.);
#3863=CARTESIAN_POINT('',(-4.1275E0,0.E0,0.E0));
#3864=DIRECTION('',(-1.E0,0.E0,0.E0));
#3865=DIRECTION('',(0.E0,-1.E0,0.E0));
#3866=AXIS2_PLACEMENT_3D('',#3863,#3864,#3865);
#3867=PLANE('',#3866);
#3868=ORIENTED_EDGE('',*,*,#2398,.T.);
#3870=ORIENTED_EDGE('',*,*,#3869,.F.);
#3872=ORIENTED_EDGE('',*,*,#3871,.F.);
#3873=ORIENTED_EDGE('',*,*,#3855,.F.);
#3874=EDGE_LOOP('',(#3868,#3870,#3872,#3873));
#3875=FACE_OUTER_BOUND('',#3874,.F.);
#3877=CARTESIAN_POINT('',(-4.1275E0,0.E0,0.E0));
#3878=DIRECTION('',(-1.E0,0.E0,0.E0));
#3879=DIRECTION('',(0.E0,-1.E0,0.E0));
#3880=AXIS2_PLACEMENT_3D('',#3877,#3878,#3879);
#3881=PLANE('',#3880);
#3882=ORIENTED_EDGE('',*,*,#2988,.F.);
#3884=ORIENTED_EDGE('',*,*,#3883,.F.);
#3886=ORIENTED_EDGE('',*,*,#3885,.F.);
#3888=ORIENTED_EDGE('',*,*,#3887,.F.);
#3889=EDGE_LOOP('',(#3882,#3884,#3886,#3888));
#3890=FACE_OUTER_BOUND('',#3889,.F.);
#3892=CARTESIAN_POINT('',(-3.4925E0,-8.128E-1,-1.397E1));
#3893=DIRECTION('',(0.E0,-1.E0,0.E0));
#3894=DIRECTION('',(0.E0,0.E0,1.E0));
#3895=AXIS2_PLACEMENT_3D('',#3892,#3893,#3894);
#3896=PLANE('',#3895);
#3897=ORIENTED_EDGE('',*,*,#2396,.F.);
#3898=ORIENTED_EDGE('',*,*,#3829,.F.);
#3900=ORIENTED_EDGE('',*,*,#3899,.T.);
#3901=ORIENTED_EDGE('',*,*,#3869,.T.);
#3902=EDGE_LOOP('',(#3897,#3898,#3900,#3901));
#3903=FACE_OUTER_BOUND('',#3902,.F.);
#3905=CARTESIAN_POINT('',(-3.4925E0,-1.778E-1,-1.397E1));
#3906=DIRECTION('',(0.E0,0.E0,-1.E0));
#3907=DIRECTION('',(0.E0,-1.E0,0.E0));
#3908=AXIS2_PLACEMENT_3D('',#3905,#3906,#3907);
#3909=PLANE('',#3908);
#3910=ORIENTED_EDGE('',*,*,#3827,.F.);
#3911=ORIENTED_EDGE('',*,*,#3857,.T.);
#3912=ORIENTED_EDGE('',*,*,#3871,.T.);
#3913=ORIENTED_EDGE('',*,*,#3899,.F.);
#3914=EDGE_LOOP('',(#3910,#3911,#3912,#3913));
#3915=FACE_OUTER_BOUND('',#3914,.F.);
#3917=CARTESIAN_POINT('',(-3.4925E0,-1.778E-1,-2.7432E0));
#3918=DIRECTION('',(0.E0,1.E0,0.E0));
#3919=DIRECTION('',(0.E0,0.E0,-1.E0));
#3920=AXIS2_PLACEMENT_3D('',#3917,#3918,#3919);
#3921=PLANE('',#3920);
#3922=ORIENTED_EDGE('',*,*,#2986,.F.);
#3923=ORIENTED_EDGE('',*,*,#3844,.F.);
#3925=ORIENTED_EDGE('',*,*,#3924,.T.);
#3926=ORIENTED_EDGE('',*,*,#3883,.T.);
#3927=EDGE_LOOP('',(#3922,#3923,#3925,#3926));
#3928=FACE_OUTER_BOUND('',#3927,.F.);
#3930=CARTESIAN_POINT('',(-3.4925E0,-8.128E-1,-2.7432E0));
#3931=DIRECTION('',(0.E0,0.E0,1.E0));
#3932=DIRECTION('',(0.E0,1.E0,0.E0));
#3933=AXIS2_PLACEMENT_3D('',#3930,#3931,#3932);
#3934=PLANE('',#3933);
#3935=ORIENTED_EDGE('',*,*,#3842,.F.);
#3937=ORIENTED_EDGE('',*,*,#3936,.T.);
#3938=ORIENTED_EDGE('',*,*,#3885,.T.);
#3939=ORIENTED_EDGE('',*,*,#3924,.F.);
#3940=EDGE_LOOP('',(#3935,#3937,#3938,#3939));
#3941=FACE_OUTER_BOUND('',#3940,.F.);
#3943=CARTESIAN_POINT('',(-3.4925E0,-8.128E-1,-7.8232E0));
#3944=DIRECTION('',(0.E0,-1.E0,0.E0));
#3945=DIRECTION('',(0.E0,0.E0,1.E0));
#3946=AXIS2_PLACEMENT_3D('',#3943,#3944,#3945);
#3947=PLANE('',#3946);
#3948=ORIENTED_EDGE('',*,*,#2990,.T.);
#3949=ORIENTED_EDGE('',*,*,#3887,.T.);
#3950=ORIENTED_EDGE('',*,*,#3936,.F.);
#3951=ORIENTED_EDGE('',*,*,#3840,.F.);
#3952=EDGE_LOOP('',(#3948,#3949,#3950,#3951));
#3953=FACE_OUTER_BOUND('',#3952,.F.);
#3955=CARTESIAN_POINT('',(-9.525E-1,0.E0,0.E0));
#3956=DIRECTION('',(-1.E0,0.E0,0.E0));
#3957=DIRECTION('',(0.E0,-1.E0,0.E0));
#3958=AXIS2_PLACEMENT_3D('',#3955,#3956,#3957);
#3959=PLANE('',#3958);
#3960=ORIENTED_EDGE('',*,*,#2404,.F.);
#3962=ORIENTED_EDGE('',*,*,#3961,.T.);
#3964=ORIENTED_EDGE('',*,*,#3963,.T.);
#3966=ORIENTED_EDGE('',*,*,#3965,.T.);
#3967=EDGE_LOOP('',(#3960,#3962,#3964,#3966));
#3968=FACE_OUTER_BOUND('',#3967,.F.);
#3970=CARTESIAN_POINT('',(-9.525E-1,0.E0,0.E0));
#3971=DIRECTION('',(-1.E0,0.E0,0.E0));
#3972=DIRECTION('',(0.E0,-1.E0,0.E0));
#3973=AXIS2_PLACEMENT_3D('',#3970,#3971,#3972);
#3974=PLANE('',#3973);
#3975=ORIENTED_EDGE('',*,*,#2994,.T.);
#3977=ORIENTED_EDGE('',*,*,#3976,.T.);
#3979=ORIENTED_EDGE('',*,*,#3978,.T.);
#3981=ORIENTED_EDGE('',*,*,#3980,.T.);
#3982=EDGE_LOOP('',(#3975,#3977,#3979,#3981));
#3983=FACE_OUTER_BOUND('',#3982,.F.);
#3985=CARTESIAN_POINT('',(-9.525E-1,-1.778E-1,-9.652E0));
#3986=DIRECTION('',(0.E0,1.E0,0.E0));
#3987=DIRECTION('',(0.E0,0.E0,-1.E0));
#3988=AXIS2_PLACEMENT_3D('',#3985,#3986,#3987);
#3989=PLANE('',#3988);
#3990=ORIENTED_EDGE('',*,*,#2410,.T.);
#3992=ORIENTED_EDGE('',*,*,#3991,.T.);
#3994=ORIENTED_EDGE('',*,*,#3993,.F.);
#3995=ORIENTED_EDGE('',*,*,#3961,.F.);
#3996=EDGE_LOOP('',(#3990,#3992,#3994,#3995));
#3997=FACE_OUTER_BOUND('',#3996,.F.);
#3999=CARTESIAN_POINT('',(-1.5875E0,0.E0,0.E0));
#4000=DIRECTION('',(-1.E0,0.E0,0.E0));
#4001=DIRECTION('',(0.E0,-1.E0,0.E0));
#4002=AXIS2_PLACEMENT_3D('',#3999,#4000,#4001);
#4003=PLANE('',#4002);
#4004=ORIENTED_EDGE('',*,*,#2408,.T.);
#4006=ORIENTED_EDGE('',*,*,#4005,.F.);
#4008=ORIENTED_EDGE('',*,*,#4007,.F.);
#4009=ORIENTED_EDGE('',*,*,#3991,.F.);
#4010=EDGE_LOOP('',(#4004,#4006,#4008,#4009));
#4011=FACE_OUTER_BOUND('',#4010,.F.);
#4013=CARTESIAN_POINT('',(-1.5875E0,0.E0,0.E0));
#4014=DIRECTION('',(-1.E0,0.E0,0.E0));
#4015=DIRECTION('',(0.E0,-1.E0,0.E0));
#4016=AXIS2_PLACEMENT_3D('',#4013,#4014,#4015);
#4017=PLANE('',#4016);
#4018=ORIENTED_EDGE('',*,*,#2998,.F.);
#4020=ORIENTED_EDGE('',*,*,#4019,.F.);
#4022=ORIENTED_EDGE('',*,*,#4021,.F.);
#4024=ORIENTED_EDGE('',*,*,#4023,.F.);
#4025=EDGE_LOOP('',(#4018,#4020,#4022,#4024));
#4026=FACE_OUTER_BOUND('',#4025,.F.);
#4028=CARTESIAN_POINT('',(-9.525E-1,-8.128E-1,-1.397E1));
#4029=DIRECTION('',(0.E0,-1.E0,0.E0));
#4030=DIRECTION('',(0.E0,0.E0,1.E0));
#4031=AXIS2_PLACEMENT_3D('',#4028,#4029,#4030);
#4032=PLANE('',#4031);
#4033=ORIENTED_EDGE('',*,*,#2406,.F.);
#4034=ORIENTED_EDGE('',*,*,#3965,.F.);
#4036=ORIENTED_EDGE('',*,*,#4035,.T.);
#4037=ORIENTED_EDGE('',*,*,#4005,.T.);
#4038=EDGE_LOOP('',(#4033,#4034,#4036,#4037));
#4039=FACE_OUTER_BOUND('',#4038,.F.);
#4041=CARTESIAN_POINT('',(-9.525E-1,-1.778E-1,-1.397E1));
#4042=DIRECTION('',(0.E0,0.E0,-1.E0));
#4043=DIRECTION('',(0.E0,-1.E0,0.E0));
#4044=AXIS2_PLACEMENT_3D('',#4041,#4042,#4043);
#4045=PLANE('',#4044);
#4046=ORIENTED_EDGE('',*,*,#3963,.F.);
#4047=ORIENTED_EDGE('',*,*,#3993,.T.);
#4048=ORIENTED_EDGE('',*,*,#4007,.T.);
#4049=ORIENTED_EDGE('',*,*,#4035,.F.);
#4050=EDGE_LOOP('',(#4046,#4047,#4048,#4049));
#4051=FACE_OUTER_BOUND('',#4050,.F.);
#4053=CARTESIAN_POINT('',(-9.525E-1,-1.778E-1,-2.7432E0));
#4054=DIRECTION('',(0.E0,1.E0,0.E0));
#4055=DIRECTION('',(0.E0,0.E0,-1.E0));
#4056=AXIS2_PLACEMENT_3D('',#4053,#4054,#4055);
#4057=PLANE('',#4056);
#4058=ORIENTED_EDGE('',*,*,#2996,.F.);
#4059=ORIENTED_EDGE('',*,*,#3980,.F.);
#4061=ORIENTED_EDGE('',*,*,#4060,.T.);
#4062=ORIENTED_EDGE('',*,*,#4019,.T.);
#4063=EDGE_LOOP('',(#4058,#4059,#4061,#4062));
#4064=FACE_OUTER_BOUND('',#4063,.F.);
#4066=CARTESIAN_POINT('',(-9.525E-1,-8.128E-1,-2.7432E0));
#4067=DIRECTION('',(0.E0,0.E0,1.E0));
#4068=DIRECTION('',(0.E0,1.E0,0.E0));
#4069=AXIS2_PLACEMENT_3D('',#4066,#4067,#4068);
#4070=PLANE('',#4069);
#4071=ORIENTED_EDGE('',*,*,#3978,.F.);
#4073=ORIENTED_EDGE('',*,*,#4072,.T.);
#4074=ORIENTED_EDGE('',*,*,#4021,.T.);
#4075=ORIENTED_EDGE('',*,*,#4060,.F.);
#4076=EDGE_LOOP('',(#4071,#4073,#4074,#4075));
#4077=FACE_OUTER_BOUND('',#4076,.F.);
#4079=CARTESIAN_POINT('',(-9.525E-1,-8.128E-1,-7.8232E0));
#4080=DIRECTION('',(0.E0,-1.E0,0.E0));
#4081=DIRECTION('',(0.E0,0.E0,1.E0));
#4082=AXIS2_PLACEMENT_3D('',#4079,#4080,#4081);
#4083=PLANE('',#4082);
#4084=ORIENTED_EDGE('',*,*,#3000,.T.);
#4085=ORIENTED_EDGE('',*,*,#4023,.T.);
#4086=ORIENTED_EDGE('',*,*,#4072,.F.);
#4087=ORIENTED_EDGE('',*,*,#3976,.F.);
#4088=EDGE_LOOP('',(#4084,#4085,#4086,#4087));
#4089=FACE_OUTER_BOUND('',#4088,.F.);
#4091=CARTESIAN_POINT('',(1.5875E0,0.E0,0.E0));
#4092=DIRECTION('',(-1.E0,0.E0,0.E0));
#4093=DIRECTION('',(0.E0,-1.E0,0.E0));
#4094=AXIS2_PLACEMENT_3D('',#4091,#4092,#4093);
#4095=PLANE('',#4094);
#4096=ORIENTED_EDGE('',*,*,#2414,.F.);
#4098=ORIENTED_EDGE('',*,*,#4097,.T.);
#4100=ORIENTED_EDGE('',*,*,#4099,.T.);
#4102=ORIENTED_EDGE('',*,*,#4101,.T.);
#4103=EDGE_LOOP('',(#4096,#4098,#4100,#4102));
#4104=FACE_OUTER_BOUND('',#4103,.F.);
#4106=CARTESIAN_POINT('',(1.5875E0,0.E0,0.E0));
#4107=DIRECTION('',(-1.E0,0.E0,0.E0));
#4108=DIRECTION('',(0.E0,-1.E0,0.E0));
#4109=AXIS2_PLACEMENT_3D('',#4106,#4107,#4108);
#4110=PLANE('',#4109);
#4111=ORIENTED_EDGE('',*,*,#3004,.T.);
#4113=ORIENTED_EDGE('',*,*,#4112,.T.);
#4115=ORIENTED_EDGE('',*,*,#4114,.T.);
#4117=ORIENTED_EDGE('',*,*,#4116,.T.);
#4118=EDGE_LOOP('',(#4111,#4113,#4115,#4117));
#4119=FACE_OUTER_BOUND('',#4118,.F.);
#4121=CARTESIAN_POINT('',(1.5875E0,-1.778E-1,-9.652E0));
#4122=DIRECTION('',(0.E0,1.E0,0.E0));
#4123=DIRECTION('',(0.E0,0.E0,-1.E0));
#4124=AXIS2_PLACEMENT_3D('',#4121,#4122,#4123);
#4125=PLANE('',#4124);
#4126=ORIENTED_EDGE('',*,*,#2420,.T.);
#4128=ORIENTED_EDGE('',*,*,#4127,.T.);
#4130=ORIENTED_EDGE('',*,*,#4129,.F.);
#4131=ORIENTED_EDGE('',*,*,#4097,.F.);
#4132=EDGE_LOOP('',(#4126,#4128,#4130,#4131));
#4133=FACE_OUTER_BOUND('',#4132,.F.);
#4135=CARTESIAN_POINT('',(9.525E-1,0.E0,0.E0));
#4136=DIRECTION('',(-1.E0,0.E0,0.E0));
#4137=DIRECTION('',(0.E0,-1.E0,0.E0));
#4138=AXIS2_PLACEMENT_3D('',#4135,#4136,#4137);
#4139=PLANE('',#4138);
#4140=ORIENTED_EDGE('',*,*,#2418,.T.);
#4142=ORIENTED_EDGE('',*,*,#4141,.F.);
#4144=ORIENTED_EDGE('',*,*,#4143,.F.);
#4145=ORIENTED_EDGE('',*,*,#4127,.F.);
#4146=EDGE_LOOP('',(#4140,#4142,#4144,#4145));
#4147=FACE_OUTER_BOUND('',#4146,.F.);
#4149=CARTESIAN_POINT('',(9.525E-1,0.E0,0.E0));
#4150=DIRECTION('',(-1.E0,0.E0,0.E0));
#4151=DIRECTION('',(0.E0,-1.E0,0.E0));
#4152=AXIS2_PLACEMENT_3D('',#4149,#4150,#4151);
#4153=PLANE('',#4152);
#4154=ORIENTED_EDGE('',*,*,#3008,.F.);
#4156=ORIENTED_EDGE('',*,*,#4155,.F.);
#4158=ORIENTED_EDGE('',*,*,#4157,.F.);
#4160=ORIENTED_EDGE('',*,*,#4159,.F.);
#4161=EDGE_LOOP('',(#4154,#4156,#4158,#4160));
#4162=FACE_OUTER_BOUND('',#4161,.F.);
#4164=CARTESIAN_POINT('',(1.5875E0,-8.128E-1,-1.397E1));
#4165=DIRECTION('',(0.E0,-1.E0,0.E0));
#4166=DIRECTION('',(0.E0,0.E0,1.E0));
#4167=AXIS2_PLACEMENT_3D('',#4164,#4165,#4166);
#4168=PLANE('',#4167);
#4169=ORIENTED_EDGE('',*,*,#2416,.F.);
#4170=ORIENTED_EDGE('',*,*,#4101,.F.);
#4172=ORIENTED_EDGE('',*,*,#4171,.T.);
#4173=ORIENTED_EDGE('',*,*,#4141,.T.);
#4174=EDGE_LOOP('',(#4169,#4170,#4172,#4173));
#4175=FACE_OUTER_BOUND('',#4174,.F.);
#4177=CARTESIAN_POINT('',(1.5875E0,-1.778E-1,-1.397E1));
#4178=DIRECTION('',(0.E0,0.E0,-1.E0));
#4179=DIRECTION('',(0.E0,-1.E0,0.E0));
#4180=AXIS2_PLACEMENT_3D('',#4177,#4178,#4179);
#4181=PLANE('',#4180);
#4182=ORIENTED_EDGE('',*,*,#4099,.F.);
#4183=ORIENTED_EDGE('',*,*,#4129,.T.);
#4184=ORIENTED_EDGE('',*,*,#4143,.T.);
#4185=ORIENTED_EDGE('',*,*,#4171,.F.);
#4186=EDGE_LOOP('',(#4182,#4183,#4184,#4185));
#4187=FACE_OUTER_BOUND('',#4186,.F.);
#4189=CARTESIAN_POINT('',(1.5875E0,-1.778E-1,-2.7432E0));
#4190=DIRECTION('',(0.E0,1.E0,0.E0));
#4191=DIRECTION('',(0.E0,0.E0,-1.E0));
#4192=AXIS2_PLACEMENT_3D('',#4189,#4190,#4191);
#4193=PLANE('',#4192);
#4194=ORIENTED_EDGE('',*,*,#3006,.F.);
#4195=ORIENTED_EDGE('',*,*,#4116,.F.);
#4197=ORIENTED_EDGE('',*,*,#4196,.T.);
#4198=ORIENTED_EDGE('',*,*,#4155,.T.);
#4199=EDGE_LOOP('',(#4194,#4195,#4197,#4198));
#4200=FACE_OUTER_BOUND('',#4199,.F.);
#4202=CARTESIAN_POINT('',(1.5875E0,-8.128E-1,-2.7432E0));
#4203=DIRECTION('',(0.E0,0.E0,1.E0));
#4204=DIRECTION('',(0.E0,1.E0,0.E0));
#4205=AXIS2_PLACEMENT_3D('',#4202,#4203,#4204);
#4206=PLANE('',#4205);
#4207=ORIENTED_EDGE('',*,*,#4114,.F.);
#4209=ORIENTED_EDGE('',*,*,#4208,.T.);
#4210=ORIENTED_EDGE('',*,*,#4157,.T.);
#4211=ORIENTED_EDGE('',*,*,#4196,.F.);
#4212=EDGE_LOOP('',(#4207,#4209,#4210,#4211));
#4213=FACE_OUTER_BOUND('',#4212,.F.);
#4215=CARTESIAN_POINT('',(1.5875E0,-8.128E-1,-7.8232E0));
#4216=DIRECTION('',(0.E0,-1.E0,0.E0));
#4217=DIRECTION('',(0.E0,0.E0,1.E0));
#4218=AXIS2_PLACEMENT_3D('',#4215,#4216,#4217);
#4219=PLANE('',#4218);
#4220=ORIENTED_EDGE('',*,*,#3010,.T.);
#4221=ORIENTED_EDGE('',*,*,#4159,.T.);
#4222=ORIENTED_EDGE('',*,*,#4208,.F.);
#4223=ORIENTED_EDGE('',*,*,#4112,.F.);
#4224=EDGE_LOOP('',(#4220,#4221,#4222,#4223));
#4225=FACE_OUTER_BOUND('',#4224,.F.);
#4227=CARTESIAN_POINT('',(4.1275E0,0.E0,0.E0));
#4228=DIRECTION('',(-1.E0,0.E0,0.E0));
#4229=DIRECTION('',(0.E0,-1.E0,0.E0));
#4230=AXIS2_PLACEMENT_3D('',#4227,#4228,#4229);
#4231=PLANE('',#4230);
#4232=ORIENTED_EDGE('',*,*,#2424,.F.);
#4234=ORIENTED_EDGE('',*,*,#4233,.T.);
#4236=ORIENTED_EDGE('',*,*,#4235,.T.);
#4238=ORIENTED_EDGE('',*,*,#4237,.T.);
#4239=EDGE_LOOP('',(#4232,#4234,#4236,#4238));
#4240=FACE_OUTER_BOUND('',#4239,.F.);
#4242=CARTESIAN_POINT('',(4.1275E0,0.E0,0.E0));
#4243=DIRECTION('',(-1.E0,0.E0,0.E0));
#4244=DIRECTION('',(0.E0,-1.E0,0.E0));
#4245=AXIS2_PLACEMENT_3D('',#4242,#4243,#4244);
#4246=PLANE('',#4245);
#4247=ORIENTED_EDGE('',*,*,#3014,.T.);
#4249=ORIENTED_EDGE('',*,*,#4248,.T.);
#4251=ORIENTED_EDGE('',*,*,#4250,.T.);
#4253=ORIENTED_EDGE('',*,*,#4252,.T.);
#4254=EDGE_LOOP('',(#4247,#4249,#4251,#4253));
#4255=FACE_OUTER_BOUND('',#4254,.F.);
#4257=CARTESIAN_POINT('',(4.1275E0,-1.778E-1,-9.652E0));
#4258=DIRECTION('',(0.E0,1.E0,0.E0));
#4259=DIRECTION('',(0.E0,0.E0,-1.E0));
#4260=AXIS2_PLACEMENT_3D('',#4257,#4258,#4259);
#4261=PLANE('',#4260);
#4262=ORIENTED_EDGE('',*,*,#2430,.T.);
#4264=ORIENTED_EDGE('',*,*,#4263,.T.);
#4266=ORIENTED_EDGE('',*,*,#4265,.F.);
#4267=ORIENTED_EDGE('',*,*,#4233,.F.);
#4268=EDGE_LOOP('',(#4262,#4264,#4266,#4267));
#4269=FACE_OUTER_BOUND('',#4268,.F.);
#4271=CARTESIAN_POINT('',(3.4925E0,0.E0,0.E0));
#4272=DIRECTION('',(-1.E0,0.E0,0.E0));
#4273=DIRECTION('',(0.E0,-1.E0,0.E0));
#4274=AXIS2_PLACEMENT_3D('',#4271,#4272,#4273);
#4275=PLANE('',#4274);
#4276=ORIENTED_EDGE('',*,*,#2428,.T.);
#4278=ORIENTED_EDGE('',*,*,#4277,.F.);
#4280=ORIENTED_EDGE('',*,*,#4279,.F.);
#4281=ORIENTED_EDGE('',*,*,#4263,.F.);
#4282=EDGE_LOOP('',(#4276,#4278,#4280,#4281));
#4283=FACE_OUTER_BOUND('',#4282,.F.);
#4285=CARTESIAN_POINT('',(3.4925E0,0.E0,0.E0));
#4286=DIRECTION('',(-1.E0,0.E0,0.E0));
#4287=DIRECTION('',(0.E0,-1.E0,0.E0));
#4288=AXIS2_PLACEMENT_3D('',#4285,#4286,#4287);
#4289=PLANE('',#4288);
#4290=ORIENTED_EDGE('',*,*,#3018,.F.);
#4292=ORIENTED_EDGE('',*,*,#4291,.F.);
#4294=ORIENTED_EDGE('',*,*,#4293,.F.);
#4296=ORIENTED_EDGE('',*,*,#4295,.F.);
#4297=EDGE_LOOP('',(#4290,#4292,#4294,#4296));
#4298=FACE_OUTER_BOUND('',#4297,.F.);
#4300=CARTESIAN_POINT('',(4.1275E0,-8.128E-1,-1.397E1));
#4301=DIRECTION('',(0.E0,-1.E0,0.E0));
#4302=DIRECTION('',(0.E0,0.E0,1.E0));
#4303=AXIS2_PLACEMENT_3D('',#4300,#4301,#4302);
#4304=PLANE('',#4303);
#4305=ORIENTED_EDGE('',*,*,#2426,.F.);
#4306=ORIENTED_EDGE('',*,*,#4237,.F.);
#4308=ORIENTED_EDGE('',*,*,#4307,.T.);
#4309=ORIENTED_EDGE('',*,*,#4277,.T.);
#4310=EDGE_LOOP('',(#4305,#4306,#4308,#4309));
#4311=FACE_OUTER_BOUND('',#4310,.F.);
#4313=CARTESIAN_POINT('',(4.1275E0,-1.778E-1,-1.397E1));
#4314=DIRECTION('',(0.E0,0.E0,-1.E0));
#4315=DIRECTION('',(0.E0,-1.E0,0.E0));
#4316=AXIS2_PLACEMENT_3D('',#4313,#4314,#4315);
#4317=PLANE('',#4316);
#4318=ORIENTED_EDGE('',*,*,#4235,.F.);
#4319=ORIENTED_EDGE('',*,*,#4265,.T.);
#4320=ORIENTED_EDGE('',*,*,#4279,.T.);
#4321=ORIENTED_EDGE('',*,*,#4307,.F.);
#4322=EDGE_LOOP('',(#4318,#4319,#4320,#4321));
#4323=FACE_OUTER_BOUND('',#4322,.F.);
#4325=CARTESIAN_POINT('',(4.1275E0,-1.778E-1,-2.7432E0));
#4326=DIRECTION('',(0.E0,1.E0,0.E0));
#4327=DIRECTION('',(0.E0,0.E0,-1.E0));
#4328=AXIS2_PLACEMENT_3D('',#4325,#4326,#4327);
#4329=PLANE('',#4328);
#4330=ORIENTED_EDGE('',*,*,#3016,.F.);
#4331=ORIENTED_EDGE('',*,*,#4252,.F.);
#4333=ORIENTED_EDGE('',*,*,#4332,.T.);
#4334=ORIENTED_EDGE('',*,*,#4291,.T.);
#4335=EDGE_LOOP('',(#4330,#4331,#4333,#4334));
#4336=FACE_OUTER_BOUND('',#4335,.F.);
#4338=CARTESIAN_POINT('',(4.1275E0,-8.128E-1,-2.7432E0));
#4339=DIRECTION('',(0.E0,0.E0,1.E0));
#4340=DIRECTION('',(0.E0,1.E0,0.E0));
#4341=AXIS2_PLACEMENT_3D('',#4338,#4339,#4340);
#4342=PLANE('',#4341);
#4343=ORIENTED_EDGE('',*,*,#4250,.F.);
#4345=ORIENTED_EDGE('',*,*,#4344,.T.);
#4346=ORIENTED_EDGE('',*,*,#4293,.T.);
#4347=ORIENTED_EDGE('',*,*,#4332,.F.);
#4348=EDGE_LOOP('',(#4343,#4345,#4346,#4347));
#4349=FACE_OUTER_BOUND('',#4348,.F.);
#4351=CARTESIAN_POINT('',(4.1275E0,-8.128E-1,-7.8232E0));
#4352=DIRECTION('',(0.E0,-1.E0,0.E0));
#4353=DIRECTION('',(0.E0,0.E0,1.E0));
#4354=AXIS2_PLACEMENT_3D('',#4351,#4352,#4353);
#4355=PLANE('',#4354);
#4356=ORIENTED_EDGE('',*,*,#3020,.T.);
#4357=ORIENTED_EDGE('',*,*,#4295,.T.);
#4358=ORIENTED_EDGE('',*,*,#4344,.F.);
#4359=ORIENTED_EDGE('',*,*,#4248,.F.);
#4360=EDGE_LOOP('',(#4356,#4357,#4358,#4359));
#4361=FACE_OUTER_BOUND('',#4360,.F.);
#4363=CARTESIAN_POINT('',(-4.699E0,-2.4511E0,-9.652E0));
#4364=DIRECTION('',(1.E0,0.E0,0.E0));
#4365=DIRECTION('',(0.E0,-1.E0,0.E0));
#4366=AXIS2_PLACEMENT_3D('',#4363,#4364,#4365);
#4367=PLANE('',#4366);
#4368=ORIENTED_EDGE('',*,*,#2362,.T.);
#4370=ORIENTED_EDGE('',*,*,#4369,.T.);
#4372=ORIENTED_EDGE('',*,*,#4371,.T.);
#4373=ORIENTED_EDGE('',*,*,#2462,.F.);
#4374=EDGE_LOOP('',(#4368,#4370,#4372,#4373));
#4375=FACE_OUTER_BOUND('',#4374,.F.);
#4377=CARTESIAN_POINT('',(-5.461E0,-2.4511E0,-9.652E0));
#4378=DIRECTION('',(0.E0,1.E0,0.E0));
#4379=DIRECTION('',(1.E0,0.E0,0.E0));
#4380=AXIS2_PLACEMENT_3D('',#4377,#4378,#4379);
#4381=PLANE('',#4380);
#4382=ORIENTED_EDGE('',*,*,#2360,.F.);
#4384=ORIENTED_EDGE('',*,*,#4383,.T.);
#4386=ORIENTED_EDGE('',*,*,#4385,.T.);
#4387=ORIENTED_EDGE('',*,*,#4369,.F.);
#4388=EDGE_LOOP('',(#4382,#4384,#4386,#4387));
#4389=FACE_OUTER_BOUND('',#4388,.F.);
#4391=CARTESIAN_POINT('',(-5.461E0,-3.2131E0,-9.652E0));
#4392=DIRECTION('',(-1.E0,0.E0,0.E0));
#4393=DIRECTION('',(0.E0,1.E0,0.E0));
#4394=AXIS2_PLACEMENT_3D('',#4391,#4392,#4393);
#4395=PLANE('',#4394);
#4396=ORIENTED_EDGE('',*,*,#2358,.F.);
#4397=ORIENTED_EDGE('',*,*,#2466,.T.);
#4399=ORIENTED_EDGE('',*,*,#4398,.T.);
#4400=ORIENTED_EDGE('',*,*,#4383,.F.);
#4401=EDGE_LOOP('',(#4396,#4397,#4399,#4400));
#4402=FACE_OUTER_BOUND('',#4401,.F.);
#4404=CARTESIAN_POINT('',(0.E0,0.E0,-1.0414E1));
#4405=DIRECTION('',(0.E0,0.E0,-1.E0));
#4406=DIRECTION('',(1.E0,0.E0,0.E0));
#4407=AXIS2_PLACEMENT_3D('',#4404,#4405,#4406);
#4408=PLANE('',#4407);
#4409=ORIENTED_EDGE('',*,*,#2490,.F.);
#4411=ORIENTED_EDGE('',*,*,#4410,.F.);
#4413=ORIENTED_EDGE('',*,*,#4412,.F.);
#4415=ORIENTED_EDGE('',*,*,#4414,.F.);
#4416=EDGE_LOOP('',(#4409,#4411,#4413,#4415));
#4417=FACE_OUTER_BOUND('',#4416,.F.);
#4419=CARTESIAN_POINT('',(0.E0,0.E0,-1.0414E1));
#4420=DIRECTION('',(0.E0,0.E0,-1.E0));
#4421=DIRECTION('',(1.E0,0.E0,0.E0));
#4422=AXIS2_PLACEMENT_3D('',#4419,#4420,#4421);
#4423=PLANE('',#4422);
#4424=ORIENTED_EDGE('',*,*,#4398,.F.);
#4425=ORIENTED_EDGE('',*,*,#2464,.F.);
#4426=ORIENTED_EDGE('',*,*,#4371,.F.);
#4427=ORIENTED_EDGE('',*,*,#4385,.F.);
#4428=EDGE_LOOP('',(#4424,#4425,#4426,#4427));
#4429=FACE_OUTER_BOUND('',#4428,.F.);
#4431=CARTESIAN_POINT('',(5.461E0,-2.4511E0,-9.652E0));
#4432=DIRECTION('',(1.E0,0.E0,0.E0));
#4433=DIRECTION('',(0.E0,-1.E0,0.E0));
#4434=AXIS2_PLACEMENT_3D('',#4431,#4432,#4433);
#4435=PLANE('',#4434);
#4436=ORIENTED_EDGE('',*,*,#2322,.T.);
#4438=ORIENTED_EDGE('',*,*,#4437,.T.);
#4439=ORIENTED_EDGE('',*,*,#4410,.T.);
#4440=ORIENTED_EDGE('',*,*,#2488,.F.);
#4441=EDGE_LOOP('',(#4436,#4438,#4439,#4440));
#4442=FACE_OUTER_BOUND('',#4441,.F.);
#4444=CARTESIAN_POINT('',(4.699E0,-2.4511E0,-9.652E0));
#4445=DIRECTION('',(0.E0,1.E0,0.E0));
#4446=DIRECTION('',(1.E0,0.E0,0.E0));
#4447=AXIS2_PLACEMENT_3D('',#4444,#4445,#4446);
#4448=PLANE('',#4447);
#4449=ORIENTED_EDGE('',*,*,#2320,.F.);
#4451=ORIENTED_EDGE('',*,*,#4450,.T.);
#4452=ORIENTED_EDGE('',*,*,#4412,.T.);
#4453=ORIENTED_EDGE('',*,*,#4437,.F.);
#4454=EDGE_LOOP('',(#4449,#4451,#4452,#4453));
#4455=FACE_OUTER_BOUND('',#4454,.F.);
#4457=CARTESIAN_POINT('',(4.699E0,-3.2131E0,-9.652E0));
#4458=DIRECTION('',(-1.E0,0.E0,0.E0));
#4459=DIRECTION('',(0.E0,1.E0,0.E0));
#4460=AXIS2_PLACEMENT_3D('',#4457,#4458,#4459);
#4461=PLANE('',#4460);
#4462=ORIENTED_EDGE('',*,*,#2318,.F.);
#4463=ORIENTED_EDGE('',*,*,#2492,.T.);
#4464=ORIENTED_EDGE('',*,*,#4414,.T.);
#4465=ORIENTED_EDGE('',*,*,#4450,.F.);
#4466=EDGE_LOOP('',(#4462,#4463,#4464,#4465));
#4467=FACE_OUTER_BOUND('',#4466,.F.);
#4469=CARTESIAN_POINT('',(4.8768E0,2.6543E0,-9.652E0));
#4470=DIRECTION('',(0.E0,0.E0,-1.E0));
#4471=DIRECTION('',(1.E0,0.E0,0.E0));
#4472=AXIS2_PLACEMENT_3D('',#4469,#4470,#4471);
#4473=CYLINDRICAL_SURFACE('',#4472,7.874E-1);
#4475=ORIENTED_EDGE('',*,*,#4474,.T.);
#4477=ORIENTED_EDGE('',*,*,#4476,.T.);
#4479=ORIENTED_EDGE('',*,*,#4478,.F.);
#4480=ORIENTED_EDGE('',*,*,#2368,.F.);
#4481=EDGE_LOOP('',(#4475,#4477,#4479,#4480));
#4482=FACE_OUTER_BOUND('',#4481,.F.);
#4484=CARTESIAN_POINT('',(3.895994200389E0,2.234678475946E0,-9.652E0));
#4485=DIRECTION('',(-5.E-1,8.660254037844E-1,0.E0));
#4486=DIRECTION('',(8.660254037844E-1,5.E-1,0.E0));
#4487=AXIS2_PLACEMENT_3D('',#4484,#4485,#4486);
#4488=PLANE('',#4487);
#4489=ORIENTED_EDGE('',*,*,#4474,.F.);
#4490=ORIENTED_EDGE('',*,*,#2390,.F.);
#4492=ORIENTED_EDGE('',*,*,#4491,.T.);
#4494=ORIENTED_EDGE('',*,*,#4493,.T.);
#4495=EDGE_LOOP('',(#4489,#4490,#4492,#4494));
#4496=FACE_OUTER_BOUND('',#4495,.F.);
#4498=CARTESIAN_POINT('',(4.8768E0,2.6543E0,-9.652E0));
#4499=DIRECTION('',(0.E0,0.E0,-1.E0));
#4500=DIRECTION('',(1.E0,0.E0,0.E0));
#4501=AXIS2_PLACEMENT_3D('',#4498,#4499,#4500);
#4502=CYLINDRICAL_SURFACE('',#4501,1.0668E0);
#4504=ORIENTED_EDGE('',*,*,#4503,.T.);
#4506=ORIENTED_EDGE('',*,*,#4505,.T.);
#4507=ORIENTED_EDGE('',*,*,#4491,.F.);
#4508=ORIENTED_EDGE('',*,*,#2388,.F.);
#4509=EDGE_LOOP('',(#4504,#4506,#4507,#4508));
#4510=FACE_OUTER_BOUND('',#4509,.F.);
#4512=CARTESIAN_POINT('',(4.267319821986E0,2.155769486784E0,-9.652E0));
#4513=DIRECTION('',(5.E-1,-8.660254037844E-1,0.E0));
#4514=DIRECTION('',(-8.660254037844E-1,-5.E-1,0.E0));
#4515=AXIS2_PLACEMENT_3D('',#4512,#4513,#4514);
#4516=PLANE('',#4515);
#4518=ORIENTED_EDGE('',*,*,#4517,.T.);
#4520=ORIENTED_EDGE('',*,*,#4519,.T.);
#4521=ORIENTED_EDGE('',*,*,#4503,.F.);
#4522=ORIENTED_EDGE('',*,*,#2386,.F.);
#4523=EDGE_LOOP('',(#4518,#4520,#4521,#4522));
#4524=FACE_OUTER_BOUND('',#4523,.F.);
#4526=CARTESIAN_POINT('',(4.8768E0,2.6543E0,-9.652E0));
#4527=DIRECTION('',(0.E0,0.E0,-1.E0));
#4528=DIRECTION('',(1.E0,0.E0,0.E0));
#4529=AXIS2_PLACEMENT_3D('',#4526,#4527,#4528);
#4530=CYLINDRICAL_SURFACE('',#4529,7.874E-1);
#4532=ORIENTED_EDGE('',*,*,#4531,.T.);
#4534=ORIENTED_EDGE('',*,*,#4533,.T.);
#4536=ORIENTED_EDGE('',*,*,#4535,.T.);
#4537=ORIENTED_EDGE('',*,*,#4517,.F.);
#4538=ORIENTED_EDGE('',*,*,#2384,.F.);
#4539=EDGE_LOOP('',(#4532,#4534,#4536,#4537,#4538));
#4540=FACE_OUTER_BOUND('',#4539,.F.);
#4542=CARTESIAN_POINT('',(5.730605799611E0,2.014708023385E0,-9.652E0));
#4543=DIRECTION('',(-5.E-1,-8.660254037844E-1,0.E0));
#4544=DIRECTION('',(-8.660254037844E-1,5.E-1,0.E0));
#4545=AXIS2_PLACEMENT_3D('',#4542,#4543,#4544);
#4546=PLANE('',#4545);
#4548=ORIENTED_EDGE('',*,*,#4547,.T.);
#4550=ORIENTED_EDGE('',*,*,#4549,.T.);
#4551=ORIENTED_EDGE('',*,*,#4531,.F.);
#4552=ORIENTED_EDGE('',*,*,#2382,.F.);
#4553=EDGE_LOOP('',(#4548,#4550,#4551,#4552));
#4554=FACE_OUTER_BOUND('',#4553,.F.);
#4556=CARTESIAN_POINT('',(4.8768E0,2.6543E0,-9.652E0));
#4557=DIRECTION('',(0.E0,0.E0,-1.E0));
#4558=DIRECTION('',(1.E0,0.E0,0.E0));
#4559=AXIS2_PLACEMENT_3D('',#4556,#4557,#4558);
#4560=CYLINDRICAL_SURFACE('',#4559,1.0668E0);
#4562=ORIENTED_EDGE('',*,*,#4561,.T.);
#4564=ORIENTED_EDGE('',*,*,#4563,.T.);
#4565=ORIENTED_EDGE('',*,*,#4547,.F.);
#4566=ORIENTED_EDGE('',*,*,#2380,.F.);
#4567=EDGE_LOOP('',(#4562,#4564,#4565,#4566));
#4568=FACE_OUTER_BOUND('',#4567,.F.);
#4570=CARTESIAN_POINT('',(5.613280178014E0,2.375739939345E0,-9.652E0));
#4571=DIRECTION('',(5.E-1,8.660254037844E-1,0.E0));
#4572=DIRECTION('',(8.660254037844E-1,-5.E-1,0.E0));
#4573=AXIS2_PLACEMENT_3D('',#4570,#4571,#4572);
#4574=PLANE('',#4573);
#4576=ORIENTED_EDGE('',*,*,#4575,.T.);
#4578=ORIENTED_EDGE('',*,*,#4577,.T.);
#4579=ORIENTED_EDGE('',*,*,#4561,.F.);
#4580=ORIENTED_EDGE('',*,*,#2378,.F.);
#4581=EDGE_LOOP('',(#4576,#4578,#4579,#4580));
#4582=FACE_OUTER_BOUND('',#4581,.F.);
#4584=CARTESIAN_POINT('',(4.8768E0,2.6543E0,-9.652E0));
#4585=DIRECTION('',(0.E0,0.E0,-1.E0));
#4586=DIRECTION('',(1.E0,0.E0,0.E0));
#4587=AXIS2_PLACEMENT_3D('',#4584,#4585,#4586);
#4588=CYLINDRICAL_SURFACE('',#4587,7.874E-1);
#4589=ORIENTED_EDGE('',*,*,#4575,.F.);
#4590=ORIENTED_EDGE('',*,*,#2376,.F.);
#4592=ORIENTED_EDGE('',*,*,#4591,.T.);
#4594=ORIENTED_EDGE('',*,*,#4593,.T.);
#4595=EDGE_LOOP('',(#4589,#4590,#4592,#4594));
#4596=FACE_OUTER_BOUND('',#4595,.F.);
#4598=CARTESIAN_POINT('',(5.0038E0,3.713513500669E0,-9.652E0));
#4599=DIRECTION('',(1.E0,0.E0,0.E0));
#4600=DIRECTION('',(0.E0,-1.E0,0.E0));
#4601=AXIS2_PLACEMENT_3D('',#4598,#4599,#4600);
#4602=PLANE('',#4601);
#4603=ORIENTED_EDGE('',*,*,#4591,.F.);
#4604=ORIENTED_EDGE('',*,*,#2374,.F.);
#4606=ORIENTED_EDGE('',*,*,#4605,.T.);
#4608=ORIENTED_EDGE('',*,*,#4607,.T.);
#4609=EDGE_LOOP('',(#4603,#4604,#4606,#4608));
#4610=FACE_OUTER_BOUND('',#4609,.F.);
#4612=CARTESIAN_POINT('',(4.8768E0,2.6543E0,-9.652E0));
#4613=DIRECTION('',(0.E0,0.E0,-1.E0));
#4614=DIRECTION('',(1.E0,0.E0,0.E0));
#4615=AXIS2_PLACEMENT_3D('',#4612,#4613,#4614);
#4616=CYLINDRICAL_SURFACE('',#4615,1.0668E0);
#4618=ORIENTED_EDGE('',*,*,#4617,.T.);
#4619=ORIENTED_EDGE('',*,*,#4605,.F.);
#4620=ORIENTED_EDGE('',*,*,#2372,.F.);
#4622=ORIENTED_EDGE('',*,*,#4621,.T.);
#4624=ORIENTED_EDGE('',*,*,#4623,.T.);
#4625=EDGE_LOOP('',(#4618,#4619,#4620,#4622,#4624));
#4626=FACE_OUTER_BOUND('',#4625,.F.);
#4628=CARTESIAN_POINT('',(4.8768E0,2.6543E0,-1.225860427726E1));
#4629=DIRECTION('',(0.E0,0.E0,1.E0));
#4630=DIRECTION('',(0.E0,1.E0,0.E0));
#4631=AXIS2_PLACEMENT_3D('',#4628,#4629,#4630);
#4632=CONICAL_SURFACE('',#4631,7.386365764681E-1,3.E1);
#4634=ORIENTED_EDGE('',*,*,#4633,.T.);
#4636=ORIENTED_EDGE('',*,*,#4635,.F.);
#4637=ORIENTED_EDGE('',*,*,#4533,.F.);
#4638=ORIENTED_EDGE('',*,*,#4549,.F.);
#4639=ORIENTED_EDGE('',*,*,#4563,.F.);
#4640=ORIENTED_EDGE('',*,*,#4577,.F.);
#4641=ORIENTED_EDGE('',*,*,#4593,.F.);
#4642=ORIENTED_EDGE('',*,*,#4607,.F.);
#4643=ORIENTED_EDGE('',*,*,#4617,.F.);
#4645=ORIENTED_EDGE('',*,*,#4644,.T.);
#4646=EDGE_LOOP('',(#4634,#4636,#4637,#4638,#4639,#4640,#4641,#4642,#4643,
#4645));
#4647=FACE_OUTER_BOUND('',#4646,.F.);
#4649=CARTESIAN_POINT('',(0.E0,0.E0,-1.2827E1));
#4650=DIRECTION('',(0.E0,0.E0,-1.E0));
#4651=DIRECTION('',(1.E0,0.E0,0.E0));
#4652=AXIS2_PLACEMENT_3D('',#4649,#4650,#4651);
#4653=PLANE('',#4652);
#4654=ORIENTED_EDGE('',*,*,#4633,.F.);
#4656=ORIENTED_EDGE('',*,*,#4655,.F.);
#4657=EDGE_LOOP('',(#4654,#4656));
#4658=FACE_OUTER_BOUND('',#4657,.F.);
#4660=CARTESIAN_POINT('',(4.8768E0,2.6543E0,-1.225860427726E1));
#4661=DIRECTION('',(0.E0,0.E0,1.E0));
#4662=DIRECTION('',(0.E0,1.E0,0.E0));
#4663=AXIS2_PLACEMENT_3D('',#4660,#4661,#4662);
#4664=CONICAL_SURFACE('',#4663,7.386365764681E-1,3.E1);
#4665=ORIENTED_EDGE('',*,*,#4655,.T.);
#4666=ORIENTED_EDGE('',*,*,#4644,.F.);
#4667=ORIENTED_EDGE('',*,*,#4623,.F.);
#4669=ORIENTED_EDGE('',*,*,#4668,.F.);
#4670=ORIENTED_EDGE('',*,*,#4476,.F.);
#4671=ORIENTED_EDGE('',*,*,#4493,.F.);
#4672=ORIENTED_EDGE('',*,*,#4505,.F.);
#4673=ORIENTED_EDGE('',*,*,#4519,.F.);
#4674=ORIENTED_EDGE('',*,*,#4535,.F.);
#4675=ORIENTED_EDGE('',*,*,#4635,.T.);
#4676=EDGE_LOOP('',(#4665,#4666,#4667,#4669,#4670,#4671,#4672,#4673,#4674,
#4675));
#4677=FACE_OUTER_BOUND('',#4676,.F.);
#4679=CARTESIAN_POINT('',(4.7498E0,3.431390573872E0,-9.652E0));
#4680=DIRECTION('',(-1.E0,0.E0,0.E0));
#4681=DIRECTION('',(0.E0,1.E0,0.E0));
#4682=AXIS2_PLACEMENT_3D('',#4679,#4680,#4681);
#4683=PLANE('',#4682);
#4684=ORIENTED_EDGE('',*,*,#4478,.T.);
#4685=ORIENTED_EDGE('',*,*,#4668,.T.);
#4686=ORIENTED_EDGE('',*,*,#4621,.F.);
#4687=ORIENTED_EDGE('',*,*,#2370,.F.);
#4688=EDGE_LOOP('',(#4684,#4685,#4686,#4687));
#4689=FACE_OUTER_BOUND('',#4688,.F.);
#4691=CLOSED_SHELL('',(#2434,#2449,#2510,#2524,#2537,#2549,#2565,#2579,#2592,
#2605,#2638,#2652,#2666,#2679,#2694,#2706,#2719,#2732,#2744,#2758,#2772,#2785,
#2800,#2812,#2825,#2838,#2850,#2867,#2881,#2910,#2925,#2940,#2954,#3024,#3075,
#3088,#3101,#3113,#3140,#3154,#3170,#3183,#3213,#3229,#3243,#3258,#3270,#3282,
#3295,#3309,#3321,#3335,#3351,#3364,#3379,#3397,#3411,#3423,#3436,#3449,#3461,
#3482,#3496,#3516,#3529,#3542,#3555,#3568,#3580,#3601,#3615,#3635,#3648,#3661,
#3674,#3687,#3699,#3720,#3734,#3754,#3767,#3780,#3793,#3806,#3818,#3833,#3848,
#3862,#3876,#3891,#3904,#3916,#3929,#3942,#3954,#3969,#3984,#3998,#4012,#4027,
#4040,#4052,#4065,#4078,#4090,#4105,#4120,#4134,#4148,#4163,#4176,#4188,#4201,
#4214,#4226,#4241,#4256,#4270,#4284,#4299,#4312,#4324,#4337,#4350,#4362,#4376,
#4390,#4403,#4418,#4430,#4443,#4456,#4468,#4483,#4497,#4511,#4525,#4541,#4555,
#4569,#4583,#4597,#4611,#4627,#4648,#4659,#4678,#4690));
#4692=MANIFOLD_SOLID_BREP('',#4691);
#4695=PLANE_ANGLE_MEASURE_WITH_UNIT(PLANE_ANGLE_MEASURE(1.745329251994E-2),
#4694);
#4696=(CONVERSION_BASED_UNIT('DEGREE',#4695)NAMED_UNIT(*)PLANE_ANGLE_UNIT());
#4698=UNCERTAINTY_MEASURE_WITH_UNIT(LENGTH_MEASURE(2.023527666529E-3),#4693,
'distance_accuracy_value',
'Maximum model space distance between geometric entities at asserted connectivities');
#4701=APPLICATION_CONTEXT('automotive_design');
#4702=APPLICATION_PROTOCOL_DEFINITION('international standard',
'automotive_design',2001,#4701);
#4703=PRODUCT_DEFINITION_CONTEXT('part definition',#4701,'design');
#4704=PRODUCT_CONTEXT('',#4701,'mechanical');
#4705=PRODUCT('C-2-644486-4','C-2-644486-4','NOT SPECIFIED',(#4704));
#4706=PRODUCT_DEFINITION_FORMATION('1','LAST_VERSION',#4705);
#4714=DERIVED_UNIT_ELEMENT(#4713,2.E0);
#4715=DERIVED_UNIT((#4714));
#4716=MEASURE_REPRESENTATION_ITEM('surface area measure',AREA_MEASURE(
9.577949442847E2),#4715);
#4721=DERIVED_UNIT_ELEMENT(#4720,3.E0);
#4722=DERIVED_UNIT((#4721));
#4723=MEASURE_REPRESENTATION_ITEM('volume measure',VOLUME_MEASURE(
4.027949995894E2),#4722);
#4727=CARTESIAN_POINT('centre point',(7.457734415957E-2,7.070371212772E-1,
-6.293526898074E0));
#4732=DERIVED_UNIT_ELEMENT(#4731,2.E0);
#4733=DERIVED_UNIT((#4732));
#4734=MEASURE_REPRESENTATION_ITEM('surface area measure',AREA_MEASURE(
9.577949442847E2),#4733);
#4739=DERIVED_UNIT_ELEMENT(#4738,3.E0);
#4740=DERIVED_UNIT((#4739));
#4741=MEASURE_REPRESENTATION_ITEM('volume measure',VOLUME_MEASURE(
4.027949995894E2),#4740);
#4745=CARTESIAN_POINT('centre point',(7.457734415957E-2,7.070371212772E-1,
-6.293526898074E0));
#4750=PRODUCT_RELATED_PRODUCT_CATEGORY('part','',(#4705));
#1=DRAUGHTING_PRE_DEFINED_COLOUR('black');
#2=COLOUR_RGB('',0.E0,0.E0,3.6E-1);
#3=COLOUR_RGB('',0.E0,0.E0,4.8E-1);
#4=DRAUGHTING_PRE_DEFINED_COLOUR('blue');
#5=COLOUR_RGB('',0.E0,5.8824E-2,4.58824E-1);
#6=COLOUR_RGB('',0.E0,1.80392E-1,4.78431E-1);
#7=COLOUR_RGB('',0.E0,3.6E-1,9.E-2);
#8=COLOUR_RGB('',0.E0,3.6E-1,2.7E-1);
#9=COLOUR_RGB('',0.E0,5.6E-1,6.4E-1);
#10=COLOUR_RGB('',0.E0,5.8E-1,8.E-1);
#11=COLOUR_RGB('',0.E0,7.1E-1,6.6E-1);
#12=COLOUR_RGB('',0.E0,7.13E-1,0.E0);
#13=COLOUR_RGB('',0.E0,9.5E-1,8.4E-1);
#14=DRAUGHTING_PRE_DEFINED_COLOUR('green');
#15=DRAUGHTING_PRE_DEFINED_COLOUR('cyan');
#16=COLOUR_RGB('',1.1765E-2,1.9608E-2,3.9216E-2);
#17=COLOUR_RGB('',4.E-2,0.E0,1.6E-1);
#18=COLOUR_RGB('',3.9216E-2,2.19608E-1,1.21569E-1);
#19=COLOUR_RGB('',3.9216E-2,3.60784E-1,2.E-1);
#20=COLOUR_RGB('',5.098E-2,7.0588E-2,1.01961E-1);
#21=COLOUR_RGB('',9.E-2,0.E0,1.2E-1);
#22=COLOUR_RGB('',9.0196E-2,1.60784E-1,1.09804E-1);
#23=COLOUR_RGB('',9.0196E-2,3.80392E-1,6.70588E-1);
#24=COLOUR_RGB('',1.E-1,0.E0,2.5E-1);
#25=COLOUR_RGB('',1.01961E-1,4.78431E-1,3.88235E-1);
#26=COLOUR_RGB('',1.09804E-1,1.4902E-1,9.0196E-2);
#27=COLOUR_RGB('',1.4902E-1,3.09804E-1,5.29412E-1);
#28=COLOUR_RGB('',1.4902E-1,4.E-1,1.60784E-1);
#29=COLOUR_RGB('',1.6E-1,3.2E-2,0.E0);
#30=COLOUR_RGB('',1.60784E-1,4.5098E-1,7.21569E-1);
#31=COLOUR_RGB('',1.6E-1,4.6E-1,6.5E-1);
#32=COLOUR_RGB('',1.6E-1,1.E0,1.6E-1);
#33=COLOUR_RGB('',2.E-1,3.2E-2,0.E0);
#34=COLOUR_RGB('',2.11765E-1,4.11765E-1,1.4902E-1);
#35=COLOUR_RGB('',2.39216E-1,2.39216E-1,2.31373E-1);
#36=COLOUR_RGB('',2.39216E-1,2.70588E-1,1.80392E-1);
#37=COLOUR_RGB('',2.5098E-1,2.90196E-1,3.29412E-1);
#38=COLOUR_RGB('',2.90196E-1,4.31373E-1,2.E-1);
#39=COLOUR_RGB('',3.1E-1,3.1E-1,5.6E-1);
#40=COLOUR_RGB('',3.09804E-1,6.58824E-1,2.E-1);
#41=COLOUR_RGB('',3.2E-1,1.5E-1,0.E0);
#42=COLOUR_RGB('',3.60784E-1,3.1373E-2,1.68627E-1);
#43=COLOUR_RGB('',3.68627E-1,2.E-1,1.21569E-1);
#44=COLOUR_RGB('',3.88235E-1,2.39216E-1,6.11765E-1);
#45=COLOUR_RGB('',4.E-1,4.E-1,4.E-1);
#46=COLOUR_RGB('',4.11765E-1,5.8824E-2,7.8431E-2);
#47=COLOUR_RGB('',4.11765E-1,3.29412E-1,2.19608E-1);
#48=COLOUR_RGB('',4.2E-1,4.2E-1,1.E0);
#49=COLOUR_RGB('',4.4E-1,8.5E-1,1.E0);
#50=COLOUR_RGB('',4.58824E-1,4.5098E-1,3.09804E-1);
#51=COLOUR_RGB('',4.70588E-1,5.09804E-1,5.4902E-1);
#52=COLOUR_RGB('',4.78431E-1,4.90196E-1,4.58824E-1);
#53=COLOUR_RGB('',4.90196E-1,3.60784E-1,2.19608E-1);
#54=COLOUR_RGB('',4.9E-1,4.9E-1,0.E0);
#55=COLOUR_RGB('',4.9E-1,1.E0,0.E0);
#56=COLOUR_RGB('',5.E-1,0.E0,0.E0);
#57=COLOUR_RGB('',5.E-1,0.E0,2.3E-1);
#58=COLOUR_RGB('',5.E-1,5.E-1,5.E-1);
#59=COLOUR_RGB('',5.21569E-1,2.19608E-1,1.68627E-1);
#60=COLOUR_RGB('',5.3E-1,0.E0,0.E0);
#61=COLOUR_RGB('',5.29412E-1,5.80392E-1,6.5098E-1);
#62=COLOUR_RGB('',5.4E-1,0.E0,4.4E-1);
#63=COLOUR_RGB('',5.5E-1,3.E-1,0.E0);
#64=COLOUR_RGB('',5.6E-1,1.E-1,5.E-2);
#65=COLOUR_RGB('',5.60784E-1,5.80392E-1,6.19608E-1);
#66=COLOUR_RGB('',5.68627E-1,5.8824E-2,4.E-1);
#67=COLOUR_RGB('',5.8E-1,2.2E-1,1.E-2);
#68=COLOUR_RGB('',5.88235E-1,1.21569E-1,1.09804E-1);
#69=COLOUR_RGB('',6.E-1,6.E-1,6.E-1);
#70=COLOUR_RGB('',6.11765E-1,5.60784E-1,3.80392E-1);
#71=COLOUR_RGB('',6.11765E-1,6.11765E-1,6.5098E-1);
#72=COLOUR_RGB('',6.2E-1,0.E0,5.5E-1);
#73=COLOUR_RGB('',6.19608E-1,6.39216E-1,6.90196E-1);
#74=COLOUR_RGB('',6.4E-1,0.E0,2.5E-1);
#75=COLOUR_RGB('',6.4E-1,1.E-2,0.E0);
#76=COLOUR_RGB('',6.39216E-1,5.4902E-1,4.78431E-1);
#77=COLOUR_RGB('',6.5098E-1,6.70588E-1,7.09804E-1);
#78=COLOUR_RGB('',6.70588E-1,1.21569E-1,1.09804E-1);
#79=COLOUR_RGB('',6.78431E-1,4.78431E-1,3.09804E-1);
#80=COLOUR_RGB('',6.8E-1,7.5E-1,1.E0);
#81=COLOUR_RGB('',6.952E-1,7.426E-1,7.9E-1);
#82=COLOUR_RGB('',7.09804E-1,7.0588E-2,2.E-1);
#83=COLOUR_RGB('',7.1E-1,3.1E-1,0.E0);
#84=COLOUR_RGB('',7.2E-1,7.2E-1,7.2E-1);
#85=COLOUR_RGB('',7.29412E-1,7.41176E-1,7.29412E-1);
#86=COLOUR_RGB('',7.41176E-1,7.29412E-1,6.70588E-1);
#87=COLOUR_RGB('',7.4E-1,1.E0,2.6E-1);
#88=COLOUR_RGB('',7.5E-1,3.E-2,0.E0);
#89=COLOUR_RGB('',7.4902E-1,8.90196E-1,7.29412E-1);
#90=COLOUR_RGB('',7.6E-1,0.E0,4.7E-1);
#91=COLOUR_RGB('',7.80392E-1,9.0196E-2,7.0588E-2);
#92=COLOUR_RGB('',7.88235E-1,2.19608E-1,5.4902E-1);
#93=COLOUR_RGB('',8.1E-1,4.E-2,0.E0);
#94=COLOUR_RGB('',8.1E-1,6.1E-1,0.E0);
#95=COLOUR_RGB('',8.2E-1,4.E-2,6.6E-1);
#96=COLOUR_RGB('',8.31373E-1,8.5098E-1,8.58824E-1);
#97=COLOUR_RGB('',8.5098E-1,7.29412E-1,5.4902E-1);
#98=COLOUR_RGB('',8.5E-1,8.5E-1,8.5E-1);
#99=COLOUR_RGB('',8.78431E-1,3.68627E-1,1.21569E-1);
#100=COLOUR_RGB('',8.784E-1,9.49E-1,1.E0);
#101=COLOUR_RGB('',8.90196E-1,5.88235E-1,1.41176E-1);
#102=COLOUR_RGB('',9.E-1,1.E0,0.E0);
#103=COLOUR_RGB('',9.09804E-1,6.11765E-1,7.09804E-1);
#104=COLOUR_RGB('',9.37E-1,7.85E-1,0.E0);
#105=COLOUR_RGB('',9.41176E-1,9.29412E-1,9.01961E-1);
#106=COLOUR_RGB('',9.5E-1,2.2E-1,8.1E-1);
#107=COLOUR_RGB('',9.6E-1,3.7E-1,3.E-1);
#108=COLOUR_RGB('',9.6E-1,7.1E-1,3.75E-1);
#109=COLOUR_RGB('',9.80392E-1,1.E0,1.E0);
#110=COLOUR_RGB('',9.88235E-1,1.09804E-1,7.8431E-2);
#111=COLOUR_RGB('',9.88235E-1,7.21569E-1,1.29412E-1);
#112=COLOUR_RGB('',9.88235E-1,9.21569E-1,8.E-1);
#113=DRAUGHTING_PRE_DEFINED_COLOUR('red');
#114=COLOUR_RGB('',1.E0,0.E0,6.1E-1);
#115=COLOUR_RGB('',1.E0,4.E-2,0.E0);
#116=COLOUR_RGB('',1.E0,2.3E-1,0.E0);
#117=COLOUR_RGB('',1.E0,3.5E-1,5.2E-1);
#118=COLOUR_RGB('',1.E0,3.6E-1,0.E0);
#119=COLOUR_RGB('',1.E0,3.88235E-1,2.11765E-1);
#120=COLOUR_RGB('',1.E0,4.9E-1,3.7E-1);
#121=COLOUR_RGB('',1.E0,5.E-1,0.E0);
#122=COLOUR_RGB('',1.E0,5.6E-1,7.8E-1);
#123=COLOUR_RGB('',1.E0,6.4E-1,4.9E-1);
#124=COLOUR_RGB('',1.E0,6.7E-1,0.E0);
#125=COLOUR_RGB('',1.E0,7.6E-1,6.5E-1);
#126=COLOUR_RGB('',1.E0,8.39216E-1,3.01961E-1);
#127=COLOUR_RGB('',1.E0,8.6E-1,4.E-2);
#128=COLOUR_RGB('',1.E0,9.60784E-1,2.58824E-1);
#129=COLOUR_RGB('',1.E0,9.60784E-1,8.90196E-1);
#130=COLOUR_RGB('',1.E0,9.8E-1,7.2E-1);
#131=DRAUGHTING_PRE_DEFINED_COLOUR('yellow');
#132=COLOUR_RGB('',1.E0,1.E0,3.9216E-2);
#133=DRAUGHTING_PRE_DEFINED_COLOUR('white');
#258=CIRCLE('',#257,7.874E-1);
#267=CIRCLE('',#266,1.0668E0);
#276=CIRCLE('',#275,7.874E-1);
#285=CIRCLE('',#284,1.0668E0);
#294=CIRCLE('',#293,7.874E-1);
#303=CIRCLE('',#302,1.0668E0);
#644=CIRCLE('',#643,2.54E-1);
#661=CIRCLE('',#660,2.54E-1);
#878=CIRCLE('',#877,2.54E-1);
#891=CIRCLE('',#890,2.54E-1);
#916=CIRCLE('',#915,2.54E-1);
#949=CIRCLE('',#948,2.54E-1);
#962=CIRCLE('',#961,2.54E-1);
#1003=CIRCLE('',#1002,2.54E-1);
#1628=CIRCLE('',#1627,7.874E-1);
#1638=B_SPLINE_CURVE_WITH_KNOTS('',3,(#1633,#1634,#1635,#1636,#1637),
.UNSPECIFIED.,.F.,.F.,(4,1,4),(0.E0,5.E-1,1.E0),.UNSPECIFIED.);
#1647=CIRCLE('',#1646,1.0668E0);
#1657=B_SPLINE_CURVE_WITH_KNOTS('',3,(#1652,#1653,#1654,#1655,#1656),
.UNSPECIFIED.,.F.,.F.,(4,1,4),(0.E0,5.E-1,1.E0),.UNSPECIFIED.);
#1666=CIRCLE('',#1665,7.874E-1);
#1671=CIRCLE('',#1670,7.874E-1);
#1681=B_SPLINE_CURVE_WITH_KNOTS('',3,(#1676,#1677,#1678,#1679,#1680),
.UNSPECIFIED.,.F.,.F.,(4,1,4),(0.E0,5.E-1,1.E0),.UNSPECIFIED.);
#1690=CIRCLE('',#1689,1.0668E0);
#1700=B_SPLINE_CURVE_WITH_KNOTS('',3,(#1695,#1696,#1697,#1698,#1699),
.UNSPECIFIED.,.F.,.F.,(4,1,4),(0.E0,5.E-1,1.E0),.UNSPECIFIED.);
#1709=CIRCLE('',#1708,7.874E-1);
#1719=B_SPLINE_CURVE_WITH_KNOTS('',3,(#1714,#1715,#1716,#1717,#1718),
.UNSPECIFIED.,.F.,.F.,(4,1,4),(0.E0,5.E-1,1.E0),.UNSPECIFIED.);
#1724=CIRCLE('',#1723,1.0668E0);
#1733=CIRCLE('',#1732,1.0668E0);
#1738=CIRCLE('',#1737,4.104731529361E-1);
#1743=CIRCLE('',#1742,4.104731529361E-1);
#1761=B_SPLINE_CURVE_WITH_KNOTS('',3,(#1756,#1757,#1758,#1759,#1760),
.UNSPECIFIED.,.F.,.F.,(4,1,4),(0.E0,5.E-1,1.E0),.UNSPECIFIED.);
#2294=EDGE_CURVE('',#2183,#2184,#137,.T.);
#2296=EDGE_CURVE('',#2184,#2186,#141,.T.);
#2298=EDGE_CURVE('',#2188,#2186,#145,.T.);
#2300=EDGE_CURVE('',#2151,#2188,#379,.T.);
#2302=EDGE_CURVE('',#2151,#2152,#149,.T.);
#2304=EDGE_CURVE('',#2152,#2154,#153,.T.);
#2306=EDGE_CURVE('',#2156,#2154,#157,.T.);
#2308=EDGE_CURVE('',#2067,#2156,#443,.T.);
#2310=EDGE_CURVE('',#2067,#2068,#161,.T.);
#2312=EDGE_CURVE('',#2068,#2070,#165,.T.);
#2314=EDGE_CURVE('',#2072,#2070,#169,.T.);
#2316=EDGE_CURVE('',#1911,#2072,#435,.T.);
#2318=EDGE_CURVE('',#1911,#1912,#173,.T.);
#2320=EDGE_CURVE('',#1912,#1914,#177,.T.);
#2322=EDGE_CURVE('',#1916,#1914,#181,.T.);
#2324=EDGE_CURVE('',#1812,#1916,#427,.T.);
#2326=EDGE_CURVE('',#1773,#1812,#185,.T.);
#2328=EDGE_CURVE('',#2079,#1773,#189,.T.);
#2330=EDGE_CURVE('',#2079,#2080,#193,.T.);
#2332=EDGE_CURVE('',#2080,#2076,#197,.T.);
#2334=EDGE_CURVE('',#2075,#2076,#201,.T.);
#2336=EDGE_CURVE('',#2163,#2075,#205,.T.);
#2338=EDGE_CURVE('',#2163,#2164,#209,.T.);
#2340=EDGE_CURVE('',#2164,#2160,#213,.T.);
#2342=EDGE_CURVE('',#2159,#2160,#217,.T.);
#2344=EDGE_CURVE('',#2195,#2159,#221,.T.);
#2346=EDGE_CURVE('',#2195,#2196,#225,.T.);
#2348=EDGE_CURVE('',#2196,#2192,#229,.T.);
#2350=EDGE_CURVE('',#2191,#2192,#233,.T.);
#2352=EDGE_CURVE('',#1771,#2191,#237,.T.);
#2354=EDGE_CURVE('',#1796,#1771,#241,.T.);
#2356=EDGE_CURVE('',#1918,#1796,#395,.T.);
#2358=EDGE_CURVE('',#1918,#1928,#245,.T.);
#2360=EDGE_CURVE('',#1928,#1930,#249,.T.);
#2362=EDGE_CURVE('',#1932,#1930,#253,.T.);
#2364=EDGE_CURVE('',#2183,#1932,#387,.T.);
#2368=EDGE_CURVE('',#1828,#1829,#258,.T.);
#2370=EDGE_CURVE('',#1829,#1831,#262,.T.);
#2372=EDGE_CURVE('',#1831,#1833,#267,.T.);
#2374=EDGE_CURVE('',#1833,#1835,#271,.T.);
#2376=EDGE_CURVE('',#1835,#1837,#276,.T.);
#2378=EDGE_CURVE('',#1837,#1839,#280,.T.);
#2380=EDGE_CURVE('',#1839,#1841,#285,.T.);
#2382=EDGE_CURVE('',#1841,#1843,#289,.T.);
#2384=EDGE_CURVE('',#1843,#1845,#294,.T.);
#2386=EDGE_CURVE('',#1845,#1847,#298,.T.);
#2388=EDGE_CURVE('',#1847,#1849,#303,.T.);
#2390=EDGE_CURVE('',#1849,#1828,#307,.T.);
#2394=EDGE_CURVE('',#2003,#2004,#311,.T.);
#2396=EDGE_CURVE('',#2004,#2008,#315,.T.);
#2398=EDGE_CURVE('',#2007,#2008,#319,.T.);
#2400=EDGE_CURVE('',#2003,#2007,#323,.T.);
#2404=EDGE_CURVE('',#2035,#2036,#327,.T.);
#2406=EDGE_CURVE('',#2036,#2040,#331,.T.);
#2408=EDGE_CURVE('',#2039,#2040,#335,.T.);
#2410=EDGE_CURVE('',#2035,#2039,#339,.T.);
#2414=EDGE_CURVE('',#2215,#2216,#343,.T.);
#2416=EDGE_CURVE('',#2216,#2220,#347,.T.);
#2418=EDGE_CURVE('',#2219,#2220,#351,.T.);
#2420=EDGE_CURVE('',#2215,#2219,#355,.T.);
#2424=EDGE_CURVE('',#2247,#2248,#359,.T.);
#2426=EDGE_CURVE('',#2248,#2252,#363,.T.);
#2428=EDGE_CURVE('',#2251,#2252,#367,.T.);
#2430=EDGE_CURVE('',#2247,#2251,#371,.T.);
#2434=ADVANCED_FACE('',(#2367,#2393,#2403,#2413,#2423,#2433),#2293,.F.);
#2441=EDGE_CURVE('',#2183,#2167,#375,.T.);
#2443=EDGE_CURVE('',#2167,#2168,#459,.T.);
#2445=EDGE_CURVE('',#2184,#2168,#455,.T.);
#2449=ADVANCED_FACE('',(#2448),#2439,.T.);
#2456=EDGE_CURVE('',#2188,#2172,#383,.T.);
#2458=EDGE_CURVE('',#2172,#2167,#463,.T.);
#2462=EDGE_CURVE('',#1932,#1926,#391,.T.);
#2464=EDGE_CURVE('',#1926,#1921,#1599,.T.);
#2466=EDGE_CURVE('',#1918,#1921,#1575,.T.);
#2469=EDGE_CURVE('',#1796,#1797,#1043,.T.);
#2471=EDGE_CURVE('',#1803,#1797,#399,.T.);
#2473=EDGE_CURVE('',#1803,#1791,#403,.T.);
#2475=EDGE_CURVE('',#1784,#1791,#407,.T.);
#2477=EDGE_CURVE('',#1784,#1785,#411,.T.);
#2479=EDGE_CURVE('',#1785,#1793,#415,.T.);
#2481=EDGE_CURVE('',#1793,#1807,#419,.T.);
#2483=EDGE_CURVE('',#1813,#1807,#423,.T.);
#2485=EDGE_CURVE('',#1812,#1813,#631,.T.);
#2488=EDGE_CURVE('',#1916,#1824,#431,.T.);
#2490=EDGE_CURVE('',#1824,#1825,#1579,.T.);
#2492=EDGE_CURVE('',#1911,#1825,#1619,.T.);
#2495=EDGE_CURVE('',#2072,#2056,#439,.T.);
#2497=EDGE_CURVE('',#2056,#2051,#591,.T.);
#2499=EDGE_CURVE('',#2067,#2051,#619,.T.);
#2502=EDGE_CURVE('',#2156,#2140,#447,.T.);
#2504=EDGE_CURVE('',#2140,#2135,#535,.T.);
#2506=EDGE_CURVE('',#2151,#2135,#563,.T.);
#2510=ADVANCED_FACE('',(#2509),#2454,.T.);
#2517=EDGE_CURVE('',#2186,#2170,#451,.T.);
#2519=EDGE_CURVE('',#2170,#2172,#467,.T.);
#2524=ADVANCED_FACE('',(#2523),#2515,.T.);
#2532=EDGE_CURVE('',#2168,#2170,#471,.T.);
#2537=ADVANCED_FACE('',(#2536),#2529,.T.);
#2549=ADVANCED_FACE('',(#2548),#2542,.T.);
#2555=EDGE_CURVE('',#2175,#2176,#475,.T.);
#2557=EDGE_CURVE('',#2180,#2175,#479,.T.);
#2559=EDGE_CURVE('',#2178,#2180,#483,.T.);
#2561=EDGE_CURVE('',#2176,#2178,#487,.T.);
#2565=ADVANCED_FACE('',(#2564),#2554,.T.);
#2572=EDGE_CURVE('',#2192,#2175,#491,.T.);
#2575=EDGE_CURVE('',#2191,#2176,#503,.T.);
#2579=ADVANCED_FACE('',(#2578),#2570,.T.);
#2586=EDGE_CURVE('',#2196,#2180,#495,.T.);
#2592=ADVANCED_FACE('',(#2591),#2584,.T.);
#2599=EDGE_CURVE('',#2195,#2178,#499,.T.);
#2605=ADVANCED_FACE('',(#2604),#2597,.T.);
#2616=EDGE_CURVE('',#2159,#2144,#507,.T.);
#2618=EDGE_CURVE('',#2144,#2146,#559,.T.);
#2620=EDGE_CURVE('',#2163,#2146,#527,.T.);
#2623=EDGE_CURVE('',#2075,#2060,#511,.T.);
#2625=EDGE_CURVE('',#2060,#2062,#615,.T.);
#2627=EDGE_CURVE('',#2079,#2062,#583,.T.);
#2630=EDGE_CURVE('',#1773,#1768,#515,.T.);
#2632=EDGE_CURVE('',#1765,#1768,#1067,.T.);
#2634=EDGE_CURVE('',#1771,#1765,#1047,.T.);
#2638=ADVANCED_FACE('',(#2637),#2610,.T.);
#2645=EDGE_CURVE('',#2160,#2143,#519,.T.);
#2647=EDGE_CURVE('',#2143,#2144,#547,.T.);
#2652=ADVANCED_FACE('',(#2651),#2643,.T.);
#2659=EDGE_CURVE('',#2164,#2148,#523,.T.);
#2661=EDGE_CURVE('',#2148,#2143,#551,.T.);
#2666=ADVANCED_FACE('',(#2665),#2657,.T.);
#2674=EDGE_CURVE('',#2146,#2148,#555,.T.);
#2679=ADVANCED_FACE('',(#2678),#2671,.T.);
#2685=EDGE_CURVE('',#2135,#2136,#531,.T.);
#2688=EDGE_CURVE('',#2138,#2140,#539,.T.);
#2690=EDGE_CURVE('',#2136,#2138,#543,.T.);
#2694=ADVANCED_FACE('',(#2693),#2684,.T.);
#2706=ADVANCED_FACE('',(#2705),#2699,.T.);
#2715=EDGE_CURVE('',#2152,#2136,#567,.T.);
#2719=ADVANCED_FACE('',(#2718),#2711,.T.);
#2728=EDGE_CURVE('',#2154,#2138,#571,.T.);
#2732=ADVANCED_FACE('',(#2731),#2724,.T.);
#2744=ADVANCED_FACE('',(#2743),#2737,.T.);
#2751=EDGE_CURVE('',#2076,#2059,#575,.T.);
#2753=EDGE_CURVE('',#2059,#2060,#603,.T.);
#2758=ADVANCED_FACE('',(#2757),#2749,.T.);
#2765=EDGE_CURVE('',#2080,#2064,#579,.T.);
#2767=EDGE_CURVE('',#2064,#2059,#607,.T.);
#2772=ADVANCED_FACE('',(#2771),#2763,.T.);
#2780=EDGE_CURVE('',#2062,#2064,#611,.T.);
#2785=ADVANCED_FACE('',(#2784),#2777,.T.);
#2791=EDGE_CURVE('',#2051,#2052,#587,.T.);
#2794=EDGE_CURVE('',#2054,#2056,#595,.T.);
#2796=EDGE_CURVE('',#2052,#2054,#599,.T.);
#2800=ADVANCED_FACE('',(#2799),#2790,.T.);
#2812=ADVANCED_FACE('',(#2811),#2805,.T.);
#2821=EDGE_CURVE('',#2068,#2052,#623,.T.);
#2825=ADVANCED_FACE('',(#2824),#2817,.T.);
#2834=EDGE_CURVE('',#2070,#2054,#627,.T.);
#2838=ADVANCED_FACE('',(#2837),#2830,.T.);
#2850=ADVANCED_FACE('',(#2849),#2843,.T.);
#2857=EDGE_CURVE('',#1809,#1813,#635,.T.);
#2859=EDGE_CURVE('',#1809,#1769,#639,.T.);
#2861=EDGE_CURVE('',#1768,#1769,#1071,.T.);
#2867=ADVANCED_FACE('',(#2866),#2855,.T.);
#2873=EDGE_CURVE('',#1806,#1807,#652,.T.);
#2875=EDGE_CURVE('',#1806,#1809,#1087,.T.);
#2881=ADVANCED_FACE('',(#2880),#2872,.F.);
#2887=EDGE_CURVE('',#2083,#2084,#644,.T.);
#2889=EDGE_CURVE('',#1867,#2083,#1023,.T.);
#2891=EDGE_CURVE('',#1871,#1867,#648,.T.);
#2893=EDGE_CURVE('',#1806,#1871,#1091,.T.);
#2896=EDGE_CURVE('',#1807,#1952,#689,.T.);
#2898=EDGE_CURVE('',#1952,#1941,#656,.T.);
#2900=EDGE_CURVE('',#1941,#1942,#661,.T.);
#2902=EDGE_CURVE('',#1942,#1944,#665,.T.);
#2904=EDGE_CURVE('',#1944,#1956,#669,.T.);
#2906=EDGE_CURVE('',#1956,#2084,#701,.T.);
#2910=ADVANCED_FACE('',(#2909),#2886,.T.);
#2917=EDGE_CURVE('',#2086,#2084,#697,.T.);
#2919=EDGE_CURVE('',#2086,#2088,#1003,.T.);
#2921=EDGE_CURVE('',#2088,#2083,#1015,.T.);
#2925=ADVANCED_FACE('',(#2924),#2915,.F.);
#2931=EDGE_CURVE('',#1947,#1948,#673,.T.);
#2933=EDGE_CURVE('',#1791,#1948,#677,.T.);
#2936=EDGE_CURVE('',#1947,#1803,#681,.T.);
#2940=ADVANCED_FACE('',(#2939),#2930,.T.);
#2946=EDGE_CURVE('',#1951,#1952,#685,.T.);
#2950=EDGE_CURVE('',#1951,#1793,#693,.T.);
#2954=ADVANCED_FACE('',(#2953),#2945,.T.);
#2962=EDGE_CURVE('',#1955,#1956,#705,.T.);
#2964=EDGE_CURVE('',#2102,#1955,#709,.T.);
#2966=EDGE_CURVE('',#2102,#2100,#713,.T.);
#2968=EDGE_CURVE('',#1781,#2100,#717,.T.);
#2970=EDGE_CURVE('',#1780,#1781,#721,.T.);
#2972=EDGE_CURVE('',#2094,#1780,#725,.T.);
#2974=EDGE_CURVE('',#2094,#2092,#729,.T.);
#2976=EDGE_CURVE('',#1777,#2092,#733,.T.);
#2978=EDGE_CURVE('',#1776,#1777,#737,.T.);
#2980=EDGE_CURVE('',#2086,#1776,#741,.T.);
#2984=EDGE_CURVE('',#2011,#2012,#745,.T.);
#2986=EDGE_CURVE('',#2011,#2015,#749,.T.);
#2988=EDGE_CURVE('',#2015,#2016,#753,.T.);
#2990=EDGE_CURVE('',#2012,#2016,#757,.T.);
#2994=EDGE_CURVE('',#2043,#2044,#761,.T.);
#2996=EDGE_CURVE('',#2043,#2047,#765,.T.);
#2998=EDGE_CURVE('',#2047,#2048,#769,.T.);
#3000=EDGE_CURVE('',#2044,#2048,#773,.T.);
#3004=EDGE_CURVE('',#2223,#2224,#777,.T.);
#3006=EDGE_CURVE('',#2223,#2227,#781,.T.);
#3008=EDGE_CURVE('',#2227,#2228,#785,.T.);
#3010=EDGE_CURVE('',#2224,#2228,#789,.T.);
#3014=EDGE_CURVE('',#2255,#2256,#793,.T.);
#3016=EDGE_CURVE('',#2255,#2259,#797,.T.);
#3018=EDGE_CURVE('',#2259,#2260,#801,.T.);
#3020=EDGE_CURVE('',#2256,#2260,#805,.T.);
#3024=ADVANCED_FACE('',(#2983,#2993,#3003,#3013,#3023),#2959,.T.);
#3030=EDGE_CURVE('',#1787,#1948,#809,.T.);
#3033=EDGE_CURVE('',#1947,#1935,#895,.T.);
#3035=EDGE_CURVE('',#1935,#1941,#1103,.T.);
#3039=EDGE_CURVE('',#1789,#1951,#873,.T.);
#3041=EDGE_CURVE('',#1787,#1789,#813,.T.);
#3045=EDGE_CURVE('',#1979,#1980,#817,.T.);
#3047=EDGE_CURVE('',#1983,#1979,#821,.T.);
#3049=EDGE_CURVE('',#1983,#1984,#825,.T.);
#3051=EDGE_CURVE('',#1984,#1980,#829,.T.);
#3055=EDGE_CURVE('',#2127,#2128,#833,.T.);
#3057=EDGE_CURVE('',#2131,#2127,#837,.T.);
#3059=EDGE_CURVE('',#2131,#2132,#841,.T.);
#3061=EDGE_CURVE('',#2132,#2128,#845,.T.);
#3065=EDGE_CURVE('',#2283,#2284,#849,.T.);
#3067=EDGE_CURVE('',#2287,#2283,#853,.T.);
#3069=EDGE_CURVE('',#2287,#2288,#857,.T.);
#3071=EDGE_CURVE('',#2288,#2284,#861,.T.);
#3075=ADVANCED_FACE('',(#3044,#3054,#3064,#3074),#3029,.F.);
#3083=EDGE_CURVE('',#1784,#1787,#865,.T.);
#3088=ADVANCED_FACE('',(#3087),#3080,.F.);
#3097=EDGE_CURVE('',#1789,#1785,#869,.T.);
#3101=ADVANCED_FACE('',(#3100),#3093,.F.);
#3113=ADVANCED_FACE('',(#3112),#3106,.F.);
#3119=EDGE_CURVE('',#2102,#2104,#878,.T.);
#3122=EDGE_CURVE('',#1938,#1955,#882,.T.);
#3124=EDGE_CURVE('',#1936,#1938,#886,.T.);
#3126=EDGE_CURVE('',#1935,#1936,#891,.T.);
#3130=EDGE_CURVE('',#1801,#1803,#899,.T.);
#3132=EDGE_CURVE('',#1801,#1856,#903,.T.);
#3134=EDGE_CURVE('',#1852,#1856,#907,.T.);
#3136=EDGE_CURVE('',#1852,#2104,#911,.T.);
#3140=ADVANCED_FACE('',(#3139),#3118,.T.);
#3146=EDGE_CURVE('',#2099,#2100,#916,.T.);
#3150=EDGE_CURVE('',#2104,#2099,#928,.T.);
#3154=ADVANCED_FACE('',(#3153),#3145,.F.);
#3161=EDGE_CURVE('',#1853,#2099,#936,.T.);
#3163=EDGE_CURVE('',#1853,#1821,#920,.T.);
#3165=EDGE_CURVE('',#1821,#1781,#924,.T.);
#3170=ADVANCED_FACE('',(#3169),#3159,.F.);
#3178=EDGE_CURVE('',#1852,#1853,#932,.T.);
#3183=ADVANCED_FACE('',(#3182),#3175,.F.);
#3189=EDGE_CURVE('',#1863,#1817,#953,.T.);
#3191=EDGE_CURVE('',#1862,#1863,#986,.T.);
#3193=EDGE_CURVE('',#1820,#1862,#966,.T.);
#3195=EDGE_CURVE('',#1820,#1821,#974,.T.);
#3199=EDGE_CURVE('',#1852,#1859,#1027,.T.);
#3201=EDGE_CURVE('',#1859,#1873,#940,.T.);
#3203=EDGE_CURVE('',#1867,#1873,#944,.T.);
#3205=EDGE_CURVE('',#1866,#1867,#1019,.T.);
#3207=EDGE_CURVE('',#1866,#1816,#1007,.T.);
#3209=EDGE_CURVE('',#1816,#1817,#994,.T.);
#3213=ADVANCED_FACE('',(#3212),#3188,.F.);
#3219=EDGE_CURVE('',#2091,#2092,#949,.T.);
#3221=EDGE_CURVE('',#1863,#2091,#990,.T.);
#3224=EDGE_CURVE('',#1817,#1777,#957,.T.);
#3229=ADVANCED_FACE('',(#3228),#3218,.F.);
#3237=EDGE_CURVE('',#2094,#2096,#962,.T.);
#3239=EDGE_CURVE('',#2096,#2091,#982,.T.);
#3243=ADVANCED_FACE('',(#3242),#3234,.F.);
#3251=EDGE_CURVE('',#1820,#1780,#978,.T.);
#3254=EDGE_CURVE('',#1862,#2096,#970,.T.);
#3258=ADVANCED_FACE('',(#3257),#3248,.F.);
#3270=ADVANCED_FACE('',(#3269),#3263,.F.);
#3282=ADVANCED_FACE('',(#3281),#3275,.F.);
#3289=EDGE_CURVE('',#1816,#1776,#998,.T.);
#3295=ADVANCED_FACE('',(#3294),#3287,.F.);
#3305=EDGE_CURVE('',#1866,#2088,#1011,.T.);
#3309=ADVANCED_FACE('',(#3308),#3300,.F.);
#3321=ADVANCED_FACE('',(#3320),#3314,.F.);
#3327=EDGE_CURVE('',#1856,#1857,#1031,.T.);
#3329=EDGE_CURVE('',#1859,#1857,#1055,.T.);
#3335=ADVANCED_FACE('',(#3334),#3326,.T.);
#3343=EDGE_CURVE('',#1799,#1801,#1035,.T.);
#3345=EDGE_CURVE('',#1799,#1764,#1039,.T.);
#3347=EDGE_CURVE('',#1857,#1764,#1059,.T.);
#3351=ADVANCED_FACE('',(#3350),#3340,.T.);
#3357=EDGE_CURVE('',#1799,#1797,#1051,.T.);
#3364=ADVANCED_FACE('',(#3363),#3356,.F.);
#3373=EDGE_CURVE('',#1764,#1765,#1063,.T.);
#3379=ADVANCED_FACE('',(#3378),#3369,.T.);
#3391=EDGE_CURVE('',#1769,#1870,#1075,.T.);
#3393=EDGE_CURVE('',#1870,#1873,#1079,.T.);
#3397=ADVANCED_FACE('',(#3396),#3384,.T.);
#3403=EDGE_CURVE('',#1870,#1871,#1083,.T.);
#3411=ADVANCED_FACE('',(#3410),#3402,.T.);
#3423=ADVANCED_FACE('',(#3422),#3416,.T.);
#3431=EDGE_CURVE('',#1938,#1944,#1095,.T.);
#3436=ADVANCED_FACE('',(#3435),#3428,.F.);
#3445=EDGE_CURVE('',#1936,#1942,#1099,.T.);
#3449=ADVANCED_FACE('',(#3448),#3441,.F.);
#3461=ADVANCED_FACE('',(#3460),#3454,.F.);
#3468=EDGE_CURVE('',#1966,#1980,#1107,.T.);
#3470=EDGE_CURVE('',#1964,#1966,#1111,.T.);
#3472=EDGE_CURVE('',#1962,#1964,#1115,.T.);
#3474=EDGE_CURVE('',#1960,#1962,#1119,.T.);
#3476=EDGE_CURVE('',#1959,#1960,#1123,.T.);
#3478=EDGE_CURVE('',#1979,#1959,#1127,.T.);
#3482=ADVANCED_FACE('',(#3481),#3466,.T.);
#3489=EDGE_CURVE('',#1976,#1984,#1155,.T.);
#3491=EDGE_CURVE('',#1966,#1976,#1131,.T.);
#3496=ADVANCED_FACE('',(#3495),#3487,.T.);
#3503=EDGE_CURVE('',#1983,#1969,#1135,.T.);
#3505=EDGE_CURVE('',#1969,#1970,#1139,.T.);
#3507=EDGE_CURVE('',#1970,#1972,#1143,.T.);
#3509=EDGE_CURVE('',#1972,#1974,#1147,.T.);
#3511=EDGE_CURVE('',#1974,#1976,#1151,.T.);
#3516=ADVANCED_FACE('',(#3515),#3501,.F.);
#3524=EDGE_CURVE('',#1959,#1969,#1159,.T.);
#3529=ADVANCED_FACE('',(#3528),#3521,.T.);
#3536=EDGE_CURVE('',#1960,#1970,#1163,.T.);
#3542=ADVANCED_FACE('',(#3541),#3534,.T.);
#3549=EDGE_CURVE('',#1962,#1972,#1167,.T.);
#3555=ADVANCED_FACE('',(#3554),#3547,.T.);
#3562=EDGE_CURVE('',#1964,#1974,#1171,.T.);
#3568=ADVANCED_FACE('',(#3567),#3560,.T.);
#3580=ADVANCED_FACE('',(#3579),#3573,.T.);
#3587=EDGE_CURVE('',#2114,#2128,#1175,.T.);
#3589=EDGE_CURVE('',#2112,#2114,#1179,.T.);
#3591=EDGE_CURVE('',#2110,#2112,#1183,.T.);
#3593=EDGE_CURVE('',#2108,#2110,#1187,.T.);
#3595=EDGE_CURVE('',#2107,#2108,#1191,.T.);
#3597=EDGE_CURVE('',#2127,#2107,#1195,.T.);
#3601=ADVANCED_FACE('',(#3600),#3585,.T.);
#3608=EDGE_CURVE('',#2124,#2132,#1223,.T.);
#3610=EDGE_CURVE('',#2114,#2124,#1199,.T.);
#3615=ADVANCED_FACE('',(#3614),#3606,.T.);
#3622=EDGE_CURVE('',#2131,#2117,#1203,.T.);
#3624=EDGE_CURVE('',#2117,#2118,#1207,.T.);
#3626=EDGE_CURVE('',#2118,#2120,#1211,.T.);
#3628=EDGE_CURVE('',#2120,#2122,#1215,.T.);
#3630=EDGE_CURVE('',#2122,#2124,#1219,.T.);
#3635=ADVANCED_FACE('',(#3634),#3620,.F.);
#3643=EDGE_CURVE('',#2107,#2117,#1227,.T.);
#3648=ADVANCED_FACE('',(#3647),#3640,.T.);
#3655=EDGE_CURVE('',#2108,#2118,#1231,.T.);
#3661=ADVANCED_FACE('',(#3660),#3653,.T.);
#3668=EDGE_CURVE('',#2110,#2120,#1235,.T.);
#3674=ADVANCED_FACE('',(#3673),#3666,.T.);
#3681=EDGE_CURVE('',#2112,#2122,#1239,.T.);
#3687=ADVANCED_FACE('',(#3686),#3679,.T.);
#3699=ADVANCED_FACE('',(#3698),#3692,.T.);
#3706=EDGE_CURVE('',#2270,#2284,#1243,.T.);
#3708=EDGE_CURVE('',#2268,#2270,#1247,.T.);
#3710=EDGE_CURVE('',#2266,#2268,#1251,.T.);
#3712=EDGE_CURVE('',#2264,#2266,#1255,.T.);
#3714=EDGE_CURVE('',#2263,#2264,#1259,.T.);
#3716=EDGE_CURVE('',#2283,#2263,#1263,.T.);
#3720=ADVANCED_FACE('',(#3719),#3704,.T.);
#3727=EDGE_CURVE('',#2280,#2288,#1291,.T.);
#3729=EDGE_CURVE('',#2270,#2280,#1267,.T.);
#3734=ADVANCED_FACE('',(#3733),#3725,.T.);
#3741=EDGE_CURVE('',#2287,#2273,#1271,.T.);
#3743=EDGE_CURVE('',#2273,#2274,#1275,.T.);
#3745=EDGE_CURVE('',#2274,#2276,#1279,.T.);
#3747=EDGE_CURVE('',#2276,#2278,#1283,.T.);
#3749=EDGE_CURVE('',#2278,#2280,#1287,.T.);
#3754=ADVANCED_FACE('',(#3753),#3739,.F.);
#3762=EDGE_CURVE('',#2263,#2273,#1295,.T.);
#3767=ADVANCED_FACE('',(#3766),#3759,.T.);
#3774=EDGE_CURVE('',#2264,#2274,#1299,.T.);
#3780=ADVANCED_FACE('',(#3779),#3772,.T.);
#3787=EDGE_CURVE('',#2266,#2276,#1303,.T.);
#3793=ADVANCED_FACE('',(#3792),#3785,.T.);
#3800=EDGE_CURVE('',#2268,#2278,#1307,.T.);
#3806=ADVANCED_FACE('',(#3805),#3798,.T.);
#3818=ADVANCED_FACE('',(#3817),#3811,.T.);
#3825=EDGE_CURVE('',#2003,#1991,#1311,.T.);
#3827=EDGE_CURVE('',#1991,#1992,#1315,.T.);
#3829=EDGE_CURVE('',#1992,#2004,#1319,.T.);
#3833=ADVANCED_FACE('',(#3832),#3823,.F.);
#3840=EDGE_CURVE('',#2012,#1987,#1323,.T.);
#3842=EDGE_CURVE('',#1987,#1988,#1327,.T.);
#3844=EDGE_CURVE('',#1988,#2011,#1331,.T.);
#3848=ADVANCED_FACE('',(#3847),#3838,.F.);
#3855=EDGE_CURVE('',#2007,#1999,#1343,.T.);
#3857=EDGE_CURVE('',#1991,#1999,#1363,.T.);
#3862=ADVANCED_FACE('',(#3861),#3853,.T.);
#3869=EDGE_CURVE('',#2000,#2008,#1335,.T.);
#3871=EDGE_CURVE('',#1999,#2000,#1339,.T.);
#3876=ADVANCED_FACE('',(#3875),#3867,.T.);
#3883=EDGE_CURVE('',#1996,#2015,#1347,.T.);
#3885=EDGE_CURVE('',#1995,#1996,#1351,.T.);
#3887=EDGE_CURVE('',#2016,#1995,#1355,.T.);
#3891=ADVANCED_FACE('',(#3890),#3881,.T.);
#3899=EDGE_CURVE('',#1992,#2000,#1359,.T.);
#3904=ADVANCED_FACE('',(#3903),#3896,.T.);
#3916=ADVANCED_FACE('',(#3915),#3909,.T.);
#3924=EDGE_CURVE('',#1988,#1996,#1367,.T.);
#3929=ADVANCED_FACE('',(#3928),#3921,.T.);
#3936=EDGE_CURVE('',#1987,#1995,#1371,.T.);
#3942=ADVANCED_FACE('',(#3941),#3934,.T.);
#3954=ADVANCED_FACE('',(#3953),#3947,.T.);
#3961=EDGE_CURVE('',#2035,#2023,#1375,.T.);
#3963=EDGE_CURVE('',#2023,#2024,#1379,.T.);
#3965=EDGE_CURVE('',#2024,#2036,#1383,.T.);
#3969=ADVANCED_FACE('',(#3968),#3959,.F.);
#3976=EDGE_CURVE('',#2044,#2019,#1387,.T.);
#3978=EDGE_CURVE('',#2019,#2020,#1391,.T.);
#3980=EDGE_CURVE('',#2020,#2043,#1395,.T.);
#3984=ADVANCED_FACE('',(#3983),#3974,.F.);
#3991=EDGE_CURVE('',#2039,#2031,#1407,.T.);
#3993=EDGE_CURVE('',#2023,#2031,#1427,.T.);
#3998=ADVANCED_FACE('',(#3997),#3989,.T.);
#4005=EDGE_CURVE('',#2032,#2040,#1399,.T.);
#4007=EDGE_CURVE('',#2031,#2032,#1403,.T.);
#4012=ADVANCED_FACE('',(#4011),#4003,.T.);
#4019=EDGE_CURVE('',#2028,#2047,#1411,.T.);
#4021=EDGE_CURVE('',#2027,#2028,#1415,.T.);
#4023=EDGE_CURVE('',#2048,#2027,#1419,.T.);
#4027=ADVANCED_FACE('',(#4026),#4017,.T.);
#4035=EDGE_CURVE('',#2024,#2032,#1423,.T.);
#4040=ADVANCED_FACE('',(#4039),#4032,.T.);
#4052=ADVANCED_FACE('',(#4051),#4045,.T.);
#4060=EDGE_CURVE('',#2020,#2028,#1431,.T.);
#4065=ADVANCED_FACE('',(#4064),#4057,.T.);
#4072=EDGE_CURVE('',#2019,#2027,#1435,.T.);
#4078=ADVANCED_FACE('',(#4077),#4070,.T.);
#4090=ADVANCED_FACE('',(#4089),#4083,.T.);
#4097=EDGE_CURVE('',#2215,#2203,#1439,.T.);
#4099=EDGE_CURVE('',#2203,#2204,#1443,.T.);
#4101=EDGE_CURVE('',#2204,#2216,#1447,.T.);
#4105=ADVANCED_FACE('',(#4104),#4095,.F.);
#4112=EDGE_CURVE('',#2224,#2199,#1451,.T.);
#4114=EDGE_CURVE('',#2199,#2200,#1455,.T.);
#4116=EDGE_CURVE('',#2200,#2223,#1459,.T.);
#4120=ADVANCED_FACE('',(#4119),#4110,.F.);
#4127=EDGE_CURVE('',#2219,#2211,#1471,.T.);
#4129=EDGE_CURVE('',#2203,#2211,#1491,.T.);
#4134=ADVANCED_FACE('',(#4133),#4125,.T.);
#4141=EDGE_CURVE('',#2212,#2220,#1463,.T.);
#4143=EDGE_CURVE('',#2211,#2212,#1467,.T.);
#4148=ADVANCED_FACE('',(#4147),#4139,.T.);
#4155=EDGE_CURVE('',#2208,#2227,#1475,.T.);
#4157=EDGE_CURVE('',#2207,#2208,#1479,.T.);
#4159=EDGE_CURVE('',#2228,#2207,#1483,.T.);
#4163=ADVANCED_FACE('',(#4162),#4153,.T.);
#4171=EDGE_CURVE('',#2204,#2212,#1487,.T.);
#4176=ADVANCED_FACE('',(#4175),#4168,.T.);
#4188=ADVANCED_FACE('',(#4187),#4181,.T.);
#4196=EDGE_CURVE('',#2200,#2208,#1495,.T.);
#4201=ADVANCED_FACE('',(#4200),#4193,.T.);
#4208=EDGE_CURVE('',#2199,#2207,#1499,.T.);
#4214=ADVANCED_FACE('',(#4213),#4206,.T.);
#4226=ADVANCED_FACE('',(#4225),#4219,.T.);
#4233=EDGE_CURVE('',#2247,#2235,#1503,.T.);
#4235=EDGE_CURVE('',#2235,#2236,#1507,.T.);
#4237=EDGE_CURVE('',#2236,#2248,#1511,.T.);
#4241=ADVANCED_FACE('',(#4240),#4231,.F.);
#4248=EDGE_CURVE('',#2256,#2231,#1515,.T.);
#4250=EDGE_CURVE('',#2231,#2232,#1519,.T.);
#4252=EDGE_CURVE('',#2232,#2255,#1523,.T.);
#4256=ADVANCED_FACE('',(#4255),#4246,.F.);
#4263=EDGE_CURVE('',#2251,#2243,#1535,.T.);
#4265=EDGE_CURVE('',#2235,#2243,#1555,.T.);
#4270=ADVANCED_FACE('',(#4269),#4261,.T.);
#4277=EDGE_CURVE('',#2244,#2252,#1527,.T.);
#4279=EDGE_CURVE('',#2243,#2244,#1531,.T.);
#4284=ADVANCED_FACE('',(#4283),#4275,.T.);
#4291=EDGE_CURVE('',#2240,#2259,#1539,.T.);
#4293=EDGE_CURVE('',#2239,#2240,#1543,.T.);
#4295=EDGE_CURVE('',#2260,#2239,#1547,.T.);
#4299=ADVANCED_FACE('',(#4298),#4289,.T.);
#4307=EDGE_CURVE('',#2236,#2244,#1551,.T.);
#4312=ADVANCED_FACE('',(#4311),#4304,.T.);
#4324=ADVANCED_FACE('',(#4323),#4317,.T.);
#4332=EDGE_CURVE('',#2232,#2240,#1559,.T.);
#4337=ADVANCED_FACE('',(#4336),#4329,.T.);
#4344=EDGE_CURVE('',#2231,#2239,#1563,.T.);
#4350=ADVANCED_FACE('',(#4349),#4342,.T.);
#4362=ADVANCED_FACE('',(#4361),#4355,.T.);
#4369=EDGE_CURVE('',#1930,#1924,#1567,.T.);
#4371=EDGE_CURVE('',#1924,#1926,#1603,.T.);
#4376=ADVANCED_FACE('',(#4375),#4367,.T.);
#4383=EDGE_CURVE('',#1928,#1922,#1571,.T.);
#4385=EDGE_CURVE('',#1922,#1924,#1607,.T.);
#4390=ADVANCED_FACE('',(#4389),#4381,.T.);
#4398=EDGE_CURVE('',#1921,#1922,#1595,.T.);
#4403=ADVANCED_FACE('',(#4402),#4395,.T.);
#4410=EDGE_CURVE('',#1908,#1824,#1583,.T.);
#4412=EDGE_CURVE('',#1906,#1908,#1587,.T.);
#4414=EDGE_CURVE('',#1825,#1906,#1591,.T.);
#4418=ADVANCED_FACE('',(#4417),#4408,.T.);
#4430=ADVANCED_FACE('',(#4429),#4423,.T.);
#4437=EDGE_CURVE('',#1914,#1908,#1611,.T.);
#4443=ADVANCED_FACE('',(#4442),#4435,.T.);
#4450=EDGE_CURVE('',#1912,#1906,#1615,.T.);
#4456=ADVANCED_FACE('',(#4455),#4448,.T.);
#4468=ADVANCED_FACE('',(#4467),#4461,.T.);
#4474=EDGE_CURVE('',#1828,#1875,#1623,.T.);
#4476=EDGE_CURVE('',#1875,#1891,#1628,.T.);
#4478=EDGE_CURVE('',#1829,#1891,#1755,.T.);
#4483=ADVANCED_FACE('',(#4482),#4473,.T.);
#4491=EDGE_CURVE('',#1849,#1889,#1632,.T.);
#4493=EDGE_CURVE('',#1889,#1875,#1638,.T.);
#4497=ADVANCED_FACE('',(#4496),#4488,.T.);
#4503=EDGE_CURVE('',#1847,#1887,#1642,.T.);
#4505=EDGE_CURVE('',#1887,#1889,#1647,.T.);
#4511=ADVANCED_FACE('',(#4510),#4502,.T.);
#4517=EDGE_CURVE('',#1845,#1885,#1651,.T.);
#4519=EDGE_CURVE('',#1885,#1887,#1657,.T.);
#4525=ADVANCED_FACE('',(#4524),#4516,.T.);
#4531=EDGE_CURVE('',#1843,#1883,#1661,.T.);
#4533=EDGE_CURVE('',#1883,#1904,#1666,.T.);
#4535=EDGE_CURVE('',#1904,#1885,#1671,.T.);
#4541=ADVANCED_FACE('',(#4540),#4530,.T.);
#4547=EDGE_CURVE('',#1841,#1881,#1675,.T.);
#4549=EDGE_CURVE('',#1881,#1883,#1681,.T.);
#4555=ADVANCED_FACE('',(#4554),#4546,.T.);
#4561=EDGE_CURVE('',#1839,#1879,#1685,.T.);
#4563=EDGE_CURVE('',#1879,#1881,#1690,.T.);
#4569=ADVANCED_FACE('',(#4568),#4560,.T.);
#4575=EDGE_CURVE('',#1837,#1877,#1694,.T.);
#4577=EDGE_CURVE('',#1877,#1879,#1700,.T.);
#4583=ADVANCED_FACE('',(#4582),#4574,.T.);
#4591=EDGE_CURVE('',#1835,#1893,#1704,.T.);
#4593=EDGE_CURVE('',#1893,#1877,#1709,.T.);
#4597=ADVANCED_FACE('',(#4596),#4588,.T.);
#4605=EDGE_CURVE('',#1833,#1902,#1713,.T.);
#4607=EDGE_CURVE('',#1902,#1893,#1719,.T.);
#4611=ADVANCED_FACE('',(#4610),#4602,.T.);
#4617=EDGE_CURVE('',#1901,#1902,#1724,.T.);
#4621=EDGE_CURVE('',#1831,#1898,#1728,.T.);
#4623=EDGE_CURVE('',#1898,#1901,#1733,.T.);
#4627=ADVANCED_FACE('',(#4626),#4616,.T.);
#4633=EDGE_CURVE('',#1896,#1897,#1738,.T.);
#4635=EDGE_CURVE('',#1904,#1897,#1751,.T.);
#4644=EDGE_CURVE('',#1901,#1896,#1747,.T.);
#4648=ADVANCED_FACE('',(#4647),#4632,.T.);
#4655=EDGE_CURVE('',#1897,#1896,#1743,.T.);
#4659=ADVANCED_FACE('',(#4658),#4653,.T.);
#4668=EDGE_CURVE('',#1891,#1898,#1761,.T.);
#4678=ADVANCED_FACE('',(#4677),#4664,.T.);
#4690=ADVANCED_FACE('',(#4689),#4683,.T.);
#4693=(LENGTH_UNIT()NAMED_UNIT(*)SI_UNIT(.MILLI.,.METRE.));
#4694=(NAMED_UNIT(*)PLANE_ANGLE_UNIT()SI_UNIT($,.RADIAN.));
#4697=(NAMED_UNIT(*)SI_UNIT($,.STERADIAN.)SOLID_ANGLE_UNIT());
#4699=(GEOMETRIC_REPRESENTATION_CONTEXT(3)GLOBAL_UNCERTAINTY_ASSIGNED_CONTEXT((
#4698))GLOBAL_UNIT_ASSIGNED_CONTEXT((#4693,#4696,#4697))REPRESENTATION_CONTEXT(
'ID1','3'));
#4700=ADVANCED_BREP_SHAPE_REPRESENTATION('',(#4692),#4699);
#4707=PRODUCT_DEFINITION('part definition','',#4706,#4703);
#4708=PRODUCT_DEFINITION_SHAPE('','SHAPE FOR C-2-644486-4.',#4707);
#4709=SHAPE_ASPECT('','solid data associated with C-2-644486-4',#4708,.F.);
#4710=PROPERTY_DEFINITION('',
'shape for solid data with which properties are associated',#4709);
#4711=SHAPE_REPRESENTATION('',(#4692),#4699);
#4712=SHAPE_DEFINITION_REPRESENTATION(#4710,#4711);
#4713=(LENGTH_UNIT()NAMED_UNIT(*)SI_UNIT(.MILLI.,.METRE.));
#4717=PROPERTY_DEFINITION('geometric validation property',
'area of C-2-644486-4',#4709);
#4718=REPRESENTATION('surface area',(#4716),#4699);
#4719=PROPERTY_DEFINITION_REPRESENTATION(#4717,#4718);
#4720=(LENGTH_UNIT()NAMED_UNIT(*)SI_UNIT(.MILLI.,.METRE.));
#4724=PROPERTY_DEFINITION('geometric validation property',
'volume of C-2-644486-4',#4709);
#4725=REPRESENTATION('volume',(#4723),#4699);
#4726=PROPERTY_DEFINITION_REPRESENTATION(#4724,#4725);
#4728=PROPERTY_DEFINITION('geometric validation property',
'centroid of C-2-644486-4',#4709);
#4729=REPRESENTATION('centroid',(#4727),#4699);
#4730=PROPERTY_DEFINITION_REPRESENTATION(#4728,#4729);
#4731=(LENGTH_UNIT()NAMED_UNIT(*)SI_UNIT(.MILLI.,.METRE.));
#4735=PROPERTY_DEFINITION('geometric validation property',
'area of C-2-644486-4',#4708);
#4736=REPRESENTATION('surface area',(#4734),#4699);
#4737=PROPERTY_DEFINITION_REPRESENTATION(#4735,#4736);
#4738=(LENGTH_UNIT()NAMED_UNIT(*)SI_UNIT(.MILLI.,.METRE.));
#4742=PROPERTY_DEFINITION('geometric validation property',
'volume of C-2-644486-4',#4708);
#4743=REPRESENTATION('volume',(#4741),#4699);
#4744=PROPERTY_DEFINITION_REPRESENTATION(#4742,#4743);
#4746=PROPERTY_DEFINITION('geometric validation property',
'centroid of C-2-644486-4',#4708);
#4747=REPRESENTATION('centroid',(#4745),#4699);
#4748=PROPERTY_DEFINITION_REPRESENTATION(#4746,#4747);
#4749=SHAPE_DEFINITION_REPRESENTATION(#4708,#4700);
ENDSEC;
END-ISO-10303-21;
